batch_size,kv_cache_size,prediction
1,0,5522
1,64,5535
1,128,7512
1,192,9114
1,256,10737
1,320,12433
1,384,14012
1,448,15698
1,512,17496
1,576,19134
1,640,20820
1,704,22416
1,768,24078
1,832,25866
1,896,27603
1,960,29392
1,1024,30904
1,1088,32131
1,1152,33854
1,1216,35616
1,1280,37206
1,1344,38693
1,1408,40382
1,1472,42193
1,1536,43878
1,1600,45675
1,1664,47293
1,1728,49140
1,1792,50811
1,1856,52545
1,1920,54147
1,1984,55936
1,2048,57587
2,0,5309
2,64,5311
2,128,5577
2,192,7224
2,256,7567
2,320,8926
2,384,9117
2,448,10624
2,512,10938
2,576,12342
2,640,12603
2,704,13961
2,768,14253
2,832,15736
2,896,15994
2,960,17398
2,1024,17519
2,1088,18729
2,1152,19209
2,1216,20419
2,1280,20879
2,1344,22080
2,1408,22594
2,1472,23814
2,1536,24315
2,1600,25569
2,1664,26035
2,1728,27195
2,1792,27681
2,1856,28802
2,1920,29356
2,1984,30499
2,2048,31075
3,0,5345
3,64,5346
3,128,5414
3,192,5846
3,256,7322
3,320,7570
3,384,7743
3,448,8979
3,512,9040
3,576,9349
3,640,10620
3,704,10740
3,768,10913
3,832,12459
3,896,12497
3,960,12636
3,1024,14090
3,1088,14190
3,1152,14280
3,1216,15405
3,1280,15710
3,1344,16087
3,1408,17149
3,1472,17411
3,1536,17533
3,1600,18804
3,1664,19167
3,1728,19321
3,1792,20423
3,1856,20801
3,1920,20901
3,1984,22264
3,2048,22472
4,0,5411
4,64,5417
4,128,5481
4,192,5526
4,256,5962
4,320,7479
4,384,7583
4,448,7650
4,512,7968
4,576,9173
4,640,9275
4,704,9341
4,768,9561
4,832,10983
4,896,10941
4,960,10985
4,1024,11137
4,1088,12312
4,1152,12613
4,1216,12900
4,1280,13126
4,1344,14243
4,1408,14531
4,1472,14590
4,1536,14738
4,1600,16068
4,1664,16290
4,1728,16273
4,1792,16524
4,1856,17586
4,1920,17778
4,1984,18059
4,2048,18130
5,0,6925
5,64,6963
5,128,7092
5,192,7113
5,256,7050
5,320,7369
5,384,9301
5,448,9592
5,512,9755
5,576,9864
5,640,10168
5,704,12127
5,768,12271
5,832,12544
5,896,12577
5,960,12649
5,1024,14977
5,1088,15055
5,1152,15102
5,1216,15275
5,1280,15388
5,1344,17137
5,1408,17684
5,1472,17823
5,1536,17874
5,1600,18420
5,1664,20040
5,1728,20517
5,1792,20681
5,1856,20756
5,1920,20847
5,1984,22804
5,2048,23256
6,0,6930
6,64,6979
6,128,7106
6,192,7135
6,256,7079
6,320,7090
6,384,7475
6,448,9477
6,512,9814
6,576,9852
6,640,9932
6,704,9994
6,768,10339
6,832,12415
6,896,12474
6,960,12546
6,1024,12667
6,1088,12792
6,1152,13026
6,1216,14703
6,1280,15069
6,1344,15362
6,1408,15474
6,1472,15566
6,1536,15811
6,1600,17604
6,1664,18056
6,1728,18142
6,1792,18182
6,1856,18330
6,1920,18531
6,1984,20568
6,2048,20859
7,0,6973
7,64,7005
7,128,7153
7,192,7189
7,256,7145
7,320,7154
7,384,7167
7,448,7706
7,512,9573
7,576,9832
7,640,9921
7,704,9927
7,768,9985
7,832,10102
7,896,10384
7,960,12319
7,1024,12481
7,1088,12643
7,1152,12646
7,1216,12864
7,1280,12968
7,1344,13254
7,1408,14669
7,1472,15055
7,1536,15157
7,1600,15526
7,1664,15567
7,1728,15618
7,1792,15880
7,1856,17454
7,1920,17887
7,1984,18001
7,2048,18091
8,0,6999
8,64,7030
8,128,7189
8,192,7201
8,256,7182
8,320,7162
8,384,7199
8,448,7240
8,512,7888
8,576,9719
8,640,9894
8,704,9893
8,768,9981
8,832,10064
8,896,10036
8,960,10204
8,1024,10341
8,1088,12163
8,1152,12544
8,1216,12691
8,1280,12803
8,1344,12852
8,1408,13002
8,1472,13094
8,1536,13397
8,1600,15093
8,1664,15324
8,1728,15375
8,1792,15426
8,1856,15626
8,1920,15763
8,1984,15981
8,2048,16353
9,0,10333
9,64,10348
9,128,10518
9,192,10573
9,256,10594
9,320,11411
9,384,11383
9,448,10849
9,512,10701
9,576,10755
9,640,14256
9,704,14751
9,768,14730
9,832,14811
9,896,14844
9,960,14947
9,1024,14928
9,1088,15226
9,1152,15341
9,1216,17905
9,1280,18671
9,1344,18962
9,1408,18993
9,1472,19148
9,1536,19094
9,1600,19232
9,1664,19302
9,1728,19818
9,1792,22065
9,1856,22716
9,1920,22894
9,1984,23130
9,2048,23332
10,0,10773
10,64,11073
10,128,11427
10,192,11723
10,256,11810
10,320,11908
10,384,11826
10,448,11889
10,512,11876
10,576,11870
10,640,12594
10,704,14762
10,768,14910
10,832,15010
10,896,15057
10,960,15122
10,1024,15132
10,1088,15170
10,1152,15157
10,1216,15640
10,1280,16354
10,1344,18489
10,1408,18853
10,1472,19341
10,1536,19288
10,1600,19359
10,1664,19403
10,1728,19551
10,1792,19723
10,1856,19761
10,1920,20170
10,1984,22813
10,2048,23253
11,0,11748
11,64,11813
11,128,12005
11,192,12011
11,256,11982
11,320,12069
11,384,12001
11,448,12060
11,512,12069
11,576,12153
11,640,12156
11,704,12841
11,768,14850
11,832,15136
11,896,15297
11,960,15258
11,1024,15332
11,1088,16267
11,1152,15789
11,1216,16544
11,1280,16811
11,1344,16594
11,1408,16571
11,1472,18911
11,1536,19277
11,1600,19441
11,1664,19475
11,1728,19603
11,1792,19590
11,1856,19554
11,1920,19669
11,1984,20134
11,2048,20301
12,0,11904
12,64,11921
12,128,12109
12,192,12097
12,256,12048
12,320,12162
12,384,12085
12,448,12174
12,512,12129
12,576,12237
12,640,12231
12,704,12373
12,768,13089
12,832,16408
12,896,16922
12,960,16968
12,1024,17104
12,1088,17103
12,1152,17138
12,1216,17163
12,1280,17352
12,1344,17241
12,1408,17254
12,1472,17624
12,1536,17806
12,1600,19108
12,1664,19361
12,1728,19725
12,1792,19743
12,1856,19896
12,1920,20053
12,1984,21778
12,2048,21958
13,0,11926
13,64,11917
13,128,12133
13,192,12124
13,256,12077
13,320,12198
13,384,12085
13,448,12190
13,512,12179
13,576,12247
13,640,12239
13,704,12322
13,768,12440
13,832,13414
13,896,16702
13,960,17104
13,1024,17206
13,1088,17193
13,1152,17234
13,1216,17255
13,1280,17449
13,1344,17368
13,1408,17378
13,1472,17560
13,1536,17581
13,1600,17957
13,1664,18115
13,1728,21216
13,1792,22281
13,1856,22670
13,1920,22736
13,1984,22865
13,2048,22878
14,0,11960
14,64,11949
14,128,12156
14,192,12148
14,256,12110
14,320,12243
14,384,12181
14,448,12230
14,512,12296
14,576,12315
14,640,12379
14,704,12396
14,768,12440
14,832,12521
14,896,13470
14,960,16769
14,1024,17266
14,1088,17338
14,1152,17370
14,1216,17464
14,1280,17524
14,1344,17466
14,1408,17567
14,1472,17651
14,1536,17645
14,1600,17734
14,1664,17649
14,1728,18247
14,1792,19058
14,1856,21861
14,1920,22659
14,1984,22966
14,2048,22982
15,0,12130
15,64,12118
15,128,12275
15,192,12257
15,256,12236
15,320,12323
15,384,12315
15,448,12336
15,512,12429
15,576,12451
15,640,12513
15,704,12513
15,768,12586
15,832,12627
15,896,12737
15,960,13718
15,1024,17236
15,1088,17440
15,1152,17470
15,1216,17597
15,1280,17660
15,1344,17605
15,1408,17745
15,1472,17807
15,1536,17801
15,1600,17876
15,1664,17792
15,1728,17936
15,1792,18079
15,1856,18408
15,1920,19002
15,1984,22271
15,2048,22863
16,0,12292
16,64,12292
16,128,12419
16,192,12431
16,256,12420
16,320,12503
16,384,12507
16,448,12514
16,512,12600
16,576,12607
16,640,12684
16,704,12701
16,768,12787
16,832,12815
16,896,12821
16,960,12846
16,1024,13331
16,1088,16700
16,1152,17444
16,1216,17728
16,1280,17839
16,1344,17897
16,1408,17927
16,1472,17942
16,1536,17937
16,1600,18068
16,1664,18091
16,1728,18092
16,1792,18199
16,1856,18235
16,1920,18335
16,1984,18859
16,2048,19499
17,0,15194
17,64,15219
17,128,15333
17,192,15322
17,256,15289
17,320,15349
17,384,15299
17,448,15352
17,512,15412
17,576,15402
17,640,15454
17,704,15541
17,768,15531
17,832,15538
17,896,15560
17,960,15580
17,1024,15498
17,1088,15861
17,1152,19904
17,1216,21396
17,1280,21777
17,1344,21903
17,1408,21965
17,1472,21934
17,1536,21913
17,1600,22017
17,1664,22048
17,1728,22017
17,1792,22144
17,1856,22126
17,1920,22185
17,1984,22132
17,2048,22203
18,0,16082
18,64,16139
18,128,16216
18,192,16415
18,256,16420
18,320,16525
18,384,16508
18,448,16508
18,512,16588
18,576,16620
18,640,16629
18,704,16717
18,768,16733
18,832,16788
18,896,16835
18,960,16787
18,1024,16757
18,1088,16843
18,1152,17558
18,1216,20942
18,1280,21969
18,1344,22152
18,1408,22205
18,1472,22207
18,1536,22223
18,1600,22279
18,1664,22328
18,1728,22369
18,1792,22429
18,1856,22400
18,1920,22456
18,1984,22469
18,2048,22514
19,0,16631
19,64,16626
19,128,16765
19,192,16816
19,256,16758
19,320,16871
19,384,16840
19,448,16937
19,512,16918
19,576,17002
19,640,16998
19,704,17109
19,768,17043
19,832,17117
19,896,17194
19,960,17165
19,1024,17245
19,1088,17225
19,1152,17247
19,1216,18399
19,1280,21408
19,1344,22196
19,1408,22347
19,1472,22352
19,1536,22392
19,1600,22435
19,1664,22466
19,1728,22515
19,1792,22545
19,1856,22541
19,1920,22592
19,1984,22587
19,2048,22660
20,0,16842
20,64,16844
20,128,16997
20,192,17027
20,256,16930
20,320,17051
20,384,17025
20,448,17093
20,512,17075
20,576,17158
20,640,17112
20,704,17249
20,768,17256
20,832,17284
20,896,17278
20,960,17296
20,1024,17393
20,1088,17339
20,1152,17314
20,1216,17479
20,1280,18496
20,1344,21499
20,1408,22494
20,1472,22565
20,1536,22546
20,1600,22611
20,1664,22641
20,1728,22652
20,1792,22660
20,1856,22697
20,1920,22703
20,1984,22742
20,2048,22797
21,0,17025
21,64,17026
21,128,17188
21,192,17148
21,256,17097
21,320,17221
21,384,17165
21,448,17273
21,512,17236
21,576,17286
21,640,17290
21,704,17393
21,768,17377
21,832,17414
21,896,17431
21,960,17466
21,1024,17528
21,1088,17512
21,1152,17506
21,1216,17534
21,1280,17692
21,1344,19047
21,1408,22883
21,1472,24239
21,1536,24538
21,1600,24571
21,1664,24671
21,1728,24747
21,1792,24747
21,1856,24781
21,1920,24799
21,1984,24818
21,2048,24915
22,0,17093
22,64,17091
22,128,17298
22,192,17255
22,256,17207
22,320,17349
22,384,17288
22,448,17373
22,512,17354
22,576,17413
22,640,17430
22,704,17515
22,768,17506
22,832,17556
22,896,17578
22,960,17577
22,1024,17699
22,1088,17647
22,1152,17659
22,1216,17643
22,1280,17689
22,1344,17979
22,1408,19399
22,1472,23398
22,1536,24669
22,1600,24807
22,1664,24892
22,1728,24942
22,1792,24942
22,1856,25018
22,1920,25013
22,1984,25053
22,2048,25140
23,0,17145
23,64,17132
23,128,17340
23,192,17299
23,256,17219
23,320,17356
23,384,17307
23,448,17395
23,512,17394
23,576,17451
23,640,17440
23,704,17514
23,768,17536
23,832,17556
23,896,17596
23,960,17590
23,1024,17692
23,1088,17623
23,1152,17651
23,1216,17643
23,1280,17670
23,1344,17735
23,1408,17968
23,1472,19448
23,1536,23553
23,1600,24755
23,1664,24963
23,1728,24996
23,1792,24997
23,1856,25073
23,1920,25066
23,1984,25095
23,2048,25194
24,0,17344
24,64,17331
24,128,17498
24,192,17480
24,256,17420
24,320,17555
24,384,17525
24,448,17593
24,512,17583
24,576,17649
24,640,17608
24,704,17716
24,768,17735
24,832,17756
24,896,17819
24,960,17777
24,1024,17885
24,1088,17829
24,1152,17860
24,1216,17834
24,1280,17850
24,1344,17894
24,1408,17919
24,1472,18173
24,1536,19935
24,1600,24108
24,1664,24943
24,1728,25104
24,1792,25158
24,1856,25212
24,1920,25207
24,1984,25237
24,2048,25278
25,0,19848
25,64,19769
25,128,19931
25,192,19778
25,256,19731
25,320,19843
25,384,19826
25,448,19923
25,512,19874
25,576,19924
25,640,19924
25,704,19885
25,768,19952
25,832,20003
25,896,20033
25,960,19980
25,1024,20097
25,1088,20022
25,1152,20042
25,1216,20021
25,1280,20041
25,1344,20049
25,1408,20102
25,1472,20090
25,1536,20274
25,1600,21080
25,1664,26404
25,1728,28438
25,1792,28788
25,1856,28901
25,1920,28903
25,1984,28944
25,2048,28967
26,0,20299
26,64,20471
26,128,20651
26,192,20189
26,256,20135
26,320,20308
26,384,20228
26,448,20328
26,512,20302
26,576,20365
26,640,20315
26,704,20337
26,768,20450
26,832,20451
26,896,20509
26,960,20448
26,1024,20517
26,1088,20498
26,1152,20506
26,1216,20525
26,1280,20474
26,1344,20483
26,1408,20471
26,1472,20493
26,1536,20518
26,1600,20643
26,1664,22406
26,1728,27542
26,1792,28983
26,1856,29204
26,1920,29277
26,1984,29279
26,2048,29300
27,0,21115
27,64,21209
27,128,21382
27,192,21207
27,256,21217
27,320,21330
27,384,21315
27,448,21407
27,512,21397
27,576,21401
27,640,21370
27,704,21417
27,768,21386
27,832,21464
27,896,21505
27,960,21489
27,1024,21568
27,1088,21518
27,1152,21528
27,1216,21558
27,1280,21573
27,1344,21555
27,1408,21529
27,1472,21527
27,1536,21516
27,1600,21540
27,1664,21722
27,1728,23199
27,1792,27805
27,1856,29187
27,1920,29430
27,1984,29503
27,2048,29464
28,0,21324
28,64,21413
28,128,21456
28,192,21460
28,256,21447
28,320,21576
28,384,21534
28,448,21591
28,512,21592
28,576,21600
28,640,21622
28,704,21638
28,768,21680
28,832,21702
28,896,21739
28,960,21744
28,1024,21784
28,1088,21761
28,1152,21803
28,1216,21809
28,1280,21881
28,1344,21869
28,1408,21859
28,1472,21870
28,1536,21887
28,1600,21924
28,1664,21919
28,1728,22212
28,1792,24046
28,1856,28208
28,1920,29457
28,1984,29645
28,2048,29623
29,0,21553
29,64,21623
29,128,21657
29,192,21610
29,256,21594
29,320,21728
29,384,21700
29,448,21762
29,512,21740
29,576,21765
29,640,21791
29,704,21799
29,768,21834
29,832,21870
29,896,21942
29,960,21917
29,1024,21962
29,1088,21958
29,1152,21982
29,1216,22037
29,1280,22070
29,1344,22095
29,1408,22071
29,1472,22102
29,1536,22125
29,1600,22216
29,1664,22181
29,1728,22180
29,1792,22625
29,1856,24263
29,1920,29658
29,1984,31523
29,2048,31726
30,0,21746
30,64,21838
30,128,21826
30,192,21825
30,256,21830
30,320,21965
30,384,21915
30,448,21953
30,512,21990
30,576,22030
30,640,22056
30,704,22037
30,768,22068
30,832,22106
30,896,22172
30,960,22112
30,1024,22213
30,1088,22229
30,1152,22187
30,1216,22225
30,1280,22260
30,1344,22254
30,1408,22289
30,1472,22327
30,1536,22349
30,1600,22423
30,1664,22395
30,1728,22416
30,1792,22508
30,1856,22768
30,1920,24835
30,1984,30291
30,2048,31902
31,0,21675
31,64,22002
31,128,22062
31,192,22040
31,256,21999
31,320,22120
31,384,22085
31,448,22127
31,512,22187
31,576,22216
31,640,22208
31,704,22239
31,768,22227
31,832,22311
31,896,22311
31,960,22290
31,1024,22421
31,1088,22429
31,1152,22416
31,1216,22454
31,1280,22481
31,1344,22457
31,1408,22503
31,1472,22495
31,1536,22536
31,1600,22611
31,1664,22545
31,1728,22562
31,1792,22675
31,1856,22674
31,1920,22987
31,1984,25244
31,2048,30557
32,0,20346
32,64,22204
32,128,22230
32,192,22217
32,256,22227
32,320,22376
32,384,22305
32,448,22351
32,512,22398
32,576,22421
32,640,22425
32,704,22441
32,768,22444
32,832,22474
32,896,22506
32,960,22494
32,1024,22553
32,1088,22598
32,1152,22600
32,1216,22636
32,1280,22660
32,1344,22723
32,1408,22706
32,1472,22651
32,1536,22666
32,1600,22776
32,1664,22754
32,1728,22713
32,1792,22808
32,1856,22771
32,1920,22854
32,1984,23182
32,2048,25202
33,0,7594
33,64,22474
33,128,22573
33,192,22610
33,256,22534
33,320,22678
33,384,22641
33,448,22689
33,512,22742
33,576,22755
33,640,22783
33,704,22807
33,768,22818
33,832,22846
33,896,22892
33,960,22909
33,1024,22971
33,1088,22954
33,1152,22971
33,1216,23008
33,1280,23082
33,1344,23144
33,1408,23154
33,1472,23100
33,1536,23114
33,1600,23238
33,1664,23252
33,1728,23223
33,1792,23315
33,1856,23263
33,1920,23348
33,1984,23346
33,2048,23655
34,0,3018
34,64,24454
34,128,24673
34,192,24721
34,256,24667
34,320,24730
34,384,24657
34,448,24749
34,512,24770
34,576,24801
34,640,24830
34,704,24811
34,768,24843
34,832,24866
34,896,24892
34,960,24874
34,1024,24951
34,1088,24947
34,1152,24941
34,1216,25001
34,1280,25039
34,1344,25089
34,1408,25069
34,1472,25058
34,1536,25067
34,1600,25137
34,1664,25125
34,1728,25160
34,1792,25167
34,1856,25097
34,1920,25158
34,1984,25169
34,2048,25254
35,0,2607
35,64,25642
35,128,25731
35,192,25775
35,256,25668
35,320,25760
35,384,25670
35,448,25753
35,512,25777
35,576,25778
35,640,25822
35,704,25820
35,768,25843
35,832,25857
35,896,25476
35,960,25867
35,1024,25893
35,1088,25811
35,1152,25893
35,1216,25940
35,1280,25951
35,1344,26035
35,1408,26014
35,1472,25977
35,1536,26025
35,1600,26066
35,1664,26053
35,1728,26026
35,1792,25963
35,1856,25893
35,1920,25721
35,1984,25550
35,2048,25832
36,0,2640
36,64,25944
36,128,26028
36,192,26036
36,256,25968
36,320,26059
36,384,26018
36,448,26017
36,512,26108
36,576,26163
36,640,26188
36,704,26196
36,768,26221
36,832,26217
36,896,26204
36,960,26236
36,1024,26254
36,1088,26293
36,1152,26310
36,1216,26335
36,1280,26360
36,1344,26412
36,1408,26425
36,1472,26394
36,1536,26442
36,1600,26476
36,1664,26497
36,1728,26558
36,1792,26529
36,1856,26579
36,1920,26596
36,1984,26523
36,2048,26543
37,0,2650
37,64,26166
37,128,26217
37,192,26222
37,256,26180
37,320,26264
37,384,26243
37,448,26248
37,512,26314
37,576,26353
37,640,26370
37,704,26419
37,768,26444
37,832,26482
37,896,26440
37,960,26465
37,1024,26481
37,1088,26516
37,1152,26577
37,1216,26594
37,1280,26608
37,1344,26713
37,1408,26721
37,1472,26701
37,1536,26733
37,1600,26710
37,1664,26741
37,1728,26833
37,1792,26797
37,1856,26862
37,1920,26825
37,1984,26801
37,2048,26867
38,0,2653
38,64,26305
38,128,26371
38,192,26395
38,256,26340
38,320,26441
38,384,26380
38,448,26436
38,512,26508
38,576,26522
38,640,26548
38,704,26556
38,768,26629
38,832,26664
38,896,26605
38,960,26613
38,1024,26638
38,1088,26627
38,1152,26722
38,1216,26752
38,1280,26784
38,1344,26878
38,1408,26880
38,1472,26856
38,1536,26855
38,1600,26881
38,1664,26918
38,1728,27016
38,1792,26977
38,1856,27010
38,1920,26984
38,1984,26942
38,2048,27016
39,0,2645
39,64,26498
39,128,26580
39,192,26615
39,256,26528
39,320,26613
39,384,26572
39,448,26593
39,512,26694
39,576,26710
39,640,26704
39,704,26768
39,768,26813
39,832,26838
39,896,26795
39,960,26832
39,1024,26866
39,1088,26835
39,1152,26888
39,1216,26926
39,1280,26915
39,1344,27022
39,1408,27004
39,1472,27069
39,1536,27073
39,1600,27076
39,1664,27118
39,1728,27151
39,1792,27131
39,1856,27216
39,1920,27201
39,1984,27143
39,2048,27189
40,0,2654
40,64,26782
40,128,26857
40,192,26870
40,256,26829
40,320,26942
40,384,26876
40,448,26943
40,512,26948
40,576,26972
40,640,27018
40,704,27082
40,768,27108
40,832,27157
40,896,27105
40,960,27078
40,1024,27143
40,1088,27123
40,1152,27143
40,1216,27219
40,1280,27226
40,1344,27255
40,1408,27262
40,1472,27315
40,1536,27370
40,1600,27396
40,1664,27444
40,1728,27490
40,1792,27452
40,1856,27524
40,1920,27458
40,1984,27442
40,2048,27525
41,0,2667
41,64,27165
41,128,27250
41,192,27241
41,256,27175
41,320,27298
41,384,27272
41,448,27263
41,512,27299
41,576,27405
41,640,27382
41,704,27387
41,768,27476
41,832,27521
41,896,27505
41,960,27419
41,1024,27481
41,1088,27488
41,1152,27542
41,1216,27555
41,1280,27595
41,1344,27581
41,1408,27610
41,1472,27707
41,1536,27754
41,1600,27729
41,1664,27747
41,1728,27813
41,1792,27790
41,1856,27887
41,1920,27802
41,1984,27786
41,2048,27865
42,0,2637
42,64,29156
42,128,29239
42,192,29268
42,256,29210
42,320,29288
42,384,29264
42,448,29320
42,512,29319
42,576,29371
42,640,29379
42,704,29408
42,768,29486
42,832,29491
42,896,29521
42,960,29481
42,1024,29478
42,1088,29468
42,1152,29530
42,1216,29502
42,1280,29528
42,1344,29562
42,1408,29598
42,1472,29664
42,1536,29646
42,1600,29639
42,1664,29677
42,1728,29683
42,1792,29686
42,1856,29733
42,1920,29728
42,1984,29691
42,2048,29762
43,0,2630
43,64,30209
43,128,30236
43,192,30252
43,256,30218
43,320,30338
43,384,30200
43,448,30294
43,512,30248
43,576,30254
43,640,30229
43,704,30326
43,768,30377
43,832,29853
43,896,30373
43,960,29819
43,1024,29859
43,1088,29816
43,1152,29814
43,1216,29802
43,1280,29819
43,1344,29847
43,1408,29866
43,1472,29936
43,1536,29931
43,1600,29947
43,1664,29972
43,1728,29967
43,1792,30019
43,1856,30022
43,1920,30024
43,1984,30063
43,2048,30073
44,0,2638
44,64,30565
44,128,30577
44,192,30618
44,256,30575
44,320,30668
44,384,30572
44,448,30667
44,512,30668
44,576,30784
44,640,30789
44,704,30812
44,768,30815
44,832,30825
44,896,30885
44,960,30824
44,1024,30828
44,1088,30789
44,1152,30813
44,1216,30860
44,1280,30916
44,1344,30914
44,1408,30936
44,1472,31016
44,1536,31018
44,1600,31041
44,1664,31084
44,1728,31078
44,1792,31077
44,1856,31108
44,1920,31195
44,1984,31224
44,2048,31201
45,0,2652
45,64,30760
45,128,30787
45,192,30826
45,256,30807
45,320,30869
45,384,30823
45,448,30884
45,512,30879
45,576,30933
45,640,30986
45,704,31003
45,768,31034
45,832,31047
45,896,31085
45,960,31053
45,1024,31083
45,1088,31057
45,1152,31090
45,1216,31109
45,1280,31147
45,1344,31180
45,1408,31206
45,1472,31250
45,1536,31268
45,1600,31302
45,1664,31323
45,1728,31334
45,1792,31375
45,1856,31376
45,1920,31448
45,1984,31440
45,2048,31445
46,0,2655
46,64,30941
46,128,30969
46,192,30994
46,256,30983
46,320,31084
46,384,30992
46,448,31058
46,512,31047
46,576,31117
46,640,31150
46,704,31172
46,768,31210
46,832,31247
46,896,31272
46,960,31223
46,1024,31246
46,1088,31258
46,1152,31276
46,1216,31294
46,1280,31325
46,1344,31357
46,1408,31415
46,1472,31404
46,1536,31432
46,1600,31477
46,1664,31506
46,1728,31498
46,1792,31537
46,1856,31523
46,1920,31630
46,1984,31623
46,2048,31595
47,0,2656
47,64,31119
47,128,31145
47,192,31165
47,256,31134
47,320,31183
47,384,31149
47,448,31215
47,512,31204
47,576,31243
47,640,31286
47,704,31305
47,768,31383
47,832,31398
47,896,31450
47,960,31410
47,1024,31461
47,1088,31439
47,1152,31389
47,1216,31441
47,1280,31499
47,1344,31523
47,1408,31597
47,1472,31538
47,1536,31552
47,1600,31643
47,1664,31651
47,1728,31654
47,1792,31693
47,1856,31700
47,1920,31778
47,1984,31800
47,2048,31782
48,0,2657
48,64,31395
48,128,31408
48,192,31446
48,256,31413
48,320,31455
48,384,31408
48,448,31471
48,512,31457
48,576,31505
48,640,31580
48,704,31568
48,768,31607
48,832,31672
48,896,31660
48,960,31622
48,1024,31693
48,1088,31688
48,1152,31687
48,1216,31712
48,1280,31747
48,1344,31783
48,1408,31860
48,1472,31807
48,1536,31827
48,1600,31892
48,1664,31929
48,1728,31960
48,1792,31974
48,1856,31955
48,1920,31990
48,1984,32027
48,2048,31990
49,0,2667
49,64,31737
49,128,31741
49,192,31793
49,256,31724
49,320,31783
49,384,31723
49,448,31801
49,512,31834
49,576,31911
49,640,31930
49,704,31973
49,768,31987
49,832,32002
49,896,32062
49,960,31990
49,1024,32064
49,1088,32086
49,1152,32050
49,1216,32063
49,1280,32111
49,1344,32151
49,1408,32242
49,1472,32232
49,1536,32226
49,1600,32249
49,1664,32302
49,1728,32362
49,1792,32382
49,1856,32400
49,1920,32452
49,1984,32434
49,2048,32458
50,0,2674
50,64,33771
50,128,33697
50,192,33746
50,256,33720
50,320,33814
50,384,33758
50,448,33753
50,512,33822
50,576,33854
50,640,33864
50,704,33950
50,768,33982
50,832,34019
50,896,34012
50,960,33997
50,1024,33996
50,1088,34021
50,1152,34081
50,1216,34048
50,1280,34086
50,1344,34093
50,1408,34128
50,1472,34147
50,1536,34182
50,1600,34202
50,1664,34219
50,1728,34298
50,1792,34311
50,1856,34328
50,1920,34332
50,1984,34311
50,2048,34294
51,0,2682
51,64,34646
51,128,34722
51,192,34707
51,256,34618
51,320,34572
51,384,34542
51,448,34176
51,512,34222
51,576,34228
51,640,34241
51,704,34317
51,768,34407
51,832,34339
51,896,34370
51,960,34336
51,1024,34399
51,1088,34382
51,1152,34413
51,1216,34390
51,1280,34418
51,1344,34436
51,1408,34487
51,1472,34435
51,1536,34531
51,1600,34581
51,1664,34575
51,1728,34630
51,1792,34664
51,1856,34686
51,1920,34714
51,1984,34671
51,2048,34626
52,0,2720
52,64,35002
52,128,35047
52,192,35078
52,256,35098
52,320,35112
52,384,35074
52,448,35088
52,512,35168
52,576,35179
52,640,35173
52,704,35236
52,768,35267
52,832,35301
52,896,35364
52,960,35267
52,1024,35371
52,1088,35327
52,1152,35351
52,1216,35318
52,1280,35308
52,1344,35349
52,1408,35421
52,1472,35389
52,1536,35506
52,1600,35519
52,1664,35492
52,1728,35577
52,1792,35596
52,1856,35640
52,1920,35587
52,1984,35583
52,2048,35604
53,0,2730
53,64,35281
53,128,35309
53,192,35362
53,256,35357
53,320,35366
53,384,35350
53,448,35363
53,512,35437
53,576,35479
53,640,35490
53,704,35536
53,768,35573
53,832,35618
53,896,35640
53,960,35631
53,1024,35644
53,1088,35651
53,1152,35715
53,1216,35737
53,1280,35727
53,1344,35782
53,1408,35796
53,1472,35755
53,1536,35819
53,1600,35877
53,1664,35853
53,1728,35902
53,1792,35937
53,1856,35997
53,1920,35942
53,1984,35960
53,2048,35983
54,0,2742
54,64,35518
54,128,35546
54,192,35617
54,256,35586
54,320,35593
54,384,35588
54,448,35605
54,512,35699
54,576,35682
54,640,35698
54,704,35785
54,768,35826
54,832,35842
54,896,35856
54,960,35871
54,1024,35904
54,1088,35865
54,1152,35936
54,1216,35956
54,1280,35922
54,1344,35915
54,1408,35963
54,1472,36026
54,1536,36059
54,1600,36093
54,1664,36145
54,1728,36181
54,1792,36191
54,1856,36209
54,1920,36178
54,1984,36176
54,2048,36262
55,0,2694
55,64,35730
55,128,35741
55,192,35764
55,256,35790
55,320,35762
55,384,35792
55,448,35816
55,512,35894
55,576,35865
55,640,35877
55,704,35953
55,768,35997
55,832,36045
55,896,36057
55,960,36056
55,1024,36149
55,1088,36116
55,1152,36126
55,1216,36156
55,1280,36136
55,1344,36114
55,1408,36150
55,1472,36191
55,1536,36245
55,1600,36275
55,1664,36336
55,1728,36367
55,1792,36347
55,1856,36421
55,1920,36380
55,1984,36392
55,2048,36475
56,0,2702
56,64,36035
56,128,36001
56,192,36049
56,256,36058
56,320,36032
56,384,36017
56,448,36045
56,512,36121
56,576,36138
56,640,36133
56,704,36191
56,768,36200
56,832,36246
56,896,36271
56,960,36302
56,1024,36338
56,1088,36329
56,1152,36366
56,1216,36377
56,1280,36361
56,1344,36360
56,1408,36402
56,1472,36427
56,1536,36485
56,1600,36476
56,1664,36552
56,1728,36575
56,1792,36585
56,1856,36642
56,1920,36622
56,1984,36620
56,2048,36699
57,0,2715
57,64,36459
57,128,36386
57,192,36409
57,256,36374
57,320,36383
57,384,36358
57,448,36368
57,512,36398
57,576,36416
57,640,36439
57,704,36489
57,768,36521
57,832,36573
57,896,36611
57,960,36649
57,1024,36646
57,1088,36674
57,1152,36742
57,1216,36746
57,1280,36710
57,1344,36720
57,1408,36698
57,1472,36763
57,1536,36771
57,1600,36795
57,1664,36880
57,1728,36863
57,1792,36905
57,1856,36937
57,1920,36952
57,1984,36948
57,2048,37060
58,0,2956
58,64,37983
58,128,38288
58,192,38330
58,256,38293
58,320,38274
58,384,38317
58,448,38334
58,512,38367
58,576,38408
58,640,38428
58,704,38503
58,768,38541
58,832,38576
58,896,38589
58,960,38602
58,1024,38638
58,1088,38605
58,1152,38580
58,1216,38629
58,1280,38632
58,1344,38643
58,1408,38621
58,1472,38682
58,1536,38688
58,1600,38731
58,1664,38735
58,1728,38727
58,1792,38733
58,1856,38782
58,1920,38822
58,1984,38890
58,2048,38931
59,0,3007
59,64,38571
59,128,38795
59,192,38936
59,256,39028
59,320,38846
59,384,38826
59,448,38797
59,512,38792
59,576,38804
59,640,38809
59,704,38896
59,768,38914
59,832,39008
59,896,38983
59,960,38976
59,1024,39035
59,1088,38998
59,1152,38985
59,1216,39015
59,1280,38997
59,1344,39020
59,1408,39015
59,1472,39015
59,1536,39054
59,1600,39074
59,1664,39152
59,1728,39185
59,1792,39164
59,1856,39173
59,1920,39259
59,1984,39293
59,2048,39343
60,0,2968
60,64,39197
60,128,39738
60,192,39754
60,256,39811
60,320,39702
60,384,39733
60,448,39764
60,512,39734
60,576,39852
60,640,39827
60,704,39888
60,768,39847
60,832,39967
60,896,39978
60,960,39975
60,1024,40030
60,1088,40008
60,1152,39958
60,1216,39965
60,1280,39988
60,1344,39983
60,1408,39960
60,1472,39958
60,1536,39989
60,1600,40056
60,1664,40115
60,1728,40071
60,1792,40119
60,1856,40152
60,1920,40249
60,1984,40282
60,2048,40232
61,0,3027
61,64,39501
61,128,40007
61,192,40042
61,256,40081
61,320,40038
61,384,40042
61,448,40047
61,512,40032
61,576,40126
61,640,40108
61,704,40172
61,768,40148
61,832,40301
61,896,40293
61,960,40301
61,1024,40348
61,1088,40349
61,1152,40311
61,1216,40334
61,1280,40334
61,1344,40382
61,1408,40365
61,1472,40352
61,1536,40399
61,1600,40448
61,1664,40506
61,1728,40455
61,1792,40509
61,1856,40549
61,1920,40635
61,1984,40631
61,2048,40684
62,0,2883
62,64,38885
62,128,40269
62,192,40314
62,256,40297
62,320,40261
62,384,40329
62,448,40319
62,512,40280
62,576,40358
62,640,40361
62,704,40428
62,768,40441
62,832,40539
62,896,40541
62,960,40538
62,1024,40569
62,1088,40575
62,1152,40575
62,1216,40576
62,1280,40586
62,1344,40647
62,1408,40680
62,1472,40636
62,1536,40641
62,1600,40688
62,1664,40714
62,1728,40722
62,1792,40724
62,1856,40802
62,1920,40836
62,1984,40864
62,2048,40912
63,0,2820
63,64,36964
63,128,40465
63,192,40476
63,256,40509
63,320,40494
63,384,40533
63,448,40535
63,512,40504
63,576,40572
63,640,40575
63,704,40654
63,768,40605
63,832,40754
63,896,40763
63,960,40762
63,1024,40737
63,1088,40757
63,1152,40769
63,1216,40789
63,1280,40781
63,1344,40821
63,1408,40868
63,1472,40827
63,1536,40835
63,1600,40901
63,1664,40904
63,1728,40920
63,1792,40924
63,1856,40979
63,1920,41019
63,1984,41066
63,2048,41048
64,0,2823
64,64,31107
64,128,40697
64,192,40763
64,256,40757
64,320,40689
64,384,40713
64,448,40749
64,512,40771
64,576,40799
64,640,40818
64,704,40860
64,768,40853
64,832,40947
64,896,40979
64,960,40999
64,1024,41009
64,1088,41038
64,1152,41023
64,1216,41040
64,1280,41034
64,1344,41054
64,1408,41095
64,1472,41069
64,1536,41058
64,1600,41120
64,1664,41130
64,1728,41165
64,1792,41165
64,1856,41206
64,1920,41240
64,1984,41268
64,2048,41266
65,0,2642
65,64,6441
65,128,40994
65,192,41069
65,256,41067
65,320,41014
65,384,41007
65,448,41009
65,512,41017
65,576,40998
65,640,41072
65,704,41098
65,768,41112
65,832,41121
65,896,41259
65,960,41254
65,1024,41214
65,1088,41253
65,1152,41420
65,1216,41356
65,1280,41316
65,1344,41312
65,1408,41373
65,1472,41359
65,1536,41364
65,1600,41347
65,1664,41395
65,1728,41491
65,1792,41559
65,1856,41570
65,1920,41602
65,1984,41560
65,2048,41581
66,0,2638
66,64,2690
66,128,41890
66,192,41931
66,256,41964
66,320,41915
66,384,41863
66,448,41787
66,512,41847
66,576,41887
66,640,41943
66,704,42026
66,768,42021
66,832,41994
66,896,42372
66,960,42121
66,1024,42114
66,1088,42139
66,1152,42254
66,1216,42281
66,1280,42313
66,1344,42275
66,1408,42315
66,1472,42256
66,1536,42286
66,1600,42250
66,1664,42317
66,1728,42436
66,1792,42488
66,1856,42521
66,1920,42567
66,1984,42516
66,2048,42532
67,0,2629
67,64,2690
67,128,43334
67,192,43326
67,256,43355
67,320,43343
67,384,43399
67,448,43340
67,512,43360
67,576,43379
67,640,43431
67,704,43454
67,768,43458
67,832,43499
67,896,43792
67,960,43601
67,1024,43589
67,1088,43610
67,1152,43674
67,1216,43648
67,1280,43681
67,1344,43657
67,1408,43738
67,1472,43690
67,1536,43720
67,1600,43727
67,1664,43713
67,1728,43804
67,1792,43820
67,1856,43850
67,1920,43842
67,1984,43824
67,2048,43863
68,0,2638
68,64,2695
68,128,44346
68,192,44396
68,256,44415
68,320,44410
68,384,44392
68,448,44409
68,512,44434
68,576,44423
68,640,44430
68,704,44487
68,768,44488
68,832,44513
68,896,44827
68,960,44662
68,1024,44673
68,1088,44674
68,1152,44718
68,1216,44741
68,1280,44737
68,1344,44605
68,1408,44422
68,1472,44302
68,1536,44556
68,1600,44702
68,1664,44695
68,1728,44754
68,1792,44792
68,1856,44798
68,1920,44716
68,1984,44370
68,2048,44323
69,0,2639
69,64,2696
69,128,44631
69,192,44630
69,256,44688
69,320,44671
69,384,44688
69,448,44663
69,512,44692
69,576,44699
69,640,44760
69,704,44786
69,768,44777
69,832,44842
69,896,45098
69,960,44979
69,1024,44953
69,1088,45038
69,1152,45039
69,1216,45066
69,1280,45055
69,1344,45010
69,1408,45006
69,1472,45070
69,1536,45108
69,1600,45163
69,1664,45156
69,1728,45208
69,1792,45215
69,1856,45206
69,1920,45222
69,1984,45152
69,2048,45270
70,0,2643
70,64,2706
70,128,44860
70,192,44872
70,256,44867
70,320,44899
70,384,44929
70,448,44890
70,512,44927
70,576,44929
70,640,44977
70,704,45018
70,768,45008
70,832,45059
70,896,45283
70,960,45186
70,1024,45211
70,1088,45257
70,1152,45281
70,1216,45312
70,1280,45308
70,1344,45268
70,1408,45279
70,1472,45308
70,1536,45360
70,1600,45377
70,1664,45399
70,1728,45395
70,1792,45451
70,1856,45469
70,1920,45468
70,1984,45428
70,2048,45552
71,0,2641
71,64,2698
71,128,45067
71,192,45063
71,256,45079
71,320,45114
71,384,45125
71,448,45111
71,512,45127
71,576,45147
71,640,45199
71,704,45223
71,768,45247
71,832,45267
71,896,45520
71,960,45387
71,1024,45424
71,1088,45457
71,1152,45475
71,1216,45517
71,1280,45533
71,1344,45532
71,1408,45513
71,1472,45513
71,1536,45563
71,1600,45591
71,1664,45599
71,1728,45606
71,1792,45649
71,1856,45686
71,1920,45704
71,1984,45644
71,2048,45693
72,0,2647
72,64,2693
72,128,45291
72,192,45306
72,256,45320
72,320,45355
72,384,45377
72,448,45380
72,512,45415
72,576,45399
72,640,45386
72,704,45475
72,768,45472
72,832,45564
72,896,45749
72,960,45590
72,1024,45734
72,1088,45732
72,1152,45747
72,1216,45744
72,1280,45779
72,1344,45803
72,1408,45754
72,1472,45735
72,1536,45756
72,1600,45776
72,1664,45810
72,1728,45820
72,1792,45823
72,1856,45822
72,1920,45817
72,1984,45838
72,2048,45929
73,0,2658
73,64,2720
73,128,45559
73,192,45626
73,256,45626
73,320,45609
73,384,45640
73,448,45657
73,512,45634
73,576,45604
73,640,45620
73,704,45726
73,768,45742
73,832,45787
73,896,45766
73,960,45791
73,1024,45947
73,1088,45950
73,1152,45942
73,1216,45968
73,1280,46024
73,1344,46041
73,1408,46022
73,1472,46000
73,1536,46020
73,1600,46089
73,1664,46079
73,1728,46015
73,1792,46020
73,1856,46070
73,1920,46108
73,1984,46161
73,2048,46198
74,0,2667
74,64,2719
74,128,46114
74,192,46167
74,256,46183
74,320,46189
74,384,46165
74,448,46177
74,512,46109
74,576,46118
74,640,46201
74,704,46227
74,768,46259
74,832,46305
74,896,46286
74,960,46295
74,1024,46472
74,1088,46446
74,1152,46440
74,1216,46494
74,1280,46489
74,1344,46562
74,1408,46569
74,1472,46575
74,1536,46526
74,1600,46572
74,1664,46605
74,1728,46576
74,1792,46566
74,1856,46589
74,1920,46636
74,1984,46657
74,2048,46724
75,0,2681
75,64,2675
75,128,47835
75,192,47865
75,256,47889
75,320,47931
75,384,47928
75,448,47982
75,512,47975
75,576,47939
75,640,48007
75,704,48032
75,768,48133
75,832,48126
75,896,48080
75,960,48081
75,1024,48260
75,1088,48278
75,1152,48270
75,1216,48320
75,1280,48311
75,1344,48352
75,1408,48322
75,1472,48292
75,1536,48272
75,1600,48315
75,1664,48397
75,1728,48351
75,1792,48333
75,1856,48315
75,1920,48409
75,1984,48473
75,2048,48514
76,0,2677
76,64,2684
76,128,48885
76,192,48991
76,256,48945
76,320,48956
76,384,48969
76,448,49028
76,512,49026
76,576,48983
76,640,49039
76,704,49069
76,768,49142
76,832,49098
76,896,49106
76,960,49112
76,1024,49261
76,1088,49284
76,1152,49265
76,1216,49279
76,1280,49192
76,1344,48938
76,1408,49175
76,1472,49141
76,1536,49141
76,1600,48880
76,1664,48908
76,1728,48849
76,1792,49095
76,1856,48869
76,1920,48830
76,1984,48863
76,2048,48904
77,0,2693
77,64,2691
77,128,49200
77,192,49290
77,256,49327
77,320,49261
77,384,49265
77,448,49346
77,512,49336
77,576,49315
77,640,49371
77,704,49398
77,768,49494
77,832,49487
77,896,49475
77,960,49483
77,1024,49604
77,1088,49604
77,1152,49605
77,1216,49647
77,1280,49653
77,1344,49743
77,1408,49729
77,1472,49661
77,1536,49661
77,1600,49671
77,1664,49711
77,1728,49728
77,1792,49747
77,1856,49723
77,1920,49715
77,1984,49796
77,2048,49831
78,0,2682
78,64,2696
78,128,49491
78,192,49546
78,256,49573
78,320,49528
78,384,49553
78,448,49629
78,512,49604
78,576,49553
78,640,49619
78,704,49664
78,768,49724
78,832,49721
78,896,49740
78,960,49767
78,1024,49882
78,1088,49856
78,1152,49859
78,1216,49901
78,1280,49897
78,1344,49915
78,1408,49949
78,1472,49934
78,1536,49942
78,1600,49934
78,1664,49969
78,1728,49983
78,1792,49989
78,1856,50026
78,1920,50012
78,1984,50104
78,2048,50135
79,0,2698
79,64,2702
79,128,49702
79,192,49774
79,256,49800
79,320,49779
79,384,49768
79,448,49821
79,512,49830
79,576,49824
79,640,49865
79,704,49833
79,768,49970
79,832,49956
79,896,49943
79,960,49980
79,1024,49970
79,1088,50044
79,1152,50101
79,1216,50131
79,1280,50125
79,1344,50161
79,1408,50192
79,1472,50169
79,1536,50227
79,1600,50201
79,1664,50225
79,1728,50241
79,1792,50263
79,1856,50411
79,1920,50352
79,1984,50354
79,2048,50352
80,0,2691
80,64,2691
80,128,49979
80,192,50018
80,256,50035
80,320,50016
80,384,50021
80,448,50052
80,512,50066
80,576,50051
80,640,50077
80,704,50032
80,768,50193
80,832,50169
80,896,50169
80,960,50237
80,1024,50191
80,1088,50284
80,1152,50367
80,1216,50371
80,1280,50369
80,1344,50379
80,1408,50432
80,1472,50404
80,1536,50484
80,1600,50450
80,1664,50426
80,1728,50543
80,1792,50562
80,1856,50577
80,1920,50554
80,1984,50480
80,2048,50547
81,0,2707
81,64,2695
81,128,50212
81,192,50274
81,256,50297
81,320,50257
81,384,50289
81,448,50268
81,512,50247
81,576,50280
81,640,50289
81,704,50269
81,768,50379
81,832,50415
81,896,50402
81,960,50461
81,1024,50407
81,1088,50516
81,1152,50636
81,1216,50637
81,1280,50687
81,1344,50653
81,1408,50695
81,1472,50686
81,1536,50756
81,1600,50812
81,1664,50734
81,1728,50813
81,1792,50838
81,1856,50824
81,1920,50827
81,1984,50746
81,2048,50819
82,0,2709
82,64,2711
82,128,50634
82,192,50665
82,256,50719
82,320,50720
82,384,50742
82,448,50677
82,512,50633
82,576,50693
82,640,50661
82,704,50659
82,768,50753
82,832,50788
82,896,50806
82,960,50877
82,1024,50805
82,1088,50876
82,1152,50977
82,1216,50968
82,1280,51032
82,1344,51006
82,1408,51047
82,1472,51057
82,1536,51162
82,1600,51165
82,1664,51109
82,1728,51169
82,1792,51207
82,1856,51222
82,1920,51198
82,1984,51127
82,2048,51126
83,0,2725
83,64,2719
83,128,52443
83,192,52428
83,256,52519
83,320,52540
83,384,52544
83,448,52525
83,512,52525
83,576,52567
83,640,52547
83,704,52588
83,768,52666
83,832,52653
83,896,52633
83,960,52759
83,1024,52690
83,1088,52778
83,1152,52883
83,1216,52864
83,1280,52948
83,1344,52922
83,1408,52906
83,1472,52951
83,1536,53007
83,1600,53046
83,1664,52992
83,1728,53015
83,1792,53057
83,1856,53082
83,1920,53095
83,1984,53022
83,2048,53073
84,0,2715
84,64,2701
84,128,53524
84,192,53491
84,256,53573
84,320,53625
84,384,53572
84,448,53593
84,512,53551
84,576,53596
84,640,53589
84,704,53666
84,768,53571
84,832,53499
84,896,53661
84,960,53806
84,1024,53761
84,1088,53765
84,1152,53854
84,1216,53531
84,1280,53790
84,1344,53893
84,1408,53863
84,1472,53591
84,1536,53508
84,1600,53504
84,1664,53443
84,1728,53462
84,1792,53501
84,1856,53556
84,1920,53506
84,1984,53434
84,2048,53514
85,0,2712
85,64,2721
85,128,53846
85,192,53841
85,256,53880
85,320,53902
85,384,53896
85,448,53904
85,512,53938
85,576,53918
85,640,53918
85,704,53981
85,768,54015
85,832,54041
85,896,54053
85,960,54083
85,1024,54134
85,1088,54117
85,1152,54280
85,1216,54275
85,1280,54364
85,1344,54313
85,1408,54315
85,1472,54377
85,1536,54437
85,1600,54423
85,1664,54452
85,1728,54467
85,1792,54494
85,1856,54486
85,1920,54486
85,1984,54456
85,2048,54489
86,0,2737
86,64,2717
86,128,54098
86,192,54092
86,256,54111
86,320,54146
86,384,54145
86,448,54169
86,512,54145
86,576,54136
86,640,54173
86,704,54232
86,768,54191
86,832,54373
86,896,54307
86,960,54315
86,1024,54383
86,1088,54359
86,1152,54523
86,1216,54516
86,1280,54575
86,1344,54608
86,1408,54580
86,1472,54611
86,1536,54613
86,1600,54689
86,1664,54727
86,1728,54692
86,1792,54692
86,1856,54668
86,1920,54658
86,1984,54649
86,2048,54729
87,0,2731
87,64,2737
87,128,54308
87,192,54314
87,256,54339
87,320,54387
87,384,54366
87,448,54379
87,512,54402
87,576,54379
87,640,54448
87,704,54488
87,768,54431
87,832,54559
87,896,54584
87,960,54578
87,1024,54606
87,1088,54582
87,1152,54664
87,1216,54690
87,1280,54780
87,1344,54826
87,1408,54790
87,1472,54808
87,1536,54842
87,1600,54895
87,1664,54925
87,1728,54872
87,1792,54835
87,1856,54865
87,1920,54883
87,1984,54911
87,2048,54980
88,0,2740
88,64,2748
88,128,54554
88,192,54514
88,256,54569
88,320,54633
88,384,54624
88,448,54651
88,512,54726
88,576,54638
88,640,54713
88,704,54716
88,768,54681
88,832,54818
88,896,54844
88,960,54810
88,1024,54868
88,1088,54838
88,1152,54908
88,1216,54942
88,1280,54960
88,1344,55062
88,1408,55033
88,1472,55045
88,1536,55053
88,1600,55112
88,1664,55148
88,1728,55115
88,1792,55086
88,1856,55101
88,1920,55129
88,1984,55142
88,2048,55193
89,0,2755
89,64,2743
89,128,54825
89,192,54852
89,256,54865
89,320,54865
89,384,54907
89,448,54900
89,512,54962
89,576,54894
89,640,54979
89,704,54976
89,768,55023
89,832,55037
89,896,55072
89,960,55032
89,1024,55105
89,1088,55102
89,1152,55075
89,1216,55169
89,1280,55236
89,1344,55362
89,1408,55341
89,1472,55331
89,1536,55353
89,1600,55367
89,1664,55419
89,1728,55379
89,1792,55347
89,1856,55378
89,1920,55433
89,1984,55457
89,2048,55478
90,0,2745
90,64,2756
90,128,55252
90,192,55243
90,256,55266
90,320,55294
90,384,55293
90,448,55293
90,512,55344
90,576,55281
90,640,55365
90,704,55356
90,768,55357
90,832,55463
90,896,55456
90,960,55414
90,1024,55504
90,1088,55489
90,1152,55457
90,1216,55561
90,1280,55596
90,1344,55695
90,1408,55687
90,1472,55649
90,1536,55709
90,1600,55702
90,1664,55772
90,1728,55773
90,1792,55738
90,1856,55776
90,1920,55824
90,1984,55833
90,2048,55817
91,0,2826
91,64,2834
91,128,57114
91,192,57099
91,256,57051
91,320,57098
91,384,57124
91,448,57153
91,512,57274
91,576,57174
91,640,57243
91,704,57234
91,768,57324
91,832,57368
91,896,57362
91,960,57313
91,1024,57399
91,1088,57373
91,1152,57364
91,1216,57466
91,1280,57532
91,1344,57630
91,1408,57660
91,1472,57589
91,1536,57594
91,1600,57631
91,1664,57621
91,1728,57611
91,1792,57638
91,1856,57654
91,1920,57702
91,1984,57756
91,2048,57701
92,0,2833
92,64,2819
92,128,57973
92,192,58092
92,256,58056
92,320,58094
92,384,58099
92,448,58084
92,512,57944
92,576,57751
92,640,58005
92,704,57772
92,768,57836
92,832,57894
92,896,57866
92,960,58094
92,1024,57862
92,1088,57796
92,1152,57861
92,1216,57928
92,1280,57949
92,1344,58022
92,1408,58076
92,1472,57999
92,1536,58008
92,1600,58039
92,1664,58066
92,1728,58116
92,1792,58111
92,1856,58062
92,1920,58170
92,1984,58155
92,2048,58102
93,0,2756
93,64,2750
93,128,58505
93,192,58514
93,256,58501
93,320,58518
93,384,58584
93,448,58564
93,512,58672
93,576,58625
93,640,58643
93,704,58635
93,768,58663
93,832,58672
93,896,58766
93,960,58747
93,1024,58778
93,1088,58745
93,1152,58782
93,1216,58896
93,1280,58914
93,1344,58954
93,1408,59071
93,1472,59008
93,1536,59083
93,1600,59053
93,1664,59003
93,1728,59020
93,1792,59037
93,1856,59111
93,1920,59148
93,1984,59116
93,2048,59082
94,0,2763
94,64,2759
94,128,58782
94,192,58773
94,256,58812
94,320,58842
94,384,58874
94,448,58824
94,512,58923
94,576,58913
94,640,58961
94,704,58895
94,768,58971
94,832,58950
94,896,59021
94,960,59042
94,1024,59027
94,1088,59042
94,1152,59113
94,1216,59114
94,1280,59213
94,1344,59266
94,1408,59330
94,1472,59301
94,1536,59385
94,1600,59376
94,1664,59379
94,1728,59476
94,1792,59491
94,1856,59496
94,1920,59483
94,1984,59437
94,2048,59405
95,0,2763
95,64,2781
95,128,58992
95,192,59033
95,256,59056
95,320,59088
95,384,59080
95,448,59059
95,512,59133
95,576,59166
95,640,59154
95,704,59129
95,768,59164
95,832,59168
95,896,59240
95,960,59255
95,1024,59249
95,1088,59261
95,1152,59308
95,1216,59312
95,1280,59459
95,1344,59508
95,1408,59595
95,1472,59533
95,1536,59605
95,1600,59578
95,1664,59592
95,1728,59676
95,1792,59704
95,1856,59707
95,1920,59698
95,1984,59627
95,2048,59659
96,0,2682
96,64,2677
96,128,59227
96,192,59231
96,256,59297
96,320,59312
96,384,59309
96,448,59304
96,512,59360
96,576,59387
96,640,59373
96,704,59409
96,768,59401
96,832,59447
96,896,59519
96,960,59542
96,1024,59491
96,1088,59491
96,1152,59517
96,1216,59541
96,1280,59657
96,1344,59728
96,1408,59804
96,1472,59777
96,1536,59850
96,1600,59865
96,1664,59838
96,1728,59920
96,1792,59935
96,1856,59934
96,1920,59927
96,1984,59867
96,2048,59968
97,0,2684
97,64,2680
97,128,59501
97,192,59472
97,256,59588
97,320,59587
97,384,59536
97,448,59551
97,512,59591
97,576,59622
97,640,59644
97,704,59696
97,768,59624
97,832,59615
97,896,59718
97,960,59744
97,1024,59720
97,1088,59749
97,1152,59784
97,1216,59831
97,1280,59908
97,1344,59940
97,1408,60020
97,1472,59997
97,1536,60071
97,1600,60092
97,1664,60098
97,1728,60145
97,1792,60179
97,1856,60186
97,1920,60158
97,1984,60080
97,2048,60129
98,0,2677
98,64,2673
98,128,59769
98,192,59756
98,256,59860
98,320,59894
98,384,59863
98,448,59861
98,512,59911
98,576,59942
98,640,59906
98,704,59959
98,768,59915
98,832,59945
98,896,59994
98,960,60019
98,1024,60048
98,1088,60078
98,1152,60093
98,1216,60103
98,1280,60189
98,1344,60235
98,1408,60256
98,1472,60274
98,1536,60376
98,1600,60403
98,1664,60379
98,1728,60485
98,1792,60506
98,1856,60505
98,1920,60469
98,1984,60413
98,2048,60458
99,0,2682
99,64,2674
99,128,61091
99,192,61080
99,256,61144
99,320,61194
99,384,61068
99,448,61143
99,512,61090
99,576,61061
99,640,61165
99,704,61241
99,768,61084
99,832,61144
99,896,61256
99,960,61256
99,1024,61307
99,1088,61347
99,1152,61441
99,1216,61431
99,1280,61463
99,1344,61500
99,1408,61483
99,1472,61474
99,1536,61633
99,1600,61641
99,1664,61622
99,1728,61708
99,1792,61689
99,1856,61843
99,1920,61759
99,1984,61676
99,2048,61594
100,0,2675
100,64,2673
100,128,62363
100,192,62232
100,256,62541
100,320,62427
100,384,62298
100,448,62477
100,512,62333
100,576,62233
100,640,62310
100,704,62462
100,768,62343
100,832,62324
100,896,62281
100,960,62367
100,1024,62371
100,1088,62370
100,1152,62435
100,1216,62440
100,1280,62463
100,1344,62594
100,1408,62619
100,1472,62606
100,1536,62628
100,1600,62703
100,1664,62665
100,1728,62747
100,1792,62716
100,1856,62700
100,1920,62688
100,1984,62669
100,2048,62688
101,0,2699
101,64,2698
101,128,63107
101,192,63066
101,256,63141
101,320,63155
101,384,63140
101,448,63193
101,512,63242
101,576,63211
101,640,63235
101,704,63337
101,768,63243
101,832,63239
101,896,63246
101,960,63329
101,1024,63392
101,1088,63371
101,1152,63365
101,1216,63402
101,1280,63445
101,1344,63583
101,1408,63575
101,1472,63585
101,1536,63617
101,1600,63663
101,1664,63673
101,1728,63654
101,1792,63645
101,1856,63629
101,1920,63660
101,1984,63655
101,2048,63664
102,0,2690
102,64,2690
102,128,63440
102,192,63407
102,256,63479
102,320,63453
102,384,63439
102,448,63480
102,512,63589
102,576,63554
102,640,63560
102,704,63628
102,768,63627
102,832,63580
102,896,63578
102,960,63661
102,1024,63717
102,1088,63736
102,1152,63733
102,1216,63741
102,1280,63744
102,1344,63918
102,1408,63937
102,1472,63940
102,1536,63973
102,1600,63997
102,1664,64020
102,1728,64011
102,1792,64028
102,1856,64050
102,1920,64040
102,1984,64045
102,2048,64058
103,0,2691
103,64,2696
103,128,63669
103,192,63655
103,256,63729
103,320,63695
103,384,63728
103,448,63736
103,512,63783
103,576,63801
103,640,63795
103,704,63846
103,768,63809
103,832,63824
103,896,63812
103,960,63930
103,1024,63979
103,1088,63949
103,1152,63942
103,1216,63981
103,1280,63971
103,1344,64155
103,1408,64181
103,1472,64146
103,1536,64162
103,1600,64208
103,1664,64221
103,1728,64217
103,1792,64254
103,1856,64259
103,1920,64268
103,1984,64277
103,2048,64243
104,0,2697
104,64,2683
104,128,63887
104,192,63876
104,256,63944
104,320,63933
104,384,63973
104,448,63969
104,512,64034
104,576,64026
104,640,64025
104,704,64044
104,768,64057
104,832,64046
104,896,64053
104,960,64137
104,1024,64162
104,1088,64191
104,1152,64172
104,1216,64163
104,1280,64172
104,1344,64267
104,1408,64350
104,1472,64357
104,1536,64403
104,1600,64439
104,1664,64485
104,1728,64455
104,1792,64472
104,1856,64502
104,1920,64508
104,1984,64496
104,2048,64475
105,0,2705
105,64,2702
105,128,64138
105,192,64131
105,256,64184
105,320,64198
105,384,64180
105,448,64186
105,512,64251
105,576,64259
105,640,64286
105,704,64255
105,768,64285
105,832,64290
105,896,64312
105,960,64357
105,1024,64384
105,1088,64384
105,1152,64386
105,1216,64410
105,1280,64425
105,1344,64485
105,1408,64586
105,1472,64586
105,1536,64609
105,1600,64669
105,1664,64636
105,1728,64672
105,1792,64722
105,1856,64743
105,1920,64736
105,1984,64716
105,2048,64731
106,0,2720
106,64,2721
106,128,64426
106,192,64396
106,256,64448
106,320,64454
106,384,64485
106,448,64494
106,512,64564
106,576,64544
106,640,64531
106,704,64557
106,768,64567
106,832,64512
106,896,64568
106,960,64604
106,1024,64663
106,1088,64669
106,1152,64673
106,1216,64685
106,1280,64686
106,1344,64774
106,1408,64887
106,1472,64879
106,1536,64897
106,1600,64958
106,1664,64942
106,1728,64954
106,1792,64962
106,1856,64987
106,1920,65022
106,1984,65022
106,2048,65001
107,0,2723
107,64,2728
107,128,65031
107,192,65047
107,256,65126
107,320,65172
107,384,65180
107,448,65143
107,512,65213
107,576,65095
107,640,65132
107,704,65145
107,768,65144
107,832,65108
107,896,65101
107,960,65135
107,1024,65264
107,1088,65224
107,1152,65219
107,1216,65264
107,1280,65303
107,1344,65330
107,1408,65489
107,1472,65514
107,1536,65603
107,1600,65546
107,1664,65498
107,1728,65651
107,1792,65647
107,1856,65667
107,1920,65681
107,1984,65651
107,2048,65599
108,0,2726
108,64,2713
108,128,66681
108,192,66796
108,256,67030
108,320,66946
108,384,66923
108,448,66973
108,512,67109
108,576,66923
108,640,66929
108,704,66935
108,768,66965
108,832,66921
108,896,66960
108,960,66942
108,1024,66992
108,1088,67003
108,1152,67031
108,1216,67061
108,1280,67072
108,1344,67092
108,1408,67226
108,1472,67256
108,1536,67367
108,1600,67309
108,1664,67304
108,1728,67385
108,1792,67407
108,1856,67416
108,1920,67400
108,1984,67329
108,2048,67329
109,0,2723
109,64,2732
109,128,67667
109,192,67734
109,256,67759
109,320,67787
109,384,67799
109,448,67782
109,512,67794
109,576,67838
109,640,67840
109,704,67918
109,768,67878
109,832,67871
109,896,67875
109,960,67894
109,1024,67994
109,1088,68000
109,1152,68025
109,1216,68047
109,1280,68081
109,1344,68072
109,1408,68055
109,1472,68183
109,1536,68307
109,1600,68317
109,1664,68274
109,1728,68346
109,1792,68308
109,1856,68290
109,1920,68296
109,1984,68217
109,2048,68218
110,0,2723
110,64,2735
110,128,68022
110,192,68053
110,256,68104
110,320,68101
110,384,68090
110,448,68104
110,512,68124
110,576,68170
110,640,68163
110,704,68191
110,768,68196
110,832,68212
110,896,68199
110,960,68232
110,1024,68311
110,1088,68329
110,1152,68377
110,1216,68368
110,1280,68412
110,1344,68424
110,1408,68453
110,1472,68572
110,1536,68667
110,1600,68654
110,1664,68659
110,1728,68757
110,1792,68688
110,1856,68676
110,1920,68724
110,1984,68700
110,2048,68745
111,0,2730
111,64,2732
111,128,68282
111,192,68319
111,256,68362
111,320,68363
111,384,68351
111,448,68376
111,512,68408
111,576,68427
111,640,68441
111,704,68465
111,768,68436
111,832,68467
111,896,68468
111,960,68528
111,1024,68626
111,1088,68620
111,1152,68633
111,1216,68642
111,1280,68671
111,1344,68658
111,1408,68683
111,1472,68822
111,1536,68928
111,1600,68891
111,1664,68899
111,1728,68968
111,1792,68928
111,1856,68951
111,1920,68977
111,1984,68970
111,2048,68987
112,0,2725
112,64,2735
112,128,68509
112,192,68543
112,256,68581
112,320,68609
112,384,68610
112,448,68625
112,512,68627
112,576,68652
112,640,68669
112,704,68706
112,768,68700
112,832,68714
112,896,68701
112,960,68737
112,1024,68849
112,1088,68872
112,1152,68887
112,1216,68874
112,1280,68896
112,1344,68880
112,1408,68890
112,1472,69038
112,1536,69198
112,1600,69170
112,1664,69172
112,1728,69225
112,1792,69180
112,1856,69178
112,1920,69184
112,1984,69187
112,2048,69211
113,0,2746
113,64,2759
113,128,68790
113,192,68802
113,256,68823
113,320,68813
113,384,68838
113,448,68832
113,512,68895
113,576,68910
113,640,68930
113,704,68936
113,768,68918
113,832,68966
113,896,68927
113,960,68952
113,1024,69067
113,1088,69083
113,1152,69105
113,1216,69099
113,1280,69127
113,1344,69086
113,1408,69112
113,1472,69242
113,1536,69350
113,1600,69369
113,1664,69361
113,1728,69432
113,1792,69357
113,1856,69343
113,1920,69356
113,1984,69420
113,2048,69460
114,0,2763
114,64,2767
114,128,69054
114,192,69082
114,256,69080
114,320,69125
114,384,69116
114,448,69192
114,512,69153
114,576,69176
114,640,69184
114,704,69213
114,768,69183
114,832,69203
114,896,69190
114,960,69202
114,1024,69244
114,1088,69331
114,1152,69328
114,1216,69363
114,1280,69411
114,1344,69379
114,1408,69399
114,1472,69412
114,1536,69559
114,1600,69616
114,1664,69630
114,1728,69649
114,1792,69619
114,1856,69625
114,1920,69638
114,1984,69684
114,2048,69740
115,0,2754
115,64,2754
115,128,69540
115,192,69541
115,256,69610
115,320,69601
115,384,69643
115,448,69677
115,512,69643
115,576,69626
115,640,69649
115,704,69642
115,768,69616
115,832,69657
115,896,69685
115,960,69631
115,1024,69662
115,1088,69757
115,1152,69773
115,1216,69820
115,1280,69853
115,1344,69823
115,1408,69813
115,1472,69836
115,1536,69980
115,1600,70043
115,1664,70099
115,1728,70088
115,1792,70077
115,1856,70060
115,1920,70082
115,1984,70165
115,2048,70198
116,0,2765
116,64,2764
116,128,71228
116,192,71306
116,256,71342
116,320,71378
116,384,71424
116,448,71381
116,512,71438
116,576,71442
116,640,71474
116,704,71467
116,768,71517
116,832,71456
116,896,71484
116,960,71506
116,1024,71527
116,1088,71624
116,1152,71630
116,1216,71660
116,1280,71666
116,1344,71669
116,1408,71710
116,1472,71707
116,1536,71839
116,1600,71876
116,1664,71893
116,1728,71884
116,1792,71912
116,1856,71894
116,1920,71924
116,1984,71961
116,2048,71987
117,0,2766
117,64,2764
117,128,72236
117,192,72253
117,256,72343
117,320,72355
117,384,72420
117,448,72399
117,512,72446
117,576,72409
117,640,72484
117,704,72399
117,768,72371
117,832,72495
117,896,72415
117,960,72369
117,1024,72431
117,1088,72473
117,1152,72275
117,1216,72427
117,1280,72519
117,1344,72244
117,1408,72340
117,1472,72518
117,1536,72429
117,1600,72345
117,1664,72611
117,1728,72447
117,1792,72407
117,1856,72522
117,1920,72446
117,1984,72413
117,2048,72499
118,0,2771
118,64,2778
118,128,72680
118,192,72724
118,256,72747
118,320,72739
118,384,72804
118,448,72769
118,512,72835
118,576,72785
118,640,72864
118,704,72858
118,768,72928
118,832,72900
118,896,72875
118,960,72870
118,1024,72909
118,1088,73010
118,1152,73026
118,1216,73026
118,1280,73048
118,1344,73061
118,1408,73088
118,1472,73116
118,1536,73253
118,1600,73290
118,1664,73288
118,1728,73306
118,1792,73320
118,1856,73304
118,1920,73373
118,1984,73380
118,2048,73373
119,0,2780
119,64,2783
119,128,72994
119,192,72971
119,256,73041
119,320,73011
119,384,73058
119,448,73096
119,512,73088
119,576,73094
119,640,73146
119,704,73144
119,768,73200
119,832,73159
119,896,73206
119,960,73155
119,1024,73179
119,1088,73246
119,1152,73294
119,1216,73288
119,1280,73306
119,1344,73332
119,1408,73344
119,1472,73350
119,1536,73387
119,1600,73500
119,1664,73533
119,1728,73579
119,1792,73576
119,1856,73587
119,1920,73637
119,1984,73642
119,2048,73672
120,0,2782
120,64,2784
120,128,73232
120,192,73221
120,256,73288
120,320,73279
120,384,73335
120,448,73336
120,512,73343
120,576,73329
120,640,73420
120,704,73385
120,768,73448
120,832,73392
120,896,73425
120,960,73441
120,1024,73422
120,1088,73514
120,1152,73535
120,1216,73539
120,1280,73560
120,1344,73573
120,1408,73615
120,1472,73611
120,1536,73643
120,1600,73744
120,1664,73767
120,1728,73828
120,1792,73830
120,1856,73854
120,1920,73894
120,1984,73870
120,2048,73924
121,0,2780
121,64,2805
121,128,73469
121,192,73501
121,256,73537
121,320,73525
121,384,73562
121,448,73544
121,512,73539
121,576,73562
121,640,73656
121,704,73632
121,768,73645
121,832,73624
121,896,73639
121,960,73628
121,1024,73640
121,1088,73648
121,1152,73730
121,1216,73758
121,1280,73775
121,1344,73790
121,1408,73819
121,1472,73835
121,1536,73888
121,1600,73973
121,1664,74015
121,1728,74080
121,1792,74063
121,1856,74073
121,1920,74093
121,1984,74048
121,2048,74078
122,0,2789
122,64,2803
122,128,73715
122,192,73726
122,256,73782
122,320,73805
122,384,73814
122,448,73800
122,512,73831
122,576,73851
122,640,73851
122,704,73864
122,768,73881
122,832,73894
122,896,73865
122,960,73899
122,1024,73881
122,1088,73872
122,1152,73995
122,1216,74024
122,1280,74079
122,1344,74067
122,1408,74097
122,1472,74105
122,1536,74142
122,1600,74285
122,1664,74287
122,1728,74327
122,1792,74317
122,1856,74331
122,1920,74351
122,1984,74325
122,2048,74331
123,0,2808
123,64,2806
123,128,74184
123,192,74156
123,256,74206
123,320,74207
123,384,74197
123,448,74229
123,512,74255
123,576,74241
123,640,74262
123,704,74236
123,768,74239
123,832,74245
123,896,74270
123,960,74290
123,1024,74252
123,1088,74249
123,1152,74352
123,1216,74386
123,1280,74432
123,1344,74393
123,1408,74439
123,1472,74470
123,1536,74492
123,1600,74640
123,1664,74634
123,1728,74685
123,1792,74672
123,1856,74686
123,1920,74727
123,1984,74706
123,2048,74713
124,0,2805
124,64,2784
124,128,75908
124,192,75851
124,256,75862
124,320,75911
124,384,75861
124,448,75812
124,512,75894
124,576,75893
124,640,75969
124,704,76046
124,768,76014
124,832,75970
124,896,76000
124,960,76073
124,1024,76002
124,1088,76005
124,1152,76133
124,1216,76188
124,1280,76211
124,1344,76202
124,1408,76220
124,1472,76192
124,1536,76258
124,1600,76299
124,1664,76458
124,1728,76493
124,1792,76465
124,1856,76479
124,1920,76520
124,1984,76488
124,2048,76500
125,0,2816
125,64,2813
125,128,76834
125,192,76984
125,256,76983
125,320,76987
125,384,76960
125,448,77036
125,512,77019
125,576,77056
125,640,77089
125,704,77091
125,768,77152
125,832,77119
125,896,77059
125,960,77098
125,1024,77107
125,1088,77007
125,1152,77094
125,1216,77162
125,1280,77164
125,1344,77216
125,1408,77173
125,1472,76913
125,1536,77183
125,1600,77296
125,1664,77254
125,1728,77286
125,1792,77123
125,1856,77265
125,1920,77096
125,1984,76954
125,2048,77005
126,0,2826
126,64,2819
126,128,77308
126,192,77322
126,256,77358
126,320,77415
126,384,77378
126,448,77401
126,512,77421
126,576,77393
126,640,77489
126,704,77521
126,768,77517
126,832,77518
126,896,77508
126,960,77561
126,1024,77525
126,1088,77536
126,1152,77647
126,1216,77692
126,1280,77714
126,1344,77689
126,1408,77727
126,1472,77694
126,1536,77715
126,1600,77823
126,1664,77990
126,1728,77986
126,1792,77958
126,1856,77934
126,1920,77952
126,1984,77996
126,2048,77999
127,0,2819
127,64,2816
127,128,77576
127,192,77630
127,256,77626
127,320,77684
127,384,77660
127,448,77727
127,512,77703
127,576,77675
127,640,77760
127,704,77791
127,768,77798
127,832,77789
127,896,77784
127,960,77796
127,1024,77816
127,1088,77784
127,1152,77902
127,1216,77968
127,1280,77981
127,1344,77988
127,1408,78024
127,1472,77993
127,1536,78013
127,1600,78062
127,1664,78212
127,1728,78214
127,1792,78220
127,1856,78219
127,1920,78256
127,1984,78271
127,2048,78279
128,0,2722
128,64,2727
128,128,77843
128,192,77849
128,256,77905
128,320,77921
128,384,77936
128,448,77966
128,512,77985
128,576,77950
128,640,78076
128,704,78046
128,768,78042
128,832,78070
128,896,78005
128,960,78024
128,1024,78074
128,1088,78052
128,1152,78167
128,1216,78203
128,1280,78213
128,1344,78182
128,1408,78259
128,1472,78195
128,1536,78226
128,1600,78264
128,1664,78496
128,1728,78453
128,1792,78461
128,1856,78463
128,1920,78477
128,1984,78507
128,2048,78518
129,0,2722
129,64,2727
129,128,77843
129,192,77849
129,256,77905
129,320,77921
129,384,77936
129,448,77966
129,512,77985
129,576,77950
129,640,78076
129,704,78046
129,768,78042
129,832,78070
129,896,78005
129,960,78024
129,1024,78074
129,1088,78052
129,1152,78167
129,1216,78203
129,1280,78213
129,1344,78182
129,1408,78259
129,1472,78195
129,1536,78226
129,1600,78264
129,1664,78496
129,1728,78453
129,1792,78461
129,1856,78463
129,1920,78477
129,1984,78507
129,2048,78518
130,0,2722
130,64,2727
130,128,77748
130,192,77849
130,256,77905
130,320,77921
130,384,77936
130,448,77966
130,512,77985
130,576,77950
130,640,78076
130,704,78046
130,768,78042
130,832,78070
130,896,78005
130,960,78024
130,1024,78074
130,1088,78052
130,1152,78167
130,1216,78203
130,1280,78213
130,1344,78182
130,1408,78259
130,1472,78195
130,1536,78226
130,1600,78264
130,1664,78496
130,1728,78453
130,1792,78461
130,1856,78463
130,1920,78477
130,1984,78507
130,2048,78518
131,0,2722
131,64,2727
131,128,77257
131,192,77849
131,256,77905
131,320,77921
131,384,77936
131,448,77966
131,512,77985
131,576,77950
131,640,78076
131,704,78046
131,768,78042
131,832,78070
131,896,78005
131,960,78024
131,1024,78074
131,1088,78052
131,1152,78167
131,1216,78203
131,1280,78213
131,1344,78182
131,1408,78259
131,1472,78195
131,1536,78226
131,1600,78264
131,1664,78496
131,1728,78453
131,1792,78461
131,1856,78463
131,1920,78477
131,1984,78507
131,2048,78518
132,0,2722
132,64,2727
132,128,73167
132,192,77849
132,256,77905
132,320,77921
132,384,77936
132,448,77966
132,512,77985
132,576,77950
132,640,78076
132,704,78046
132,768,78042
132,832,78070
132,896,78005
132,960,78024
132,1024,78074
132,1088,78052
132,1152,78167
132,1216,78203
132,1280,78213
132,1344,78182
132,1408,78259
132,1472,78195
132,1536,78226
132,1600,78264
132,1664,78496
132,1728,78453
132,1792,78461
132,1856,78463
132,1920,78477
132,1984,78507
132,2048,78518
133,0,2775
133,64,2769
133,128,17005
133,192,82442
133,256,82576
133,320,82590
133,384,82620
133,448,82662
133,512,82654
133,576,82609
133,640,82644
133,704,82695
133,768,82747
133,832,82771
133,896,82729
133,960,82744
133,1024,82751
133,1088,82751
133,1152,82732
133,1216,82759
133,1280,82865
133,1344,82925
133,1408,82934
133,1472,82898
133,1536,82906
133,1600,82929
133,1664,82981
133,1728,82968
133,1792,83133
133,1856,83168
133,1920,83187
133,1984,83179
133,2048,83204
134,0,2775
134,64,2769
134,128,17005
134,192,82442
134,256,82576
134,320,82590
134,384,82620
134,448,82662
134,512,82654
134,576,82609
134,640,82644
134,704,82695
134,768,82747
134,832,82771
134,896,82729
134,960,82744
134,1024,82751
134,1088,82751
134,1152,82732
134,1216,82759
134,1280,82865
134,1344,82925
134,1408,82934
134,1472,82898
134,1536,82906
134,1600,82929
134,1664,82981
134,1728,82968
134,1792,83133
134,1856,83168
134,1920,83187
134,1984,83179
134,2048,83204
135,0,2775
135,64,2769
135,128,17005
135,192,82442
135,256,82576
135,320,82590
135,384,82620
135,448,82662
135,512,82654
135,576,82609
135,640,82644
135,704,82695
135,768,82747
135,832,82771
135,896,82729
135,960,82744
135,1024,82751
135,1088,82751
135,1152,82732
135,1216,82759
135,1280,82865
135,1344,82925
135,1408,82934
135,1472,82898
135,1536,82906
135,1600,82929
135,1664,82981
135,1728,82968
135,1792,83133
135,1856,83168
135,1920,83187
135,1984,83179
135,2048,83204
136,0,2775
136,64,2769
136,128,16905
136,192,82442
136,256,82576
136,320,82590
136,384,82620
136,448,82662
136,512,82654
136,576,82609
136,640,82644
136,704,82695
136,768,82747
136,832,82771
136,896,82729
136,960,82744
136,1024,82751
136,1088,82751
136,1152,82732
136,1216,82759
136,1280,82865
136,1344,82925
136,1408,82934
136,1472,82898
136,1536,82906
136,1600,82929
136,1664,82981
136,1728,82968
136,1792,83133
136,1856,83168
136,1920,83187
136,1984,83179
136,2048,83204
137,0,2779
137,64,2772
137,128,11624
137,192,82442
137,256,82576
137,320,82590
137,384,82620
137,448,82662
137,512,82654
137,576,82609
137,640,82644
137,704,82695
137,768,82747
137,832,82771
137,896,82729
137,960,82744
137,1024,82751
137,1088,82751
137,1152,82732
137,1216,82759
137,1280,82865
137,1344,82925
137,1408,82934
137,1472,82898
137,1536,82906
137,1600,82929
137,1664,82981
137,1728,82968
137,1792,83133
137,1856,83168
137,1920,83187
137,1984,83179
137,2048,83204
138,0,2779
138,64,2772
138,128,11624
138,192,82442
138,256,82576
138,320,82590
138,384,82620
138,448,82662
138,512,82654
138,576,82609
138,640,82644
138,704,82695
138,768,82747
138,832,82771
138,896,82729
138,960,82744
138,1024,82751
138,1088,82751
138,1152,82732
138,1216,82759
138,1280,82865
138,1344,82925
138,1408,82934
138,1472,82898
138,1536,82906
138,1600,82929
138,1664,82981
138,1728,82968
138,1792,83133
138,1856,83168
138,1920,83187
138,1984,83179
138,2048,83204
139,0,2779
139,64,2772
139,128,11624
139,192,82442
139,256,82576
139,320,82590
139,384,82620
139,448,82662
139,512,82654
139,576,82609
139,640,82644
139,704,82695
139,768,82747
139,832,82771
139,896,82729
139,960,82744
139,1024,82751
139,1088,82751
139,1152,82732
139,1216,82759
139,1280,82865
139,1344,82925
139,1408,82934
139,1472,82898
139,1536,82906
139,1600,82929
139,1664,82981
139,1728,82968
139,1792,83133
139,1856,83168
139,1920,83187
139,1984,83179
139,2048,83204
140,0,2779
140,64,2772
140,128,11525
140,192,82442
140,256,82576
140,320,82590
140,384,82620
140,448,82662
140,512,82654
140,576,82609
140,640,82644
140,704,82695
140,768,82747
140,832,82771
140,896,82729
140,960,82744
140,1024,82751
140,1088,82751
140,1152,82732
140,1216,82759
140,1280,82865
140,1344,82925
140,1408,82934
140,1472,82898
140,1536,82906
140,1600,82929
140,1664,82981
140,1728,82968
140,1792,83133
140,1856,83168
140,1920,83187
140,1984,83179
140,2048,83204
141,0,2795
141,64,2787
141,128,10274
141,192,87205
141,256,87223
141,320,87255
141,384,87264
141,448,87312
141,512,87308
141,576,87265
141,640,87306
141,704,87285
141,768,87420
141,832,87427
141,896,87412
141,960,87402
141,1024,87408
141,1088,87398
141,1152,87405
141,1216,87422
141,1280,87439
141,1344,87565
141,1408,87606
141,1472,87595
141,1536,87610
141,1600,87635
141,1664,87623
141,1728,87618
141,1792,87628
141,1856,87645
141,1920,87807
141,1984,87861
141,2048,87870
142,0,2795
142,64,2787
142,128,10274
142,192,87205
142,256,87223
142,320,87255
142,384,87264
142,448,87312
142,512,87308
142,576,87265
142,640,87306
142,704,87285
142,768,87420
142,832,87427
142,896,87412
142,960,87402
142,1024,87408
142,1088,87398
142,1152,87405
142,1216,87422
142,1280,87439
142,1344,87565
142,1408,87606
142,1472,87595
142,1536,87610
142,1600,87635
142,1664,87623
142,1728,87618
142,1792,87628
142,1856,87645
142,1920,87807
142,1984,87861
142,2048,87870
143,0,2795
143,64,2787
143,128,10274
143,192,87205
143,256,87223
143,320,87255
143,384,87264
143,448,87312
143,512,87308
143,576,87265
143,640,87306
143,704,87285
143,768,87420
143,832,87427
143,896,87412
143,960,87402
143,1024,87408
143,1088,87398
143,1152,87405
143,1216,87422
143,1280,87439
143,1344,87565
143,1408,87606
143,1472,87595
143,1536,87610
143,1600,87635
143,1664,87623
143,1728,87618
143,1792,87628
143,1856,87645
143,1920,87807
143,1984,87861
143,2048,87870
144,0,2795
144,64,2787
144,128,10274
144,192,87205
144,256,87223
144,320,87255
144,384,87264
144,448,87312
144,512,87308
144,576,87265
144,640,87306
144,704,87285
144,768,87420
144,832,87427
144,896,87412
144,960,87402
144,1024,87408
144,1088,87398
144,1152,87405
144,1216,87422
144,1280,87439
144,1344,87565
144,1408,87606
144,1472,87595
144,1536,87610
144,1600,87635
144,1664,87623
144,1728,87618
144,1792,87628
144,1856,87645
144,1920,87807
144,1984,87861
144,2048,87870
145,0,2798
145,64,2791
145,128,9906
145,192,87205
145,256,87223
145,320,87255
145,384,87264
145,448,87312
145,512,87308
145,576,87265
145,640,87306
145,704,87285
145,768,87420
145,832,87427
145,896,87412
145,960,87402
145,1024,87408
145,1088,87398
145,1152,87405
145,1216,87422
145,1280,87439
145,1344,87565
145,1408,87606
145,1472,87595
145,1536,87610
145,1600,87635
145,1664,87623
145,1728,87618
145,1792,87628
145,1856,87645
145,1920,87807
145,1984,87861
145,2048,87870
146,0,2798
146,64,2791
146,128,9906
146,192,87205
146,256,87223
146,320,87255
146,384,87264
146,448,87312
146,512,87308
146,576,87265
146,640,87306
146,704,87285
146,768,87420
146,832,87427
146,896,87412
146,960,87402
146,1024,87408
146,1088,87398
146,1152,87405
146,1216,87422
146,1280,87439
146,1344,87565
146,1408,87606
146,1472,87595
146,1536,87610
146,1600,87635
146,1664,87623
146,1728,87618
146,1792,87628
146,1856,87645
146,1920,87807
146,1984,87861
146,2048,87870
147,0,2798
147,64,2791
147,128,9906
147,192,87205
147,256,87223
147,320,87255
147,384,87264
147,448,87312
147,512,87308
147,576,87265
147,640,87306
147,704,87285
147,768,87420
147,832,87427
147,896,87412
147,960,87402
147,1024,87408
147,1088,87398
147,1152,87405
147,1216,87422
147,1280,87439
147,1344,87565
147,1408,87606
147,1472,87595
147,1536,87610
147,1600,87635
147,1664,87623
147,1728,87618
147,1792,87628
147,1856,87645
147,1920,87807
147,1984,87861
147,2048,87870
148,0,2798
148,64,2791
148,128,9806
148,192,87205
148,256,87223
148,320,87255
148,384,87264
148,448,87312
148,512,87308
148,576,87265
148,640,87306
148,704,87285
148,768,87420
148,832,87427
148,896,87412
148,960,87402
148,1024,87408
148,1088,87398
148,1152,87405
148,1216,87422
148,1280,87439
148,1344,87565
148,1408,87606
148,1472,87595
148,1536,87610
148,1600,87635
148,1664,87623
148,1728,87618
148,1792,87628
148,1856,87645
148,1920,87807
148,1984,87861
148,2048,87870
149,0,3090
149,64,3086
149,128,10637
149,192,92002
149,256,91867
149,320,91896
149,384,91917
149,448,91908
149,512,91952
149,576,91908
149,640,91973
149,704,91930
149,768,92065
149,832,92073
149,896,92070
149,960,92065
149,1024,92106
149,1088,92081
149,1152,92108
149,1216,92100
149,1280,92088
149,1344,92109
149,1408,92226
149,1472,92261
149,1536,92278
149,1600,92274
149,1664,92263
149,1728,92281
149,1792,92300
149,1856,92316
149,1920,92339
149,1984,92482
149,2048,92561
150,0,3090
150,64,3086
150,128,10637
150,192,92002
150,256,91867
150,320,91896
150,384,91917
150,448,91908
150,512,91952
150,576,91908
150,640,91973
150,704,91930
150,768,92065
150,832,92073
150,896,92070
150,960,92065
150,1024,92106
150,1088,92081
150,1152,92108
150,1216,92100
150,1280,92088
150,1344,92109
150,1408,92226
150,1472,92261
150,1536,92278
150,1600,92274
150,1664,92263
150,1728,92281
150,1792,92300
150,1856,92316
150,1920,92339
150,1984,92482
150,2048,92561
151,0,3090
151,64,3086
151,128,10637
151,192,92002
151,256,91867
151,320,91896
151,384,91917
151,448,91908
151,512,91952
151,576,91908
151,640,91973
151,704,91930
151,768,92065
151,832,92073
151,896,92070
151,960,92065
151,1024,92106
151,1088,92081
151,1152,92108
151,1216,92100
151,1280,92088
151,1344,92109
151,1408,92226
151,1472,92261
151,1536,92278
151,1600,92274
151,1664,92263
151,1728,92281
151,1792,92300
151,1856,92316
151,1920,92339
151,1984,92482
151,2048,92561
152,0,3090
152,64,3086
152,128,10637
152,192,92002
152,256,91867
152,320,91896
152,384,91917
152,448,91908
152,512,91952
152,576,91908
152,640,91973
152,704,91930
152,768,92065
152,832,92073
152,896,92070
152,960,92065
152,1024,92106
152,1088,92081
152,1152,92108
152,1216,92100
152,1280,92088
152,1344,92109
152,1408,92226
152,1472,92261
152,1536,92278
152,1600,92274
152,1664,92263
152,1728,92281
152,1792,92300
152,1856,92316
152,1920,92339
152,1984,92482
152,2048,92561
153,0,3091
153,64,3087
153,128,10310
153,192,92002
153,256,91867
153,320,91896
153,384,91917
153,448,91908
153,512,91952
153,576,91908
153,640,91973
153,704,91930
153,768,92065
153,832,92073
153,896,92070
153,960,92065
153,1024,92106
153,1088,92081
153,1152,92108
153,1216,92100
153,1280,92088
153,1344,92109
153,1408,92226
153,1472,92261
153,1536,92278
153,1600,92274
153,1664,92263
153,1728,92281
153,1792,92300
153,1856,92316
153,1920,92339
153,1984,92482
153,2048,92561
154,0,3091
154,64,3087
154,128,10310
154,192,92002
154,256,91867
154,320,91896
154,384,91917
154,448,91908
154,512,91952
154,576,91908
154,640,91973
154,704,91930
154,768,92065
154,832,92073
154,896,92070
154,960,92065
154,1024,92106
154,1088,92081
154,1152,92108
154,1216,92100
154,1280,92088
154,1344,92109
154,1408,92226
154,1472,92261
154,1536,92278
154,1600,92274
154,1664,92263
154,1728,92281
154,1792,92300
154,1856,92316
154,1920,92339
154,1984,92482
154,2048,92561
155,0,3091
155,64,3087
155,128,10310
155,192,92002
155,256,91867
155,320,91896
155,384,91917
155,448,91908
155,512,91952
155,576,91908
155,640,91973
155,704,91930
155,768,92065
155,832,92073
155,896,92070
155,960,92065
155,1024,92106
155,1088,92081
155,1152,92108
155,1216,92100
155,1280,92088
155,1344,92109
155,1408,92226
155,1472,92261
155,1536,92278
155,1600,92274
155,1664,92263
155,1728,92281
155,1792,92300
155,1856,92316
155,1920,92339
155,1984,92482
155,2048,92561
156,0,3091
156,64,3087
156,128,10310
156,192,92002
156,256,91867
156,320,91896
156,384,91917
156,448,91908
156,512,91952
156,576,91908
156,640,91973
156,704,91930
156,768,92065
156,832,92073
156,896,92070
156,960,92065
156,1024,92106
156,1088,92081
156,1152,92108
156,1216,92100
156,1280,92088
156,1344,92109
156,1408,92226
156,1472,92261
156,1536,92278
156,1600,92274
156,1664,92263
156,1728,92281
156,1792,92300
156,1856,92316
156,1920,92339
156,1984,92482
156,2048,92561
157,0,4179
157,64,4186
157,128,11782
157,192,97444
157,256,96513
157,320,96554
157,384,96560
157,448,96560
157,512,96593
157,576,96553
157,640,96617
157,704,96587
157,768,96620
157,832,96771
157,896,96752
157,960,96733
157,1024,96741
157,1088,96728
157,1152,96742
157,1216,96740
157,1280,96746
157,1344,96745
157,1408,96783
157,1472,96873
157,1536,96960
157,1600,96961
157,1664,96938
157,1728,96950
157,1792,96958
157,1856,96964
157,1920,97004
157,1984,97007
157,2048,97004
158,0,4179
158,64,4186
158,128,11782
158,192,97444
158,256,96513
158,320,96554
158,384,96560
158,448,96560
158,512,96593
158,576,96553
158,640,96617
158,704,96587
158,768,96620
158,832,96771
158,896,96752
158,960,96733
158,1024,96741
158,1088,96728
158,1152,96742
158,1216,96740
158,1280,96746
158,1344,96745
158,1408,96783
158,1472,96873
158,1536,96960
158,1600,96961
158,1664,96938
158,1728,96950
158,1792,96958
158,1856,96964
158,1920,97004
158,1984,97007
158,2048,97004
159,0,4179
159,64,4186
159,128,11782
159,192,97444
159,256,96513
159,320,96554
159,384,96560
159,448,96560
159,512,96593
159,576,96553
159,640,96617
159,704,96587
159,768,96620
159,832,96771
159,896,96752
159,960,96733
159,1024,96741
159,1088,96728
159,1152,96742
159,1216,96740
159,1280,96746
159,1344,96745
159,1408,96783
159,1472,96873
159,1536,96960
159,1600,96961
159,1664,96938
159,1728,96950
159,1792,96958
159,1856,96964
159,1920,97004
159,1984,97007
159,2048,97004
160,0,4179
160,64,4186
160,128,11782
160,192,97444
160,256,96513
160,320,96554
160,384,96560
160,448,96560
160,512,96593
160,576,96553
160,640,96617
160,704,96587
160,768,96620
160,832,96771
160,896,96752
160,960,96733
160,1024,96741
160,1088,96728
160,1152,96742
160,1216,96740
160,1280,96746
160,1344,96745
160,1408,96783
160,1472,96873
160,1536,96960
160,1600,96961
160,1664,96938
160,1728,96950
160,1792,96958
160,1856,96964
160,1920,97004
160,1984,97007
160,2048,97004
161,0,4179
161,64,4185
161,128,11663
161,192,97544
161,256,96513
161,320,96554
161,384,96560
161,448,96560
161,512,96593
161,576,96553
161,640,96617
161,704,96587
161,768,96620
161,832,96771
161,896,96752
161,960,96733
161,1024,96741
161,1088,96728
161,1152,96742
161,1216,96740
161,1280,96746
161,1344,96745
161,1408,96783
161,1472,96873
161,1536,96960
161,1600,96961
161,1664,96938
161,1728,96950
161,1792,96958
161,1856,96964
161,1920,97004
161,1984,97007
161,2048,97004
162,0,4179
162,64,4185
162,128,11663
162,192,97544
162,256,96513
162,320,96554
162,384,96560
162,448,96560
162,512,96593
162,576,96553
162,640,96617
162,704,96587
162,768,96620
162,832,96771
162,896,96752
162,960,96733
162,1024,96741
162,1088,96728
162,1152,96742
162,1216,96740
162,1280,96746
162,1344,96745
162,1408,96783
162,1472,96873
162,1536,96960
162,1600,96961
162,1664,96938
162,1728,96950
162,1792,96958
162,1856,96964
162,1920,97004
162,1984,97007
162,2048,97004
163,0,4179
163,64,4185
163,128,11663
163,192,97544
163,256,96513
163,320,96554
163,384,96560
163,448,96560
163,512,96593
163,576,96553
163,640,96617
163,704,96587
163,768,96620
163,832,96771
163,896,96752
163,960,96733
163,1024,96741
163,1088,96728
163,1152,96742
163,1216,96740
163,1280,96746
163,1344,96745
163,1408,96783
163,1472,96873
163,1536,96960
163,1600,96961
163,1664,96938
163,1728,96950
163,1792,96958
163,1856,96964
163,1920,97004
163,1984,97007
163,2048,97004
164,0,4179
164,64,4185
164,128,11663
164,192,97544
164,256,96513
164,320,96554
164,384,96560
164,448,96560
164,512,96593
164,576,96553
164,640,96617
164,704,96587
164,768,96620
164,832,96771
164,896,96752
164,960,96733
164,1024,96741
164,1088,96728
164,1152,96742
164,1216,96740
164,1280,96746
164,1344,96745
164,1408,96783
164,1472,96873
164,1536,96960
164,1600,96961
164,1664,96938
164,1728,96950
164,1792,96958
164,1856,96964
164,1920,97004
164,1984,97007
164,2048,97004
165,0,2823
165,64,2831
165,128,3201
165,192,99749
165,256,101144
165,320,101123
165,384,101191
165,448,101189
165,512,101202
165,576,101173
165,640,101210
165,704,101185
165,768,101235
165,832,101246
165,896,101357
165,960,101372
165,1024,101365
165,1088,101352
165,1152,101350
165,1216,101385
165,1280,101378
165,1344,101359
165,1408,101387
165,1472,101394
165,1536,101535
165,1600,101590
165,1664,101596
165,1728,101595
165,1792,101581
165,1856,101617
165,1920,101649
165,1984,101635
165,2048,101611
166,0,2823
166,64,2831
166,128,3201
166,192,99749
166,256,101144
166,320,101123
166,384,101191
166,448,101189
166,512,101202
166,576,101173
166,640,101210
166,704,101185
166,768,101235
166,832,101246
166,896,101357
166,960,101372
166,1024,101365
166,1088,101352
166,1152,101350
166,1216,101385
166,1280,101378
166,1344,101359
166,1408,101387
166,1472,101394
166,1536,101535
166,1600,101590
166,1664,101596
166,1728,101595
166,1792,101581
166,1856,101617
166,1920,101649
166,1984,101635
166,2048,101611
167,0,2823
167,64,2831
167,128,3201
167,192,99749
167,256,101144
167,320,101123
167,384,101191
167,448,101189
167,512,101202
167,576,101173
167,640,101210
167,704,101185
167,768,101235
167,832,101246
167,896,101357
167,960,101372
167,1024,101365
167,1088,101352
167,1152,101350
167,1216,101385
167,1280,101378
167,1344,101359
167,1408,101387
167,1472,101394
167,1536,101535
167,1600,101590
167,1664,101596
167,1728,101595
167,1792,101581
167,1856,101617
167,1920,101649
167,1984,101635
167,2048,101611
168,0,2823
168,64,2831
168,128,3201
168,192,99749
168,256,101144
168,320,101123
168,384,101191
168,448,101189
168,512,101202
168,576,101173
168,640,101210
168,704,101185
168,768,101235
168,832,101246
168,896,101357
168,960,101372
168,1024,101365
168,1088,101352
168,1152,101350
168,1216,101385
168,1280,101378
168,1344,101359
168,1408,101387
168,1472,101394
168,1536,101535
168,1600,101590
168,1664,101596
168,1728,101595
168,1792,101581
168,1856,101617
168,1920,101649
168,1984,101635
168,2048,101611
169,0,2824
169,64,2832
169,128,2955
169,192,100272
169,256,101144
169,320,101123
169,384,101191
169,448,101189
169,512,101202
169,576,101173
169,640,101210
169,704,101185
169,768,101235
169,832,101246
169,896,101357
169,960,101372
169,1024,101365
169,1088,101352
169,1152,101350
169,1216,101385
169,1280,101378
169,1344,101359
169,1408,101387
169,1472,101394
169,1536,101535
169,1600,101590
169,1664,101596
169,1728,101595
169,1792,101581
169,1856,101617
169,1920,101649
169,1984,101635
169,2048,101611
170,0,2824
170,64,2832
170,128,2955
170,192,100272
170,256,101144
170,320,101123
170,384,101191
170,448,101189
170,512,101202
170,576,101173
170,640,101210
170,704,101185
170,768,101235
170,832,101246
170,896,101357
170,960,101372
170,1024,101365
170,1088,101352
170,1152,101350
170,1216,101385
170,1280,101378
170,1344,101359
170,1408,101387
170,1472,101394
170,1536,101535
170,1600,101590
170,1664,101596
170,1728,101595
170,1792,101581
170,1856,101617
170,1920,101649
170,1984,101635
170,2048,101611
171,0,2824
171,64,2832
171,128,2955
171,192,100272
171,256,101144
171,320,101123
171,384,101191
171,448,101189
171,512,101202
171,576,101173
171,640,101210
171,704,101185
171,768,101235
171,832,101246
171,896,101357
171,960,101372
171,1024,101365
171,1088,101352
171,1152,101350
171,1216,101385
171,1280,101378
171,1344,101359
171,1408,101387
171,1472,101394
171,1536,101535
171,1600,101590
171,1664,101596
171,1728,101595
171,1792,101581
171,1856,101617
171,1920,101649
171,1984,101635
171,2048,101611
172,0,2824
172,64,2832
172,128,2955
172,192,100272
172,256,101144
172,320,101123
172,384,101191
172,448,101189
172,512,101202
172,576,101173
172,640,101210
172,704,101185
172,768,101235
172,832,101246
172,896,101357
172,960,101372
172,1024,101365
172,1088,101352
172,1152,101350
172,1216,101385
172,1280,101378
172,1344,101359
172,1408,101387
172,1472,101394
172,1536,101535
172,1600,101590
172,1664,101596
172,1728,101595
172,1792,101581
172,1856,101617
172,1920,101649
172,1984,101635
172,2048,101611
173,0,3001
173,64,3001
173,128,3140
173,192,102774
173,256,105755
173,320,105783
173,384,105828
173,448,105835
173,512,105800
173,576,105832
173,640,105853
173,704,105864
173,768,105889
173,832,105900
173,896,105971
173,960,106006
173,1024,106029
173,1088,106020
173,1152,106016
173,1216,106015
173,1280,106015
173,1344,106018
173,1408,106037
173,1472,106035
173,1536,106100
173,1600,106199
173,1664,106248
173,1728,106225
173,1792,106232
173,1856,106238
173,1920,106241
173,1984,106252
173,2048,106263
174,0,3001
174,64,3001
174,128,3140
174,192,102774
174,256,105755
174,320,105783
174,384,105828
174,448,105835
174,512,105800
174,576,105832
174,640,105853
174,704,105864
174,768,105889
174,832,105900
174,896,105971
174,960,106006
174,1024,106029
174,1088,106020
174,1152,106016
174,1216,106015
174,1280,106015
174,1344,106018
174,1408,106037
174,1472,106035
174,1536,106100
174,1600,106199
174,1664,106248
174,1728,106225
174,1792,106232
174,1856,106238
174,1920,106241
174,1984,106252
174,2048,106263
175,0,3001
175,64,3001
175,128,3140
175,192,102774
175,256,105755
175,320,105783
175,384,105828
175,448,105835
175,512,105800
175,576,105832
175,640,105853
175,704,105864
175,768,105889
175,832,105900
175,896,105971
175,960,106006
175,1024,106029
175,1088,106020
175,1152,106016
175,1216,106015
175,1280,106015
175,1344,106018
175,1408,106037
175,1472,106035
175,1536,106100
175,1600,106199
175,1664,106248
175,1728,106225
175,1792,106232
175,1856,106238
175,1920,106241
175,1984,106252
175,2048,106263
176,0,3001
176,64,3001
176,128,3140
176,192,102774
176,256,105755
176,320,105783
176,384,105828
176,448,105835
176,512,105800
176,576,105832
176,640,105853
176,704,105864
176,768,105889
176,832,105900
176,896,105971
176,960,106006
176,1024,106029
176,1088,106020
176,1152,106016
176,1216,106015
176,1280,106015
176,1344,106018
176,1408,106037
176,1472,106035
176,1536,106100
176,1600,106199
176,1664,106248
176,1728,106225
176,1792,106232
176,1856,106238
176,1920,106241
176,1984,106252
176,2048,106263
177,0,3003
177,64,3003
177,128,3144
177,192,103891
177,256,105755
177,320,105783
177,384,105828
177,448,105835
177,512,105800
177,576,105832
177,640,105853
177,704,105864
177,768,105889
177,832,105900
177,896,105971
177,960,106006
177,1024,106029
177,1088,106020
177,1152,106016
177,1216,106015
177,1280,106015
177,1344,106018
177,1408,106037
177,1472,106035
177,1536,106100
177,1600,106199
177,1664,106248
177,1728,106225
177,1792,106232
177,1856,106238
177,1920,106241
177,1984,106252
177,2048,106263
178,0,3003
178,64,3003
178,128,3144
178,192,103891
178,256,105755
178,320,105783
178,384,105828
178,448,105835
178,512,105800
178,576,105832
178,640,105853
178,704,105864
178,768,105889
178,832,105900
178,896,105971
178,960,106006
178,1024,106029
178,1088,106020
178,1152,106016
178,1216,106015
178,1280,106015
178,1344,106018
178,1408,106037
178,1472,106035
178,1536,106100
178,1600,106199
178,1664,106248
178,1728,106225
178,1792,106232
178,1856,106238
178,1920,106241
178,1984,106252
178,2048,106263
179,0,3003
179,64,3003
179,128,3144
179,192,103891
179,256,105755
179,320,105783
179,384,105828
179,448,105835
179,512,105800
179,576,105832
179,640,105853
179,704,105864
179,768,105889
179,832,105900
179,896,105971
179,960,106006
179,1024,106029
179,1088,106020
179,1152,106016
179,1216,106015
179,1280,106015
179,1344,106018
179,1408,106037
179,1472,106035
179,1536,106100
179,1600,106199
179,1664,106248
179,1728,106225
179,1792,106232
179,1856,106238
179,1920,106241
179,1984,106252
179,2048,106263
180,0,3003
180,64,3003
180,128,3144
180,192,103891
180,256,105755
180,320,105783
180,384,105828
180,448,105835
180,512,105800
180,576,105832
180,640,105853
180,704,105864
180,768,105889
180,832,105900
180,896,105971
180,960,106006
180,1024,106029
180,1088,106020
180,1152,106016
180,1216,106015
180,1280,106015
180,1344,106018
180,1408,106037
180,1472,106035
180,1536,106100
180,1600,106199
180,1664,106248
180,1728,106225
180,1792,106232
180,1856,106238
180,1920,106241
180,1984,106252
180,2048,106263
181,0,2924
181,64,2923
181,128,3197
181,192,102501
181,256,110404
181,320,110435
181,384,110457
181,448,110490
181,512,110491
181,576,110488
181,640,110517
181,704,110506
181,768,110569
181,832,110551
181,896,110570
181,960,110693
181,1024,110684
181,1088,110684
181,1152,110669
181,1216,110691
181,1280,110710
181,1344,110697
181,1408,110711
181,1472,110714
181,1536,110757
181,1600,110749
181,1664,110873
181,1728,110914
181,1792,110937
181,1856,110963
181,1920,110951
181,1984,110951
181,2048,110990
182,0,2924
182,64,2923
182,128,3197
182,192,102501
182,256,110404
182,320,110435
182,384,110457
182,448,110490
182,512,110491
182,576,110488
182,640,110517
182,704,110506
182,768,110569
182,832,110551
182,896,110570
182,960,110693
182,1024,110684
182,1088,110684
182,1152,110669
182,1216,110691
182,1280,110710
182,1344,110697
182,1408,110711
182,1472,110714
182,1536,110757
182,1600,110749
182,1664,110873
182,1728,110914
182,1792,110937
182,1856,110963
182,1920,110951
182,1984,110951
182,2048,110990
183,0,2924
183,64,2923
183,128,3197
183,192,102501
183,256,110404
183,320,110435
183,384,110457
183,448,110490
183,512,110491
183,576,110488
183,640,110517
183,704,110506
183,768,110569
183,832,110551
183,896,110570
183,960,110693
183,1024,110684
183,1088,110684
183,1152,110669
183,1216,110691
183,1280,110710
183,1344,110697
183,1408,110711
183,1472,110714
183,1536,110757
183,1600,110749
183,1664,110873
183,1728,110914
183,1792,110937
183,1856,110963
183,1920,110951
183,1984,110951
183,2048,110990
184,0,2924
184,64,2923
184,128,3197
184,192,102501
184,256,110404
184,320,110435
184,384,110457
184,448,110490
184,512,110491
184,576,110488
184,640,110517
184,704,110506
184,768,110569
184,832,110551
184,896,110570
184,960,110693
184,1024,110684
184,1088,110684
184,1152,110669
184,1216,110691
184,1280,110710
184,1344,110697
184,1408,110711
184,1472,110714
184,1536,110757
184,1600,110749
184,1664,110873
184,1728,110914
184,1792,110937
184,1856,110963
184,1920,110951
184,1984,110951
184,2048,110990
185,0,2924
185,64,2924
185,128,3198
185,192,103599
185,256,110404
185,320,110435
185,384,110457
185,448,110490
185,512,110491
185,576,110488
185,640,110517
185,704,110506
185,768,110569
185,832,110551
185,896,110570
185,960,110693
185,1024,110684
185,1088,110684
185,1152,110669
185,1216,110691
185,1280,110710
185,1344,110697
185,1408,110711
185,1472,110714
185,1536,110757
185,1600,110749
185,1664,110873
185,1728,110914
185,1792,110937
185,1856,110963
185,1920,110951
185,1984,110951
185,2048,110990
186,0,2924
186,64,2924
186,128,3198
186,192,103599
186,256,110404
186,320,110435
186,384,110457
186,448,110490
186,512,110491
186,576,110488
186,640,110517
186,704,110506
186,768,110569
186,832,110551
186,896,110570
186,960,110693
186,1024,110684
186,1088,110684
186,1152,110669
186,1216,110691
186,1280,110710
186,1344,110697
186,1408,110711
186,1472,110714
186,1536,110757
186,1600,110749
186,1664,110873
186,1728,110914
186,1792,110937
186,1856,110963
186,1920,110951
186,1984,110951
186,2048,110990
187,0,2924
187,64,2924
187,128,3198
187,192,103599
187,256,110404
187,320,110435
187,384,110457
187,448,110490
187,512,110491
187,576,110488
187,640,110517
187,704,110506
187,768,110569
187,832,110551
187,896,110570
187,960,110693
187,1024,110684
187,1088,110684
187,1152,110669
187,1216,110691
187,1280,110710
187,1344,110697
187,1408,110711
187,1472,110714
187,1536,110757
187,1600,110749
187,1664,110873
187,1728,110914
187,1792,110937
187,1856,110963
187,1920,110951
187,1984,110951
187,2048,110990
188,0,2924
188,64,2924
188,128,3198
188,192,103599
188,256,110404
188,320,110435
188,384,110457
188,448,110490
188,512,110491
188,576,110488
188,640,110517
188,704,110506
188,768,110569
188,832,110551
188,896,110570
188,960,110693
188,1024,110684
188,1088,110684
188,1152,110669
188,1216,110691
188,1280,110710
188,1344,110697
188,1408,110711
188,1472,110714
188,1536,110757
188,1600,110749
188,1664,110873
188,1728,110914
188,1792,110937
188,1856,110963
188,1920,110951
188,1984,110951
188,2048,110990
189,0,2880
189,64,2874
189,128,3041
189,192,96031
189,256,115037
189,320,115050
189,384,115083
189,448,115096
189,512,115123
189,576,115107
189,640,115133
189,704,115117
189,768,115192
189,832,115204
189,896,115185
189,960,115312
189,1024,115304
189,1088,115339
189,1152,115344
189,1216,115334
189,1280,115341
189,1344,115351
189,1408,115335
189,1472,115333
189,1536,115369
189,1600,115367
189,1664,115381
189,1728,115516
189,1792,115554
189,1856,115574
189,1920,115581
189,1984,115583
189,2048,115588
190,0,2880
190,64,2874
190,128,3041
190,192,96031
190,256,115037
190,320,115050
190,384,115083
190,448,115096
190,512,115123
190,576,115107
190,640,115133
190,704,115117
190,768,115192
190,832,115204
190,896,115185
190,960,115312
190,1024,115304
190,1088,115339
190,1152,115344
190,1216,115334
190,1280,115341
190,1344,115351
190,1408,115335
190,1472,115333
190,1536,115369
190,1600,115367
190,1664,115381
190,1728,115516
190,1792,115554
190,1856,115574
190,1920,115581
190,1984,115583
190,2048,115588
191,0,2880
191,64,2874
191,128,3041
191,192,96031
191,256,115037
191,320,115050
191,384,115083
191,448,115096
191,512,115123
191,576,115107
191,640,115133
191,704,115117
191,768,115192
191,832,115204
191,896,115185
191,960,115312
191,1024,115304
191,1088,115339
191,1152,115344
191,1216,115334
191,1280,115341
191,1344,115351
191,1408,115335
191,1472,115333
191,1536,115369
191,1600,115367
191,1664,115381
191,1728,115516
191,1792,115554
191,1856,115574
191,1920,115581
191,1984,115583
191,2048,115588
192,0,2880
192,64,2874
192,128,3041
192,192,96031
192,256,115037
192,320,115050
192,384,115083
192,448,115096
192,512,115123
192,576,115107
192,640,115133
192,704,115117
192,768,115192
192,832,115204
192,896,115185
192,960,115312
192,1024,115304
192,1088,115339
192,1152,115344
192,1216,115334
192,1280,115341
192,1344,115351
192,1408,115335
192,1472,115333
192,1536,115369
192,1600,115367
192,1664,115381
192,1728,115516
192,1792,115554
192,1856,115574
192,1920,115581
192,1984,115583
192,2048,115588
193,0,2879
193,64,2873
193,128,3041
193,192,85831
193,256,115037
193,320,115050
193,384,115083
193,448,115096
193,512,115123
193,576,115107
193,640,115133
193,704,115117
193,768,115192
193,832,115204
193,896,115185
193,960,115312
193,1024,115304
193,1088,115339
193,1152,115344
193,1216,115334
193,1280,115341
193,1344,115351
193,1408,115335
193,1472,115333
193,1536,115369
193,1600,115367
193,1664,115381
193,1728,115516
193,1792,115554
193,1856,115574
193,1920,115581
193,1984,115583
193,2048,115588
194,0,2879
194,64,2873
194,128,3041
194,192,85831
194,256,115037
194,320,115050
194,384,115083
194,448,115096
194,512,115123
194,576,115107
194,640,115133
194,704,115117
194,768,115192
194,832,115204
194,896,115185
194,960,115312
194,1024,115304
194,1088,115339
194,1152,115344
194,1216,115334
194,1280,115341
194,1344,115351
194,1408,115335
194,1472,115333
194,1536,115369
194,1600,115367
194,1664,115381
194,1728,115516
194,1792,115554
194,1856,115574
194,1920,115581
194,1984,115583
194,2048,115588
195,0,2879
195,64,2873
195,128,3041
195,192,85831
195,256,115037
195,320,115050
195,384,115083
195,448,115096
195,512,115123
195,576,115107
195,640,115133
195,704,115117
195,768,115192
195,832,115204
195,896,115185
195,960,115312
195,1024,115304
195,1088,115339
195,1152,115344
195,1216,115334
195,1280,115341
195,1344,115351
195,1408,115335
195,1472,115333
195,1536,115369
195,1600,115367
195,1664,115381
195,1728,115516
195,1792,115554
195,1856,115574
195,1920,115581
195,1984,115583
195,2048,115588
196,0,2879
196,64,2873
196,128,3041
196,192,85831
196,256,115037
196,320,115050
196,384,115083
196,448,115096
196,512,115123
196,576,115107
196,640,115133
196,704,115117
196,768,115192
196,832,115204
196,896,115185
196,960,115312
196,1024,115304
196,1088,115339
196,1152,115344
196,1216,115334
196,1280,115341
196,1344,115351
196,1408,115335
196,1472,115333
196,1536,115369
196,1600,115367
196,1664,115381
196,1728,115516
196,1792,115554
196,1856,115574
196,1920,115581
196,1984,115583
196,2048,115588
197,0,2909
197,64,2909
197,128,2909
197,192,31588
197,256,119699
197,320,119742
197,384,119687
197,448,119760
197,512,119771
197,576,119710
197,640,119797
197,704,119799
197,768,119821
197,832,119838
197,896,119805
197,960,119850
197,1024,119969
197,1088,120002
197,1152,119991
197,1216,119997
197,1280,120017
197,1344,119997
197,1408,120007
197,1472,120006
197,1536,120023
197,1600,120029
197,1664,120029
197,1728,120013
197,1792,120046
197,1856,120178
197,1920,120242
197,1984,120246
197,2048,120276
198,0,2909
198,64,2909
198,128,2909
198,192,31588
198,256,119699
198,320,119742
198,384,119687
198,448,119760
198,512,119771
198,576,119710
198,640,119797
198,704,119799
198,768,119821
198,832,119838
198,896,119805
198,960,119850
198,1024,119969
198,1088,120002
198,1152,119991
198,1216,119997
198,1280,120017
198,1344,119997
198,1408,120007
198,1472,120006
198,1536,120023
198,1600,120029
198,1664,120029
198,1728,120013
198,1792,120046
198,1856,120178
198,1920,120242
198,1984,120246
198,2048,120276
199,0,2909
199,64,2909
199,128,2909
199,192,31588
199,256,119699
199,320,119742
199,384,119687
199,448,119760
199,512,119771
199,576,119710
199,640,119797
199,704,119799
199,768,119821
199,832,119838
199,896,119805
199,960,119850
199,1024,119969
199,1088,120002
199,1152,119991
199,1216,119997
199,1280,120017
199,1344,119997
199,1408,120007
199,1472,120006
199,1536,120023
199,1600,120029
199,1664,120029
199,1728,120013
199,1792,120046
199,1856,120178
199,1920,120242
199,1984,120246
199,2048,120276
200,0,2909
200,64,2909
200,128,2909
200,192,31588
200,256,119699
200,320,119742
200,384,119687
200,448,119760
200,512,119771
200,576,119710
200,640,119797
200,704,119799
200,768,119821
200,832,119838
200,896,119805
200,960,119850
200,1024,119969
200,1088,120002
200,1152,119991
200,1216,119997
200,1280,120017
200,1344,119997
200,1408,120007
200,1472,120006
200,1536,120023
200,1600,120029
200,1664,120029
200,1728,120013
200,1792,120046
200,1856,120178
200,1920,120242
200,1984,120246
200,2048,120276
201,0,2910
201,64,2911
201,128,2913
201,192,17644
201,256,119699
201,320,119742
201,384,119687
201,448,119760
201,512,119771
201,576,119710
201,640,119797
201,704,119799
201,768,119821
201,832,119838
201,896,119805
201,960,119850
201,1024,119969
201,1088,120002
201,1152,119991
201,1216,119997
201,1280,120017
201,1344,119997
201,1408,120007
201,1472,120006
201,1536,120023
201,1600,120029
201,1664,120029
201,1728,120013
201,1792,120046
201,1856,120178
201,1920,120242
201,1984,120246
201,2048,120276
202,0,2910
202,64,2911
202,128,2913
202,192,17644
202,256,119699
202,320,119742
202,384,119687
202,448,119760
202,512,119771
202,576,119710
202,640,119797
202,704,119799
202,768,119821
202,832,119838
202,896,119805
202,960,119850
202,1024,119969
202,1088,120002
202,1152,119991
202,1216,119997
202,1280,120017
202,1344,119997
202,1408,120007
202,1472,120006
202,1536,120023
202,1600,120029
202,1664,120029
202,1728,120013
202,1792,120046
202,1856,120178
202,1920,120242
202,1984,120246
202,2048,120276
203,0,2910
203,64,2911
203,128,2913
203,192,17644
203,256,119699
203,320,119742
203,384,119687
203,448,119760
203,512,119771
203,576,119710
203,640,119797
203,704,119799
203,768,119821
203,832,119838
203,896,119805
203,960,119850
203,1024,119969
203,1088,120002
203,1152,119991
203,1216,119997
203,1280,120017
203,1344,119997
203,1408,120007
203,1472,120006
203,1536,120023
203,1600,120029
203,1664,120029
203,1728,120013
203,1792,120046
203,1856,120178
203,1920,120242
203,1984,120246
203,2048,120276
204,0,2910
204,64,2911
204,128,2913
204,192,17644
204,256,119699
204,320,119742
204,384,119687
204,448,119760
204,512,119771
204,576,119710
204,640,119797
204,704,119799
204,768,119821
204,832,119838
204,896,119805
204,960,119850
204,1024,119969
204,1088,120002
204,1152,119991
204,1216,119997
204,1280,120017
204,1344,119997
204,1408,120007
204,1472,120006
204,1536,120023
204,1600,120029
204,1664,120029
204,1728,120013
204,1792,120046
204,1856,120178
204,1920,120242
204,1984,120246
204,2048,120276
205,0,2956
205,64,2956
205,128,2951
205,192,8802
205,256,124288
205,320,124304
205,384,124272
205,448,124345
205,512,124322
205,576,124305
205,640,124394
205,704,124362
205,768,124361
205,832,124415
205,896,124425
205,960,124405
205,1024,124393
205,1088,124530
205,1152,124552
205,1216,124590
205,1280,124598
205,1344,124627
205,1408,124642
205,1472,124606
205,1536,124645
205,1600,124643
205,1664,124636
205,1728,124617
205,1792,124614
205,1856,124652
205,1920,124797
205,1984,124847
205,2048,124900
206,0,2956
206,64,2956
206,128,2951
206,192,8802
206,256,124288
206,320,124304
206,384,124272
206,448,124345
206,512,124322
206,576,124305
206,640,124394
206,704,124362
206,768,124361
206,832,124415
206,896,124425
206,960,124405
206,1024,124393
206,1088,124530
206,1152,124552
206,1216,124590
206,1280,124598
206,1344,124627
206,1408,124642
206,1472,124606
206,1536,124645
206,1600,124643
206,1664,124636
206,1728,124617
206,1792,124614
206,1856,124652
206,1920,124797
206,1984,124847
206,2048,124900
207,0,2956
207,64,2956
207,128,2951
207,192,8802
207,256,124288
207,320,124304
207,384,124272
207,448,124345
207,512,124322
207,576,124305
207,640,124394
207,704,124362
207,768,124361
207,832,124415
207,896,124425
207,960,124405
207,1024,124393
207,1088,124530
207,1152,124552
207,1216,124590
207,1280,124598
207,1344,124627
207,1408,124642
207,1472,124606
207,1536,124645
207,1600,124643
207,1664,124636
207,1728,124617
207,1792,124614
207,1856,124652
207,1920,124797
207,1984,124847
207,2048,124900
208,0,2956
208,64,2956
208,128,2951
208,192,8802
208,256,124288
208,320,124304
208,384,124272
208,448,124345
208,512,124322
208,576,124305
208,640,124394
208,704,124362
208,768,124361
208,832,124415
208,896,124425
208,960,124405
208,1024,124393
208,1088,124530
208,1152,124552
208,1216,124590
208,1280,124598
208,1344,124627
208,1408,124642
208,1472,124606
208,1536,124645
208,1600,124643
208,1664,124636
208,1728,124617
208,1792,124614
208,1856,124652
208,1920,124797
208,1984,124847
208,2048,124900
209,0,2958
209,64,2958
209,128,2954
209,192,7346
209,256,124288
209,320,124304
209,384,124272
209,448,124345
209,512,124322
209,576,124305
209,640,124394
209,704,124362
209,768,124361
209,832,124415
209,896,124425
209,960,124405
209,1024,124393
209,1088,124530
209,1152,124552
209,1216,124590
209,1280,124598
209,1344,124627
209,1408,124642
209,1472,124606
209,1536,124645
209,1600,124643
209,1664,124636
209,1728,124617
209,1792,124614
209,1856,124652
209,1920,124797
209,1984,124847
209,2048,124900
210,0,2958
210,64,2958
210,128,2954
210,192,7346
210,256,124288
210,320,124304
210,384,124272
210,448,124345
210,512,124322
210,576,124305
210,640,124394
210,704,124362
210,768,124361
210,832,124415
210,896,124425
210,960,124405
210,1024,124393
210,1088,124530
210,1152,124552
210,1216,124590
210,1280,124598
210,1344,124627
210,1408,124642
210,1472,124606
210,1536,124645
210,1600,124643
210,1664,124636
210,1728,124617
210,1792,124614
210,1856,124652
210,1920,124797
210,1984,124847
210,2048,124900
211,0,2958
211,64,2958
211,128,2954
211,192,7346
211,256,124288
211,320,124304
211,384,124272
211,448,124345
211,512,124322
211,576,124305
211,640,124394
211,704,124362
211,768,124361
211,832,124415
211,896,124425
211,960,124405
211,1024,124393
211,1088,124530
211,1152,124552
211,1216,124590
211,1280,124598
211,1344,124627
211,1408,124642
211,1472,124606
211,1536,124645
211,1600,124643
211,1664,124636
211,1728,124617
211,1792,124614
211,1856,124652
211,1920,124797
211,1984,124847
211,2048,124900
212,0,2958
212,64,2958
212,128,2954
212,192,7346
212,256,124288
212,320,124304
212,384,124272
212,448,124345
212,512,124322
212,576,124305
212,640,124394
212,704,124362
212,768,124361
212,832,124415
212,896,124425
212,960,124405
212,1024,124393
212,1088,124530
212,1152,124552
212,1216,124590
212,1280,124598
212,1344,124627
212,1408,124642
212,1472,124606
212,1536,124645
212,1600,124643
212,1664,124636
212,1728,124617
212,1792,124614
212,1856,124652
212,1920,124797
212,1984,124847
212,2048,124900
213,0,2998
213,64,3005
213,128,2991
213,192,7495
213,256,128919
213,320,128913
213,384,128974
213,448,128933
213,512,128999
213,576,128924
213,640,128981
213,704,129033
213,768,129004
213,832,129072
213,896,129072
213,960,129051
213,1024,129029
213,1088,129179
213,1152,129236
213,1216,129210
213,1280,129253
213,1344,129256
213,1408,129268
213,1472,129255
213,1536,129257
213,1600,129243
213,1664,129261
213,1728,129232
213,1792,129234
213,1856,129193
213,1920,129274
213,1984,129441
213,2048,129478
214,0,2998
214,64,3005
214,128,2991
214,192,7495
214,256,128919
214,320,128913
214,384,128974
214,448,128933
214,512,128999
214,576,128924
214,640,128981
214,704,129033
214,768,129004
214,832,129072
214,896,129072
214,960,129051
214,1024,129029
214,1088,129179
214,1152,129236
214,1216,129210
214,1280,129253
214,1344,129256
214,1408,129268
214,1472,129255
214,1536,129257
214,1600,129243
214,1664,129261
214,1728,129232
214,1792,129234
214,1856,129193
214,1920,129274
214,1984,129441
214,2048,129478
215,0,2998
215,64,3005
215,128,2991
215,192,7495
215,256,128919
215,320,128913
215,384,128974
215,448,128933
215,512,128999
215,576,128924
215,640,128981
215,704,129033
215,768,129004
215,832,129072
215,896,129072
215,960,129051
215,1024,129029
215,1088,129179
215,1152,129236
215,1216,129210
215,1280,129253
215,1344,129256
215,1408,129268
215,1472,129255
215,1536,129257
215,1600,129243
215,1664,129261
215,1728,129232
215,1792,129234
215,1856,129193
215,1920,129274
215,1984,129441
215,2048,129478
216,0,2998
216,64,3005
216,128,2991
216,192,7495
216,256,128919
216,320,128913
216,384,128974
216,448,128933
216,512,128999
216,576,128924
216,640,128981
216,704,129033
216,768,129004
216,832,129072
216,896,129072
216,960,129051
216,1024,129029
216,1088,129179
216,1152,129236
216,1216,129210
216,1280,129253
216,1344,129256
216,1408,129268
216,1472,129255
216,1536,129257
216,1600,129243
216,1664,129261
216,1728,129232
216,1792,129234
216,1856,129193
216,1920,129274
216,1984,129441
216,2048,129478
217,0,2998
217,64,3005
217,128,2992
217,192,7184
217,256,128919
217,320,128913
217,384,128974
217,448,128933
217,512,128999
217,576,128924
217,640,128981
217,704,129033
217,768,129004
217,832,129072
217,896,129072
217,960,129051
217,1024,129029
217,1088,129179
217,1152,129236
217,1216,129210
217,1280,129253
217,1344,129256
217,1408,129268
217,1472,129255
217,1536,129257
217,1600,129243
217,1664,129261
217,1728,129232
217,1792,129234
217,1856,129193
217,1920,129274
217,1984,129441
217,2048,129478
218,0,2998
218,64,3005
218,128,2992
218,192,7184
218,256,128919
218,320,128913
218,384,128974
218,448,128933
218,512,128999
218,576,128924
218,640,128981
218,704,129033
218,768,129004
218,832,129072
218,896,129072
218,960,129051
218,1024,129029
218,1088,129179
218,1152,129236
218,1216,129210
218,1280,129253
218,1344,129256
218,1408,129268
218,1472,129255
218,1536,129257
218,1600,129243
218,1664,129261
218,1728,129232
218,1792,129234
218,1856,129193
218,1920,129274
218,1984,129441
218,2048,129478
219,0,2998
219,64,3005
219,128,2992
219,192,7184
219,256,128919
219,320,128913
219,384,128974
219,448,128933
219,512,128999
219,576,128924
219,640,128981
219,704,129033
219,768,129004
219,832,129072
219,896,129072
219,960,129051
219,1024,129029
219,1088,129179
219,1152,129236
219,1216,129210
219,1280,129253
219,1344,129256
219,1408,129268
219,1472,129255
219,1536,129257
219,1600,129243
219,1664,129261
219,1728,129232
219,1792,129234
219,1856,129193
219,1920,129274
219,1984,129441
219,2048,129478
220,0,2998
220,64,3005
220,128,2992
220,192,7184
220,256,128919
220,320,128913
220,384,128974
220,448,128933
220,512,128999
220,576,128924
220,640,128981
220,704,129033
220,768,129004
220,832,129072
220,896,129072
220,960,129051
220,1024,129029
220,1088,129179
220,1152,129236
220,1216,129210
220,1280,129253
220,1344,129256
220,1408,129268
220,1472,129255
220,1536,129257
220,1600,129243
220,1664,129261
220,1728,129232
220,1792,129234
220,1856,129193
220,1920,129274
220,1984,129441
220,2048,129478
221,0,2977
221,64,2977
221,128,2977
221,192,5858
221,256,133508
221,320,133492
221,384,133503
221,448,133495
221,512,133541
221,576,133549
221,640,133566
221,704,133554
221,768,133574
221,832,133663
221,896,133611
221,960,133590
221,1024,133640
221,1088,133661
221,1152,133778
221,1216,133817
221,1280,133831
221,1344,133823
221,1408,133866
221,1472,133878
221,1536,133845
221,1600,133859
221,1664,133857
221,1728,133860
221,1792,133818
221,1856,133775
221,1920,133851
221,1984,133872
221,2048,134014
222,0,2977
222,64,2977
222,128,2977
222,192,5858
222,256,133508
222,320,133492
222,384,133503
222,448,133495
222,512,133541
222,576,133549
222,640,133566
222,704,133554
222,768,133574
222,832,133663
222,896,133611
222,960,133590
222,1024,133640
222,1088,133661
222,1152,133778
222,1216,133817
222,1280,133831
222,1344,133823
222,1408,133866
222,1472,133878
222,1536,133845
222,1600,133859
222,1664,133857
222,1728,133860
222,1792,133818
222,1856,133775
222,1920,133851
222,1984,133872
222,2048,134014
223,0,2977
223,64,2977
223,128,2977
223,192,5858
223,256,133508
223,320,133492
223,384,133503
223,448,133495
223,512,133541
223,576,133549
223,640,133566
223,704,133554
223,768,133574
223,832,133663
223,896,133611
223,960,133590
223,1024,133640
223,1088,133661
223,1152,133778
223,1216,133817
223,1280,133831
223,1344,133823
223,1408,133866
223,1472,133878
223,1536,133845
223,1600,133859
223,1664,133857
223,1728,133860
223,1792,133818
223,1856,133775
223,1920,133851
223,1984,133872
223,2048,134014
224,0,2977
224,64,2977
224,128,2977
224,192,5858
224,256,133508
224,320,133492
224,384,133503
224,448,133495
224,512,133541
224,576,133549
224,640,133566
224,704,133554
224,768,133574
224,832,133663
224,896,133611
224,960,133590
224,1024,133640
224,1088,133661
224,1152,133778
224,1216,133817
224,1280,133831
224,1344,133823
224,1408,133866
224,1472,133878
224,1536,133845
224,1600,133859
224,1664,133857
224,1728,133860
224,1792,133818
224,1856,133775
224,1920,133851
224,1984,133872
224,2048,134014
225,0,2977
225,64,2977
225,128,2977
225,192,4852
225,256,133508
225,320,133492
225,384,133503
225,448,133495
225,512,133541
225,576,133549
225,640,133566
225,704,133554
225,768,133574
225,832,133663
225,896,133611
225,960,133590
225,1024,133640
225,1088,133661
225,1152,133778
225,1216,133817
225,1280,133831
225,1344,133823
225,1408,133866
225,1472,133878
225,1536,133845
225,1600,133859
225,1664,133857
225,1728,133860
225,1792,133818
225,1856,133775
225,1920,133851
225,1984,133872
225,2048,134014
226,0,2977
226,64,2977
226,128,2977
226,192,4852
226,256,133508
226,320,133492
226,384,133503
226,448,133495
226,512,133541
226,576,133549
226,640,133566
226,704,133554
226,768,133574
226,832,133663
226,896,133611
226,960,133590
226,1024,133640
226,1088,133661
226,1152,133778
226,1216,133817
226,1280,133831
226,1344,133823
226,1408,133866
226,1472,133878
226,1536,133845
226,1600,133859
226,1664,133857
226,1728,133860
226,1792,133818
226,1856,133775
226,1920,133851
226,1984,133872
226,2048,134014
227,0,2977
227,64,2977
227,128,2977
227,192,4852
227,256,133508
227,320,133492
227,384,133503
227,448,133495
227,512,133541
227,576,133549
227,640,133566
227,704,133554
227,768,133574
227,832,133663
227,896,133611
227,960,133590
227,1024,133640
227,1088,133661
227,1152,133778
227,1216,133817
227,1280,133831
227,1344,133823
227,1408,133866
227,1472,133878
227,1536,133845
227,1600,133859
227,1664,133857
227,1728,133860
227,1792,133818
227,1856,133775
227,1920,133851
227,1984,133872
227,2048,134014
228,0,2977
228,64,2977
228,128,2977
228,192,4852
228,256,133508
228,320,133492
228,384,133503
228,448,133495
228,512,133541
228,576,133549
228,640,133566
228,704,133554
228,768,133574
228,832,133663
228,896,133611
228,960,133590
228,1024,133640
228,1088,133661
228,1152,133778
228,1216,133817
228,1280,133831
228,1344,133823
228,1408,133866
228,1472,133878
228,1536,133845
228,1600,133859
228,1664,133857
228,1728,133860
228,1792,133818
228,1856,133775
228,1920,133851
228,1984,133872
228,2048,134014
229,0,2991
229,64,2991
229,128,2989
229,192,3485
229,256,137867
229,320,138028
229,384,137932
229,448,137857
229,512,138066
229,576,138090
229,640,138081
229,704,138130
229,768,138159
229,832,138208
229,896,138160
229,960,138196
229,1024,138207
229,1088,138237
229,1152,138263
229,1216,138335
229,1280,138367
229,1344,138394
229,1408,138312
229,1472,138310
229,1536,138386
229,1600,138354
229,1664,138326
229,1728,138323
229,1792,138340
229,1856,138329
229,1920,138335
229,1984,138353
229,2048,138353
230,0,2991
230,64,2991
230,128,2989
230,192,3485
230,256,137867
230,320,138028
230,384,137932
230,448,137857
230,512,138066
230,576,138090
230,640,138081
230,704,138130
230,768,138159
230,832,138208
230,896,138160
230,960,138196
230,1024,138207
230,1088,138237
230,1152,138263
230,1216,138335
230,1280,138367
230,1344,138394
230,1408,138312
230,1472,138310
230,1536,138386
230,1600,138354
230,1664,138326
230,1728,138323
230,1792,138340
230,1856,138329
230,1920,138335
230,1984,138353
230,2048,138353
231,0,2991
231,64,2991
231,128,2989
231,192,3485
231,256,137867
231,320,138028
231,384,137932
231,448,137857
231,512,138066
231,576,138090
231,640,138081
231,704,138130
231,768,138159
231,832,138208
231,896,138160
231,960,138196
231,1024,138207
231,1088,138237
231,1152,138263
231,1216,138335
231,1280,138367
231,1344,138394
231,1408,138312
231,1472,138310
231,1536,138386
231,1600,138354
231,1664,138326
231,1728,138323
231,1792,138340
231,1856,138329
231,1920,138335
231,1984,138353
231,2048,138353
232,0,2991
232,64,2991
232,128,2989
232,192,3485
232,256,137867
232,320,138028
232,384,137932
232,448,137857
232,512,138066
232,576,138090
232,640,138081
232,704,138130
232,768,138159
232,832,138208
232,896,138160
232,960,138196
232,1024,138207
232,1088,138237
232,1152,138263
232,1216,138335
232,1280,138367
232,1344,138394
232,1408,138312
232,1472,138310
232,1536,138386
232,1600,138354
232,1664,138326
232,1728,138323
232,1792,138340
232,1856,138329
232,1920,138335
232,1984,138353
232,2048,138353
233,0,2992
233,64,2993
233,128,2992
233,192,3151
233,256,137867
233,320,138028
233,384,137932
233,448,137857
233,512,138066
233,576,138090
233,640,138081
233,704,138130
233,768,138159
233,832,138208
233,896,138160
233,960,138196
233,1024,138207
233,1088,138237
233,1152,138263
233,1216,138335
233,1280,138367
233,1344,138394
233,1408,138312
233,1472,138310
233,1536,138386
233,1600,138354
233,1664,138326
233,1728,138323
233,1792,138340
233,1856,138329
233,1920,138335
233,1984,138353
233,2048,138353
234,0,2992
234,64,2993
234,128,2992
234,192,3151
234,256,137867
234,320,138028
234,384,137932
234,448,137857
234,512,138066
234,576,138090
234,640,138081
234,704,138130
234,768,138159
234,832,138208
234,896,138160
234,960,138196
234,1024,138207
234,1088,138237
234,1152,138263
234,1216,138335
234,1280,138367
234,1344,138394
234,1408,138312
234,1472,138310
234,1536,138386
234,1600,138354
234,1664,138326
234,1728,138323
234,1792,138340
234,1856,138329
234,1920,138335
234,1984,138353
234,2048,138353
235,0,2992
235,64,2993
235,128,2992
235,192,3151
235,256,137867
235,320,138028
235,384,137932
235,448,137857
235,512,138066
235,576,138090
235,640,138081
235,704,138130
235,768,138159
235,832,138208
235,896,138160
235,960,138196
235,1024,138207
235,1088,138237
235,1152,138263
235,1216,138335
235,1280,138367
235,1344,138394
235,1408,138312
235,1472,138310
235,1536,138386
235,1600,138354
235,1664,138326
235,1728,138323
235,1792,138340
235,1856,138329
235,1920,138335
235,1984,138353
235,2048,138353
236,0,2992
236,64,2993
236,128,2992
236,192,3151
236,256,137867
236,320,138028
236,384,137932
236,448,137857
236,512,138066
236,576,138090
236,640,138081
236,704,138130
236,768,138159
236,832,138208
236,896,138160
236,960,138196
236,1024,138207
236,1088,138237
236,1152,138263
236,1216,138335
236,1280,138367
236,1344,138394
236,1408,138312
236,1472,138310
236,1536,138386
236,1600,138354
236,1664,138326
236,1728,138323
236,1792,138340
236,1856,138329
236,1920,138335
236,1984,138353
236,2048,138353
237,0,3027
237,64,3028
237,128,3034
237,192,3180
237,256,142265
237,320,142394
237,384,142385
237,448,142220
237,512,142459
237,576,142581
237,640,142620
237,704,142588
237,768,142682
237,832,142704
237,896,142647
237,960,142642
237,1024,142577
237,1088,142512
237,1152,142674
237,1216,142805
237,1280,142766
237,1344,142736
237,1408,142772
237,1472,142806
237,1536,142764
237,1600,142775
237,1664,142788
237,1728,142832
237,1792,142809
237,1856,142849
237,1920,142846
237,1984,142846
237,2048,142846
238,0,3027
238,64,3028
238,128,3034
238,192,3180
238,256,142265
238,320,142394
238,384,142385
238,448,142220
238,512,142459
238,576,142581
238,640,142620
238,704,142588
238,768,142682
238,832,142704
238,896,142647
238,960,142642
238,1024,142577
238,1088,142512
238,1152,142674
238,1216,142805
238,1280,142766
238,1344,142736
238,1408,142772
238,1472,142806
238,1536,142764
238,1600,142775
238,1664,142788
238,1728,142832
238,1792,142809
238,1856,142849
238,1920,142846
238,1984,142846
238,2048,142846
239,0,3027
239,64,3028
239,128,3034
239,192,3180
239,256,142265
239,320,142394
239,384,142385
239,448,142220
239,512,142459
239,576,142581
239,640,142620
239,704,142588
239,768,142682
239,832,142704
239,896,142647
239,960,142642
239,1024,142577
239,1088,142512
239,1152,142674
239,1216,142805
239,1280,142766
239,1344,142736
239,1408,142772
239,1472,142806
239,1536,142764
239,1600,142775
239,1664,142788
239,1728,142832
239,1792,142809
239,1856,142849
239,1920,142846
239,1984,142846
239,2048,142846
240,0,3027
240,64,3028
240,128,3034
240,192,3180
240,256,142265
240,320,142394
240,384,142385
240,448,142220
240,512,142459
240,576,142581
240,640,142620
240,704,142588
240,768,142682
240,832,142704
240,896,142647
240,960,142642
240,1024,142577
240,1088,142512
240,1152,142674
240,1216,142805
240,1280,142766
240,1344,142736
240,1408,142772
240,1472,142806
240,1536,142764
240,1600,142775
240,1664,142788
240,1728,142832
240,1792,142809
240,1856,142849
240,1920,142846
240,1984,142846
240,2048,142846
241,0,3030
241,64,3031
241,128,3039
241,192,3019
241,256,142265
241,320,142394
241,384,142385
241,448,142220
241,512,142459
241,576,142581
241,640,142620
241,704,142588
241,768,142682
241,832,142704
241,896,142647
241,960,142642
241,1024,142577
241,1088,142512
241,1152,142674
241,1216,142805
241,1280,142766
241,1344,142736
241,1408,142772
241,1472,142806
241,1536,142764
241,1600,142775
241,1664,142788
241,1728,142832
241,1792,142809
241,1856,142849
241,1920,142846
241,1984,142846
241,2048,142846
242,0,3030
242,64,3031
242,128,3039
242,192,3019
242,256,142265
242,320,142394
242,384,142385
242,448,142220
242,512,142459
242,576,142581
242,640,142620
242,704,142588
242,768,142682
242,832,142704
242,896,142647
242,960,142642
242,1024,142577
242,1088,142512
242,1152,142674
242,1216,142805
242,1280,142766
242,1344,142736
242,1408,142772
242,1472,142806
242,1536,142764
242,1600,142775
242,1664,142788
242,1728,142832
242,1792,142809
242,1856,142849
242,1920,142846
242,1984,142846
242,2048,142846
243,0,3030
243,64,3031
243,128,3039
243,192,3019
243,256,142265
243,320,142394
243,384,142385
243,448,142220
243,512,142459
243,576,142581
243,640,142620
243,704,142588
243,768,142682
243,832,142704
243,896,142647
243,960,142642
243,1024,142577
243,1088,142512
243,1152,142674
243,1216,142805
243,1280,142766
243,1344,142736
243,1408,142772
243,1472,142806
243,1536,142764
243,1600,142775
243,1664,142788
243,1728,142832
243,1792,142809
243,1856,142849
243,1920,142846
243,1984,142846
243,2048,142846
244,0,3030
244,64,3031
244,128,3039
244,192,3019
244,256,142265
244,320,142394
244,384,142385
244,448,142220
244,512,142459
244,576,142581
244,640,142620
244,704,142588
244,768,142682
244,832,142704
244,896,142647
244,960,142642
244,1024,142577
244,1088,142512
244,1152,142674
244,1216,142805
244,1280,142766
244,1344,142736
244,1408,142772
244,1472,142806
244,1536,142764
244,1600,142775
244,1664,142788
244,1728,142832
244,1792,142809
244,1856,142849
244,1920,142846
244,1984,142846
244,2048,142846
245,0,3095
245,64,3097
245,128,3077
245,192,3069
245,256,146683
245,320,146896
245,384,146916
245,448,146661
245,512,146924
245,576,146978
245,640,146997
245,704,147023
245,768,146997
245,832,147050
245,896,147029
245,960,146979
245,1024,147048
245,1088,147124
245,1152,147031
245,1216,147063
245,1280,147083
245,1344,147165
245,1408,147184
245,1472,147123
245,1536,147152
245,1600,147125
245,1664,147185
245,1728,147228
245,1792,147198
245,1856,147179
245,1920,147179
245,1984,147179
245,2048,147179
246,0,3095
246,64,3097
246,128,3077
246,192,3069
246,256,146683
246,320,146896
246,384,146916
246,448,146661
246,512,146924
246,576,146978
246,640,146997
246,704,147023
246,768,146997
246,832,147050
246,896,147029
246,960,146979
246,1024,147048
246,1088,147124
246,1152,147031
246,1216,147063
246,1280,147083
246,1344,147165
246,1408,147184
246,1472,147123
246,1536,147152
246,1600,147125
246,1664,147185
246,1728,147228
246,1792,147198
246,1856,147179
246,1920,147179
246,1984,147179
246,2048,147179
247,0,3095
247,64,3097
247,128,3077
247,192,3069
247,256,146683
247,320,146896
247,384,146916
247,448,146661
247,512,146924
247,576,146978
247,640,146997
247,704,147023
247,768,146997
247,832,147050
247,896,147029
247,960,146979
247,1024,147048
247,1088,147124
247,1152,147031
247,1216,147063
247,1280,147083
247,1344,147165
247,1408,147184
247,1472,147123
247,1536,147152
247,1600,147125
247,1664,147185
247,1728,147228
247,1792,147198
247,1856,147179
247,1920,147179
247,1984,147179
247,2048,147179
248,0,3095
248,64,3097
248,128,3077
248,192,3069
248,256,146683
248,320,146896
248,384,146916
248,448,146661
248,512,146924
248,576,146978
248,640,146997
248,704,147023
248,768,146997
248,832,147050
248,896,147029
248,960,146979
248,1024,147048
248,1088,147124
248,1152,147031
248,1216,147063
248,1280,147083
248,1344,147165
248,1408,147184
248,1472,147123
248,1536,147152
248,1600,147125
248,1664,147185
248,1728,147228
248,1792,147198
248,1856,147179
248,1920,147179
248,1984,147179
248,2048,147179
249,0,3096
249,64,3098
249,128,3077
249,192,3074
249,256,146683
249,320,146896
249,384,146916
249,448,146661
249,512,146924
249,576,146978
249,640,146997
249,704,147023
249,768,146997
249,832,147050
249,896,147029
249,960,146979
249,1024,147048
249,1088,147124
249,1152,147031
249,1216,147063
249,1280,147083
249,1344,147165
249,1408,147184
249,1472,147123
249,1536,147152
249,1600,147125
249,1664,147185
249,1728,147228
249,1792,147198
249,1856,147179
249,1920,147179
249,1984,147179
249,2048,147179
250,0,3096
250,64,3098
250,128,3077
250,192,3074
250,256,146683
250,320,146896
250,384,146916
250,448,146661
250,512,146924
250,576,146978
250,640,146997
250,704,147023
250,768,146997
250,832,147050
250,896,147029
250,960,146979
250,1024,147048
250,1088,147124
250,1152,147031
250,1216,147063
250,1280,147083
250,1344,147165
250,1408,147184
250,1472,147123
250,1536,147152
250,1600,147125
250,1664,147185
250,1728,147228
250,1792,147198
250,1856,147179
250,1920,147179
250,1984,147179
250,2048,147179
251,0,3096
251,64,3098
251,128,3077
251,192,3074
251,256,146683
251,320,146896
251,384,146916
251,448,146661
251,512,146924
251,576,146978
251,640,146997
251,704,147023
251,768,146997
251,832,147050
251,896,147029
251,960,146979
251,1024,147048
251,1088,147124
251,1152,147031
251,1216,147063
251,1280,147083
251,1344,147165
251,1408,147184
251,1472,147123
251,1536,147152
251,1600,147125
251,1664,147185
251,1728,147228
251,1792,147198
251,1856,147179
251,1920,147179
251,1984,147179
251,2048,147179
252,0,3096
252,64,3098
252,128,3077
252,192,3074
252,256,146683
252,320,146896
252,384,146916
252,448,146661
252,512,146924
252,576,146978
252,640,146997
252,704,147023
252,768,146997
252,832,147050
252,896,147029
252,960,146979
252,1024,147048
252,1088,147124
252,1152,147031
252,1216,147063
252,1280,147083
252,1344,147165
252,1408,147184
252,1472,147123
252,1536,147152
252,1600,147125
252,1664,147185
252,1728,147228
252,1792,147198
252,1856,147179
252,1920,147179
252,1984,147179
252,2048,147179
253,0,3048
253,64,3054
253,128,3054
253,192,3053
253,256,150633
253,320,150140
253,384,150707
253,448,150529
253,512,150839
253,576,150892
253,640,150915
253,704,150921
253,768,150943
253,832,151003
253,896,150923
253,960,150981
253,1024,151042
253,1088,151019
253,1152,151012
253,1216,151048
253,1280,151153
253,1344,151202
253,1408,151180
253,1472,151169
253,1536,151173
253,1600,151213
253,1664,151220
253,1728,151165
253,1792,151177
253,1856,151177
253,1920,151177
253,1984,151177
253,2048,151177
254,0,3048
254,64,3054
254,128,3054
254,192,3053
254,256,150633
254,320,150140
254,384,150707
254,448,150529
254,512,150839
254,576,150892
254,640,150915
254,704,150921
254,768,150943
254,832,151003
254,896,150923
254,960,150981
254,1024,151042
254,1088,151019
254,1152,151012
254,1216,151048
254,1280,151153
254,1344,151202
254,1408,151180
254,1472,151169
254,1536,151173
254,1600,151213
254,1664,151220
254,1728,151165
254,1792,151177
254,1856,151177
254,1920,151177
254,1984,151177
254,2048,151177
255,0,3048
255,64,3054
255,128,3054
255,192,3053
255,256,150633
255,320,150140
255,384,150707
255,448,150529
255,512,150839
255,576,150892
255,640,150915
255,704,150921
255,768,150943
255,832,151003
255,896,150923
255,960,150981
255,1024,151042
255,1088,151019
255,1152,151012
255,1216,151048
255,1280,151153
255,1344,151202
255,1408,151180
255,1472,151169
255,1536,151173
255,1600,151213
255,1664,151220
255,1728,151165
255,1792,151177
255,1856,151177
255,1920,151177
255,1984,151177
255,2048,151177
256,0,3048
256,64,3054
256,128,3054
256,192,3053
256,256,150633
256,320,150140
256,384,150707
256,448,150529
256,512,150839
256,576,150892
256,640,150915
256,704,150921
256,768,150943
256,832,151003
256,896,150923
256,960,150981
256,1024,151042
256,1088,151019
256,1152,151012
256,1216,151048
256,1280,151153
256,1344,151202
256,1408,151180
256,1472,151169
256,1536,151173
256,1600,151213
256,1664,151220
256,1728,151165
256,1792,151177
256,1856,151177
256,1920,151177
256,1984,151177
256,2048,151177
