batch_size,kv_cache_size,prediction
1,0,5578
1,64,5607
1,128,7488
1,192,9205
1,256,10724
1,320,12277
1,384,13971
1,448,15705
1,512,17248
1,576,19164
1,640,20737
1,704,22467
1,768,23979
1,832,25698
1,896,27510
1,960,29264
1,1024,30934
1,1088,32224
1,1152,33969
1,1216,35541
1,1280,37279
1,1344,38840
1,1408,40613
1,1472,42131
1,1536,43732
1,1600,45630
1,1664,47343
1,1728,49097
1,1792,50801
1,1856,52601
1,1920,54228
1,1984,55871
1,2048,57533
2,0,5286
2,64,5325
2,128,5560
2,192,7285
2,256,7564
2,320,8843
2,384,9202
2,448,10617
2,512,10758
2,576,12320
2,640,12545
2,704,13972
2,768,14219
2,832,15706
2,896,15903
2,960,17409
2,1024,17528
2,1088,18795
2,1152,19232
2,1216,20398
2,1280,20889
2,1344,22171
2,1408,22671
2,1472,23825
2,1536,24289
2,1600,25520
2,1664,26093
2,1728,27188
2,1792,27761
2,1856,28754
2,1920,29307
2,1984,30538
2,2048,31060
3,0,5342
3,64,5374
3,128,5433
3,192,5923
3,256,7378
3,320,7521
3,384,7694
3,448,9049
3,512,9047
3,576,9388
3,640,10630
3,704,10791
3,768,10904
3,832,12408
3,896,12451
3,960,12625
3,1024,14124
3,1088,14217
3,1152,14308
3,1216,15385
3,1280,15632
3,1344,16161
3,1408,17137
3,1472,17360
3,1536,17537
3,1600,18819
3,1664,19226
3,1728,19490
3,1792,20458
3,1856,20849
3,1920,20848
3,1984,22246
3,2048,22546
4,0,5418
4,64,5452
4,128,5516
4,192,5571
4,256,6096
4,320,7381
4,384,7538
4,448,7699
4,512,7873
4,576,9194
4,640,9257
4,704,9367
4,768,9560
4,832,10909
4,896,10925
4,960,10998
4,1024,11212
4,1088,12366
4,1152,12652
4,1216,12953
4,1280,13130
4,1344,14256
4,1408,14604
4,1472,14611
4,1536,14660
4,1600,15943
4,1664,16222
4,1728,16327
4,1792,16646
4,1856,17558
4,1920,17850
4,1984,18216
4,2048,18126
5,0,6990
5,64,6991
5,128,7126
5,192,7132
5,256,7105
5,320,7281
5,384,9210
5,448,9684
5,512,9680
5,576,9879
5,640,10031
5,704,12204
5,768,12256
5,832,12507
5,896,12525
5,960,12722
5,1024,15110
5,1088,15104
5,1152,15096
5,1216,15229
5,1280,15367
5,1344,17275
5,1408,17757
5,1472,17795
5,1536,17775
5,1600,18442
5,1664,20067
5,1728,20547
5,1792,20686
5,1856,20843
5,1920,21060
5,1984,22761
5,2048,23126
6,0,7009
6,64,7010
6,128,7135
6,192,7158
6,256,7099
6,320,7042
6,384,7534
6,448,9575
6,512,9709
6,576,9852
6,640,9903
6,704,10007
6,768,10282
6,832,12376
6,896,12401
6,960,12592
6,1024,12722
6,1088,12857
6,1152,13051
6,1216,14672
6,1280,15012
6,1344,15476
6,1408,15487
6,1472,15537
6,1536,15729
6,1600,17518
6,1664,18041
6,1728,18186
6,1792,18253
6,1856,18412
6,1920,18593
6,1984,20465
6,2048,20804
7,0,7044
7,64,7058
7,128,7161
7,192,7190
7,256,7180
7,320,7133
7,384,7143
7,448,7690
7,512,9445
7,576,9843
7,640,9904
7,704,9981
7,768,10018
7,832,10099
7,896,10401
7,960,12323
7,1024,12536
7,1088,12624
7,1152,12663
7,1216,12915
7,1280,13019
7,1344,13665
7,1408,14743
7,1472,15231
7,1536,15253
7,1600,15441
7,1664,15478
7,1728,15581
7,1792,15912
7,1856,17327
7,1920,17804
7,1984,17980
7,2048,17913
8,0,7069
8,64,7075
8,128,7198
8,192,7209
8,256,7245
8,320,7228
8,384,7245
8,448,7289
8,512,7658
8,576,9769
8,640,9936
8,704,9970
8,768,10005
8,832,10025
8,896,10002
8,960,10125
8,1024,10259
8,1088,12101
8,1152,12550
8,1216,12707
8,1280,12767
8,1344,13047
8,1408,13039
8,1472,13216
8,1536,13388
8,1600,14939
8,1664,15274
8,1728,15383
8,1792,15449
8,1856,15674
8,1920,15716
8,1984,15898
8,2048,16188
9,0,10401
9,64,10426
9,128,10548
9,192,10548
9,256,10965
9,320,11417
9,384,11327
9,448,11467
9,512,11271
9,576,11404
9,640,14336
9,704,14674
9,768,14739
9,832,14913
9,896,14809
9,960,14912
9,1024,14934
9,1088,15281
9,1152,15592
9,1216,18083
9,1280,18428
9,1344,19170
9,1408,19049
9,1472,19279
9,1536,19258
9,1600,19211
9,1664,19314
9,1728,19837
9,1792,22035
9,1856,22828
9,1920,22915
9,1984,23184
9,2048,23294
10,0,11460
10,64,11500
10,128,11693
10,192,11811
10,256,11797
10,320,11820
10,384,11893
10,448,11948
10,512,11940
10,576,11996
10,640,12687
10,704,14730
10,768,14907
10,832,15091
10,896,15120
10,960,15137
10,1024,15124
10,1088,15191
10,1152,15254
10,1216,16005
10,1280,16304
10,1344,19083
10,1408,19094
10,1472,19417
10,1536,19415
10,1600,19339
10,1664,19388
10,1728,19610
10,1792,19894
10,1856,20136
10,1920,20536
10,1984,22827
10,2048,23319
11,0,11923
11,64,11948
11,128,12045
11,192,12037
11,256,12010
11,320,11999
11,384,12070
11,448,12129
11,512,12137
11,576,12236
11,640,12273
11,704,12967
11,768,14801
11,832,15265
11,896,15265
11,960,15286
11,1024,15398
11,1088,16434
11,1152,16662
11,1216,16852
11,1280,16822
11,1344,17459
11,1408,17462
11,1472,19060
11,1536,19292
11,1600,19424
11,1664,19515
11,1728,19737
11,1792,19738
11,1856,19809
11,1920,19799
11,1984,20110
11,2048,20400
12,0,11969
12,64,12000
12,128,12121
12,192,12124
12,256,12099
12,320,12051
12,384,12170
12,448,12224
12,512,12255
12,576,12306
12,640,12269
12,704,12473
12,768,13235
12,832,16460
12,896,16933
12,960,17035
12,1024,17158
12,1088,17203
12,1152,17181
12,1216,17305
12,1280,17383
12,1344,17434
12,1408,17325
12,1472,17658
12,1536,17860
12,1600,19297
12,1664,19468
12,1728,19865
12,1792,19978
12,1856,20344
12,1920,21598
12,1984,22297
12,2048,22326
13,0,11983
13,64,12019
13,128,12146
13,192,12130
13,256,12129
13,320,12069
13,384,12185
13,448,12247
13,512,12291
13,576,12329
13,640,12316
13,704,12427
13,768,12551
13,832,13242
13,896,16754
13,960,17155
13,1024,17262
13,1088,17322
13,1152,17291
13,1216,17388
13,1280,17508
13,1344,17563
13,1408,17569
13,1472,17605
13,1536,17615
13,1600,18054
13,1664,18277
13,1728,21343
13,1792,22165
13,1856,22600
13,1920,22645
13,1984,22815
13,2048,22896
14,0,12003
14,64,12031
14,128,12185
14,192,12181
14,256,12167
14,320,12097
14,384,12202
14,448,12257
14,512,12309
14,576,12343
14,640,12323
14,704,12441
14,768,12502
14,832,12497
14,896,13584
14,960,16811
14,1024,17315
14,1088,17401
14,1152,17369
14,1216,17442
14,1280,17540
14,1344,17623
14,1408,17644
14,1472,17688
14,1536,17663
14,1600,17839
14,1664,17790
14,1728,18234
14,1792,18766
14,1856,21896
14,1920,22439
14,1984,22876
14,2048,22993
15,0,12205
15,64,12205
15,128,12307
15,192,12269
15,256,12279
15,320,12315
15,384,12323
15,448,12375
15,512,12429
15,576,12471
15,640,12550
15,704,12580
15,768,12676
15,832,12642
15,896,12738
15,960,13724
15,1024,17286
15,1088,17472
15,1152,17492
15,1216,17593
15,1280,17676
15,1344,17765
15,1408,17811
15,1472,17852
15,1536,17838
15,1600,18027
15,1664,17923
15,1728,18019
15,1792,17932
15,1856,18281
15,1920,18807
15,1984,22177
15,2048,22874
16,0,12373
16,64,12387
16,128,12475
16,192,12467
16,256,12471
16,320,12469
16,384,12520
16,448,12541
16,512,12600
16,576,12649
16,640,12707
16,704,12746
16,768,12828
16,832,12810
16,896,12838
16,960,12868
16,1024,13352
16,1088,16704
16,1152,17351
16,1216,17669
16,1280,17790
16,1344,17923
16,1408,17965
16,1472,17994
16,1536,17967
16,1600,18168
16,1664,18071
16,1728,18193
16,1792,18103
16,1856,18267
16,1920,18351
16,1984,18791
16,2048,19753
17,0,15276
17,64,15316
17,128,15416
17,192,15388
17,256,15352
17,320,15336
17,384,15353
17,448,15381
17,512,15375
17,576,15422
17,640,15512
17,704,15534
17,768,15563
17,832,15592
17,896,15483
17,960,15501
17,1024,15498
17,1088,16364
17,1152,20058
17,1216,21558
17,1280,21817
17,1344,21921
17,1408,21958
17,1472,21967
17,1536,22019
17,1600,22064
17,1664,22012
17,1728,22059
17,1792,22049
17,1856,22141
17,1920,22153
17,1984,22178
17,2048,22141
18,0,16274
18,64,16308
18,128,16471
18,192,16492
18,256,16501
18,320,16453
18,384,16482
18,448,16497
18,512,16536
18,576,16636
18,640,16739
18,704,16750
18,768,16805
18,832,16835
18,896,16866
18,960,16839
18,1024,16803
18,1088,16821
18,1152,17360
18,1216,20810
18,1280,21876
18,1344,22085
18,1408,22181
18,1472,22238
18,1536,22295
18,1600,22346
18,1664,22227
18,1728,22299
18,1792,22449
18,1856,22512
18,1920,22510
18,1984,22547
18,2048,22540
19,0,16774
19,64,16761
19,128,16857
19,192,16845
19,256,16837
19,320,16843
19,384,16833
19,448,16843
19,512,16908
19,576,17009
19,640,17015
19,704,17056
19,768,17077
19,832,17135
19,896,17174
19,960,17199
19,1024,17141
19,1088,17201
19,1152,17143
19,1216,18501
19,1280,21345
19,1344,22237
19,1408,22336
19,1472,22376
19,1536,22403
19,1600,22495
19,1664,22512
19,1728,22465
19,1792,22570
19,1856,22618
19,1920,22623
19,1984,22648
19,2048,22679
20,0,16940
20,64,16959
20,128,17099
20,192,17035
20,256,17000
20,320,17007
20,384,17021
20,448,17022
20,512,17046
20,576,17132
20,640,17155
20,704,17201
20,768,17284
20,832,17288
20,896,17351
20,960,17367
20,1024,17321
20,1088,17337
20,1152,17393
20,1216,17633
20,1280,18513
20,1344,21417
20,1408,22528
20,1472,22561
20,1536,22574
20,1600,22567
20,1664,22589
20,1728,22588
20,1792,22659
20,1856,22730
20,1920,22756
20,1984,22817
20,2048,22816
21,0,17109
21,64,17121
21,128,17236
21,192,17223
21,256,17158
21,320,17158
21,384,17153
21,448,17196
21,512,17229
21,576,17295
21,640,17319
21,704,17339
21,768,17409
21,832,17443
21,896,17512
21,960,17544
21,1024,17458
21,1088,17497
21,1152,17568
21,1216,17657
21,1280,17792
21,1344,19088
21,1408,22849
21,1472,24306
21,1536,24521
21,1600,24585
21,1664,24682
21,1728,24684
21,1792,24777
21,1856,24807
21,1920,24823
21,1984,24873
21,2048,24899
22,0,17200
22,64,17192
22,128,17348
22,192,17299
22,256,17293
22,320,17265
22,384,17261
22,448,17314
22,512,17333
22,576,17416
22,640,17463
22,704,17439
22,768,17551
22,832,17558
22,896,17626
22,960,17660
22,1024,17598
22,1088,17675
22,1152,17724
22,1216,17758
22,1280,17678
22,1344,17967
22,1408,19369
22,1472,23287
22,1536,24726
22,1600,24812
22,1664,24895
22,1728,24888
22,1792,25000
22,1856,25017
22,1920,25020
22,1984,25086
22,2048,25140
23,0,17241
23,64,17226
23,128,17391
23,192,17333
23,256,17304
23,320,17253
23,384,17278
23,448,17338
23,512,17372
23,576,17436
23,640,17463
23,704,17450
23,768,17593
23,832,17584
23,896,17669
23,960,17705
23,1024,17633
23,1088,17693
23,1152,17761
23,1216,17804
23,1280,17726
23,1344,17818
23,1408,17887
23,1472,19336
23,1536,23650
23,1600,24698
23,1664,24969
23,1728,24971
23,1792,25066
23,1856,25080
23,1920,25085
23,1984,25135
23,2048,25179
24,0,17442
24,64,17468
24,128,17508
24,192,17540
24,256,17500
24,320,17435
24,384,17500
24,448,17533
24,512,17558
24,576,17646
24,640,17667
24,704,17693
24,768,17762
24,832,17733
24,896,17836
24,960,17885
24,1024,17825
24,1088,17870
24,1152,17932
24,1216,17978
24,1280,17913
24,1344,17980
24,1408,17949
24,1472,18207
24,1536,19986
24,1600,23946
24,1664,25011
24,1728,25109
24,1792,25245
24,1856,25252
24,1920,25239
24,1984,25237
24,2048,25346
25,0,19966
25,64,19906
25,128,19917
25,192,19890
25,256,19869
25,320,19770
25,384,19824
25,448,19840
25,512,19854
25,576,19926
25,640,19936
25,704,19921
25,768,20000
25,832,19988
25,896,20082
25,960,20067
25,1024,20028
25,1088,20034
25,1152,20155
25,1216,20139
25,1280,20111
25,1344,20146
25,1408,20161
25,1472,20246
25,1536,20500
25,1600,21608
25,1664,26680
25,1728,28406
25,1792,28740
25,1856,28788
25,1920,28938
25,1984,28989
25,2048,29018
26,0,20491
26,64,20734
26,128,20570
26,192,20333
26,256,20273
26,320,20159
26,384,20252
26,448,20249
26,512,20325
26,576,20478
26,640,20437
26,704,20426
26,768,20526
26,832,20539
26,896,20732
26,960,20624
26,1024,20797
26,1088,20657
26,1152,20655
26,1216,20657
26,1280,20577
26,1344,20616
26,1408,20589
26,1472,20567
26,1536,20569
26,1600,20853
26,1664,22662
26,1728,27248
26,1792,28807
26,1856,29134
26,1920,29227
26,1984,29273
26,2048,29304
27,0,21248
27,64,21360
27,128,21378
27,192,21386
27,256,21338
27,320,21210
27,384,21277
27,448,21321
27,512,21352
27,576,21384
27,640,21383
27,704,21361
27,768,21446
27,832,21463
27,896,21487
27,960,21536
27,1024,21558
27,1088,21589
27,1152,21662
27,1216,21674
27,1280,21719
27,1344,21686
27,1408,21600
27,1472,21574
27,1536,21606
27,1600,21684
27,1664,21806
27,1728,23294
27,1792,27956
27,1856,29173
27,1920,29388
27,1984,29430
27,2048,29437
28,0,21407
28,64,21576
28,128,21591
28,192,21576
28,256,21550
28,320,21441
28,384,21506
28,448,21529
28,512,21540
28,576,21637
28,640,21605
28,704,21609
28,768,21668
28,832,21862
28,896,21722
28,960,21803
28,1024,21737
28,1088,21786
28,1152,21868
28,1216,21895
28,1280,21954
28,1344,21986
28,1408,21906
28,1472,21883
28,1536,21934
28,1600,22011
28,1664,21989
28,1728,22368
28,1792,24046
28,1856,27985
28,1920,29440
28,1984,29608
28,2048,29593
29,0,21571
29,64,21769
29,128,21792
29,192,21753
29,256,21725
29,320,21631
29,384,21667
29,448,21733
29,512,21740
29,576,21798
29,640,21806
29,704,21795
29,768,21867
29,832,22024
29,896,21916
29,960,21987
29,1024,21986
29,1088,22029
29,1152,22071
29,1216,22111
29,1280,22164
29,1344,22220
29,1408,22182
29,1472,22139
29,1536,22151
29,1600,22222
29,1664,22216
29,1728,22369
29,1792,22544
29,1856,23933
29,1920,29232
29,1984,31466
29,2048,31780
30,0,21783
30,64,21968
30,128,22009
30,192,21983
30,256,21911
30,320,21856
30,384,21875
30,448,21935
30,512,21974
30,576,22060
30,640,22072
30,704,22023
30,768,22122
30,832,22262
30,896,22140
30,960,22204
30,1024,22173
30,1088,22226
30,1152,22288
30,1216,22308
30,1280,22373
30,1344,22416
30,1408,22384
30,1472,22388
30,1536,22376
30,1600,22414
30,1664,22431
30,1728,22481
30,1792,22475
30,1856,22780
30,1920,24795
30,1984,30400
30,2048,32044
31,0,21542
31,64,22151
31,128,22199
31,192,22198
31,256,22135
31,320,22039
31,384,22055
31,448,22141
31,512,22135
31,576,22214
31,640,22212
31,704,22202
31,768,22275
31,832,22450
31,896,22313
31,960,22342
31,1024,22365
31,1088,22460
31,1152,22471
31,1216,22494
31,1280,22563
31,1344,22582
31,1408,22549
31,1472,22571
31,1536,22553
31,1600,22566
31,1664,22542
31,1728,22593
31,1792,22612
31,1856,22699
31,1920,23229
31,1984,25383
31,2048,30884
32,0,19922
32,64,22396
32,128,22406
32,192,22417
32,256,22316
32,320,22271
32,384,22282
32,448,22326
32,512,22383
32,576,22464
32,640,22436
32,704,22433
32,768,22487
32,832,22674
32,896,22532
32,960,22581
32,1024,22537
32,1088,22615
32,1152,22676
32,1216,22707
32,1280,22751
32,1344,22803
32,1408,22773
32,1472,22794
32,1536,22769
32,1600,22840
32,1664,22811
32,1728,22859
32,1792,22843
32,1856,22888
32,1920,22978
32,1984,23173
32,2048,25361
33,0,7700
33,64,22631
33,128,22678
33,192,22725
33,256,22642
33,320,22533
33,384,22565
33,448,22619
33,512,22706
33,576,22792
33,640,22790
33,704,22794
33,768,22848
33,832,22999
33,896,22876
33,960,22916
33,1024,22905
33,1088,22972
33,1152,23025
33,1216,23064
33,1280,23099
33,1344,23146
33,1408,23159
33,1472,23170
33,1536,23193
33,1600,23226
33,1664,23202
33,1728,23220
33,1792,23255
33,1856,23292
33,1920,23380
33,1984,23439
33,2048,23867
34,0,2943
34,64,24792
34,128,24871
34,192,24849
34,256,24770
34,320,24657
34,384,24674
34,448,24748
34,512,24791
34,576,24827
34,640,24823
34,704,24821
34,768,24865
34,832,25012
34,896,24899
34,960,24894
34,1024,24906
34,1088,24946
34,1152,25010
34,1216,25067
34,1280,25120
34,1344,25140
34,1408,25127
34,1472,25116
34,1536,25135
34,1600,25142
34,1664,25148
34,1728,25115
34,1792,25162
34,1856,25189
34,1920,25235
34,1984,25241
34,2048,25220
35,0,2605
35,64,25884
35,128,25929
35,192,25854
35,256,25791
35,320,25671
35,384,25708
35,448,25726
35,512,25745
35,576,25838
35,640,25826
35,704,25796
35,768,25873
35,832,26041
35,896,25842
35,960,25878
35,1024,25846
35,1088,25940
35,1152,25941
35,1216,25978
35,1280,25949
35,1344,26002
35,1408,26055
35,1472,26053
35,1536,26052
35,1600,26082
35,1664,26092
35,1728,26083
35,1792,26007
35,1856,25864
35,1920,25805
35,1984,26084
35,2048,26098
36,0,2608
36,64,26150
36,128,26186
36,192,26192
36,256,26093
36,320,25960
36,384,25989
36,448,26011
36,512,26082
36,576,26161
36,640,26168
36,704,26147
36,768,26248
36,832,26352
36,896,26180
36,960,26219
36,1024,26237
36,1088,26342
36,1152,26345
36,1216,26369
36,1280,26358
36,1344,26412
36,1408,26410
36,1472,26431
36,1536,26470
36,1600,26464
36,1664,26502
36,1728,26487
36,1792,26518
36,1856,26559
36,1920,26625
36,1984,26637
36,2048,26583
37,0,2619
37,64,26341
37,128,26392
37,192,26375
37,256,26293
37,320,26156
37,384,26185
37,448,26223
37,512,26248
37,576,26360
37,640,26390
37,704,26382
37,768,26491
37,832,26620
37,896,26462
37,960,26508
37,1024,26489
37,1088,26597
37,1152,26600
37,1216,26596
37,1280,26623
37,1344,26673
37,1408,26673
37,1472,26706
37,1536,26740
37,1600,26727
37,1664,26745
37,1728,26761
37,1792,26801
37,1856,26828
37,1920,26840
37,1984,26929
37,2048,26920
38,0,2621
38,64,26549
38,128,26609
38,192,26576
38,256,26487
38,320,26322
38,384,26358
38,448,26397
38,512,26427
38,576,26538
38,640,26528
38,704,26551
38,768,26631
38,832,26807
38,896,26616
38,960,26640
38,1024,26633
38,1088,26699
38,1152,26719
38,1216,26749
38,1280,26780
38,1344,26832
38,1408,26825
38,1472,26842
38,1536,26872
38,1600,26884
38,1664,26932
38,1728,26959
38,1792,26992
38,1856,27005
38,1920,26997
38,1984,27079
38,2048,27079
39,0,2615
39,64,26719
39,128,26757
39,192,26750
39,256,26648
39,320,26509
39,384,26856
39,448,26588
39,512,26667
39,576,26701
39,640,26709
39,704,26726
39,768,26813
39,832,26973
39,896,26780
39,960,26796
39,1024,26819
39,1088,26902
39,1152,26919
39,1216,26951
39,1280,26926
39,1344,27024
39,1408,27000
39,1472,27032
39,1536,27086
39,1600,27102
39,1664,27141
39,1728,27125
39,1792,27181
39,1856,27198
39,1920,27219
39,1984,27259
39,2048,27223
40,0,2622
40,64,27005
40,128,27053
40,192,27064
40,256,26963
40,320,26843
40,384,27168
40,448,26885
40,512,26884
40,576,27021
40,640,27021
40,704,27040
40,768,27171
40,832,27260
40,896,27096
40,960,27100
40,1024,27131
40,1088,27203
40,1152,27212
40,1216,27236
40,1280,27231
40,1344,27310
40,1408,27313
40,1472,27310
40,1536,27370
40,1600,27374
40,1664,27428
40,1728,27437
40,1792,27488
40,1856,27492
40,1920,27489
40,1984,27501
40,2048,27553
41,0,2634
41,64,27382
41,128,27439
41,192,27424
41,256,27367
41,320,27183
41,384,27521
41,448,27249
41,512,27310
41,576,27442
41,640,27428
41,704,27408
41,768,27538
41,832,27690
41,896,27493
41,960,27529
41,1024,27463
41,1088,27564
41,1152,27607
41,1216,27635
41,1280,27649
41,1344,27680
41,1408,27684
41,1472,27705
41,1536,27743
41,1600,27728
41,1664,27776
41,1728,27879
41,1792,27886
41,1856,27891
41,1920,27874
41,1984,27902
41,2048,27986
42,0,2629
42,64,29403
42,128,29435
42,192,29449
42,256,29361
42,320,29207
42,384,29591
42,448,29271
42,512,29298
42,576,29412
42,640,29405
42,704,29367
42,768,29486
42,832,29632
42,896,29454
42,960,29467
42,1024,29461
42,1088,29530
42,1152,29529
42,1216,29541
42,1280,29614
42,1344,29611
42,1408,29623
42,1472,29630
42,1536,29631
42,1600,29639
42,1664,29685
42,1728,29775
42,1792,29743
42,1856,29733
42,1920,29758
42,1984,29754
42,2048,29775
43,0,2638
43,64,30432
43,128,30448
43,192,30482
43,256,30345
43,320,30170
43,384,30561
43,448,30238
43,512,30303
43,576,30346
43,640,30315
43,704,30289
43,768,30190
43,832,30563
43,896,30331
43,960,30066
43,1024,30085
43,1088,29923
43,1152,30055
43,1216,30145
43,1280,30012
43,1344,30148
43,1408,30325
43,1472,30328
43,1536,30227
43,1600,30337
43,1664,30189
43,1728,30365
43,1792,30558
43,1856,30576
43,1920,30289
43,1984,30405
43,2048,30233
44,0,2651
44,64,30771
44,128,30800
44,192,30834
44,256,30733
44,320,30565
44,384,30902
44,448,30624
44,512,30665
44,576,30775
44,640,30793
44,704,30746
44,768,30832
44,832,30978
44,896,30806
44,960,30821
44,1024,30768
44,1088,30808
44,1152,30872
44,1216,30915
44,1280,30956
44,1344,30984
44,1408,31021
44,1472,31002
44,1536,30973
44,1600,31033
44,1664,31051
44,1728,31117
44,1792,31114
44,1856,31114
44,1920,31102
44,1984,31132
44,2048,31175
45,0,2666
45,64,30984
45,128,30991
45,192,31067
45,256,30955
45,320,30797
45,384,31108
45,448,30867
45,512,30895
45,576,30995
45,640,31008
45,704,31001
45,768,31103
45,832,31265
45,896,31077
45,960,31101
45,1024,31075
45,1088,31103
45,1152,31173
45,1216,31214
45,1280,31200
45,1344,31260
45,1408,31314
45,1472,31270
45,1536,31290
45,1600,31372
45,1664,31364
45,1728,31425
45,1792,31414
45,1856,31448
45,1920,31437
45,1984,31434
45,2048,31489
46,0,2669
46,64,31181
46,128,31209
46,192,31230
46,256,31140
46,320,30914
46,384,31201
46,448,31010
46,512,31059
46,576,31115
46,640,31159
46,704,31142
46,768,31235
46,832,31399
46,896,31206
46,960,31235
46,1024,31218
46,1088,31251
46,1152,31307
46,1216,31326
46,1280,31319
46,1344,31425
46,1408,31461
46,1472,31459
46,1536,31480
46,1600,31521
46,1664,31493
46,1728,31573
46,1792,31564
46,1856,31556
46,1920,31597
46,1984,31599
46,2048,31602
47,0,2660
47,64,31326
47,128,31314
47,192,31364
47,256,31312
47,320,31106
47,384,31295
47,448,31188
47,512,31220
47,576,31275
47,640,31305
47,704,31289
47,768,31380
47,832,31579
47,896,31406
47,960,31411
47,1024,31370
47,1088,31428
47,1152,31460
47,1216,31528
47,1280,31524
47,1344,31530
47,1408,31590
47,1472,31647
47,1536,31598
47,1600,31698
47,1664,31696
47,1728,31731
47,1792,31762
47,1856,31727
47,1920,31739
47,1984,31806
47,2048,31804
48,0,2658
48,64,31605
48,128,31631
48,192,31654
48,256,31575
48,320,31400
48,384,31541
48,448,31414
48,512,31432
48,576,31530
48,640,31569
48,704,31534
48,768,31653
48,832,31867
48,896,31687
48,960,31683
48,1024,31633
48,1088,31666
48,1152,31716
48,1216,31826
48,1280,31820
48,1344,31794
48,1408,31857
48,1472,31897
48,1536,31906
48,1600,31942
48,1664,31903
48,1728,31915
48,1792,31992
48,1856,31982
48,1920,31996
48,1984,32077
48,2048,32067
49,0,2669
49,64,31930
49,128,31957
49,192,32010
49,256,31942
49,320,31696
49,384,31892
49,448,31793
49,512,31812
49,576,31919
49,640,31942
49,704,31974
49,768,32038
49,832,32209
49,896,32068
49,960,32073
49,1024,32057
49,1088,32051
49,1152,32106
49,1216,32123
49,1280,32126
49,1344,32139
49,1408,32208
49,1472,32251
49,1536,32280
49,1600,32316
49,1664,32380
49,1728,32354
49,1792,32388
49,1856,32372
49,1920,32409
49,1984,32478
49,2048,32479
50,0,2681
50,64,33946
50,128,33946
50,192,33983
50,256,33940
50,320,33725
50,384,33933
50,448,33780
50,512,33809
50,576,33883
50,640,33885
50,704,33954
50,768,34008
50,832,34205
50,896,34046
50,960,33997
50,1024,33992
50,1088,34028
50,1152,34047
50,1216,34082
50,1280,34088
50,1344,34131
50,1408,34165
50,1472,34196
50,1536,34206
50,1600,34197
50,1664,34263
50,1728,34247
50,1792,34263
50,1856,34274
50,1920,34289
50,1984,34338
50,2048,34277
51,0,2675
51,64,34930
51,128,34968
51,192,34832
51,256,34525
51,320,34214
51,384,34346
51,448,34199
51,512,34218
51,576,34364
51,640,34418
51,704,34321
51,768,34416
51,832,35023
51,896,34381
51,960,34343
51,1024,34322
51,1088,34332
51,1152,34341
51,1216,34405
51,1280,34450
51,1344,34443
51,1408,34479
51,1472,34503
51,1536,34555
51,1600,34531
51,1664,34615
51,1728,34655
51,1792,34676
51,1856,34666
51,1920,34681
51,1984,34703
51,2048,34652
52,0,2674
52,64,35300
52,128,35299
52,192,35199
52,256,35269
52,320,35061
52,384,35230
52,448,35063
52,512,35124
52,576,35206
52,640,35199
52,704,35269
52,768,35337
52,832,35506
52,896,35314
52,960,35315
52,1024,35278
52,1088,35290
52,1152,35337
52,1216,35388
52,1280,35339
52,1344,35382
52,1408,35368
52,1472,35458
52,1536,35523
52,1600,35476
52,1664,35550
52,1728,35559
52,1792,35587
52,1856,35554
52,1920,35602
52,1984,35668
52,2048,35621
53,0,2693
53,64,35560
53,128,35592
53,192,35443
53,256,35363
53,320,35357
53,384,35536
53,448,35365
53,512,35426
53,576,35507
53,640,35503
53,704,35579
53,768,35658
53,832,35843
53,896,35638
53,960,35654
53,1024,35641
53,1088,35672
53,1152,35723
53,1216,35751
53,1280,35719
53,1344,35773
53,1408,35751
53,1472,35778
53,1536,35827
53,1600,35838
53,1664,35902
53,1728,35865
53,1792,35922
53,1856,35958
53,1920,35984
53,1984,36037
53,2048,35996
54,0,2692
54,64,35810
54,128,35815
54,192,35676
54,256,35609
54,320,35567
54,384,35772
54,448,35605
54,512,35639
54,576,35717
54,640,35703
54,704,35779
54,768,35864
54,832,36040
54,896,35845
54,960,35869
54,1024,35864
54,1088,35882
54,1152,35924
54,1216,35954
54,1280,35943
54,1344,35937
54,1408,35944
54,1472,35990
54,1536,36043
54,1600,36062
54,1664,36147
54,1728,36107
54,1792,36168
54,1856,36171
54,1920,36208
54,1984,36237
54,2048,36209
55,0,2700
55,64,36000
55,128,36002
55,192,35889
55,256,35810
55,320,35785
55,384,35967
55,448,35795
55,512,35831
55,576,35908
55,640,35902
55,704,35906
55,768,36039
55,832,36132
55,896,36039
55,960,36098
55,1024,36038
55,1088,36075
55,1152,36086
55,1216,36115
55,1280,36126
55,1344,36135
55,1408,36158
55,1472,36190
55,1536,36241
55,1600,36256
55,1664,36307
55,1728,36307
55,1792,36343
55,1856,36433
55,1920,36417
55,1984,36415
55,2048,36439
56,0,2704
56,64,36106
56,128,36271
56,192,36103
56,256,36075
56,320,36046
56,384,36189
56,448,35999
56,512,36064
56,576,36155
56,640,36127
56,704,36171
56,768,36314
56,832,36355
56,896,36258
56,960,36343
56,1024,36283
56,1088,36351
56,1152,36353
56,1216,36333
56,1280,36337
56,1344,36373
56,1408,36389
56,1472,36428
56,1536,36422
56,1600,36427
56,1664,36493
56,1728,36587
56,1792,36593
56,1856,36679
56,1920,36648
56,1984,36635
56,2048,36700
57,0,2716
57,64,36524
57,128,36583
57,192,36457
57,256,36416
57,320,36300
57,384,36501
57,448,36394
57,512,36357
57,576,36524
57,640,36472
57,704,36493
57,768,36617
57,832,36697
57,896,36640
57,960,36644
57,1024,36660
57,1088,36686
57,1152,36676
57,1216,36662
57,1280,36670
57,1344,36687
57,1408,36667
57,1472,36757
57,1536,36746
57,1600,36760
57,1664,36836
57,1728,36915
57,1792,36942
57,1856,36958
57,1920,36990
57,1984,37002
57,2048,37058
58,0,3289
58,64,38385
58,128,38431
58,192,38285
58,256,38309
58,320,38282
58,384,38522
58,448,38296
58,512,38340
58,576,38465
58,640,38434
58,704,38409
58,768,38569
58,832,38659
58,896,38560
58,960,38579
58,1024,38561
58,1088,38582
58,1152,38608
58,1216,38580
58,1280,38611
58,1344,38624
58,1408,38634
58,1472,38696
58,1536,38691
58,1600,38733
58,1664,38734
58,1728,38788
58,1792,38825
58,1856,38849
58,1920,38887
58,1984,38861
58,2048,38911
59,0,3301
59,64,38841
59,128,38904
59,192,38851
59,256,38778
59,320,38718
59,384,38941
59,448,38773
59,512,38785
59,576,38889
59,640,38858
59,704,38819
59,768,38981
59,832,39077
59,896,38946
59,960,38994
59,1024,38956
59,1088,38960
59,1152,39024
59,1216,38987
59,1280,38979
59,1344,39008
59,1408,39014
59,1472,39038
59,1536,39085
59,1600,39128
59,1664,39097
59,1728,39181
59,1792,39202
59,1856,39265
59,1920,39265
59,1984,39266
59,2048,39302
60,0,3314
60,64,39581
60,128,39924
60,192,39755
60,256,39742
60,320,39729
60,384,39957
60,448,39760
60,512,39750
60,576,39865
60,640,39854
60,704,39815
60,768,39888
60,832,40066
60,896,39921
60,960,40005
60,1024,39928
60,1088,39966
60,1152,40032
60,1216,39991
60,1280,39986
60,1344,40022
60,1408,40055
60,1472,40012
60,1536,39958
60,1600,40044
60,1664,40073
60,1728,40120
60,1792,40167
60,1856,40214
60,1920,40207
60,1984,40232
60,2048,40306
61,0,3324
61,64,39790
61,128,40013
61,192,40020
61,256,40003
61,320,40002
61,384,40035
61,448,40009
61,512,40045
61,576,40212
61,640,40184
61,704,40177
61,768,40264
61,832,40411
61,896,40298
61,960,40386
61,1024,40329
61,1088,40348
61,1152,40417
61,1216,40371
61,1280,40358
61,1344,40403
61,1408,40452
61,1472,40413
61,1536,40442
61,1600,40511
61,1664,40500
61,1728,40556
61,1792,40604
61,1856,40625
61,1920,40593
61,1984,40581
61,2048,40704
62,0,3024
62,64,38819
62,128,40271
62,192,40319
62,256,40267
62,320,40320
62,384,40330
62,448,40288
62,512,40288
62,576,40401
62,640,40424
62,704,40414
62,768,40472
62,832,40549
62,896,40517
62,960,40558
62,1024,40529
62,1088,40586
62,1152,40639
62,1216,40596
62,1280,40568
62,1344,40632
62,1408,40680
62,1472,40671
62,1536,40646
62,1600,40743
62,1664,40730
62,1728,40779
62,1792,40774
62,1856,40801
62,1920,40843
62,1984,40949
62,2048,40997
63,0,3180
63,64,36328
63,128,40483
63,192,40516
63,256,40471
63,320,40589
63,384,40533
63,448,40511
63,512,40490
63,576,40633
63,640,40655
63,704,40619
63,768,40715
63,832,40772
63,896,40692
63,960,40727
63,1024,40737
63,1088,40796
63,1152,40861
63,1216,40821
63,1280,40809
63,1344,40853
63,1408,40881
63,1472,40875
63,1536,40922
63,1600,40970
63,1664,40980
63,1728,40942
63,1792,40938
63,1856,40995
63,1920,41030
63,1984,41099
63,2048,41126
64,0,3116
64,64,30561
64,128,40747
64,192,40797
64,256,40765
64,320,40821
64,384,40747
64,448,40733
64,512,40781
64,576,40887
64,640,40876
64,704,40841
64,768,40968
64,832,40978
64,896,40924
64,960,40978
64,1024,40974
64,1088,41029
64,1152,41105
64,1216,41087
64,1280,41047
64,1344,41075
64,1408,41104
64,1472,41082
64,1536,41148
64,1600,41215
64,1664,41212
64,1728,41181
64,1792,41188
64,1856,41239
64,1920,41278
64,1984,41345
64,2048,41305
65,0,2790
65,64,6739
65,128,41016
65,192,41082
65,256,41041
65,320,41131
65,384,41041
65,448,40990
65,512,41053
65,576,41114
65,640,41159
65,704,41115
65,768,41304
65,832,41217
65,896,41229
65,960,41275
65,1024,41310
65,1088,41268
65,1152,41367
65,1216,41376
65,1280,41341
65,1344,41331
65,1408,41426
65,1472,41394
65,1536,41398
65,1600,41372
65,1664,41455
65,1728,41451
65,1792,41458
65,1856,41451
65,1920,41507
65,1984,41582
65,2048,41586
66,0,2638
66,64,3104
66,128,41906
66,192,41963
66,256,41946
66,320,42035
66,384,41922
66,448,41881
66,512,41940
66,576,41967
66,640,42075
66,704,41977
66,768,42179
66,832,42115
66,896,42085
66,960,42104
66,1024,42154
66,1088,42147
66,1152,42223
66,1216,42294
66,1280,42261
66,1344,42237
66,1408,42289
66,1472,42350
66,1536,42333
66,1600,42266
66,1664,42428
66,1728,42409
66,1792,42424
66,1856,42370
66,1920,42440
66,1984,42547
66,2048,42504
67,0,2638
67,64,2628
67,128,43341
67,192,43413
67,256,43399
67,320,43463
67,384,43409
67,448,43387
67,512,43375
67,576,43498
67,640,43518
67,704,43448
67,768,43623
67,832,43548
67,896,43527
67,960,43623
67,1024,43618
67,1088,43605
67,1152,43639
67,1216,43690
67,1280,43697
67,1344,43637
67,1408,43642
67,1472,43674
67,1536,43721
67,1600,43698
67,1664,43709
67,1728,43749
67,1792,43769
67,1856,43776
67,1920,43785
67,1984,43894
67,2048,43871
68,0,2638
68,64,2626
68,128,44380
68,192,44421
68,256,44400
68,320,44492
68,384,44412
68,448,44398
68,512,44446
68,576,44504
68,640,44523
68,704,44492
68,768,44683
68,832,44575
68,896,44580
68,960,44598
68,1024,44663
68,1088,44684
68,1152,44633
68,1216,44666
68,1280,44660
68,1344,44575
68,1408,44655
68,1472,44570
68,1536,44659
68,1600,44467
68,1664,44480
68,1728,44288
68,1792,44241
68,1856,44611
68,1920,44786
68,1984,44824
68,2048,44830
69,0,2644
69,64,2647
69,128,44663
69,192,44688
69,256,44722
69,320,44765
69,384,44699
69,448,44699
69,512,44693
69,576,44813
69,640,44827
69,704,44799
69,768,44977
69,832,44885
69,896,44812
69,960,44928
69,1024,44950
69,1088,44934
69,1152,44967
69,1216,45052
69,1280,45057
69,1344,45016
69,1408,45040
69,1472,45049
69,1536,45106
69,1600,45057
69,1664,45102
69,1728,45120
69,1792,45142
69,1856,45204
69,1920,45236
69,1984,45228
69,2048,45247
70,0,2653
70,64,2654
70,128,44876
70,192,44910
70,256,44929
70,320,44970
70,384,44959
70,448,44936
70,512,45186
70,576,45044
70,640,45049
70,704,45033
70,768,45184
70,832,45230
70,896,45033
70,960,45160
70,1024,45192
70,1088,45186
70,1152,45193
70,1216,45279
70,1280,45319
70,1344,45273
70,1408,45274
70,1472,45282
70,1536,45304
70,1600,45297
70,1664,45349
70,1728,45411
70,1792,45401
70,1856,45458
70,1920,45485
70,1984,45423
70,2048,45477
71,0,2652
71,64,2646
71,128,45070
71,192,45115
71,256,45138
71,320,45211
71,384,45167
71,448,45154
71,512,45374
71,576,45229
71,640,45289
71,704,45351
71,768,45406
71,832,45454
71,896,45330
71,960,45374
71,1024,45396
71,1088,45379
71,1152,45365
71,1216,45446
71,1280,45506
71,1344,45461
71,1408,45465
71,1472,45459
71,1536,45490
71,1600,45508
71,1664,45532
71,1728,45588
71,1792,45605
71,1856,45696
71,1920,45712
71,1984,45639
71,2048,45705
72,0,2658
72,64,2664
72,128,45360
72,192,45374
72,256,45370
72,320,45445
72,384,45431
72,448,45387
72,512,45615
72,576,45573
72,640,45455
72,704,45498
72,768,45472
72,832,45662
72,896,45530
72,960,45606
72,1024,45599
72,1088,45645
72,1152,45640
72,1216,45646
72,1280,45741
72,1344,45718
72,1408,45733
72,1472,45689
72,1536,45705
72,1600,45805
72,1664,45768
72,1728,45815
72,1792,45771
72,1856,45880
72,1920,45911
72,1984,45896
72,2048,45915
73,0,2648
73,64,2655
73,128,45604
73,192,45664
73,256,45671
73,320,45751
73,384,45672
73,448,45662
73,512,45863
73,576,45794
73,640,45660
73,704,45781
73,768,45735
73,832,45929
73,896,45791
73,960,45843
73,1024,45859
73,1088,45915
73,1152,45922
73,1216,45925
73,1280,45950
73,1344,46015
73,1408,45984
73,1472,45965
73,1536,45995
73,1600,46087
73,1664,46048
73,1728,46081
73,1792,46046
73,1856,46152
73,1920,46192
73,1984,46163
73,2048,46186
74,0,2676
74,64,2673
74,128,46155
74,192,46197
74,256,46202
74,320,46211
74,384,46147
74,448,46194
74,512,46356
74,576,46351
74,640,46141
74,704,46235
74,768,46254
74,832,46450
74,896,46351
74,960,46303
74,1024,46333
74,1088,46420
74,1152,46502
74,1216,46416
74,1280,46493
74,1344,46573
74,1408,46525
74,1472,46505
74,1536,46483
74,1600,46567
74,1664,46564
74,1728,46632
74,1792,46581
74,1856,46712
74,1920,46736
74,1984,46674
74,2048,46723
75,0,2684
75,64,2685
75,128,47893
75,192,47914
75,256,47909
75,320,47947
75,384,47941
75,448,47991
75,512,48187
75,576,48150
75,640,47992
75,704,48091
75,768,48067
75,832,48225
75,896,48148
75,960,48102
75,1024,48181
75,1088,48275
75,1152,48309
75,1216,48278
75,1280,48309
75,1344,48364
75,1408,48324
75,1472,48356
75,1536,48326
75,1600,48386
75,1664,48363
75,1728,48411
75,1792,48368
75,1856,48418
75,1920,48441
75,1984,48464
75,2048,48490
76,0,2672
76,64,2692
76,128,48930
76,192,48965
76,256,48991
76,320,48960
76,384,48984
76,448,49023
76,512,49271
76,576,49187
76,640,49016
76,704,49067
76,768,49075
76,832,49271
76,896,49165
76,960,49102
76,1024,49135
76,1088,49240
76,1152,49298
76,1216,49130
76,1280,49184
76,1344,49264
76,1408,49273
76,1472,49352
76,1536,49293
76,1600,48991
76,1664,49124
76,1728,49319
76,1792,49314
76,1856,49030
76,1920,48902
76,1984,48847
76,2048,48921
77,0,2695
77,64,2694
77,128,49239
77,192,49282
77,256,49303
77,320,49309
77,384,49297
77,448,49312
77,512,49352
77,576,49530
77,640,49377
77,704,49445
77,768,49463
77,832,49468
77,896,49512
77,960,49472
77,1024,49570
77,1088,49645
77,1152,49680
77,1216,49672
77,1280,49670
77,1344,49751
77,1408,49720
77,1472,49750
77,1536,49799
77,1600,49767
77,1664,49718
77,1728,49747
77,1792,49796
77,1856,49773
77,1920,49758
77,1984,49867
77,2048,49897
78,0,2704
78,64,2715
78,128,49509
78,192,49529
78,256,49571
78,320,49541
78,384,49538
78,448,49566
78,512,49606
78,576,49754
78,640,49640
78,704,49718
78,768,49676
78,832,49712
78,896,49675
78,960,49696
78,1024,49830
78,1088,49899
78,1152,49929
78,1216,49881
78,1280,49891
78,1344,49979
78,1408,49972
78,1472,50010
78,1536,50019
78,1600,50029
78,1664,50058
78,1728,50014
78,1792,50050
78,1856,50014
78,1920,50009
78,1984,50127
78,2048,50119
79,0,2705
79,64,2717
79,128,49718
79,192,49751
79,256,49802
79,320,49792
79,384,49772
79,448,49808
79,512,49844
79,576,49811
79,640,49844
79,704,49823
79,768,49915
79,832,49938
79,896,49920
79,960,49946
79,1024,49942
79,1088,50087
79,1152,50136
79,1216,50156
79,1280,50142
79,1344,50223
79,1408,50240
79,1472,50241
79,1536,50256
79,1600,50222
79,1664,50292
79,1728,50269
79,1792,50296
79,1856,50261
79,1920,50258
79,1984,50368
79,2048,50365
80,0,2714
80,64,2717
80,128,49949
80,192,49974
80,256,50048
80,320,50043
80,384,50026
80,448,50056
80,512,50072
80,576,50044
80,640,50088
80,704,50085
80,768,50148
80,832,50177
80,896,50139
80,960,50160
80,1024,50226
80,1088,50292
80,1152,50382
80,1216,50414
80,1280,50419
80,1344,50392
80,1408,50441
80,1472,50475
80,1536,50498
80,1600,50435
80,1664,50472
80,1728,50493
80,1792,50529
80,1856,50483
80,1920,50482
80,1984,50537
80,2048,50557
81,0,2703
81,64,2699
81,128,50233
81,192,50261
81,256,50288
81,320,50268
81,384,50274
81,448,50308
81,512,50311
81,576,50309
81,640,50312
81,704,50307
81,768,50395
81,832,50439
81,896,50404
81,960,50427
81,1024,50495
81,1088,50539
81,1152,50577
81,1216,50666
81,1280,50702
81,1344,50656
81,1408,50700
81,1472,50741
81,1536,50751
81,1600,50715
81,1664,50756
81,1728,50745
81,1792,50806
81,1856,50754
81,1920,50755
81,1984,50821
81,2048,50845
82,0,2710
82,64,2720
82,128,50599
82,192,50621
82,256,50677
82,320,50730
82,384,50691
82,448,50699
82,512,50717
82,576,50664
82,640,50675
82,704,50684
82,768,50747
82,832,50816
82,896,50778
82,960,50814
82,1024,50844
82,1088,50887
82,1152,50935
82,1216,51014
82,1280,51049
82,1344,51009
82,1408,51040
82,1472,51153
82,1536,51152
82,1600,51122
82,1664,51134
82,1728,51119
82,1792,51165
82,1856,51103
82,1920,51105
82,1984,51160
82,2048,51137
83,0,2723
83,64,2704
83,128,52463
83,192,52466
83,256,52467
83,320,52498
83,384,52572
83,448,52579
83,512,52605
83,576,52557
83,640,52563
83,704,52562
83,768,52712
83,832,52723
83,896,52696
83,960,52701
83,1024,52744
83,1088,52800
83,1152,52858
83,1216,52912
83,1280,52955
83,1344,52902
83,1408,52914
83,1472,52931
83,1536,52986
83,1600,52942
83,1664,52983
83,1728,52956
83,1792,52986
83,1856,53052
83,1920,53088
83,1984,53083
83,2048,53033
84,0,2724
84,64,2725
84,128,53502
84,192,53546
84,256,53537
84,320,53596
84,384,53626
84,448,53676
84,512,53681
84,576,53636
84,640,53635
84,704,53623
84,768,53696
84,832,53707
84,896,53716
84,960,53770
84,1024,53761
84,1088,53752
84,1152,53613
84,1216,53786
84,1280,53709
84,1344,53468
84,1408,53700
84,1472,53543
84,1536,53473
84,1600,53386
84,1664,53501
84,1728,53457
84,1792,53467
84,1856,53528
84,1920,53479
84,1984,53404
84,2048,53405
85,0,2731
85,64,2726
85,128,53841
85,192,53823
85,256,53881
85,320,53908
85,384,53924
85,448,53963
85,512,53977
85,576,53907
85,640,53934
85,704,53961
85,768,54036
85,832,54095
85,896,54141
85,960,54142
85,1024,54143
85,1088,54115
85,1152,54219
85,1216,54313
85,1280,54362
85,1344,54297
85,1408,54284
85,1472,54332
85,1536,54357
85,1600,54348
85,1664,54366
85,1728,54411
85,1792,54435
85,1856,54477
85,1920,54494
85,1984,54426
85,2048,54397
86,0,2736
86,64,2747
86,128,54081
86,192,54070
86,256,54075
86,320,54165
86,384,54148
86,448,54199
86,512,54210
86,576,54197
86,640,54199
86,704,54219
86,768,54217
86,832,54340
86,896,54390
86,960,54384
86,1024,54335
86,1088,54332
86,1152,54457
86,1216,54500
86,1280,54574
86,1344,54645
86,1408,54556
86,1472,54578
86,1536,54618
86,1600,54682
86,1664,54653
86,1728,54688
86,1792,54644
86,1856,54731
86,1920,54740
86,1984,54705
86,2048,54722
87,0,2737
87,64,2750
87,128,54307
87,192,54310
87,256,54314
87,320,54412
87,384,54391
87,448,54432
87,512,54440
87,576,54380
87,640,54403
87,704,54414
87,768,54396
87,832,54543
87,896,54589
87,960,54587
87,1024,54533
87,1088,54602
87,1152,54689
87,1216,54712
87,1280,54723
87,1344,54808
87,1408,54773
87,1472,54761
87,1536,54804
87,1600,54881
87,1664,54867
87,1728,54914
87,1792,54886
87,1856,54943
87,1920,54953
87,1984,54922
87,2048,54914
88,0,2737
88,64,2750
88,128,54541
88,192,54548
88,256,54570
88,320,54636
88,384,54628
88,448,54696
88,512,54695
88,576,54627
88,640,54694
88,704,54728
88,768,54786
88,832,54790
88,896,54857
88,960,54842
88,1024,54780
88,1088,54866
88,1152,54987
88,1216,54963
88,1280,54961
88,1344,55056
88,1408,55045
88,1472,55021
88,1536,55042
88,1600,55123
88,1664,55080
88,1728,55143
88,1792,55110
88,1856,55189
88,1920,55214
88,1984,55161
88,2048,55156
89,0,2736
89,64,2742
89,128,54845
89,192,54883
89,256,54849
89,320,54920
89,384,54932
89,448,54958
89,512,54955
89,576,54932
89,640,55004
89,704,54984
89,768,55074
89,832,55053
89,896,55130
89,960,55117
89,1024,55075
89,1088,55160
89,1152,55181
89,1216,55224
89,1280,55270
89,1344,55363
89,1408,55388
89,1472,55409
89,1536,55384
89,1600,55425
89,1664,55369
89,1728,55413
89,1792,55390
89,1856,55440
89,1920,55500
89,1984,55452
89,2048,55447
90,0,2761
90,64,2763
90,128,55258
90,192,55267
90,256,55247
90,320,55337
90,384,55304
90,448,55330
90,512,55333
90,576,55301
90,640,55353
90,704,55374
90,768,55447
90,832,55407
90,896,55472
90,960,55492
90,1024,55446
90,1088,55499
90,1152,55559
90,1216,55613
90,1280,55624
90,1344,55687
90,1408,55752
90,1472,55769
90,1536,55762
90,1600,55839
90,1664,55808
90,1728,55847
90,1792,55875
90,1856,55778
90,1920,55800
90,1984,55797
90,2048,55801
91,0,2745
91,64,2753
91,128,57106
91,192,57096
91,256,57072
91,320,57146
91,384,57122
91,448,57198
91,512,57246
91,576,57216
91,640,57296
91,704,57286
91,768,57341
91,832,57338
91,896,57419
91,960,57384
91,1024,57345
91,1088,57415
91,1152,57497
91,1216,57564
91,1280,57561
91,1344,57634
91,1408,57688
91,1472,57725
91,1536,57633
91,1600,57699
91,1664,57658
91,1728,57657
91,1792,57715
91,1856,57686
91,1920,57690
91,1984,57757
91,2048,57700
92,0,2762
92,64,2764
92,128,57738
92,192,58067
92,256,58014
92,320,58130
92,384,58132
92,448,58042
92,512,58045
92,576,58023
92,640,58002
92,704,57923
92,768,58178
92,832,58047
92,896,57898
92,960,57822
92,1024,57826
92,1088,57901
92,1152,58051
92,1216,58034
92,1280,57959
92,1344,58023
92,1408,58093
92,1472,58158
92,1536,58134
92,1600,58142
92,1664,58176
92,1728,58105
92,1792,58180
92,1856,58094
92,1920,58070
92,1984,58155
92,2048,58137
93,0,2767
93,64,2768
93,128,58488
93,192,58485
93,256,58500
93,320,58522
93,384,58512
93,448,58561
93,512,58599
93,576,58585
93,640,58662
93,704,58655
93,768,58839
93,832,58630
93,896,58701
93,960,58739
93,1024,58814
93,1088,58845
93,1152,58901
93,1216,59002
93,1280,58965
93,1344,58959
93,1408,59038
93,1472,59047
93,1536,59083
93,1600,59064
93,1664,59117
93,1728,59074
93,1792,59140
93,1856,59073
93,1920,59061
93,1984,59122
93,2048,59037
94,0,2766
94,64,2768
94,128,58803
94,192,58807
94,256,58849
94,320,58844
94,384,58861
94,448,58837
94,512,58915
94,576,58889
94,640,58940
94,704,58974
94,768,59095
94,832,58909
94,896,59044
94,960,59053
94,1024,59102
94,1088,59088
94,1152,59159
94,1216,59207
94,1280,59395
94,1344,59322
94,1408,59347
94,1472,59381
94,1536,59388
94,1600,59386
94,1664,59424
94,1728,59391
94,1792,59444
94,1856,59414
94,1920,59399
94,1984,59473
94,2048,59425
95,0,2756
95,64,2764
95,128,59053
95,192,59017
95,256,59051
95,320,59088
95,384,59053
95,448,59046
95,512,59158
95,576,59120
95,640,59163
95,704,59158
95,768,59219
95,832,59154
95,896,59262
95,960,59267
95,1024,59299
95,1088,59298
95,1152,59305
95,1216,59373
95,1280,59504
95,1344,59496
95,1408,59561
95,1472,59624
95,1536,59615
95,1600,59562
95,1664,59653
95,1728,59619
95,1792,59665
95,1856,59620
95,1920,59603
95,1984,59671
95,2048,59664
96,0,2679
96,64,2695
96,128,59224
96,192,59294
96,256,59302
96,320,59295
96,384,59302
96,448,59323
96,512,59382
96,576,59373
96,640,59389
96,704,59353
96,768,59438
96,832,59388
96,896,59480
96,960,59505
96,1024,59537
96,1088,59528
96,1152,59547
96,1216,59637
96,1280,59756
96,1344,59734
96,1408,59729
96,1472,59746
96,1536,59816
96,1600,59802
96,1664,59878
96,1728,59848
96,1792,59886
96,1856,59914
96,1920,59872
96,1984,59905
96,2048,59891
97,0,2663
97,64,2684
97,128,59475
97,192,59498
97,256,59549
97,320,59559
97,384,59528
97,448,59537
97,512,59620
97,576,59591
97,640,59623
97,704,59613
97,768,59689
97,832,59605
97,896,59695
97,960,59830
97,1024,59774
97,1088,59765
97,1152,59783
97,1216,59866
97,1280,60007
97,1344,59966
97,1408,59948
97,1472,59991
97,1536,60060
97,1600,60060
97,1664,60149
97,1728,60093
97,1792,60078
97,1856,60151
97,1920,60122
97,1984,60169
97,2048,60118
98,0,2672
98,64,2687
98,128,59769
98,192,59831
98,256,59845
98,320,59862
98,384,59861
98,448,59856
98,512,59931
98,576,59939
98,640,59949
98,704,59941
98,768,59992
98,832,59940
98,896,60008
98,960,60104
98,1024,60097
98,1088,60095
98,1152,60080
98,1216,60157
98,1280,60300
98,1344,60257
98,1408,60253
98,1472,60306
98,1536,60386
98,1600,60336
98,1664,60328
98,1728,60386
98,1792,60394
98,1856,60441
98,1920,60422
98,1984,60390
98,2048,60373
99,0,2694
99,64,2692
99,128,61056
99,192,61102
99,256,61181
99,320,61168
99,384,61206
99,448,61177
99,512,61143
99,576,61155
99,640,61233
99,704,61279
99,768,61157
99,832,61135
99,896,61281
99,960,61314
99,1024,61327
99,1088,61276
99,1152,61314
99,1216,61286
99,1280,61444
99,1344,61442
99,1408,61451
99,1472,61485
99,1536,61467
99,1600,61481
99,1664,61513
99,1728,61549
99,1792,61545
99,1856,61623
99,1920,61686
99,1984,61655
99,2048,61623
100,0,2693
100,64,2699
100,128,62258
100,192,62476
100,256,62473
100,320,62456
100,384,62480
100,448,62368
100,512,62344
100,576,62275
100,640,62319
100,704,62434
100,768,62331
100,832,62260
100,896,62283
100,960,62460
100,1024,62359
100,1088,62344
100,1152,62401
100,1216,62415
100,1280,62479
100,1344,62546
100,1408,62590
100,1472,62581
100,1536,62644
100,1600,62692
100,1664,62668
100,1728,62682
100,1792,62692
100,1856,62747
100,1920,62707
100,1984,62708
100,2048,62677
101,0,2704
101,64,2713
101,128,63065
101,192,63123
101,256,63113
101,320,63157
101,384,63146
101,448,63158
101,512,63253
101,576,63219
101,640,63257
101,704,63303
101,768,63262
101,832,63235
101,896,63251
101,960,63416
101,1024,63352
101,1088,63340
101,1152,63393
101,1216,63397
101,1280,63421
101,1344,63548
101,1408,63549
101,1472,63613
101,1536,63623
101,1600,63692
101,1664,63661
101,1728,63647
101,1792,63641
101,1856,63693
101,1920,63660
101,1984,63628
101,2048,63635
102,0,2704
102,64,2708
102,128,63397
102,192,63435
102,256,63422
102,320,63451
102,384,63472
102,448,63455
102,512,63525
102,576,63551
102,640,63586
102,704,63624
102,768,63565
102,832,63589
102,896,63604
102,960,63766
102,1024,63686
102,1088,63681
102,1152,63706
102,1216,63740
102,1280,63761
102,1344,63933
102,1408,63921
102,1472,63945
102,1536,63975
102,1600,64056
102,1664,64036
102,1728,64013
102,1792,64052
102,1856,64108
102,1920,64075
102,1984,64045
102,2048,64054
103,0,2705
103,64,2714
103,128,63694
103,192,63656
103,256,63669
103,320,63718
103,384,63724
103,448,63705
103,512,63754
103,576,63776
103,640,63807
103,704,63850
103,768,63798
103,832,63790
103,896,63828
103,960,63994
103,1024,63908
103,1088,63904
103,1152,63952
103,1216,63973
103,1280,63988
103,1344,64121
103,1408,64178
103,1472,64189
103,1536,64180
103,1600,64272
103,1664,64237
103,1728,64252
103,1792,64290
103,1856,64274
103,1920,64281
103,1984,64285
103,2048,64281
104,0,2704
104,64,2708
104,128,63917
104,192,63927
104,256,63909
104,320,63918
104,384,63972
104,448,63976
104,512,63973
104,576,64007
104,640,64032
104,704,64064
104,768,64039
104,832,64007
104,896,64025
104,960,64128
104,1024,64167
104,1088,64143
104,1152,64197
104,1216,64197
104,1280,64206
104,1344,64234
104,1408,64350
104,1472,64402
104,1536,64399
104,1600,64469
104,1664,64433
104,1728,64426
104,1792,64502
104,1856,64489
104,1920,64463
104,1984,64497
104,2048,64525
105,0,2712
105,64,2718
105,128,64158
105,192,64157
105,256,64152
105,320,64193
105,384,64193
105,448,64175
105,512,64158
105,576,64232
105,640,64274
105,704,64308
105,768,64274
105,832,64246
105,896,64263
105,960,64372
105,1024,64383
105,1088,64405
105,1152,64426
105,1216,64441
105,1280,64428
105,1344,64464
105,1408,64606
105,1472,64663
105,1536,64718
105,1600,64769
105,1664,64701
105,1728,64664
105,1792,64732
105,1856,64735
105,1920,64711
105,1984,64707
105,2048,64741
106,0,2700
106,64,2727
106,128,64481
106,192,64433
106,256,64455
106,320,64482
106,384,64478
106,448,64464
106,512,64468
106,576,64519
106,640,64539
106,704,64546
106,768,64564
106,832,64522
106,896,64520
106,960,64624
106,1024,64670
106,1088,64651
106,1152,64668
106,1216,64716
106,1280,64732
106,1344,64750
106,1408,64852
106,1472,64888
106,1536,64916
106,1600,64930
106,1664,64967
106,1728,64935
106,1792,64970
106,1856,65005
106,1920,64978
106,1984,64986
106,2048,65014
107,0,2718
107,64,2743
107,128,65084
107,192,65053
107,256,65108
107,320,65073
107,384,65092
107,448,65093
107,512,65136
107,576,65140
107,640,65155
107,704,65162
107,768,65159
107,832,65125
107,896,65094
107,960,65157
107,1024,65280
107,1088,65240
107,1152,65303
107,1216,65339
107,1280,65327
107,1344,65293
107,1408,65429
107,1472,65487
107,1536,65515
107,1600,65563
107,1664,65537
107,1728,65549
107,1792,65599
107,1856,65656
107,1920,65644
107,1984,65656
107,2048,65673
108,0,2707
108,64,2731
108,128,66846
108,192,66804
108,256,66843
108,320,66857
108,384,66952
108,448,66894
108,512,66965
108,576,66886
108,640,66904
108,704,66936
108,768,66996
108,832,66906
108,896,66917
108,960,66899
108,1024,67027
108,1088,67057
108,1152,67070
108,1216,67082
108,1280,67100
108,1344,67107
108,1408,67267
108,1472,67309
108,1536,67275
108,1600,67260
108,1664,67302
108,1728,67293
108,1792,67298
108,1856,67330
108,1920,67331
108,1984,67349
108,2048,67350
109,0,2743
109,64,2751
109,128,67729
109,192,67717
109,256,67775
109,320,67795
109,384,67808
109,448,67798
109,512,67791
109,576,67852
109,640,67836
109,704,67855
109,768,67902
109,832,67852
109,896,67849
109,960,67893
109,1024,67998
109,1088,68018
109,1152,67993
109,1216,68050
109,1280,68056
109,1344,68005
109,1408,68080
109,1472,68157
109,1536,68243
109,1600,68261
109,1664,68300
109,1728,68234
109,1792,68316
109,1856,68370
109,1920,68293
109,1984,68286
109,2048,68301
110,0,2741
110,64,2761
110,128,68063
110,192,68064
110,256,68058
110,320,68069
110,384,68091
110,448,68118
110,512,68148
110,576,68185
110,640,68220
110,704,68226
110,768,68235
110,832,68228
110,896,68173
110,960,68234
110,1024,68391
110,1088,68357
110,1152,68336
110,1216,68391
110,1280,68412
110,1344,68395
110,1408,68388
110,1472,68561
110,1536,68621
110,1600,68637
110,1664,68656
110,1728,68630
110,1792,68684
110,1856,68720
110,1920,68700
110,1984,68697
110,2048,68681
111,0,2737
111,64,2752
111,128,68323
111,192,68316
111,256,68326
111,320,68329
111,384,68360
111,448,68369
111,512,68383
111,576,68427
111,640,68463
111,704,68446
111,768,68478
111,832,68474
111,896,68428
111,960,68452
111,1024,68617
111,1088,68593
111,1152,68602
111,1216,68632
111,1280,68654
111,1344,68626
111,1408,68634
111,1472,68782
111,1536,68857
111,1600,68875
111,1664,68859
111,1728,68902
111,1792,68906
111,1856,68929
111,1920,68986
111,1984,68964
111,2048,68941
112,0,2738
112,64,2757
112,128,68553
112,192,68550
112,256,68535
112,320,68573
112,384,68597
112,448,68610
112,512,68649
112,576,68687
112,640,68727
112,704,68714
112,768,68697
112,832,68732
112,896,68746
112,960,68719
112,1024,68850
112,1088,68839
112,1152,68824
112,1216,68852
112,1280,68863
112,1344,68871
112,1408,68862
112,1472,69015
112,1536,69056
112,1600,69077
112,1664,69074
112,1728,69138
112,1792,69133
112,1856,69151
112,1920,69212
112,1984,69180
112,2048,69176
113,0,2741
113,64,2748
113,128,68791
113,192,68795
113,256,68804
113,320,68825
113,384,68844
113,448,68876
113,512,68878
113,576,68908
113,640,68929
113,704,68933
113,768,68923
113,832,68975
113,896,68950
113,960,68934
113,1024,69054
113,1088,69078
113,1152,69061
113,1216,69062
113,1280,69102
113,1344,69128
113,1408,69116
113,1472,69236
113,1536,69281
113,1600,69305
113,1664,69319
113,1728,69369
113,1792,69343
113,1856,69365
113,1920,69408
113,1984,69432
113,2048,69475
114,0,2759
114,64,2755
114,128,69083
114,192,69063
114,256,69099
114,320,69106
114,384,69112
114,448,69131
114,512,69176
114,576,69170
114,640,69206
114,704,69239
114,768,69193
114,832,69237
114,896,69209
114,960,69198
114,1024,69211
114,1088,69299
114,1152,69314
114,1216,69318
114,1280,69360
114,1344,69397
114,1408,69397
114,1472,69395
114,1536,69513
114,1600,69560
114,1664,69572
114,1728,69649
114,1792,69633
114,1856,69655
114,1920,69685
114,1984,69699
114,2048,69734
115,0,2766
115,64,2769
115,128,69505
115,192,69526
115,256,69504
115,320,69558
115,384,69580
115,448,69628
115,512,69609
115,576,69635
115,640,69661
115,704,69660
115,768,69634
115,832,69656
115,896,69676
115,960,69660
115,1024,69631
115,1088,69719
115,1152,69871
115,1216,69813
115,1280,69821
115,1344,69876
115,1408,69819
115,1472,69808
115,1536,69934
115,1600,70009
115,1664,70035
115,1728,70076
115,1792,70063
115,1856,70100
115,1920,70149
115,1984,70124
115,2048,70175
116,0,2759
116,64,2776
116,128,71356
116,192,71322
116,256,71318
116,320,71358
116,384,71364
116,448,71401
116,512,71387
116,576,71374
116,640,71476
116,704,71493
116,768,71447
116,832,71511
116,896,71489
116,960,71498
116,1024,71484
116,1088,71607
116,1152,71653
116,1216,71647
116,1280,71630
116,1344,71667
116,1408,71684
116,1472,71738
116,1536,71812
116,1600,71842
116,1664,71837
116,1728,71882
116,1792,71922
116,1856,71933
116,1920,71936
116,1984,71946
116,2048,71999
117,0,2772
117,64,2781
117,128,72372
117,192,72310
117,256,72356
117,320,72349
117,384,72417
117,448,72393
117,512,72367
117,576,72330
117,640,72394
117,704,72424
117,768,72422
117,832,72434
117,896,72418
117,960,72446
117,1024,72402
117,1088,72424
117,1152,72487
117,1216,72492
117,1280,72537
117,1344,72617
117,1408,72601
117,1472,72445
117,1536,72293
117,1600,72254
117,1664,72379
117,1728,72440
117,1792,72412
117,1856,72533
117,1920,72740
117,1984,72718
117,2048,72575
118,0,2789
118,64,2787
118,128,72724
118,192,72702
118,256,72719
118,320,72714
118,384,72759
118,448,72785
118,512,72793
118,576,72774
118,640,72877
118,704,72894
118,768,72862
118,832,72853
118,896,72915
118,960,72988
118,1024,72890
118,1088,72992
118,1152,73067
118,1216,73041
118,1280,73055
118,1344,73084
118,1408,73116
118,1472,73138
118,1536,73230
118,1600,73268
118,1664,73277
118,1728,73268
118,1792,73346
118,1856,73327
118,1920,73306
118,1984,73343
118,2048,73409
119,0,2785
119,64,2793
119,128,73009
119,192,72985
119,256,72990
119,320,72993
119,384,73036
119,448,73041
119,512,73061
119,576,73060
119,640,73160
119,704,73163
119,768,73150
119,832,73121
119,896,73141
119,960,73242
119,1024,73176
119,1088,73268
119,1152,73310
119,1216,73327
119,1280,73309
119,1344,73353
119,1408,73371
119,1472,73378
119,1536,73400
119,1600,73492
119,1664,73557
119,1728,73551
119,1792,73627
119,1856,73612
119,1920,73604
119,1984,73628
119,2048,73674
120,0,2779
120,64,2795
120,128,73268
120,192,73260
120,256,73240
120,320,73274
120,384,73329
120,448,73290
120,512,73311
120,576,73322
120,640,73371
120,704,73373
120,768,73402
120,832,73367
120,896,73385
120,960,73480
120,1024,73436
120,1088,73509
120,1152,73558
120,1216,73584
120,1280,73553
120,1344,73567
120,1408,73613
120,1472,73629
120,1536,73645
120,1600,73736
120,1664,73800
120,1728,73800
120,1792,73816
120,1856,73824
120,1920,73828
120,1984,73859
120,2048,73925
121,0,2798
121,64,2802
121,128,73495
121,192,73455
121,256,73472
121,320,73486
121,384,73560
121,448,73571
121,512,73572
121,576,73529
121,640,73626
121,704,73601
121,768,73626
121,832,73599
121,896,73601
121,960,73732
121,1024,73638
121,1088,73615
121,1152,73756
121,1216,73795
121,1280,73772
121,1344,73791
121,1408,73835
121,1472,73856
121,1536,73875
121,1600,73986
121,1664,74052
121,1728,74029
121,1792,74037
121,1856,74048
121,1920,74067
121,1984,74074
121,2048,74069
122,0,2797
122,64,2809
122,128,73740
122,192,73735
122,256,73762
122,320,73751
122,384,73831
122,448,73801
122,512,73840
122,576,73804
122,640,73846
122,704,73878
122,768,73907
122,832,73852
122,896,73875
122,960,73902
122,1024,73877
122,1088,73888
122,1152,73995
122,1216,74068
122,1280,74047
122,1344,74049
122,1408,74086
122,1472,74093
122,1536,74128
122,1600,74221
122,1664,74289
122,1728,74294
122,1792,74325
122,1856,74355
122,1920,74346
122,1984,74369
122,2048,74348
123,0,2823
123,64,2818
123,128,74109
123,192,74117
123,256,74138
123,320,74180
123,384,74216
123,448,74196
123,512,74213
123,576,74197
123,640,74231
123,704,74255
123,768,74278
123,832,74275
123,896,74265
123,960,74276
123,1024,74272
123,1088,74264
123,1152,74346
123,1216,74428
123,1280,74431
123,1344,74388
123,1408,74410
123,1472,74414
123,1536,74467
123,1600,74558
123,1664,74646
123,1728,74645
123,1792,74667
123,1856,74766
123,1920,74716
123,1984,74732
123,2048,74711
124,0,2803
124,64,2809
124,128,75928
124,192,75797
124,256,75824
124,320,75854
124,384,75863
124,448,75872
124,512,75910
124,576,75900
124,640,75996
124,704,76009
124,768,76075
124,832,76029
124,896,75966
124,960,76005
124,1024,76015
124,1088,76031
124,1152,76192
124,1216,76231
124,1280,76209
124,1344,76210
124,1408,76183
124,1472,76213
124,1536,76277
124,1600,76235
124,1664,76381
124,1728,76421
124,1792,76445
124,1856,76492
124,1920,76503
124,1984,76468
124,2048,76490
125,0,2810
125,64,2806
125,128,76785
125,192,76917
125,256,76957
125,320,76989
125,384,77009
125,448,76969
125,512,77056
125,576,77025
125,640,77066
125,704,77071
125,768,77072
125,832,77066
125,896,77103
125,960,77064
125,1024,77070
125,1088,77009
125,1152,77178
125,1216,77235
125,1280,77246
125,1344,77247
125,1408,77258
125,1472,77167
125,1536,76866
125,1600,77001
125,1664,76979
125,1728,77043
125,1792,77130
125,1856,77039
125,1920,77022
125,1984,77037
125,2048,77338
126,0,2821
126,64,2833
126,128,77233
126,192,77340
126,256,77348
126,320,77386
126,384,77367
126,448,77377
126,512,77405
126,576,77412
126,640,77515
126,704,77534
126,768,77507
126,832,77547
126,896,77535
126,960,77551
126,1024,77503
126,1088,77511
126,1152,77619
126,1216,77665
126,1280,77673
126,1344,77704
126,1408,77741
126,1472,77715
126,1536,77726
126,1600,77752
126,1664,77909
126,1728,77963
126,1792,77982
126,1856,78008
126,1920,78012
126,1984,78009
126,2048,78033
127,0,2828
127,64,2824
127,128,77562
127,192,77609
127,256,77603
127,320,77666
127,384,77642
127,448,77660
127,512,77649
127,576,77699
127,640,77771
127,704,77808
127,768,77786
127,832,77791
127,896,77779
127,960,77793
127,1024,77761
127,1088,77790
127,1152,77900
127,1216,77922
127,1280,77925
127,1344,77983
127,1408,77980
127,1472,77958
127,1536,77956
127,1600,78014
127,1664,78148
127,1728,78221
127,1792,78242
127,1856,78282
127,1920,78277
127,1984,78270
127,2048,78320
128,0,2722
128,64,2741
128,128,77832
128,192,77883
128,256,77867
128,320,77879
128,384,77945
128,448,77903
128,512,77911
128,576,77920
128,640,78033
128,704,78032
128,768,78000
128,832,78022
128,896,78055
128,960,78052
128,1024,77991
128,1088,78026
128,1152,78188
128,1216,78193
128,1280,78204
128,1344,78233
128,1408,78197
128,1472,78230
128,1536,78209
128,1600,78261
128,1664,78439
128,1728,78467
128,1792,78463
128,1856,78462
128,1920,78516
128,1984,78498
128,2048,78551
129,0,2722
129,64,2741
129,128,77832
129,192,77883
129,256,77867
129,320,77879
129,384,77945
129,448,77903
129,512,77911
129,576,77920
129,640,78033
129,704,78032
129,768,78000
129,832,78022
129,896,78055
129,960,78052
129,1024,77991
129,1088,78026
129,1152,78188
129,1216,78193
129,1280,78204
129,1344,78233
129,1408,78197
129,1472,78230
129,1536,78209
129,1600,78261
129,1664,78439
129,1728,78467
129,1792,78463
129,1856,78462
129,1920,78516
129,1984,78498
129,2048,78551
130,0,2722
130,64,2741
130,128,77832
130,192,77883
130,256,77867
130,320,77879
130,384,77945
130,448,77903
130,512,77911
130,576,77920
130,640,78033
130,704,78032
130,768,78000
130,832,78022
130,896,78055
130,960,78052
130,1024,77991
130,1088,78026
130,1152,78188
130,1216,78193
130,1280,78204
130,1344,78233
130,1408,78197
130,1472,78230
130,1536,78209
130,1600,78261
130,1664,78439
130,1728,78467
130,1792,78463
130,1856,78462
130,1920,78516
130,1984,78498
130,2048,78551
131,0,2722
131,64,2741
131,128,76356
131,192,77883
131,256,77867
131,320,77879
131,384,77945
131,448,77903
131,512,77911
131,576,77920
131,640,78033
131,704,78032
131,768,78000
131,832,78022
131,896,78055
131,960,78052
131,1024,77991
131,1088,78026
131,1152,78188
131,1216,78193
131,1280,78204
131,1344,78233
131,1408,78197
131,1472,78230
131,1536,78209
131,1600,78261
131,1664,78439
131,1728,78467
131,1792,78463
131,1856,78462
131,1920,78516
131,1984,78498
131,2048,78551
132,0,2722
132,64,2741
132,128,72771
132,192,77903
132,256,77867
132,320,77879
132,384,77945
132,448,77903
132,512,77911
132,576,77920
132,640,78033
132,704,78032
132,768,78000
132,832,78022
132,896,78055
132,960,78052
132,1024,77991
132,1088,78026
132,1152,78188
132,1216,78193
132,1280,78204
132,1344,78233
132,1408,78197
132,1472,78230
132,1536,78209
132,1600,78261
132,1664,78439
132,1728,78467
132,1792,78463
132,1856,78462
132,1920,78516
132,1984,78498
132,2048,78551
133,0,2756
133,64,2782
133,128,13375
133,192,82585
133,256,82527
133,320,82531
133,384,82581
133,448,82592
133,512,82578
133,576,82618
133,640,82647
133,704,82741
133,768,82724
133,832,82715
133,896,82731
133,960,82739
133,1024,82718
133,1088,82729
133,1152,82763
133,1216,82759
133,1280,82864
133,1344,82908
133,1408,82897
133,1472,82928
133,1536,82933
133,1600,82959
133,1664,82950
133,1728,82970
133,1792,83150
133,1856,83180
133,1920,83190
133,1984,83197
133,2048,83274
134,0,2756
134,64,2782
134,128,13375
134,192,82585
134,256,82527
134,320,82531
134,384,82581
134,448,82592
134,512,82578
134,576,82618
134,640,82647
134,704,82741
134,768,82724
134,832,82715
134,896,82731
134,960,82739
134,1024,82718
134,1088,82729
134,1152,82763
134,1216,82759
134,1280,82864
134,1344,82908
134,1408,82897
134,1472,82928
134,1536,82933
134,1600,82959
134,1664,82950
134,1728,82970
134,1792,83150
134,1856,83180
134,1920,83190
134,1984,83197
134,2048,83274
135,0,2756
135,64,2782
135,128,13375
135,192,82585
135,256,82527
135,320,82531
135,384,82581
135,448,82592
135,512,82578
135,576,82618
135,640,82647
135,704,82741
135,768,82724
135,832,82715
135,896,82731
135,960,82739
135,1024,82718
135,1088,82729
135,1152,82763
135,1216,82759
135,1280,82864
135,1344,82908
135,1408,82897
135,1472,82928
135,1536,82933
135,1600,82959
135,1664,82950
135,1728,82970
135,1792,83150
135,1856,83180
135,1920,83190
135,1984,83197
135,2048,83274
136,0,2756
136,64,2782
136,128,13076
136,192,82585
136,256,82527
136,320,82531
136,384,82581
136,448,82592
136,512,82578
136,576,82618
136,640,82647
136,704,82741
136,768,82724
136,832,82715
136,896,82731
136,960,82739
136,1024,82718
136,1088,82729
136,1152,82763
136,1216,82759
136,1280,82864
136,1344,82908
136,1408,82897
136,1472,82928
136,1536,82933
136,1600,82959
136,1664,82950
136,1728,82970
136,1792,83150
136,1856,83180
136,1920,83190
136,1984,83197
136,2048,83274
137,0,2760
137,64,2785
137,128,10072
137,192,82585
137,256,82527
137,320,82531
137,384,82581
137,448,82592
137,512,82578
137,576,82618
137,640,82647
137,704,82741
137,768,82724
137,832,82715
137,896,82731
137,960,82739
137,1024,82718
137,1088,82729
137,1152,82763
137,1216,82759
137,1280,82864
137,1344,82908
137,1408,82897
137,1472,82928
137,1536,82933
137,1600,82959
137,1664,82950
137,1728,82970
137,1792,83150
137,1856,83180
137,1920,83190
137,1984,83197
137,2048,83274
138,0,2760
138,64,2785
138,128,10072
138,192,82585
138,256,82527
138,320,82531
138,384,82581
138,448,82592
138,512,82578
138,576,82618
138,640,82647
138,704,82741
138,768,82724
138,832,82715
138,896,82731
138,960,82739
138,1024,82718
138,1088,82729
138,1152,82763
138,1216,82759
138,1280,82864
138,1344,82908
138,1408,82897
138,1472,82928
138,1536,82933
138,1600,82959
138,1664,82950
138,1728,82970
138,1792,83150
138,1856,83180
138,1920,83190
138,1984,83197
138,2048,83274
139,0,2760
139,64,2785
139,128,10072
139,192,82585
139,256,82527
139,320,82531
139,384,82581
139,448,82592
139,512,82578
139,576,82618
139,640,82647
139,704,82741
139,768,82724
139,832,82715
139,896,82731
139,960,82739
139,1024,82718
139,1088,82729
139,1152,82763
139,1216,82759
139,1280,82864
139,1344,82908
139,1408,82897
139,1472,82928
139,1536,82933
139,1600,82959
139,1664,82950
139,1728,82970
139,1792,83150
139,1856,83180
139,1920,83190
139,1984,83197
139,2048,83274
140,0,2760
140,64,2785
140,128,10072
140,192,82585
140,256,82527
140,320,82531
140,384,82581
140,448,82592
140,512,82578
140,576,82618
140,640,82647
140,704,82741
140,768,82724
140,832,82715
140,896,82731
140,960,82739
140,1024,82718
140,1088,82729
140,1152,82763
140,1216,82759
140,1280,82864
140,1344,82908
140,1408,82897
140,1472,82928
140,1536,82933
140,1600,82959
140,1664,82950
140,1728,82970
140,1792,83150
140,1856,83180
140,1920,83190
140,1984,83197
140,2048,83274
141,0,2809
141,64,2814
141,128,10210
141,192,87197
141,256,87191
141,320,87190
141,384,87229
141,448,87235
141,512,87241
141,576,87275
141,640,87309
141,704,87316
141,768,87452
141,832,87397
141,896,87412
141,960,87418
141,1024,87385
141,1088,87419
141,1152,87443
141,1216,87431
141,1280,87440
141,1344,87591
141,1408,87578
141,1472,87609
141,1536,87665
141,1600,87653
141,1664,87647
141,1728,87630
141,1792,87663
141,1856,87652
141,1920,87805
141,1984,87871
141,2048,87929
142,0,2809
142,64,2814
142,128,10210
142,192,87197
142,256,87191
142,320,87190
142,384,87229
142,448,87235
142,512,87241
142,576,87275
142,640,87309
142,704,87316
142,768,87452
142,832,87397
142,896,87412
142,960,87418
142,1024,87385
142,1088,87419
142,1152,87443
142,1216,87431
142,1280,87440
142,1344,87591
142,1408,87578
142,1472,87609
142,1536,87665
142,1600,87653
142,1664,87647
142,1728,87630
142,1792,87663
142,1856,87652
142,1920,87805
142,1984,87871
142,2048,87929
143,0,2809
143,64,2814
143,128,10210
143,192,87197
143,256,87191
143,320,87190
143,384,87229
143,448,87235
143,512,87241
143,576,87275
143,640,87309
143,704,87316
143,768,87452
143,832,87397
143,896,87412
143,960,87418
143,1024,87385
143,1088,87419
143,1152,87443
143,1216,87431
143,1280,87440
143,1344,87591
143,1408,87578
143,1472,87609
143,1536,87665
143,1600,87653
143,1664,87647
143,1728,87630
143,1792,87663
143,1856,87652
143,1920,87805
143,1984,87871
143,2048,87929
144,0,2809
144,64,2814
144,128,10210
144,192,87197
144,256,87191
144,320,87190
144,384,87229
144,448,87235
144,512,87241
144,576,87275
144,640,87309
144,704,87316
144,768,87452
144,832,87397
144,896,87412
144,960,87418
144,1024,87385
144,1088,87419
144,1152,87443
144,1216,87431
144,1280,87440
144,1344,87591
144,1408,87578
144,1472,87609
144,1536,87665
144,1600,87653
144,1664,87647
144,1728,87630
144,1792,87663
144,1856,87652
144,1920,87805
144,1984,87871
144,2048,87929
145,0,2813
145,64,2816
145,128,10252
145,192,87197
145,256,87191
145,320,87190
145,384,87229
145,448,87235
145,512,87241
145,576,87275
145,640,87309
145,704,87316
145,768,87452
145,832,87397
145,896,87412
145,960,87418
145,1024,87385
145,1088,87419
145,1152,87443
145,1216,87431
145,1280,87440
145,1344,87591
145,1408,87578
145,1472,87609
145,1536,87665
145,1600,87653
145,1664,87647
145,1728,87630
145,1792,87663
145,1856,87652
145,1920,87805
145,1984,87871
145,2048,87929
146,0,2813
146,64,2816
146,128,10252
146,192,87197
146,256,87191
146,320,87190
146,384,87229
146,448,87235
146,512,87241
146,576,87275
146,640,87309
146,704,87316
146,768,87452
146,832,87397
146,896,87412
146,960,87418
146,1024,87385
146,1088,87419
146,1152,87443
146,1216,87431
146,1280,87440
146,1344,87591
146,1408,87578
146,1472,87609
146,1536,87665
146,1600,87653
146,1664,87647
146,1728,87630
146,1792,87663
146,1856,87652
146,1920,87805
146,1984,87871
146,2048,87929
147,0,2813
147,64,2816
147,128,10252
147,192,87197
147,256,87191
147,320,87190
147,384,87229
147,448,87235
147,512,87241
147,576,87275
147,640,87309
147,704,87316
147,768,87452
147,832,87397
147,896,87412
147,960,87418
147,1024,87385
147,1088,87419
147,1152,87443
147,1216,87431
147,1280,87440
147,1344,87591
147,1408,87578
147,1472,87609
147,1536,87665
147,1600,87653
147,1664,87647
147,1728,87630
147,1792,87663
147,1856,87652
147,1920,87805
147,1984,87871
147,2048,87929
148,0,2813
148,64,2816
148,128,10252
148,192,87197
148,256,87191
148,320,87190
148,384,87229
148,448,87235
148,512,87241
148,576,87275
148,640,87309
148,704,87316
148,768,87452
148,832,87397
148,896,87412
148,960,87418
148,1024,87385
148,1088,87419
148,1152,87443
148,1216,87431
148,1280,87440
148,1344,87591
148,1408,87578
148,1472,87609
148,1536,87665
148,1600,87653
148,1664,87647
148,1728,87630
148,1792,87663
148,1856,87652
148,1920,87805
148,1984,87871
148,2048,87929
149,0,2853
149,64,2857
149,128,9552
149,192,91536
149,256,91815
149,320,91871
149,384,91888
149,448,91846
149,512,91895
149,576,91917
149,640,91914
149,704,91955
149,768,92073
149,832,92063
149,896,92062
149,960,92095
149,1024,92064
149,1088,92074
149,1152,92119
149,1216,92125
149,1280,92100
149,1344,92107
149,1408,92201
149,1472,92283
149,1536,92288
149,1600,92270
149,1664,92300
149,1728,92300
149,1792,92328
149,1856,92303
149,1920,92315
149,1984,92448
149,2048,92535
150,0,2853
150,64,2857
150,128,9552
150,192,91536
150,256,91815
150,320,91871
150,384,91888
150,448,91846
150,512,91895
150,576,91917
150,640,91914
150,704,91955
150,768,92073
150,832,92063
150,896,92062
150,960,92095
150,1024,92064
150,1088,92074
150,1152,92119
150,1216,92125
150,1280,92100
150,1344,92107
150,1408,92201
150,1472,92283
150,1536,92288
150,1600,92270
150,1664,92300
150,1728,92300
150,1792,92328
150,1856,92303
150,1920,92315
150,1984,92448
150,2048,92535
151,0,2853
151,64,2857
151,128,9552
151,192,91536
151,256,91815
151,320,91871
151,384,91888
151,448,91846
151,512,91895
151,576,91917
151,640,91914
151,704,91955
151,768,92073
151,832,92063
151,896,92062
151,960,92095
151,1024,92064
151,1088,92074
151,1152,92119
151,1216,92125
151,1280,92100
151,1344,92107
151,1408,92201
151,1472,92283
151,1536,92288
151,1600,92270
151,1664,92300
151,1728,92300
151,1792,92328
151,1856,92303
151,1920,92315
151,1984,92448
151,2048,92535
152,0,2853
152,64,2857
152,128,9552
152,192,91536
152,256,91815
152,320,91871
152,384,91888
152,448,91846
152,512,91895
152,576,91917
152,640,91914
152,704,91955
152,768,92073
152,832,92063
152,896,92062
152,960,92095
152,1024,92064
152,1088,92074
152,1152,92119
152,1216,92125
152,1280,92100
152,1344,92107
152,1408,92201
152,1472,92283
152,1536,92288
152,1600,92270
152,1664,92300
152,1728,92300
152,1792,92328
152,1856,92303
152,1920,92315
152,1984,92448
152,2048,92535
153,0,2851
153,64,2855
153,128,8880
153,192,91573
153,256,91815
153,320,91871
153,384,91888
153,448,91846
153,512,91895
153,576,91917
153,640,91914
153,704,91955
153,768,92073
153,832,92063
153,896,92062
153,960,92095
153,1024,92064
153,1088,92074
153,1152,92119
153,1216,92125
153,1280,92100
153,1344,92107
153,1408,92201
153,1472,92283
153,1536,92288
153,1600,92270
153,1664,92300
153,1728,92300
153,1792,92328
153,1856,92303
153,1920,92315
153,1984,92448
153,2048,92535
154,0,2851
154,64,2855
154,128,8880
154,192,91573
154,256,91815
154,320,91871
154,384,91888
154,448,91846
154,512,91895
154,576,91917
154,640,91914
154,704,91955
154,768,92073
154,832,92063
154,896,92062
154,960,92095
154,1024,92064
154,1088,92074
154,1152,92119
154,1216,92125
154,1280,92100
154,1344,92107
154,1408,92201
154,1472,92283
154,1536,92288
154,1600,92270
154,1664,92300
154,1728,92300
154,1792,92328
154,1856,92303
154,1920,92315
154,1984,92448
154,2048,92535
155,0,2851
155,64,2855
155,128,8880
155,192,91573
155,256,91815
155,320,91871
155,384,91888
155,448,91846
155,512,91895
155,576,91917
155,640,91914
155,704,91955
155,768,92073
155,832,92063
155,896,92062
155,960,92095
155,1024,92064
155,1088,92074
155,1152,92119
155,1216,92125
155,1280,92100
155,1344,92107
155,1408,92201
155,1472,92283
155,1536,92288
155,1600,92270
155,1664,92300
155,1728,92300
155,1792,92328
155,1856,92303
155,1920,92315
155,1984,92448
155,2048,92535
156,0,2851
156,64,2855
156,128,8880
156,192,91573
156,256,91815
156,320,91871
156,384,91888
156,448,91846
156,512,91895
156,576,91917
156,640,91914
156,704,91955
156,768,92073
156,832,92063
156,896,92062
156,960,92095
156,1024,92064
156,1088,92074
156,1152,92119
156,1216,92125
156,1280,92100
156,1344,92107
156,1408,92201
156,1472,92283
156,1536,92288
156,1600,92270
156,1664,92300
156,1728,92300
156,1792,92328
156,1856,92303
156,1920,92315
156,1984,92448
156,2048,92535
157,0,3177
157,64,3175
157,128,6182
157,192,95918
157,256,96485
157,320,96506
157,384,96563
157,448,96514
157,512,96541
157,576,96562
157,640,96576
157,704,96592
157,768,96612
157,832,96746
157,896,96720
157,960,96742
157,1024,96737
157,1088,96736
157,1152,96776
157,1216,96788
157,1280,96752
157,1344,96742
157,1408,96763
157,1472,96942
157,1536,97010
157,1600,96953
157,1664,96972
157,1728,96968
157,1792,97002
157,1856,96976
157,1920,96961
157,1984,96963
157,2048,97002
158,0,3177
158,64,3175
158,128,6182
158,192,95918
158,256,96485
158,320,96506
158,384,96563
158,448,96514
158,512,96541
158,576,96562
158,640,96576
158,704,96592
158,768,96612
158,832,96746
158,896,96720
158,960,96742
158,1024,96737
158,1088,96736
158,1152,96776
158,1216,96788
158,1280,96752
158,1344,96742
158,1408,96763
158,1472,96942
158,1536,97010
158,1600,96953
158,1664,96972
158,1728,96968
158,1792,97002
158,1856,96976
158,1920,96961
158,1984,96963
158,2048,97002
159,0,3177
159,64,3175
159,128,6182
159,192,95918
159,256,96485
159,320,96506
159,384,96563
159,448,96514
159,512,96541
159,576,96562
159,640,96576
159,704,96592
159,768,96612
159,832,96746
159,896,96720
159,960,96742
159,1024,96737
159,1088,96736
159,1152,96776
159,1216,96788
159,1280,96752
159,1344,96742
159,1408,96763
159,1472,96942
159,1536,97010
159,1600,96953
159,1664,96972
159,1728,96968
159,1792,97002
159,1856,96976
159,1920,96961
159,1984,96963
159,2048,97002
160,0,3177
160,64,3175
160,128,6182
160,192,95918
160,256,96485
160,320,96506
160,384,96563
160,448,96514
160,512,96541
160,576,96562
160,640,96576
160,704,96592
160,768,96612
160,832,96746
160,896,96720
160,960,96742
160,1024,96737
160,1088,96736
160,1152,96776
160,1216,96788
160,1280,96752
160,1344,96742
160,1408,96763
160,1472,96942
160,1536,97010
160,1600,96953
160,1664,96972
160,1728,96968
160,1792,97002
160,1856,96976
160,1920,96961
160,1984,96963
160,2048,97002
161,0,3176
161,64,3175
161,128,6181
161,192,96253
161,256,96485
161,320,96506
161,384,96563
161,448,96514
161,512,96541
161,576,96562
161,640,96576
161,704,96592
161,768,96612
161,832,96746
161,896,96720
161,960,96742
161,1024,96737
161,1088,96736
161,1152,96776
161,1216,96788
161,1280,96752
161,1344,96742
161,1408,96763
161,1472,96942
161,1536,97010
161,1600,96953
161,1664,96972
161,1728,96968
161,1792,97002
161,1856,96976
161,1920,96961
161,1984,96963
161,2048,97002
162,0,3176
162,64,3175
162,128,6181
162,192,96253
162,256,96485
162,320,96506
162,384,96563
162,448,96514
162,512,96541
162,576,96562
162,640,96576
162,704,96592
162,768,96612
162,832,96746
162,896,96720
162,960,96742
162,1024,96737
162,1088,96736
162,1152,96776
162,1216,96788
162,1280,96752
162,1344,96742
162,1408,96763
162,1472,96942
162,1536,97010
162,1600,96953
162,1664,96972
162,1728,96968
162,1792,97002
162,1856,96976
162,1920,96961
162,1984,96963
162,2048,97002
163,0,3176
163,64,3175
163,128,6181
163,192,96253
163,256,96485
163,320,96506
163,384,96563
163,448,96514
163,512,96541
163,576,96562
163,640,96576
163,704,96592
163,768,96612
163,832,96746
163,896,96720
163,960,96742
163,1024,96737
163,1088,96736
163,1152,96776
163,1216,96788
163,1280,96752
163,1344,96742
163,1408,96763
163,1472,96942
163,1536,97010
163,1600,96953
163,1664,96972
163,1728,96968
163,1792,97002
163,1856,96976
163,1920,96961
163,1984,96963
163,2048,97002
164,0,3176
164,64,3175
164,128,6181
164,192,96253
164,256,96485
164,320,96506
164,384,96563
164,448,96514
164,512,96541
164,576,96562
164,640,96576
164,704,96592
164,768,96612
164,832,96746
164,896,96720
164,960,96742
164,1024,96737
164,1088,96736
164,1152,96776
164,1216,96788
164,1280,96752
164,1344,96742
164,1408,96763
164,1472,96942
164,1536,97010
164,1600,96953
164,1664,96972
164,1728,96968
164,1792,97002
164,1856,96976
164,1920,96961
164,1984,96963
164,2048,97002
165,0,2836
165,64,2852
165,128,3602
165,192,99722
165,256,101103
165,320,101100
165,384,101175
165,448,101140
165,512,101158
165,576,101177
165,640,101216
165,704,101205
165,768,101252
165,832,101231
165,896,101349
165,960,101372
165,1024,101377
165,1088,101375
165,1152,101396
165,1216,101401
165,1280,101382
165,1344,101373
165,1408,101360
165,1472,101410
165,1536,101572
165,1600,101583
165,1664,101628
165,1728,101615
165,1792,101642
165,1856,101618
165,1920,101629
165,1984,101612
165,2048,101621
166,0,2836
166,64,2852
166,128,3602
166,192,99722
166,256,101103
166,320,101100
166,384,101175
166,448,101140
166,512,101158
166,576,101177
166,640,101216
166,704,101205
166,768,101252
166,832,101231
166,896,101349
166,960,101372
166,1024,101377
166,1088,101375
166,1152,101396
166,1216,101401
166,1280,101382
166,1344,101373
166,1408,101360
166,1472,101410
166,1536,101572
166,1600,101583
166,1664,101628
166,1728,101615
166,1792,101642
166,1856,101618
166,1920,101629
166,1984,101612
166,2048,101621
167,0,2836
167,64,2852
167,128,3602
167,192,99722
167,256,101103
167,320,101100
167,384,101175
167,448,101140
167,512,101158
167,576,101177
167,640,101216
167,704,101205
167,768,101252
167,832,101231
167,896,101349
167,960,101372
167,1024,101377
167,1088,101375
167,1152,101396
167,1216,101401
167,1280,101382
167,1344,101373
167,1408,101360
167,1472,101410
167,1536,101572
167,1600,101583
167,1664,101628
167,1728,101615
167,1792,101642
167,1856,101618
167,1920,101629
167,1984,101612
167,2048,101621
168,0,2836
168,64,2852
168,128,3602
168,192,99722
168,256,101103
168,320,101100
168,384,101175
168,448,101140
168,512,101158
168,576,101177
168,640,101216
168,704,101205
168,768,101252
168,832,101231
168,896,101349
168,960,101372
168,1024,101377
168,1088,101375
168,1152,101396
168,1216,101401
168,1280,101382
168,1344,101373
168,1408,101360
168,1472,101410
168,1536,101572
168,1600,101583
168,1664,101628
168,1728,101615
168,1792,101642
168,1856,101618
168,1920,101629
168,1984,101612
168,2048,101621
169,0,2838
169,64,2853
169,128,3229
169,192,100129
169,256,101103
169,320,101100
169,384,101175
169,448,101140
169,512,101158
169,576,101177
169,640,101216
169,704,101205
169,768,101252
169,832,101231
169,896,101349
169,960,101372
169,1024,101377
169,1088,101375
169,1152,101396
169,1216,101401
169,1280,101382
169,1344,101373
169,1408,101360
169,1472,101410
169,1536,101572
169,1600,101583
169,1664,101628
169,1728,101615
169,1792,101642
169,1856,101618
169,1920,101629
169,1984,101612
169,2048,101621
170,0,2838
170,64,2853
170,128,3229
170,192,100129
170,256,101103
170,320,101100
170,384,101175
170,448,101140
170,512,101158
170,576,101177
170,640,101216
170,704,101205
170,768,101252
170,832,101231
170,896,101349
170,960,101372
170,1024,101377
170,1088,101375
170,1152,101396
170,1216,101401
170,1280,101382
170,1344,101373
170,1408,101360
170,1472,101410
170,1536,101572
170,1600,101583
170,1664,101628
170,1728,101615
170,1792,101642
170,1856,101618
170,1920,101629
170,1984,101612
170,2048,101621
171,0,2838
171,64,2853
171,128,3229
171,192,100129
171,256,101103
171,320,101100
171,384,101175
171,448,101140
171,512,101158
171,576,101177
171,640,101216
171,704,101205
171,768,101252
171,832,101231
171,896,101349
171,960,101372
171,1024,101377
171,1088,101375
171,1152,101396
171,1216,101401
171,1280,101382
171,1344,101373
171,1408,101360
171,1472,101410
171,1536,101572
171,1600,101583
171,1664,101628
171,1728,101615
171,1792,101642
171,1856,101618
171,1920,101629
171,1984,101612
171,2048,101621
172,0,2838
172,64,2853
172,128,3229
172,192,100129
172,256,101103
172,320,101100
172,384,101175
172,448,101140
172,512,101158
172,576,101177
172,640,101216
172,704,101205
172,768,101252
172,832,101231
172,896,101349
172,960,101372
172,1024,101377
172,1088,101375
172,1152,101396
172,1216,101401
172,1280,101382
172,1344,101373
172,1408,101360
172,1472,101410
172,1536,101572
172,1600,101583
172,1664,101628
172,1728,101615
172,1792,101642
172,1856,101618
172,1920,101629
172,1984,101612
172,2048,101621
173,0,3282
173,64,3290
173,128,3289
173,192,102465
173,256,105733
173,320,105752
173,384,105781
173,448,105756
173,512,105762
173,576,105828
173,640,105844
173,704,105832
173,768,105875
173,832,105853
173,896,105964
173,960,106019
173,1024,106020
173,1088,105996
173,1152,106009
173,1216,106033
173,1280,106020
173,1344,106012
173,1408,105996
173,1472,106032
173,1536,106061
173,1600,106185
173,1664,106268
173,1728,106241
173,1792,106255
173,1856,106244
173,1920,106242
173,1984,106260
173,2048,106266
174,0,3282
174,64,3290
174,128,3289
174,192,102465
174,256,105733
174,320,105752
174,384,105781
174,448,105756
174,512,105762
174,576,105828
174,640,105844
174,704,105832
174,768,105875
174,832,105853
174,896,105964
174,960,106019
174,1024,106020
174,1088,105996
174,1152,106009
174,1216,106033
174,1280,106020
174,1344,106012
174,1408,105996
174,1472,106032
174,1536,106061
174,1600,106185
174,1664,106268
174,1728,106241
174,1792,106255
174,1856,106244
174,1920,106242
174,1984,106260
174,2048,106266
175,0,3282
175,64,3290
175,128,3289
175,192,102465
175,256,105733
175,320,105752
175,384,105781
175,448,105756
175,512,105762
175,576,105828
175,640,105844
175,704,105832
175,768,105875
175,832,105853
175,896,105964
175,960,106019
175,1024,106020
175,1088,105996
175,1152,106009
175,1216,106033
175,1280,106020
175,1344,106012
175,1408,105996
175,1472,106032
175,1536,106061
175,1600,106185
175,1664,106268
175,1728,106241
175,1792,106255
175,1856,106244
175,1920,106242
175,1984,106260
175,2048,106266
176,0,3282
176,64,3290
176,128,3289
176,192,102465
176,256,105733
176,320,105752
176,384,105781
176,448,105756
176,512,105762
176,576,105828
176,640,105844
176,704,105832
176,768,105875
176,832,105853
176,896,105964
176,960,106019
176,1024,106020
176,1088,105996
176,1152,106009
176,1216,106033
176,1280,106020
176,1344,106012
176,1408,105996
176,1472,106032
176,1536,106061
176,1600,106185
176,1664,106268
176,1728,106241
176,1792,106255
176,1856,106244
176,1920,106242
176,1984,106260
176,2048,106266
177,0,3285
177,64,3292
177,128,3291
177,192,103245
177,256,105733
177,320,105752
177,384,105781
177,448,105756
177,512,105762
177,576,105828
177,640,105844
177,704,105832
177,768,105875
177,832,105853
177,896,105964
177,960,106019
177,1024,106020
177,1088,105996
177,1152,106009
177,1216,106033
177,1280,106020
177,1344,106012
177,1408,105996
177,1472,106032
177,1536,106061
177,1600,106185
177,1664,106268
177,1728,106241
177,1792,106255
177,1856,106244
177,1920,106242
177,1984,106260
177,2048,106266
178,0,3285
178,64,3292
178,128,3291
178,192,103245
178,256,105733
178,320,105752
178,384,105781
178,448,105756
178,512,105762
178,576,105828
178,640,105844
178,704,105832
178,768,105875
178,832,105853
178,896,105964
178,960,106019
178,1024,106020
178,1088,105996
178,1152,106009
178,1216,106033
178,1280,106020
178,1344,106012
178,1408,105996
178,1472,106032
178,1536,106061
178,1600,106185
178,1664,106268
178,1728,106241
178,1792,106255
178,1856,106244
178,1920,106242
178,1984,106260
178,2048,106266
179,0,3285
179,64,3292
179,128,3291
179,192,103245
179,256,105733
179,320,105752
179,384,105781
179,448,105756
179,512,105762
179,576,105828
179,640,105844
179,704,105832
179,768,105875
179,832,105853
179,896,105964
179,960,106019
179,1024,106020
179,1088,105996
179,1152,106009
179,1216,106033
179,1280,106020
179,1344,106012
179,1408,105996
179,1472,106032
179,1536,106061
179,1600,106185
179,1664,106268
179,1728,106241
179,1792,106255
179,1856,106244
179,1920,106242
179,1984,106260
179,2048,106266
180,0,3285
180,64,3292
180,128,3291
180,192,103245
180,256,105733
180,320,105752
180,384,105781
180,448,105756
180,512,105762
180,576,105828
180,640,105844
180,704,105832
180,768,105875
180,832,105853
180,896,105964
180,960,106019
180,1024,106020
180,1088,105996
180,1152,106009
180,1216,106033
180,1280,106020
180,1344,106012
180,1408,105996
180,1472,106032
180,1536,106061
180,1600,106185
180,1664,106268
180,1728,106241
180,1792,106255
180,1856,106244
180,1920,106242
180,1984,106260
180,2048,106266
181,0,2925
181,64,2924
181,128,2901
181,192,102374
181,256,110389
181,320,110421
181,384,110449
181,448,110400
181,512,110410
181,576,110481
181,640,110506
181,704,110505
181,768,110550
181,832,110524
181,896,110550
181,960,110688
181,1024,110718
181,1088,110718
181,1152,110719
181,1216,110736
181,1280,110713
181,1344,110692
181,1408,110690
181,1472,110713
181,1536,110739
181,1600,110745
181,1664,110890
181,1728,110928
181,1792,110945
181,1856,110929
181,1920,110899
181,1984,110930
181,2048,110960
182,0,2925
182,64,2924
182,128,2901
182,192,102374
182,256,110389
182,320,110421
182,384,110449
182,448,110400
182,512,110410
182,576,110481
182,640,110506
182,704,110505
182,768,110550
182,832,110524
182,896,110550
182,960,110688
182,1024,110718
182,1088,110718
182,1152,110719
182,1216,110736
182,1280,110713
182,1344,110692
182,1408,110690
182,1472,110713
182,1536,110739
182,1600,110745
182,1664,110890
182,1728,110928
182,1792,110945
182,1856,110929
182,1920,110899
182,1984,110930
182,2048,110960
183,0,2925
183,64,2924
183,128,2901
183,192,102374
183,256,110389
183,320,110421
183,384,110449
183,448,110400
183,512,110410
183,576,110481
183,640,110506
183,704,110505
183,768,110550
183,832,110524
183,896,110550
183,960,110688
183,1024,110718
183,1088,110718
183,1152,110719
183,1216,110736
183,1280,110713
183,1344,110692
183,1408,110690
183,1472,110713
183,1536,110739
183,1600,110745
183,1664,110890
183,1728,110928
183,1792,110945
183,1856,110929
183,1920,110899
183,1984,110930
183,2048,110960
184,0,2925
184,64,2924
184,128,2901
184,192,102374
184,256,110389
184,320,110421
184,384,110449
184,448,110400
184,512,110410
184,576,110481
184,640,110506
184,704,110505
184,768,110550
184,832,110524
184,896,110550
184,960,110688
184,1024,110718
184,1088,110718
184,1152,110719
184,1216,110736
184,1280,110713
184,1344,110692
184,1408,110690
184,1472,110713
184,1536,110739
184,1600,110745
184,1664,110890
184,1728,110928
184,1792,110945
184,1856,110929
184,1920,110899
184,1984,110930
184,2048,110960
185,0,2925
185,64,2925
185,128,2901
185,192,102197
185,256,110389
185,320,110421
185,384,110449
185,448,110400
185,512,110410
185,576,110481
185,640,110506
185,704,110505
185,768,110550
185,832,110524
185,896,110550
185,960,110688
185,1024,110718
185,1088,110718
185,1152,110719
185,1216,110736
185,1280,110713
185,1344,110692
185,1408,110690
185,1472,110713
185,1536,110739
185,1600,110745
185,1664,110890
185,1728,110928
185,1792,110945
185,1856,110929
185,1920,110899
185,1984,110930
185,2048,110960
186,0,2925
186,64,2925
186,128,2901
186,192,102197
186,256,110389
186,320,110421
186,384,110449
186,448,110400
186,512,110410
186,576,110481
186,640,110506
186,704,110505
186,768,110550
186,832,110524
186,896,110550
186,960,110688
186,1024,110718
186,1088,110718
186,1152,110719
186,1216,110736
186,1280,110713
186,1344,110692
186,1408,110690
186,1472,110713
186,1536,110739
186,1600,110745
186,1664,110890
186,1728,110928
186,1792,110945
186,1856,110929
186,1920,110899
186,1984,110930
186,2048,110960
187,0,2925
187,64,2925
187,128,2901
187,192,102197
187,256,110389
187,320,110421
187,384,110449
187,448,110400
187,512,110410
187,576,110481
187,640,110506
187,704,110505
187,768,110550
187,832,110524
187,896,110550
187,960,110688
187,1024,110718
187,1088,110718
187,1152,110719
187,1216,110736
187,1280,110713
187,1344,110692
187,1408,110690
187,1472,110713
187,1536,110739
187,1600,110745
187,1664,110890
187,1728,110928
187,1792,110945
187,1856,110929
187,1920,110899
187,1984,110930
187,2048,110960
188,0,2925
188,64,2925
188,128,2901
188,192,102197
188,256,110389
188,320,110421
188,384,110449
188,448,110400
188,512,110410
188,576,110481
188,640,110506
188,704,110505
188,768,110550
188,832,110524
188,896,110550
188,960,110688
188,1024,110718
188,1088,110718
188,1152,110719
188,1216,110736
188,1280,110713
188,1344,110692
188,1408,110690
188,1472,110713
188,1536,110739
188,1600,110745
188,1664,110890
188,1728,110928
188,1792,110945
188,1856,110929
188,1920,110899
188,1984,110930
188,2048,110960
189,0,2895
189,64,2889
189,128,3331
189,192,97027
189,256,115032
189,320,115037
189,384,115037
189,448,115017
189,512,115037
189,576,115096
189,640,115149
189,704,115135
189,768,115158
189,832,115163
189,896,115162
189,960,115304
189,1024,115334
189,1088,115351
189,1152,115354
189,1216,115334
189,1280,115329
189,1344,115346
189,1408,115339
189,1472,115367
189,1536,115344
189,1600,115332
189,1664,115347
189,1728,115498
189,1792,115572
189,1856,115580
189,1920,115557
189,1984,115546
189,2048,115591
190,0,2895
190,64,2889
190,128,3331
190,192,97027
190,256,115032
190,320,115037
190,384,115037
190,448,115017
190,512,115037
190,576,115096
190,640,115149
190,704,115135
190,768,115158
190,832,115163
190,896,115162
190,960,115304
190,1024,115334
190,1088,115351
190,1152,115354
190,1216,115334
190,1280,115329
190,1344,115346
190,1408,115339
190,1472,115367
190,1536,115344
190,1600,115332
190,1664,115347
190,1728,115498
190,1792,115572
190,1856,115580
190,1920,115557
190,1984,115546
190,2048,115591
191,0,2895
191,64,2889
191,128,3331
191,192,97027
191,256,115032
191,320,115037
191,384,115037
191,448,115017
191,512,115037
191,576,115096
191,640,115149
191,704,115135
191,768,115158
191,832,115163
191,896,115162
191,960,115304
191,1024,115334
191,1088,115351
191,1152,115354
191,1216,115334
191,1280,115329
191,1344,115346
191,1408,115339
191,1472,115367
191,1536,115344
191,1600,115332
191,1664,115347
191,1728,115498
191,1792,115572
191,1856,115580
191,1920,115557
191,1984,115546
191,2048,115591
192,0,2895
192,64,2889
192,128,3331
192,192,97027
192,256,115032
192,320,115037
192,384,115037
192,448,115017
192,512,115037
192,576,115096
192,640,115149
192,704,115135
192,768,115158
192,832,115163
192,896,115162
192,960,115304
192,1024,115334
192,1088,115351
192,1152,115354
192,1216,115334
192,1280,115329
192,1344,115346
192,1408,115339
192,1472,115367
192,1536,115344
192,1600,115332
192,1664,115347
192,1728,115498
192,1792,115572
192,1856,115580
192,1920,115557
192,1984,115546
192,2048,115591
193,0,2894
193,64,2888
193,128,3331
193,192,88554
193,256,115032
193,320,115037
193,384,115037
193,448,115017
193,512,115037
193,576,115096
193,640,115149
193,704,115135
193,768,115158
193,832,115163
193,896,115162
193,960,115304
193,1024,115334
193,1088,115351
193,1152,115354
193,1216,115334
193,1280,115329
193,1344,115346
193,1408,115339
193,1472,115367
193,1536,115344
193,1600,115332
193,1664,115347
193,1728,115498
193,1792,115572
193,1856,115580
193,1920,115557
193,1984,115546
193,2048,115591
194,0,2894
194,64,2888
194,128,3331
194,192,88554
194,256,115032
194,320,115037
194,384,115037
194,448,115017
194,512,115037
194,576,115096
194,640,115149
194,704,115135
194,768,115158
194,832,115163
194,896,115162
194,960,115304
194,1024,115334
194,1088,115351
194,1152,115354
194,1216,115334
194,1280,115329
194,1344,115346
194,1408,115339
194,1472,115367
194,1536,115344
194,1600,115332
194,1664,115347
194,1728,115498
194,1792,115572
194,1856,115580
194,1920,115557
194,1984,115546
194,2048,115591
195,0,2894
195,64,2888
195,128,3331
195,192,88554
195,256,115032
195,320,115037
195,384,115037
195,448,115017
195,512,115037
195,576,115096
195,640,115149
195,704,115135
195,768,115158
195,832,115163
195,896,115162
195,960,115304
195,1024,115334
195,1088,115351
195,1152,115354
195,1216,115334
195,1280,115329
195,1344,115346
195,1408,115339
195,1472,115367
195,1536,115344
195,1600,115332
195,1664,115347
195,1728,115498
195,1792,115572
195,1856,115580
195,1920,115557
195,1984,115546
195,2048,115591
196,0,2894
196,64,2888
196,128,3331
196,192,88554
196,256,115032
196,320,115037
196,384,115037
196,448,115017
196,512,115037
196,576,115096
196,640,115149
196,704,115135
196,768,115158
196,832,115163
196,896,115162
196,960,115304
196,1024,115334
196,1088,115351
196,1152,115354
196,1216,115334
196,1280,115329
196,1344,115346
196,1408,115339
196,1472,115367
196,1536,115344
196,1600,115332
196,1664,115347
196,1728,115498
196,1792,115572
196,1856,115580
196,1920,115557
196,1984,115546
196,2048,115591
197,0,2915
197,64,2921
197,128,2909
197,192,32082
197,256,119676
197,320,119672
197,384,119711
197,448,119687
197,512,119707
197,576,119710
197,640,119772
197,704,119790
197,768,119777
197,832,119821
197,896,119839
197,960,119804
197,1024,119963
197,1088,120011
197,1152,120014
197,1216,120000
197,1280,119980
197,1344,119996
197,1408,120020
197,1472,120048
197,1536,120036
197,1600,120011
197,1664,120023
197,1728,120037
197,1792,120059
197,1856,120199
197,1920,120226
197,1984,120225
197,2048,120246
198,0,2915
198,64,2921
198,128,2909
198,192,32082
198,256,119676
198,320,119672
198,384,119711
198,448,119687
198,512,119707
198,576,119710
198,640,119772
198,704,119790
198,768,119777
198,832,119821
198,896,119839
198,960,119804
198,1024,119963
198,1088,120011
198,1152,120014
198,1216,120000
198,1280,119980
198,1344,119996
198,1408,120020
198,1472,120048
198,1536,120036
198,1600,120011
198,1664,120023
198,1728,120037
198,1792,120059
198,1856,120199
198,1920,120226
198,1984,120225
198,2048,120246
199,0,2915
199,64,2921
199,128,2909
199,192,32082
199,256,119676
199,320,119672
199,384,119711
199,448,119687
199,512,119707
199,576,119710
199,640,119772
199,704,119790
199,768,119777
199,832,119821
199,896,119839
199,960,119804
199,1024,119963
199,1088,120011
199,1152,120014
199,1216,120000
199,1280,119980
199,1344,119996
199,1408,120020
199,1472,120048
199,1536,120036
199,1600,120011
199,1664,120023
199,1728,120037
199,1792,120059
199,1856,120199
199,1920,120226
199,1984,120225
199,2048,120246
200,0,2915
200,64,2921
200,128,2909
200,192,32082
200,256,119676
200,320,119672
200,384,119711
200,448,119687
200,512,119707
200,576,119710
200,640,119772
200,704,119790
200,768,119777
200,832,119821
200,896,119839
200,960,119804
200,1024,119963
200,1088,120011
200,1152,120014
200,1216,120000
200,1280,119980
200,1344,119996
200,1408,120020
200,1472,120048
200,1536,120036
200,1600,120011
200,1664,120023
200,1728,120037
200,1792,120059
200,1856,120199
200,1920,120226
200,1984,120225
200,2048,120246
201,0,2916
201,64,2922
201,128,2910
201,192,16934
201,256,119676
201,320,119672
201,384,119711
201,448,119687
201,512,119707
201,576,119710
201,640,119772
201,704,119790
201,768,119777
201,832,119821
201,896,119839
201,960,119804
201,1024,119963
201,1088,120011
201,1152,120014
201,1216,120000
201,1280,119980
201,1344,119996
201,1408,120020
201,1472,120048
201,1536,120036
201,1600,120011
201,1664,120023
201,1728,120037
201,1792,120059
201,1856,120199
201,1920,120226
201,1984,120225
201,2048,120246
202,0,2916
202,64,2922
202,128,2910
202,192,16934
202,256,119676
202,320,119672
202,384,119711
202,448,119687
202,512,119707
202,576,119710
202,640,119772
202,704,119790
202,768,119777
202,832,119821
202,896,119839
202,960,119804
202,1024,119963
202,1088,120011
202,1152,120014
202,1216,120000
202,1280,119980
202,1344,119996
202,1408,120020
202,1472,120048
202,1536,120036
202,1600,120011
202,1664,120023
202,1728,120037
202,1792,120059
202,1856,120199
202,1920,120226
202,1984,120225
202,2048,120246
203,0,2916
203,64,2922
203,128,2910
203,192,16934
203,256,119676
203,320,119672
203,384,119711
203,448,119687
203,512,119707
203,576,119710
203,640,119772
203,704,119790
203,768,119777
203,832,119821
203,896,119839
203,960,119804
203,1024,119963
203,1088,120011
203,1152,120014
203,1216,120000
203,1280,119980
203,1344,119996
203,1408,120020
203,1472,120048
203,1536,120036
203,1600,120011
203,1664,120023
203,1728,120037
203,1792,120059
203,1856,120199
203,1920,120226
203,1984,120225
203,2048,120246
204,0,2916
204,64,2922
204,128,2910
204,192,16934
204,256,119676
204,320,119672
204,384,119711
204,448,119687
204,512,119707
204,576,119710
204,640,119772
204,704,119790
204,768,119777
204,832,119821
204,896,119839
204,960,119804
204,1024,119963
204,1088,120011
204,1152,120014
204,1216,120000
204,1280,119980
204,1344,119996
204,1408,120020
204,1472,120048
204,1536,120036
204,1600,120011
204,1664,120023
204,1728,120037
204,1792,120059
204,1856,120199
204,1920,120226
204,1984,120225
204,2048,120246
205,0,2956
205,64,2951
205,128,2925
205,192,7456
205,256,124265
205,320,124272
205,384,124288
205,448,124294
205,512,124288
205,576,124313
205,640,124374
205,704,124359
205,768,124395
205,832,124424
205,896,124413
205,960,124415
205,1024,124381
205,1088,124525
205,1152,124599
205,1216,124605
205,1280,124606
205,1344,124606
205,1408,124611
205,1472,124642
205,1536,124679
205,1600,124664
205,1664,124627
205,1728,124618
205,1792,124670
205,1856,124649
205,1920,124820
205,1984,124879
205,2048,124904
206,0,2956
206,64,2951
206,128,2925
206,192,7456
206,256,124265
206,320,124272
206,384,124288
206,448,124294
206,512,124288
206,576,124313
206,640,124374
206,704,124359
206,768,124395
206,832,124424
206,896,124413
206,960,124415
206,1024,124381
206,1088,124525
206,1152,124599
206,1216,124605
206,1280,124606
206,1344,124606
206,1408,124611
206,1472,124642
206,1536,124679
206,1600,124664
206,1664,124627
206,1728,124618
206,1792,124670
206,1856,124649
206,1920,124820
206,1984,124879
206,2048,124904
207,0,2956
207,64,2951
207,128,2925
207,192,7456
207,256,124265
207,320,124272
207,384,124288
207,448,124294
207,512,124288
207,576,124313
207,640,124374
207,704,124359
207,768,124395
207,832,124424
207,896,124413
207,960,124415
207,1024,124381
207,1088,124525
207,1152,124599
207,1216,124605
207,1280,124606
207,1344,124606
207,1408,124611
207,1472,124642
207,1536,124679
207,1600,124664
207,1664,124627
207,1728,124618
207,1792,124670
207,1856,124649
207,1920,124820
207,1984,124879
207,2048,124904
208,0,2956
208,64,2951
208,128,2925
208,192,7456
208,256,124265
208,320,124272
208,384,124288
208,448,124294
208,512,124288
208,576,124313
208,640,124374
208,704,124359
208,768,124395
208,832,124424
208,896,124413
208,960,124415
208,1024,124381
208,1088,124525
208,1152,124599
208,1216,124605
208,1280,124606
208,1344,124606
208,1408,124611
208,1472,124642
208,1536,124679
208,1600,124664
208,1664,124627
208,1728,124618
208,1792,124670
208,1856,124649
208,1920,124820
208,1984,124879
208,2048,124904
209,0,2957
209,64,2952
209,128,2927
209,192,5725
209,256,124265
209,320,124272
209,384,124288
209,448,124294
209,512,124288
209,576,124313
209,640,124374
209,704,124359
209,768,124395
209,832,124424
209,896,124413
209,960,124415
209,1024,124381
209,1088,124525
209,1152,124599
209,1216,124605
209,1280,124606
209,1344,124606
209,1408,124611
209,1472,124642
209,1536,124679
209,1600,124664
209,1664,124627
209,1728,124618
209,1792,124670
209,1856,124649
209,1920,124820
209,1984,124879
209,2048,124904
210,0,2957
210,64,2952
210,128,2927
210,192,5725
210,256,124265
210,320,124272
210,384,124288
210,448,124294
210,512,124288
210,576,124313
210,640,124374
210,704,124359
210,768,124395
210,832,124424
210,896,124413
210,960,124415
210,1024,124381
210,1088,124525
210,1152,124599
210,1216,124605
210,1280,124606
210,1344,124606
210,1408,124611
210,1472,124642
210,1536,124679
210,1600,124664
210,1664,124627
210,1728,124618
210,1792,124670
210,1856,124649
210,1920,124820
210,1984,124879
210,2048,124904
211,0,2957
211,64,2952
211,128,2927
211,192,5725
211,256,124265
211,320,124272
211,384,124288
211,448,124294
211,512,124288
211,576,124313
211,640,124374
211,704,124359
211,768,124395
211,832,124424
211,896,124413
211,960,124415
211,1024,124381
211,1088,124525
211,1152,124599
211,1216,124605
211,1280,124606
211,1344,124606
211,1408,124611
211,1472,124642
211,1536,124679
211,1600,124664
211,1664,124627
211,1728,124618
211,1792,124670
211,1856,124649
211,1920,124820
211,1984,124879
211,2048,124904
212,0,2957
212,64,2952
212,128,2927
212,192,5725
212,256,124265
212,320,124272
212,384,124288
212,448,124294
212,512,124288
212,576,124313
212,640,124374
212,704,124359
212,768,124395
212,832,124424
212,896,124413
212,960,124415
212,1024,124381
212,1088,124525
212,1152,124599
212,1216,124605
212,1280,124606
212,1344,124606
212,1408,124611
212,1472,124642
212,1536,124679
212,1600,124664
212,1664,124627
212,1728,124618
212,1792,124670
212,1856,124649
212,1920,124820
212,1984,124879
212,2048,124904
213,0,3006
213,64,3012
213,128,2986
213,192,5463
213,256,128900
213,320,128874
213,384,128919
213,448,128907
213,512,128901
213,576,128912
213,640,128951
213,704,129038
213,768,129017
213,832,128995
213,896,129033
213,960,129055
213,1024,128984
213,1088,129153
213,1152,129216
213,1216,129249
213,1280,129210
213,1344,129231
213,1408,129245
213,1472,129252
213,1536,129291
213,1600,129266
213,1664,129281
213,1728,129259
213,1792,129268
213,1856,129256
213,1920,129281
213,1984,129439
213,2048,129549
214,0,3006
214,64,3012
214,128,2986
214,192,5463
214,256,128900
214,320,128874
214,384,128919
214,448,128907
214,512,128901
214,576,128912
214,640,128951
214,704,129038
214,768,129017
214,832,128995
214,896,129033
214,960,129055
214,1024,128984
214,1088,129153
214,1152,129216
214,1216,129249
214,1280,129210
214,1344,129231
214,1408,129245
214,1472,129252
214,1536,129291
214,1600,129266
214,1664,129281
214,1728,129259
214,1792,129268
214,1856,129256
214,1920,129281
214,1984,129439
214,2048,129549
215,0,3006
215,64,3012
215,128,2986
215,192,5463
215,256,128900
215,320,128874
215,384,128919
215,448,128907
215,512,128901
215,576,128912
215,640,128951
215,704,129038
215,768,129017
215,832,128995
215,896,129033
215,960,129055
215,1024,128984
215,1088,129153
215,1152,129216
215,1216,129249
215,1280,129210
215,1344,129231
215,1408,129245
215,1472,129252
215,1536,129291
215,1600,129266
215,1664,129281
215,1728,129259
215,1792,129268
215,1856,129256
215,1920,129281
215,1984,129439
215,2048,129549
216,0,3006
216,64,3012
216,128,2986
216,192,5463
216,256,128900
216,320,128874
216,384,128919
216,448,128907
216,512,128901
216,576,128912
216,640,128951
216,704,129038
216,768,129017
216,832,128995
216,896,129033
216,960,129055
216,1024,128984
216,1088,129153
216,1152,129216
216,1216,129249
216,1280,129210
216,1344,129231
216,1408,129245
216,1472,129252
216,1536,129291
216,1600,129266
216,1664,129281
216,1728,129259
216,1792,129268
216,1856,129256
216,1920,129281
216,1984,129439
216,2048,129549
217,0,3006
217,64,3013
217,128,2987
217,192,5497
217,256,128900
217,320,128874
217,384,128919
217,448,128907
217,512,128901
217,576,128912
217,640,128951
217,704,129038
217,768,129017
217,832,128995
217,896,129033
217,960,129055
217,1024,128984
217,1088,129153
217,1152,129216
217,1216,129249
217,1280,129210
217,1344,129231
217,1408,129245
217,1472,129252
217,1536,129291
217,1600,129266
217,1664,129281
217,1728,129259
217,1792,129268
217,1856,129256
217,1920,129281
217,1984,129439
217,2048,129549
218,0,3006
218,64,3013
218,128,2987
218,192,5497
218,256,128900
218,320,128874
218,384,128919
218,448,128907
218,512,128901
218,576,128912
218,640,128951
218,704,129038
218,768,129017
218,832,128995
218,896,129033
218,960,129055
218,1024,128984
218,1088,129153
218,1152,129216
218,1216,129249
218,1280,129210
218,1344,129231
218,1408,129245
218,1472,129252
218,1536,129291
218,1600,129266
218,1664,129281
218,1728,129259
218,1792,129268
218,1856,129256
218,1920,129281
218,1984,129439
218,2048,129549
219,0,3006
219,64,3013
219,128,2987
219,192,5497
219,256,128900
219,320,128874
219,384,128919
219,448,128907
219,512,128901
219,576,128912
219,640,128951
219,704,129038
219,768,129017
219,832,128995
219,896,129033
219,960,129055
219,1024,128984
219,1088,129153
219,1152,129216
219,1216,129249
219,1280,129210
219,1344,129231
219,1408,129245
219,1472,129252
219,1536,129291
219,1600,129266
219,1664,129281
219,1728,129259
219,1792,129268
219,1856,129256
219,1920,129281
219,1984,129439
219,2048,129549
220,0,3006
220,64,3013
220,128,2987
220,192,5497
220,256,128900
220,320,128874
220,384,128919
220,448,128907
220,512,128901
220,576,128912
220,640,128951
220,704,129038
220,768,129017
220,832,128995
220,896,129033
220,960,129055
220,1024,128984
220,1088,129153
220,1152,129216
220,1216,129249
220,1280,129210
220,1344,129231
220,1408,129245
220,1472,129252
220,1536,129291
220,1600,129266
220,1664,129281
220,1728,129259
220,1792,129268
220,1856,129256
220,1920,129281
220,1984,129439
220,2048,129549
221,0,2978
221,64,2978
221,128,2955
221,192,6009
221,256,133444
221,320,133412
221,384,133486
221,448,133499
221,512,133528
221,576,133525
221,640,133521
221,704,133639
221,768,133615
221,832,133594
221,896,133641
221,960,133636
221,1024,133613
221,1088,133654
221,1152,133821
221,1216,133867
221,1280,133817
221,1344,133794
221,1408,133795
221,1472,133820
221,1536,133879
221,1600,133856
221,1664,133869
221,1728,133831
221,1792,133839
221,1856,133836
221,1920,133864
221,1984,133856
221,2048,134029
222,0,2978
222,64,2978
222,128,2955
222,192,6009
222,256,133444
222,320,133412
222,384,133486
222,448,133499
222,512,133528
222,576,133525
222,640,133521
222,704,133639
222,768,133615
222,832,133594
222,896,133641
222,960,133636
222,1024,133613
222,1088,133654
222,1152,133821
222,1216,133867
222,1280,133817
222,1344,133794
222,1408,133795
222,1472,133820
222,1536,133879
222,1600,133856
222,1664,133869
222,1728,133831
222,1792,133839
222,1856,133836
222,1920,133864
222,1984,133856
222,2048,134029
223,0,2978
223,64,2978
223,128,2955
223,192,6009
223,256,133444
223,320,133412
223,384,133486
223,448,133499
223,512,133528
223,576,133525
223,640,133521
223,704,133639
223,768,133615
223,832,133594
223,896,133641
223,960,133636
223,1024,133613
223,1088,133654
223,1152,133821
223,1216,133867
223,1280,133817
223,1344,133794
223,1408,133795
223,1472,133820
223,1536,133879
223,1600,133856
223,1664,133869
223,1728,133831
223,1792,133839
223,1856,133836
223,1920,133864
223,1984,133856
223,2048,134029
224,0,2978
224,64,2978
224,128,2955
224,192,6009
224,256,133444
224,320,133412
224,384,133486
224,448,133499
224,512,133528
224,576,133525
224,640,133521
224,704,133639
224,768,133615
224,832,133594
224,896,133641
224,960,133636
224,1024,133613
224,1088,133654
224,1152,133821
224,1216,133867
224,1280,133817
224,1344,133794
224,1408,133795
224,1472,133820
224,1536,133879
224,1600,133856
224,1664,133869
224,1728,133831
224,1792,133839
224,1856,133836
224,1920,133864
224,1984,133856
224,2048,134029
225,0,2977
225,64,2976
225,128,2955
225,192,4499
225,256,133444
225,320,133412
225,384,133486
225,448,133499
225,512,133528
225,576,133525
225,640,133521
225,704,133639
225,768,133615
225,832,133594
225,896,133641
225,960,133636
225,1024,133613
225,1088,133654
225,1152,133821
225,1216,133867
225,1280,133817
225,1344,133794
225,1408,133795
225,1472,133820
225,1536,133879
225,1600,133856
225,1664,133869
225,1728,133831
225,1792,133839
225,1856,133836
225,1920,133864
225,1984,133856
225,2048,134029
226,0,2977
226,64,2976
226,128,2955
226,192,4499
226,256,133444
226,320,133412
226,384,133486
226,448,133499
226,512,133528
226,576,133525
226,640,133521
226,704,133639
226,768,133615
226,832,133594
226,896,133641
226,960,133636
226,1024,133613
226,1088,133654
226,1152,133821
226,1216,133867
226,1280,133817
226,1344,133794
226,1408,133795
226,1472,133820
226,1536,133879
226,1600,133856
226,1664,133869
226,1728,133831
226,1792,133839
226,1856,133836
226,1920,133864
226,1984,133856
226,2048,134029
227,0,2977
227,64,2976
227,128,2955
227,192,4499
227,256,133444
227,320,133412
227,384,133486
227,448,133499
227,512,133528
227,576,133525
227,640,133521
227,704,133639
227,768,133615
227,832,133594
227,896,133641
227,960,133636
227,1024,133613
227,1088,133654
227,1152,133821
227,1216,133867
227,1280,133817
227,1344,133794
227,1408,133795
227,1472,133820
227,1536,133879
227,1600,133856
227,1664,133869
227,1728,133831
227,1792,133839
227,1856,133836
227,1920,133864
227,1984,133856
227,2048,134029
228,0,2977
228,64,2976
228,128,2955
228,192,4499
228,256,133444
228,320,133412
228,384,133486
228,448,133499
228,512,133528
228,576,133525
228,640,133521
228,704,133639
228,768,133615
228,832,133594
228,896,133641
228,960,133636
228,1024,133613
228,1088,133654
228,1152,133821
228,1216,133867
228,1280,133817
228,1344,133794
228,1408,133795
228,1472,133820
228,1536,133879
228,1600,133856
228,1664,133869
228,1728,133831
228,1792,133839
228,1856,133836
228,1920,133864
228,1984,133856
228,2048,134029
229,0,2992
229,64,2993
229,128,2986
229,192,2966
229,256,137968
229,320,138039
229,384,138041
229,448,138054
229,512,138046
229,576,138030
229,640,138088
229,704,138168
229,768,138194
229,832,138083
229,896,137965
229,960,138187
229,1024,138204
229,1088,138203
229,1152,138181
229,1216,138368
229,1280,138388
229,1344,138413
229,1408,138384
229,1472,138333
229,1536,138289
229,1600,138340
229,1664,138371
229,1728,138422
229,1792,138379
229,1856,138336
229,1920,138334
229,1984,138343
229,2048,138332
230,0,2992
230,64,2993
230,128,2986
230,192,2966
230,256,137968
230,320,138039
230,384,138041
230,448,138054
230,512,138046
230,576,138030
230,640,138088
230,704,138168
230,768,138194
230,832,138083
230,896,137965
230,960,138187
230,1024,138204
230,1088,138203
230,1152,138181
230,1216,138368
230,1280,138388
230,1344,138413
230,1408,138384
230,1472,138333
230,1536,138289
230,1600,138340
230,1664,138371
230,1728,138422
230,1792,138379
230,1856,138336
230,1920,138334
230,1984,138343
230,2048,138332
231,0,2992
231,64,2993
231,128,2986
231,192,2966
231,256,137968
231,320,138039
231,384,138041
231,448,138054
231,512,138046
231,576,138030
231,640,138088
231,704,138168
231,768,138194
231,832,138083
231,896,137965
231,960,138187
231,1024,138204
231,1088,138203
231,1152,138181
231,1216,138368
231,1280,138388
231,1344,138413
231,1408,138384
231,1472,138333
231,1536,138289
231,1600,138340
231,1664,138371
231,1728,138422
231,1792,138379
231,1856,138336
231,1920,138334
231,1984,138343
231,2048,138332
232,0,2992
232,64,2993
232,128,2986
232,192,2966
232,256,137968
232,320,138039
232,384,138041
232,448,138054
232,512,138046
232,576,138030
232,640,138088
232,704,138168
232,768,138194
232,832,138083
232,896,137965
232,960,138187
232,1024,138204
232,1088,138203
232,1152,138181
232,1216,138368
232,1280,138388
232,1344,138413
232,1408,138384
232,1472,138333
232,1536,138289
232,1600,138340
232,1664,138371
232,1728,138422
232,1792,138379
232,1856,138336
232,1920,138334
232,1984,138343
232,2048,138332
233,0,2992
233,64,2993
233,128,2990
233,192,2978
233,256,137968
233,320,138039
233,384,138041
233,448,138054
233,512,138046
233,576,138030
233,640,138088
233,704,138168
233,768,138194
233,832,138083
233,896,137965
233,960,138187
233,1024,138204
233,1088,138203
233,1152,138181
233,1216,138368
233,1280,138388
233,1344,138413
233,1408,138384
233,1472,138333
233,1536,138289
233,1600,138340
233,1664,138371
233,1728,138422
233,1792,138379
233,1856,138336
233,1920,138334
233,1984,138343
233,2048,138332
234,0,2992
234,64,2993
234,128,2990
234,192,2978
234,256,137968
234,320,138039
234,384,138041
234,448,138054
234,512,138046
234,576,138030
234,640,138088
234,704,138168
234,768,138194
234,832,138083
234,896,137965
234,960,138187
234,1024,138204
234,1088,138203
234,1152,138181
234,1216,138368
234,1280,138388
234,1344,138413
234,1408,138384
234,1472,138333
234,1536,138289
234,1600,138340
234,1664,138371
234,1728,138422
234,1792,138379
234,1856,138336
234,1920,138334
234,1984,138343
234,2048,138332
235,0,2992
235,64,2993
235,128,2990
235,192,2978
235,256,137968
235,320,138039
235,384,138041
235,448,138054
235,512,138046
235,576,138030
235,640,138088
235,704,138168
235,768,138194
235,832,138083
235,896,137965
235,960,138187
235,1024,138204
235,1088,138203
235,1152,138181
235,1216,138368
235,1280,138388
235,1344,138413
235,1408,138384
235,1472,138333
235,1536,138289
235,1600,138340
235,1664,138371
235,1728,138422
235,1792,138379
235,1856,138336
235,1920,138334
235,1984,138343
235,2048,138332
236,0,2992
236,64,2993
236,128,2990
236,192,2978
236,256,137968
236,320,138039
236,384,138041
236,448,138054
236,512,138046
236,576,138030
236,640,138088
236,704,138168
236,768,138194
236,832,138083
236,896,137965
236,960,138187
236,1024,138204
236,1088,138203
236,1152,138181
236,1216,138368
236,1280,138388
236,1344,138413
236,1408,138384
236,1472,138333
236,1536,138289
236,1600,138340
236,1664,138371
236,1728,138422
236,1792,138379
236,1856,138336
236,1920,138334
236,1984,138343
236,2048,138332
237,0,3036
237,64,3047
237,128,3042
237,192,3020
237,256,142395
237,320,142458
237,384,142466
237,448,141855
237,512,142460
237,576,142430
237,640,141689
237,704,142570
237,768,142541
237,832,142460
237,896,142193
237,960,142454
237,1024,142603
237,1088,142608
237,1152,142635
237,1216,142828
237,1280,142755
237,1344,142829
237,1408,142792
237,1472,142775
237,1536,142739
237,1600,142684
237,1664,142639
237,1728,142776
237,1792,142835
237,1856,142889
237,1920,142843
237,1984,142874
237,2048,142807
238,0,3036
238,64,3047
238,128,3042
238,192,3020
238,256,142395
238,320,142458
238,384,142466
238,448,141855
238,512,142460
238,576,142430
238,640,141689
238,704,142570
238,768,142541
238,832,142460
238,896,142193
238,960,142454
238,1024,142603
238,1088,142608
238,1152,142635
238,1216,142828
238,1280,142755
238,1344,142829
238,1408,142792
238,1472,142775
238,1536,142739
238,1600,142684
238,1664,142639
238,1728,142776
238,1792,142835
238,1856,142889
238,1920,142843
238,1984,142874
238,2048,142807
239,0,3036
239,64,3047
239,128,3042
239,192,3020
239,256,142395
239,320,142458
239,384,142466
239,448,141855
239,512,142460
239,576,142430
239,640,141689
239,704,142570
239,768,142541
239,832,142460
239,896,142193
239,960,142454
239,1024,142603
239,1088,142608
239,1152,142635
239,1216,142828
239,1280,142755
239,1344,142829
239,1408,142792
239,1472,142775
239,1536,142739
239,1600,142684
239,1664,142639
239,1728,142776
239,1792,142835
239,1856,142889
239,1920,142843
239,1984,142874
239,2048,142807
240,0,3036
240,64,3047
240,128,3042
240,192,3020
240,256,142395
240,320,142458
240,384,142466
240,448,141855
240,512,142460
240,576,142430
240,640,141689
240,704,142570
240,768,142541
240,832,142460
240,896,142193
240,960,142454
240,1024,142603
240,1088,142608
240,1152,142635
240,1216,142828
240,1280,142755
240,1344,142829
240,1408,142792
240,1472,142775
240,1536,142739
240,1600,142684
240,1664,142639
240,1728,142776
240,1792,142835
240,1856,142889
240,1920,142843
240,1984,142874
240,2048,142807
241,0,3038
241,64,3049
241,128,3043
241,192,3032
241,256,141873
241,320,142458
241,384,142466
241,448,141855
241,512,142460
241,576,142430
241,640,141689
241,704,142570
241,768,142541
241,832,142460
241,896,142193
241,960,142454
241,1024,142603
241,1088,142608
241,1152,142635
241,1216,142828
241,1280,142755
241,1344,142829
241,1408,142792
241,1472,142775
241,1536,142739
241,1600,142684
241,1664,142639
241,1728,142776
241,1792,142835
241,1856,142889
241,1920,142843
241,1984,142874
241,2048,142807
242,0,3038
242,64,3049
242,128,3043
242,192,3032
242,256,141873
242,320,142458
242,384,142466
242,448,141855
242,512,142460
242,576,142430
242,640,141689
242,704,142570
242,768,142541
242,832,142460
242,896,142193
242,960,142454
242,1024,142603
242,1088,142608
242,1152,142635
242,1216,142828
242,1280,142755
242,1344,142829
242,1408,142792
242,1472,142775
242,1536,142739
242,1600,142684
242,1664,142639
242,1728,142776
242,1792,142835
242,1856,142889
242,1920,142843
242,1984,142874
242,2048,142807
243,0,3038
243,64,3049
243,128,3043
243,192,3032
243,256,141873
243,320,142458
243,384,142466
243,448,141855
243,512,142460
243,576,142430
243,640,141689
243,704,142570
243,768,142541
243,832,142460
243,896,142193
243,960,142454
243,1024,142603
243,1088,142608
243,1152,142635
243,1216,142828
243,1280,142755
243,1344,142829
243,1408,142792
243,1472,142775
243,1536,142739
243,1600,142684
243,1664,142639
243,1728,142776
243,1792,142835
243,1856,142889
243,1920,142843
243,1984,142874
243,2048,142807
244,0,3038
244,64,3049
244,128,3043
244,192,3032
244,256,141873
244,320,142458
244,384,142466
244,448,141855
244,512,142460
244,576,142430
244,640,141689
244,704,142570
244,768,142541
244,832,142460
244,896,142193
244,960,142454
244,1024,142603
244,1088,142608
244,1152,142635
244,1216,142828
244,1280,142755
244,1344,142829
244,1408,142792
244,1472,142775
244,1536,142739
244,1600,142684
244,1664,142639
244,1728,142776
244,1792,142835
244,1856,142889
244,1920,142843
244,1984,142874
244,2048,142807
245,0,3105
245,64,3111
245,128,3090
245,192,3071
245,256,146172
245,320,146803
245,384,146869
245,448,146162
245,512,146871
245,576,146919
245,640,146281
245,704,146036
245,768,146673
245,832,146872
245,896,146637
245,960,147010
245,1024,147001
245,1088,146963
245,1152,146951
245,1216,147011
245,1280,147073
245,1344,147210
245,1408,147197
245,1472,147182
245,1536,147174
245,1600,147184
245,1664,147167
245,1728,147126
245,1792,147172
245,1856,147158
245,1920,147137
245,1984,147187
245,2048,147242
246,0,3105
246,64,3111
246,128,3090
246,192,3071
246,256,146172
246,320,146803
246,384,146869
246,448,146162
246,512,146871
246,576,146919
246,640,146281
246,704,146036
246,768,146673
246,832,146872
246,896,146637
246,960,147010
246,1024,147001
246,1088,146963
246,1152,146951
246,1216,147011
246,1280,147073
246,1344,147210
246,1408,147197
246,1472,147182
246,1536,147174
246,1600,147184
246,1664,147167
246,1728,147126
246,1792,147172
246,1856,147158
246,1920,147137
246,1984,147187
246,2048,147242
247,0,3105
247,64,3111
247,128,3090
247,192,3071
247,256,146172
247,320,146803
247,384,146869
247,448,146162
247,512,146871
247,576,146919
247,640,146281
247,704,146036
247,768,146673
247,832,146872
247,896,146637
247,960,147010
247,1024,147001
247,1088,146963
247,1152,146951
247,1216,147011
247,1280,147073
247,1344,147210
247,1408,147197
247,1472,147182
247,1536,147174
247,1600,147184
247,1664,147167
247,1728,147126
247,1792,147172
247,1856,147158
247,1920,147137
247,1984,147187
247,2048,147242
248,0,3105
248,64,3111
248,128,3090
248,192,3071
248,256,146172
248,320,146803
248,384,146869
248,448,146162
248,512,146871
248,576,146919
248,640,146281
248,704,146036
248,768,146673
248,832,146872
248,896,146637
248,960,147010
248,1024,147001
248,1088,146963
248,1152,146951
248,1216,147011
248,1280,147073
248,1344,147210
248,1408,147197
248,1472,147182
248,1536,147174
248,1600,147184
248,1664,147167
248,1728,147126
248,1792,147172
248,1856,147158
248,1920,147137
248,1984,147187
248,2048,147242
249,0,3105
249,64,3111
249,128,3091
249,192,3075
249,256,146172
249,320,146803
249,384,146869
249,448,146162
249,512,146871
249,576,146919
249,640,146281
249,704,146036
249,768,146673
249,832,146872
249,896,146637
249,960,147010
249,1024,147001
249,1088,146963
249,1152,146951
249,1216,147011
249,1280,147073
249,1344,147210
249,1408,147197
249,1472,147182
249,1536,147174
249,1600,147184
249,1664,147167
249,1728,147126
249,1792,147172
249,1856,147158
249,1920,147137
249,1984,147187
249,2048,147242
250,0,3105
250,64,3111
250,128,3091
250,192,3075
250,256,146172
250,320,146803
250,384,146869
250,448,146162
250,512,146871
250,576,146919
250,640,146281
250,704,146036
250,768,146673
250,832,146872
250,896,146637
250,960,147010
250,1024,147001
250,1088,146963
250,1152,146951
250,1216,147011
250,1280,147073
250,1344,147210
250,1408,147197
250,1472,147182
250,1536,147174
250,1600,147184
250,1664,147167
250,1728,147126
250,1792,147172
250,1856,147158
250,1920,147137
250,1984,147187
250,2048,147242
251,0,3105
251,64,3111
251,128,3091
251,192,3075
251,256,146172
251,320,146803
251,384,146869
251,448,146162
251,512,146871
251,576,146919
251,640,146281
251,704,146036
251,768,146673
251,832,146872
251,896,146637
251,960,147010
251,1024,147001
251,1088,146963
251,1152,146951
251,1216,147011
251,1280,147073
251,1344,147210
251,1408,147197
251,1472,147182
251,1536,147174
251,1600,147184
251,1664,147167
251,1728,147126
251,1792,147172
251,1856,147158
251,1920,147137
251,1984,147187
251,2048,147242
252,0,3105
252,64,3111
252,128,3091
252,192,3075
252,256,146172
252,320,146803
252,384,146869
252,448,146162
252,512,146871
252,576,146919
252,640,146281
252,704,146036
252,768,146673
252,832,146872
252,896,146637
252,960,147010
252,1024,147001
252,1088,146963
252,1152,146951
252,1216,147011
252,1280,147073
252,1344,147210
252,1408,147197
252,1472,147182
252,1536,147174
252,1600,147184
252,1664,147167
252,1728,147126
252,1792,147172
252,1856,147158
252,1920,147137
252,1984,147187
252,2048,147242
253,0,3073
253,64,3073
253,128,3074
253,192,3064
253,256,149931
253,320,150402
253,384,150782
253,448,150122
253,512,150708
253,576,149395
253,640,150054
253,704,150050
253,768,150690
253,832,150292
253,896,150748
253,960,150955
253,1024,150980
253,1088,150964
253,1152,150977
253,1216,151033
253,1280,151120
253,1344,151175
253,1408,151152
253,1472,151166
253,1536,151201
253,1600,151151
253,1664,151219
253,1728,151205
253,1792,151154
253,1856,151170
253,1920,151212
253,1984,151172
253,2048,151172
254,0,3073
254,64,3073
254,128,3074
254,192,3064
254,256,149931
254,320,150402
254,384,150782
254,448,150122
254,512,150708
254,576,149395
254,640,150054
254,704,150050
254,768,150690
254,832,150292
254,896,150748
254,960,150955
254,1024,150980
254,1088,150964
254,1152,150977
254,1216,151033
254,1280,151120
254,1344,151175
254,1408,151152
254,1472,151166
254,1536,151201
254,1600,151151
254,1664,151219
254,1728,151205
254,1792,151154
254,1856,151170
254,1920,151212
254,1984,151172
254,2048,151172
255,0,3073
255,64,3073
255,128,3074
255,192,3064
255,256,149931
255,320,150402
255,384,150782
255,448,150122
255,512,150708
255,576,149395
255,640,150054
255,704,150050
255,768,150690
255,832,150292
255,896,150748
255,960,150955
255,1024,150980
255,1088,150964
255,1152,150977
255,1216,151033
255,1280,151120
255,1344,151175
255,1408,151152
255,1472,151166
255,1536,151201
255,1600,151151
255,1664,151219
255,1728,151205
255,1792,151154
255,1856,151170
255,1920,151212
255,1984,151172
255,2048,151172
256,0,3073
256,64,3073
256,128,3074
256,192,3064
256,256,149931
256,320,150402
256,384,150782
256,448,150122
256,512,150708
256,576,149395
256,640,150054
256,704,150050
256,768,150690
256,832,150292
256,896,150748
256,960,150955
256,1024,150980
256,1088,150964
256,1152,150977
256,1216,151033
256,1280,151120
256,1344,151175
256,1408,151152
256,1472,151166
256,1536,151201
256,1600,151151
256,1664,151219
256,1728,151205
256,1792,151154
256,1856,151170
256,1920,151212
256,1984,151172
256,2048,151172
