batch_size,kv_cache_size,prediction
1,0,4490
1,64,4531
1,128,6021
1,192,7421
1,256,8717
1,320,10105
1,384,11442
1,448,12845
1,512,14283
1,576,15608
1,640,16906
1,704,18373
1,768,19767
1,832,21151
1,896,22580
1,960,23973
1,1024,25320
1,1088,26335
1,1152,27630
1,1216,28798
1,1280,30292
1,1344,31908
1,1408,33407
1,1472,34706
1,1536,36048
1,1600,37515
1,1664,38814
1,1728,40177
1,1792,41725
1,1856,43123
1,1920,44407
1,1984,45711
1,2048,46951
2,0,4205
2,64,4227
2,128,4489
2,192,5817
2,256,6179
2,320,7188
2,384,7526
2,448,8591
2,512,8808
2,576,9976
2,640,10292
2,704,11407
2,768,11709
2,832,12793
2,896,13053
2,960,14130
2,1024,14331
2,1088,15217
2,1152,15694
2,1216,16675
2,1280,17147
2,1344,18168
2,1408,18574
2,1472,19474
2,1536,19923
2,1600,20919
2,1664,21350
2,1728,22179
2,1792,22752
2,1856,23578
2,1920,23994
2,1984,24899
2,2048,25379
3,0,4240
3,64,4233
3,128,4331
3,192,4743
3,256,5900
3,320,6175
3,384,6373
3,448,7333
3,512,7378
3,576,7696
3,640,8677
3,704,8851
3,768,8971
3,832,10147
3,896,10269
3,960,10345
3,1024,11517
3,1088,11648
3,1152,11725
3,1216,12565
3,1280,12807
3,1344,13281
3,1408,14024
3,1472,14368
3,1536,14680
3,1600,15471
3,1664,15743
3,1728,16006
3,1792,16878
3,1856,17179
3,1920,17218
3,1984,18088
3,2048,18363
4,0,4311
4,64,4301
4,128,4353
4,192,4481
4,256,4924
4,320,6077
4,384,6205
4,448,6333
4,512,6520
4,576,7448
4,640,7628
4,704,7719
4,768,7935
4,832,8919
4,896,8981
4,960,9056
4,1024,9253
4,1088,10077
4,1152,10423
4,1216,10783
4,1280,10910
4,1344,11801
4,1408,12055
4,1472,12110
4,1536,12326
4,1600,13255
4,1664,13528
4,1728,13754
4,1792,13988
4,1856,14642
4,1920,14752
4,1984,14996
4,2048,15075
5,0,5467
5,64,5529
5,128,5547
5,192,5596
5,256,5715
5,320,5998
5,384,7508
5,448,7827
5,512,7900
5,576,8153
5,640,8401
5,704,10187
5,768,10274
5,832,10591
5,896,10702
5,960,10784
5,1024,12706
5,1088,12790
5,1152,12801
5,1216,12969
5,1280,13008
5,1344,14382
5,1408,14937
5,1472,15116
5,1536,15285
5,1600,15707
5,1664,17032
5,1728,17558
5,1792,17766
5,1856,17914
5,1920,17855
5,1984,19423
5,2048,19746
6,0,5444
6,64,5565
6,128,5570
6,192,5611
6,256,5699
6,320,5795
6,384,6230
6,448,7730
6,512,7884
6,576,8061
6,640,8139
6,704,8287
6,768,8650
6,832,10425
6,896,10517
6,960,10599
6,1024,10774
6,1088,10893
6,1152,11131
6,1216,12479
6,1280,12696
6,1344,13095
6,1408,13238
6,1472,13380
6,1536,13618
6,1600,14903
6,1664,15358
6,1728,15456
6,1792,15620
6,1856,15750
6,1920,15825
6,1984,17380
6,2048,17860
7,0,5420
7,64,5585
7,128,5588
7,192,5605
7,256,5667
7,320,5793
7,384,5888
7,448,6221
7,512,7686
7,576,7972
7,640,8060
7,704,8149
7,768,8251
7,832,8379
7,896,8743
7,960,10421
7,1024,10555
7,1088,10598
7,1152,10683
7,1216,10921
7,1280,11068
7,1344,11562
7,1408,12623
7,1472,12947
7,1536,13051
7,1600,13218
7,1664,13311
7,1728,13520
7,1792,13970
7,1856,14905
7,1920,15180
7,1984,15331
7,2048,15420
8,0,5435
8,64,5566
8,128,5595
8,192,5620
8,256,5673
8,320,5791
8,384,5910
8,448,5945
8,512,6300
8,576,7883
8,640,8008
8,704,8088
8,768,8150
8,832,8265
8,896,8342
8,960,8436
8,1024,8603
8,1088,10025
8,1152,10507
8,1216,10694
8,1280,10767
8,1344,10943
8,1408,11086
8,1472,11297
8,1536,11595
8,1600,12809
8,1664,13022
8,1728,13197
8,1792,13374
8,1856,13514
8,1920,13524
8,1984,13720
8,2048,13941
9,0,7631
9,64,7759
9,128,7778
9,192,7782
9,256,7787
9,320,7984
9,384,8116
9,448,8150
9,512,8140
9,576,8454
9,640,11146
9,704,11590
9,768,11614
9,832,11661
9,896,11844
9,960,11949
9,1024,11987
9,1088,12151
9,1152,12479
9,1216,14064
9,1280,14266
9,1344,14640
9,1408,14729
9,1472,15044
9,1536,15021
9,1600,15128
9,1664,15249
9,1728,15682
9,1792,17533
9,1856,18011
9,1920,17927
9,1984,18131
9,2048,18290
10,0,7691
10,64,7823
10,128,7855
10,192,7885
10,256,7846
10,320,7968
10,384,8136
10,448,8185
10,512,8212
10,576,8288
10,640,9151
10,704,11584
10,768,11691
10,832,11744
10,896,11862
10,960,11909
10,1024,12103
10,1088,12100
10,1152,12180
10,1216,12490
10,1280,12745
10,1344,14515
10,1408,14838
10,1472,15010
10,1536,15012
10,1600,15096
10,1664,15248
10,1728,15322
10,1792,15691
10,1856,15773
10,1920,15966
10,1984,17833
10,2048,18150
11,0,7898
11,64,7996
11,128,8030
11,192,8061
11,256,8039
11,320,8263
11,384,8420
11,448,8306
11,512,8372
11,576,8886
11,640,8873
11,704,9817
11,768,11568
11,832,11873
11,896,11909
11,960,11910
11,1024,12053
11,1088,12132
11,1152,12199
11,1216,12268
11,1280,12391
11,1344,12772
11,1408,13167
11,1472,14718
11,1536,14907
11,1600,15064
11,1664,15122
11,1728,15207
11,1792,15498
11,1856,15454
11,1920,15446
11,1984,15689
11,2048,15795
12,0,8116
12,64,8400
12,128,8349
12,192,8552
12,256,8658
12,320,8731
12,384,8772
12,448,8718
12,512,8773
12,576,9075
12,640,9156
12,704,9221
12,768,9869
12,832,11883
12,896,12029
12,960,12028
12,1024,12413
12,1088,12376
12,1152,12656
12,1216,12549
12,1280,13032
12,1344,13673
12,1408,13916
12,1472,14236
12,1536,14296
12,1600,14961
12,1664,15125
12,1728,15283
12,1792,15420
12,1856,15362
12,1920,15336
12,1984,15570
12,2048,15626
13,0,8725
13,64,8811
13,128,8875
13,192,8851
13,256,8904
13,320,8890
13,384,8980
13,448,9072
13,512,9134
13,576,9249
13,640,9313
13,704,9358
13,768,9473
13,832,10025
13,896,13233
13,960,13646
13,1024,13791
13,1088,13812
13,1152,13781
13,1216,13779
13,1280,13911
13,1344,14031
13,1408,14218
13,1472,14316
13,1536,14301
13,1600,14524
13,1664,14753
13,1728,16949
13,1792,17714
13,1856,18029
13,1920,18080
13,1984,18171
13,2048,18210
14,0,8774
14,64,8870
14,128,9005
14,192,8994
14,256,8957
14,320,8979
14,384,9061
14,448,9061
14,512,9171
14,576,9311
14,640,9382
14,704,9425
14,768,9506
14,832,9506
14,896,10362
14,960,13415
14,1024,13905
14,1088,13914
14,1152,13886
14,1216,13932
14,1280,13972
14,1344,14029
14,1408,14254
14,1472,14418
14,1536,14376
14,1600,14400
14,1664,14479
14,1728,14894
14,1792,15437
14,1856,17735
14,1920,18116
14,1984,18277
14,2048,18332
15,0,8970
15,64,9090
15,128,9126
15,192,9183
15,256,9217
15,320,9208
15,384,9238
15,448,9280
15,512,9348
15,576,9471
15,640,9547
15,704,9572
15,768,9643
15,832,9639
15,896,9708
15,960,10744
15,1024,13789
15,1088,13975
15,1152,14081
15,1216,14082
15,1280,14033
15,1344,14086
15,1408,14279
15,1472,14451
15,1536,14420
15,1600,14490
15,1664,14515
15,1728,14655
15,1792,14726
15,1856,15006
15,1920,15258
15,1984,17727
15,2048,18170
16,0,9115
16,64,9263
16,128,9312
16,192,9360
16,256,9299
16,320,9380
16,384,9414
16,448,9453
16,512,9416
16,576,9578
16,640,9666
16,704,9756
16,768,9822
16,832,9840
16,896,9910
16,960,9948
16,1024,10424
16,1088,13101
16,1152,13936
16,1216,14173
16,1280,14183
16,1344,14166
16,1408,14338
16,1472,14431
16,1536,14411
16,1600,14580
16,1664,14617
16,1728,14759
16,1792,14815
16,1856,14838
16,1920,14847
16,1984,15275
16,2048,16062
17,0,10756
17,64,10984
17,128,11014
17,192,11063
17,256,11032
17,320,11082
17,384,11100
17,448,11202
17,512,11167
17,576,11480
17,640,11626
17,704,11645
17,768,11711
17,832,11668
17,896,11761
17,960,11757
17,1024,11742
17,1088,12423
17,1152,15350
17,1216,16740
17,1280,16761
17,1344,16800
17,1408,16982
17,1472,16999
17,1536,17057
17,1600,17095
17,1664,17310
17,1728,17423
17,1792,17489
17,1856,17458
17,1920,17398
17,1984,17356
17,2048,17529
18,0,10839
18,64,11099
18,128,11170
18,192,11259
18,256,11153
18,320,11168
18,384,11275
18,448,11288
18,512,11272
18,576,11440
18,640,11719
18,704,11752
18,768,11816
18,832,11784
18,896,11905
18,960,11872
18,1024,11904
18,1088,11974
18,1152,13194
18,1216,16292
18,1280,16892
18,1344,16985
18,1408,17118
18,1472,17110
18,1536,17115
18,1600,17102
18,1664,17231
18,1728,17305
18,1792,17594
18,1856,17626
18,1920,17590
18,1984,17578
18,2048,17789
19,0,11055
19,64,11279
19,128,11339
19,192,11424
19,256,11336
19,320,11314
19,384,11470
19,448,11427
19,512,11425
19,576,11514
19,640,11778
19,704,11849
19,768,11906
19,832,11954
19,896,11975
19,960,12069
19,1024,12068
19,1088,12057
19,1152,12294
19,1216,13510
19,1280,16115
19,1344,17078
19,1408,17267
19,1472,17288
19,1536,17238
19,1600,17252
19,1664,17302
19,1728,17371
19,1792,17559
19,1856,17697
19,1920,17682
19,1984,17675
19,2048,17934
20,0,11124
20,64,11353
20,128,11410
20,192,11479
20,256,11438
20,320,11369
20,384,11541
20,448,11534
20,512,11520
20,576,11529
20,640,11700
20,704,11914
20,768,11968
20,832,11985
20,896,12017
20,960,12104
20,1024,12125
20,1088,12128
20,1152,12196
20,1216,12434
20,1280,13310
20,1344,16214
20,1408,17466
20,1472,17449
20,1536,17406
20,1600,17344
20,1664,17395
20,1728,17425
20,1792,17597
20,1856,17624
20,1920,17600
20,1984,17751
20,2048,17996
21,0,12149
21,64,12331
21,128,12356
21,192,12407
21,256,12392
21,320,12319
21,384,12408
21,448,12430
21,512,12368
21,576,12484
21,640,12561
21,704,12744
21,768,12921
21,832,12918
21,896,13021
21,960,13039
21,1024,13029
21,1088,13097
21,1152,13137
21,1216,13211
21,1280,13354
21,1344,14494
21,1408,18165
21,1472,19443
21,1536,19550
21,1600,19633
21,1664,19608
21,1728,19675
21,1792,19836
21,1856,19931
21,1920,19805
21,1984,19802
21,2048,20218
22,0,12347
22,64,12470
22,128,12529
22,192,12490
22,256,12484
22,320,12471
22,384,12540
22,448,12542
22,512,12524
22,576,12609
22,640,12672
22,704,12724
22,768,13008
22,832,12953
22,896,13078
22,960,13152
22,1024,13143
22,1088,13218
22,1152,13289
22,1216,13295
22,1280,13291
22,1344,13543
22,1408,14912
22,1472,18589
22,1536,19811
22,1600,19959
22,1664,19895
22,1728,19940
22,1792,20011
22,1856,19989
22,1920,19986
22,1984,19946
22,2048,20311
23,0,12535
23,64,12609
23,128,12668
23,192,12627
23,256,12596
23,320,12560
23,384,12651
23,448,12676
23,512,12617
23,576,12736
23,640,12786
23,704,12823
23,768,13102
23,832,13126
23,896,13177
23,960,13271
23,1024,13252
23,1088,13296
23,1152,13394
23,1216,13437
23,1280,13394
23,1344,13418
23,1408,13663
23,1472,15028
23,1536,18719
23,1600,19848
23,1664,19802
23,1728,19933
23,1792,20034
23,1856,20091
23,1920,19941
23,1984,19955
23,2048,20215
24,0,12610
24,64,12697
24,128,12744
24,192,12765
24,256,12765
24,320,12710
24,384,12761
24,448,12818
24,512,12755
24,576,12808
24,640,12915
24,704,13053
24,768,13110
24,832,13262
24,896,13320
24,960,13362
24,1024,13438
24,1088,13421
24,1152,13500
24,1216,13548
24,1280,13514
24,1344,13512
24,1408,13648
24,1472,13905
24,1536,15479
24,1600,18928
24,1664,19679
24,1728,19902
24,1792,20062
24,1856,20174
24,1920,20011
24,1984,20000
24,2048,20268
25,0,14131
25,64,14239
25,128,14225
25,192,14228
25,256,14240
25,320,14286
25,384,14312
25,448,14346
25,512,14429
25,576,14330
25,640,14436
25,704,14675
25,768,14606
25,832,14820
25,896,15154
25,960,15137
25,1024,15052
25,1088,15186
25,1152,15307
25,1216,15250
25,1280,15230
25,1344,15183
25,1408,15213
25,1472,15302
25,1536,15415
25,1600,16106
25,1664,20392
25,1728,22088
25,1792,22437
25,1856,22563
25,1920,22375
25,1984,22380
25,2048,22595
26,0,14241
26,64,14467
26,128,14480
26,192,14452
26,256,14483
26,320,14516
26,384,14527
26,448,14510
26,512,14565
26,576,14521
26,640,14536
26,704,14790
26,768,14770
26,832,14777
26,896,15335
26,960,15305
26,1024,15381
26,1088,15423
26,1152,15485
26,1216,15493
26,1280,15456
26,1344,15465
26,1408,15521
26,1472,15540
26,1536,15549
26,1600,15585
26,1664,16829
26,1728,21217
26,1792,22487
26,1856,22834
26,1920,22688
26,1984,22697
26,2048,22870
27,0,14441
27,64,14635
27,128,14604
27,192,14629
27,256,14721
27,320,14683
27,384,14711
27,448,14687
27,512,14757
27,576,14726
27,640,14756
27,704,15005
27,768,14970
27,832,14927
27,896,15397
27,960,15487
27,1024,15510
27,1088,15471
27,1152,15638
27,1216,15638
27,1280,15604
27,1344,15611
27,1408,15694
27,1472,15716
27,1536,15711
27,1600,15730
27,1664,15890
27,1728,17156
27,1792,21434
27,1856,22748
27,1920,22760
27,1984,22827
27,2048,23048
28,0,14560
28,64,14723
28,128,14738
28,192,14731
28,256,14768
28,320,14772
28,384,14810
28,448,14784
28,512,14951
28,576,14814
28,640,14833
28,704,15093
28,768,15022
28,832,14979
28,896,15217
28,960,15529
28,1024,15527
28,1088,15570
28,1152,15771
28,1216,15749
28,1280,15681
28,1344,15628
28,1408,15777
28,1472,15822
28,1536,15830
28,1600,15859
28,1664,15834
28,1728,15981
28,1792,17639
28,1856,21622
28,1920,22764
28,1984,22945
28,2048,23167
29,0,15158
29,64,15604
29,128,15572
29,192,15601
29,256,15456
29,320,15524
29,384,15633
29,448,15556
29,512,15625
29,576,15597
29,640,15650
29,704,15768
29,768,15865
29,832,15780
29,896,15866
29,960,16264
29,1024,16437
29,1088,16547
29,1152,16591
29,1216,16556
29,1280,16459
29,1344,16528
29,1408,16651
29,1472,16653
29,1536,16685
29,1600,16646
29,1664,16724
29,1728,16754
29,1792,16979
29,1856,18488
29,1920,22817
29,1984,24693
29,2048,24994
30,0,15379
30,64,15854
30,128,15815
30,192,15852
30,256,15744
30,320,15792
30,384,15929
30,448,15864
30,512,15961
30,576,15830
30,640,15934
30,704,16084
30,768,16084
30,832,16075
30,896,16162
30,960,16206
30,1024,16616
30,1088,16673
30,1152,16712
30,1216,16722
30,1280,16714
30,1344,16739
30,1408,16861
30,1472,16926
30,1536,16977
30,1600,16938
30,1664,16899
30,1728,16956
30,1792,17017
30,1856,17400
30,1920,18879
30,1984,23744
30,2048,25248
31,0,15455
31,64,16013
31,128,15976
31,192,16010
31,256,15916
31,320,15927
31,384,16021
31,448,15947
31,512,15978
31,576,16055
31,640,16066
31,704,16297
31,768,16197
31,832,16231
31,896,16320
31,960,16311
31,1024,16736
31,1088,16827
31,1152,16903
31,1216,16947
31,1280,16912
31,1344,17000
31,1408,16983
31,1472,17063
31,1536,17126
31,1600,17103
31,1664,17093
31,1728,17089
31,1792,17166
31,1856,17225
31,1920,17360
31,1984,19212
31,2048,24180
32,0,14420
32,64,16151
32,128,16148
32,192,16157
32,256,16079
32,320,16135
32,384,16286
32,448,16184
32,512,16224
32,576,16415
32,640,16300
32,704,16346
32,768,16312
32,832,16457
32,896,16476
32,960,16465
32,1024,16474
32,1088,16813
32,1152,16973
32,1216,17022
32,1280,16976
32,1344,17155
32,1408,17118
32,1472,17178
32,1536,17237
32,1600,17306
32,1664,17322
32,1728,17247
32,1792,17225
32,1856,17351
32,1920,17252
32,1984,17537
32,2048,19435
33,0,5886
33,64,16407
33,128,16373
33,192,16450
33,256,16386
33,320,16341
33,384,16489
33,448,16445
33,512,16477
33,576,16579
33,640,16461
33,704,16605
33,768,16581
33,832,16616
33,896,16699
33,960,16721
33,1024,16676
33,1088,16740
33,1152,17108
33,1216,17158
33,1280,17196
33,1344,17220
33,1408,17232
33,1472,17304
33,1536,17327
33,1600,17349
33,1664,17404
33,1728,17428
33,1792,17400
33,1856,17479
33,1920,17442
33,1984,17549
33,2048,18085
34,0,2711
34,64,17849
34,128,17771
34,192,17803
34,256,17730
34,320,17726
34,384,17899
34,448,17832
34,512,17854
34,576,17901
34,640,17848
34,704,18003
34,768,17952
34,832,17949
34,896,18091
34,960,18043
34,1024,18082
34,1088,18137
34,1152,18563
34,1216,18804
34,1280,18881
34,1344,18931
34,1408,18958
34,1472,19037
34,1536,19003
34,1600,18990
34,1664,18973
34,1728,18985
34,1792,18996
34,1856,18995
34,1920,18873
34,1984,18891
34,2048,19049
35,0,2556
35,64,17961
35,128,17951
35,192,17951
35,256,17860
35,320,17906
35,384,18101
35,448,17998
35,512,18005
35,576,18114
35,640,18002
35,704,18179
35,768,18019
35,832,18101
35,896,18191
35,960,18209
35,1024,18250
35,1088,18249
35,1152,18439
35,1216,18900
35,1280,18907
35,1344,18968
35,1408,18882
35,1472,19109
35,1536,19235
35,1600,19221
35,1664,19184
35,1728,19178
35,1792,19171
35,1856,19193
35,1920,19025
35,1984,19021
35,2048,19240
36,0,2559
36,64,18111
36,128,18063
36,192,18107
36,256,17990
36,320,17908
36,384,18233
36,448,18139
36,512,18193
36,576,18249
36,640,18116
36,704,18261
36,768,18175
36,832,18234
36,896,18223
36,960,18368
36,1024,18353
36,1088,18384
36,1152,18490
36,1216,19008
36,1280,19087
36,1344,19191
36,1408,19154
36,1472,19058
36,1536,19320
36,1600,19344
36,1664,19349
36,1728,19322
36,1792,19319
36,1856,19388
36,1920,19192
36,1984,19201
36,2048,19389
37,0,2562
37,64,18328
37,128,18327
37,192,18374
37,256,18231
37,320,18202
37,384,18846
37,448,18626
37,512,18678
37,576,18810
37,640,18616
37,704,18729
37,768,18662
37,832,18819
37,896,18790
37,960,18554
37,1024,18692
37,1088,18657
37,1152,18881
37,1216,19065
37,1280,19224
37,1344,19326
37,1408,19450
37,1472,19511
37,1536,19848
37,1600,19797
37,1664,19686
37,1728,19728
37,1792,19816
37,1856,19693
37,1920,19623
37,1984,19724
37,2048,19776
38,0,2574
38,64,19255
38,128,19235
38,192,19220
38,256,19160
38,320,19005
38,384,19241
38,448,19112
38,512,19174
38,576,19250
38,640,19123
38,704,19321
38,768,19224
38,832,19271
38,896,19323
38,960,19372
38,1024,19424
38,1088,19469
38,1152,19539
38,1216,19564
38,1280,19887
38,1344,20220
38,1408,20254
38,1472,20240
38,1536,20163
38,1600,20389
38,1664,20394
38,1728,20401
38,1792,20322
38,1856,20403
38,1920,20268
38,1984,20253
38,2048,20440
39,0,2581
39,64,19402
39,128,19366
39,192,19320
39,256,19296
39,320,19196
39,384,19453
39,448,19340
39,512,19361
39,576,19456
39,640,19329
39,704,19503
39,768,19385
39,832,19467
39,896,19462
39,960,19458
39,1024,19563
39,1088,19550
39,1152,19673
39,1216,19687
39,1280,19751
39,1344,20250
39,1408,20264
39,1472,20367
39,1536,20443
39,1600,20564
39,1664,20575
39,1728,20593
39,1792,20565
39,1856,20648
39,1920,20521
39,1984,20491
39,2048,20648
40,0,2559
40,64,19563
40,128,19547
40,192,19524
40,256,19564
40,320,19381
40,384,19599
40,448,19589
40,512,19560
40,576,19691
40,640,19480
40,704,19700
40,768,19599
40,832,19688
40,896,19681
40,960,19662
40,1024,19811
40,1088,19848
40,1152,19893
40,1216,19856
40,1280,19918
40,1344,20410
40,1408,20483
40,1472,20538
40,1536,20688
40,1600,20611
40,1664,20792
40,1728,20808
40,1792,20802
40,1856,20892
40,1920,20670
40,1984,20706
40,2048,20838
41,0,2582
41,64,19703
41,128,19721
41,192,19684
41,256,19683
41,320,19798
41,384,19829
41,448,19718
41,512,19749
41,576,19894
41,640,19684
41,704,19897
41,768,19774
41,832,19868
41,896,19902
41,960,19875
41,1024,19793
41,1088,19866
41,1152,20008
41,1216,20047
41,1280,20074
41,1344,20195
41,1408,20510
41,1472,20574
41,1536,20732
41,1600,20759
41,1664,20739
41,1728,20866
41,1792,20884
41,1856,20990
41,1920,20830
41,1984,20833
41,2048,20959
42,0,2593
42,64,21241
42,128,21105
42,192,21064
42,256,21091
42,320,21149
42,384,21187
42,448,21163
42,512,21180
42,576,21260
42,640,21043
42,704,21131
42,768,21190
42,832,21248
42,896,21234
42,960,21204
42,1024,21130
42,1088,21323
42,1152,21421
42,1216,21449
42,1280,21478
42,1344,21431
42,1408,21792
42,1472,22119
42,1536,22188
42,1600,22291
42,1664,22387
42,1728,22441
42,1792,22472
42,1856,22542
42,1920,22371
42,1984,22370
42,2048,22455
43,0,2603
43,64,21333
43,128,21267
43,192,21268
43,256,21229
43,320,21299
43,384,21248
43,448,21305
43,512,21388
43,576,21458
43,640,21281
43,704,21380
43,768,21338
43,832,21391
43,896,21454
43,960,21443
43,1024,21363
43,1088,21486
43,1152,21566
43,1216,21601
43,1280,21601
43,1344,21619
43,1408,21647
43,1472,22241
43,1536,22317
43,1600,22358
43,1664,22544
43,1728,22433
43,1792,22593
43,1856,22776
43,1920,22655
43,1984,22619
43,2048,22690
44,0,2608
44,64,21489
44,128,21443
44,192,21411
44,256,21434
44,320,21469
44,384,21441
44,448,21547
44,512,21559
44,576,21659
44,640,21447
44,704,21549
44,768,21501
44,832,21585
44,896,21625
44,960,21637
44,1024,21543
44,1088,21540
44,1152,21664
44,1216,21776
44,1280,21794
44,1344,21788
44,1408,21778
44,1472,22318
44,1536,22439
44,1600,22472
44,1664,22786
44,1728,22757
44,1792,22551
44,1856,22954
44,1920,22832
44,1984,22780
44,2048,22912
45,0,2619
45,64,21703
45,128,21627
45,192,21578
45,256,21587
45,320,21749
45,384,21654
45,448,21797
45,512,21729
45,576,21853
45,640,21633
45,704,21780
45,768,21775
45,832,21900
45,896,21765
45,960,21823
45,1024,21757
45,1088,21718
45,1152,21834
45,1216,21922
45,1280,21996
45,1344,22012
45,1408,21917
45,1472,22266
45,1536,22575
45,1600,22603
45,1664,22889
45,1728,22951
45,1792,22853
45,1856,23002
45,1920,22917
45,1984,22932
45,2048,23056
46,0,2622
46,64,22673
46,128,22574
46,192,22542
46,256,22470
46,320,22545
46,384,22482
46,448,22497
46,512,22551
46,576,22666
46,640,22505
46,704,22613
46,768,22462
46,832,22644
46,896,22632
46,960,22639
46,1024,22604
46,1088,22621
46,1152,22723
46,1216,22860
46,1280,22911
46,1344,22850
46,1408,22767
46,1472,22784
46,1536,23247
46,1600,23549
46,1664,23669
46,1728,23671
46,1792,23600
46,1856,23672
46,1920,23693
46,1984,23791
46,2048,23941
47,0,2620
47,64,22822
47,128,22739
47,192,22692
47,256,22631
47,320,22743
47,384,22644
47,448,22676
47,512,22698
47,576,22827
47,640,22677
47,704,22747
47,768,22618
47,832,22777
47,896,22793
47,960,22806
47,1024,22761
47,1088,22700
47,1152,22748
47,1216,22962
47,1280,23000
47,1344,23028
47,1408,22978
47,1472,22946
47,1536,23097
47,1600,23650
47,1664,23838
47,1728,23820
47,1792,23841
47,1856,23917
47,1920,23719
47,1984,23910
47,2048,24038
48,0,2605
48,64,23026
48,128,22899
48,192,22915
48,256,22857
48,320,22954
48,384,22962
48,448,22874
48,512,22914
48,576,23039
48,640,22868
48,704,22963
48,768,22863
48,832,22994
48,896,23027
48,960,23067
48,1024,22962
48,1088,22915
48,1152,22961
48,1216,23170
48,1280,23191
48,1344,23228
48,1408,23216
48,1472,23156
48,1536,23187
48,1600,23812
48,1664,24099
48,1728,24082
48,1792,24035
48,1856,24206
48,1920,23925
48,1984,24019
48,2048,24294
49,0,2630
49,64,23228
49,128,23118
49,192,23103
49,256,23020
49,320,23150
49,384,23218
49,448,23046
49,512,23085
49,576,23243
49,640,23044
49,704,23151
49,768,23029
49,832,23065
49,896,23175
49,960,23252
49,1024,23129
49,1088,23058
49,1152,23123
49,1216,23208
49,1280,23370
49,1344,23392
49,1408,23379
49,1472,23326
49,1536,23313
49,1600,23590
49,1664,24153
49,1728,24180
49,1792,24111
49,1856,24328
49,1920,24128
49,1984,24030
49,2048,24450
50,0,2640
50,64,24448
50,128,24412
50,192,24366
50,256,24368
50,320,24442
50,384,24490
50,448,24123
50,512,24412
50,576,24581
50,640,24367
50,704,24383
50,768,24346
50,832,24294
50,896,24525
50,960,24519
50,1024,24474
50,1088,24394
50,1152,24386
50,1216,24439
50,1280,24664
50,1344,24700
50,1408,24663
50,1472,24597
50,1536,24566
50,1600,24582
50,1664,25349
50,1728,25686
50,1792,25634
50,1856,25764
50,1920,25668
50,1984,25631
50,2048,25594
51,0,2642
51,64,24697
51,128,24582
51,192,24607
51,256,24573
51,320,24624
51,384,24665
51,448,24363
51,512,24620
51,576,24784
51,640,24606
51,704,24716
51,768,24584
51,832,24566
51,896,24703
51,960,24705
51,1024,24665
51,1088,24587
51,1152,24602
51,1216,24683
51,1280,24887
51,1344,24914
51,1408,24899
51,1472,24875
51,1536,24818
51,1600,24846
51,1664,25153
51,1728,25745
51,1792,25781
51,1856,25843
51,1920,25841
51,1984,25777
51,2048,25826
52,0,2653
52,64,24888
52,128,24767
52,192,24772
52,256,24646
52,320,24776
52,384,24892
52,448,24533
52,512,24796
52,576,24992
52,640,24772
52,704,24863
52,768,24733
52,832,24720
52,896,24896
52,960,24843
52,1024,24798
52,1088,24751
52,1152,24810
52,1216,24877
52,1280,24857
52,1344,25009
52,1408,25032
52,1472,25024
52,1536,25009
52,1600,25009
52,1664,25251
52,1728,25807
52,1792,25946
52,1856,26088
52,1920,25993
52,1984,25997
52,2048,26124
53,0,2658
53,64,25128
53,128,24941
53,192,24951
53,256,24796
53,320,24996
53,384,25093
53,448,24788
53,512,25028
53,576,25191
53,640,25014
53,704,25108
53,768,25025
53,832,25049
53,896,24962
53,960,25066
53,1024,25004
53,1088,24919
53,1152,24954
53,1216,25048
53,1280,25066
53,1344,25202
53,1408,25198
53,1472,25195
53,1536,25194
53,1600,25239
53,1664,25405
53,1728,25504
53,1792,25973
53,1856,26202
53,1920,26102
53,1984,26105
53,2048,26315
54,0,2776
54,64,25806
54,128,25855
54,192,25865
54,256,25679
54,320,25826
54,384,25928
54,448,25623
54,512,25773
54,576,25944
54,640,25775
54,704,25886
54,768,25750
54,832,25765
54,896,25814
54,960,25944
54,1024,25828
54,1088,25758
54,1152,25805
54,1216,25878
54,1280,25904
54,1344,25841
54,1408,26015
54,1472,26106
54,1536,26090
54,1600,26075
54,1664,26171
54,1728,26139
54,1792,26623
54,1856,27066
54,1920,27004
54,1984,26949
54,2048,27181
55,0,2792
55,64,26130
55,128,26032
55,192,26017
55,256,25902
55,320,26045
55,384,26159
55,448,25876
55,512,26033
55,576,26172
55,640,25988
55,704,26130
55,768,25948
55,832,26047
55,896,26030
55,960,26096
55,1024,26055
55,1088,26019
55,1152,26056
55,1216,26112
55,1280,26165
55,1344,26088
55,1408,26215
55,1472,26256
55,1536,26303
55,1600,26320
55,1664,26394
55,1728,26336
55,1792,26428
55,1856,27210
55,1920,27153
55,1984,27112
55,2048,27326
56,0,2788
56,64,26363
56,128,26274
56,192,26300
56,256,26112
56,320,26293
56,384,26405
56,448,26102
56,512,26181
56,576,26387
56,640,26263
56,704,26403
56,768,26153
56,832,26253
56,896,26226
56,960,26325
56,1024,26319
56,1088,26242
56,1152,26305
56,1216,26368
56,1280,26364
56,1344,26346
56,1408,26444
56,1472,26493
56,1536,26537
56,1600,26512
56,1664,26612
56,1728,26551
56,1792,26508
56,1856,27350
56,1920,27379
56,1984,27352
56,2048,27534
57,0,2710
57,64,26650
57,128,26404
57,192,26400
57,256,26326
57,320,26505
57,384,26602
57,448,26391
57,512,26221
57,576,26477
57,640,26430
57,704,26555
57,768,26362
57,832,26465
57,896,26471
57,960,26456
57,1024,26463
57,1088,26400
57,1152,26409
57,1216,26437
57,1280,26514
57,1344,26535
57,1408,26472
57,1472,26587
57,1536,26667
57,1600,26711
57,1664,26796
57,1728,26717
57,1792,26709
57,1856,27082
57,1920,27382
57,1984,27443
57,2048,27706
58,0,2797
58,64,27366
58,128,27623
58,192,27530
58,256,27413
58,320,27592
58,384,27692
58,448,27545
58,512,27298
58,576,27665
58,640,27535
58,704,27662
58,768,27457
58,832,27436
58,896,27539
58,960,27474
58,1024,27618
58,1088,27545
58,1152,27622
58,1216,27623
58,1280,27604
58,1344,27586
58,1408,27496
58,1472,27753
58,1536,27854
58,1600,27885
58,1664,27994
58,1728,27873
58,1792,27845
58,1856,27972
58,1920,28540
58,1984,28874
58,2048,29007
59,0,2702
59,64,27931
59,128,27894
59,192,27906
59,256,27748
59,320,27882
59,384,28046
59,448,27916
59,512,27645
59,576,27937
59,640,27843
59,704,28034
59,768,27790
59,832,27849
59,896,27875
59,960,27775
59,1024,27954
59,1088,27883
59,1152,27863
59,1216,27855
59,1280,27878
59,1344,27914
59,1408,27873
59,1472,27840
59,1536,28076
59,1600,28190
59,1664,28297
59,1728,28156
59,1792,28130
59,1856,28268
59,1920,28229
59,1984,28993
59,2048,29294
60,0,2714
60,64,27888
60,128,28130
60,192,28072
60,256,27944
60,320,28128
60,384,28248
60,448,28051
60,512,27875
60,576,28122
60,640,28048
60,704,28194
60,768,27953
60,832,28030
60,896,28063
60,960,28029
60,1024,28121
60,1088,28023
60,1152,28061
60,1216,28053
60,1280,28108
60,1344,28148
60,1408,28065
60,1472,28018
60,1536,28315
60,1600,28402
60,1664,28540
60,1728,28428
60,1792,28329
60,1856,28428
60,1920,28339
60,1984,29081
60,2048,29429
61,0,2719
61,64,28005
61,128,28265
61,192,28225
61,256,28083
61,320,28265
61,384,28418
61,448,28237
61,512,28073
61,576,28279
61,640,28202
61,704,28353
61,768,28175
61,832,28266
61,896,28280
61,960,28281
61,1024,28139
61,1088,28144
61,1152,28279
61,1216,28315
61,1280,28327
61,1344,28300
61,1408,28286
61,1472,28255
61,1536,28512
61,1600,28550
61,1664,28667
61,1728,28640
61,1792,28530
61,1856,28654
61,1920,28567
61,1984,28822
61,2048,29645
62,0,2720
62,64,27631
62,128,29003
62,192,28965
62,256,28830
62,320,29011
62,384,29139
62,448,28952
62,512,28789
62,576,28967
62,640,28971
62,704,29169
62,768,28870
62,832,28987
62,896,29053
62,960,28962
62,1024,28761
62,1088,28887
62,1152,28959
62,1216,28997
62,1280,29023
62,1344,29002
62,1408,28977
62,1472,28944
62,1536,28938
62,1600,29162
62,1664,29324
62,1728,29318
62,1792,29266
62,1856,29283
62,1920,29220
62,1984,29140
62,2048,30119
63,0,2834
63,64,26157
63,128,29389
63,192,29362
63,256,29166
63,320,29389
63,384,29471
63,448,29329
63,512,29180
63,576,29315
63,640,29302
63,704,29433
63,768,29196
63,832,29247
63,896,29303
63,960,29333
63,1024,29186
63,1088,29238
63,1152,29321
63,1216,29368
63,1280,29386
63,1344,29382
63,1408,29324
63,1472,29318
63,1536,29296
63,1600,29523
63,1664,29694
63,1728,29654
63,1792,29638
63,1856,29635
63,1920,29589
63,1984,29533
63,2048,29897
64,0,3103
64,64,21347
64,128,29591
64,192,29579
64,256,29439
64,320,29571
64,384,29695
64,448,29551
64,512,29376
64,576,29544
64,640,29489
64,704,29669
64,768,29459
64,832,29501
64,896,29540
64,960,29522
64,1024,29384
64,1088,29448
64,1152,29542
64,1216,29584
64,1280,29590
64,1344,29609
64,1408,29560
64,1472,29527
64,1536,29519
64,1600,29716
64,1664,29914
64,1728,29880
64,1792,29902
64,1856,29961
64,1920,29832
64,1984,29753
64,2048,30082
65,0,2735
65,64,4791
65,128,29830
65,192,29755
65,256,29622
65,320,29623
65,384,29946
65,448,29761
65,512,29790
65,576,29618
65,640,29721
65,704,29851
65,768,29652
65,832,29724
65,896,29795
65,960,29741
65,1024,29692
65,1088,29573
65,1152,29684
65,1216,29755
65,1280,29808
65,1344,29863
65,1408,29779
65,1472,29777
65,1536,29741
65,1600,29762
65,1664,30193
65,1728,30078
65,1792,30059
65,1856,30194
65,1920,30073
65,1984,29998
65,2048,30181
66,0,2613
66,64,2622
66,128,30075
66,192,30073
66,256,29980
66,320,30017
66,384,30260
66,448,30080
66,512,30058
66,576,29872
66,640,29998
66,704,30129
66,768,29891
66,832,29992
66,896,30021
66,960,30030
66,1024,29972
66,1088,29839
66,1152,29932
66,1216,30013
66,1280,30003
66,1344,30092
66,1408,30094
66,1472,30115
66,1536,30137
66,1600,30147
66,1664,30523
66,1728,30440
66,1792,30405
66,1856,30529
66,1920,30420
66,1984,30334
66,2048,30507
67,0,2625
67,64,2632
67,128,31255
67,192,31203
67,256,31088
67,320,31146
67,384,31420
67,448,31203
67,512,31223
67,576,31017
67,640,31095
67,704,31257
67,768,31060
67,832,31127
67,896,31148
67,960,31110
67,1024,30994
67,1088,30855
67,1152,31121
67,1216,31154
67,1280,31219
67,1344,31273
67,1408,31130
67,1472,31087
67,1536,31054
67,1600,31059
67,1664,31283
67,1728,31478
67,1792,31527
67,1856,31631
67,1920,31519
67,1984,31406
67,2048,31490
68,0,2632
68,64,2616
68,128,31461
68,192,31371
68,256,31257
68,320,31287
68,384,31596
68,448,31426
68,512,31403
68,576,31110
68,640,31233
68,704,31450
68,768,31302
68,832,31368
68,896,31375
68,960,31406
68,1024,31236
68,1088,31105
68,1152,31132
68,1216,31290
68,1280,31349
68,1344,31422
68,1408,31378
68,1472,31324
68,1536,31323
68,1600,31327
68,1664,31480
68,1728,31653
68,1792,31706
68,1856,31783
68,1920,31668
68,1984,31591
68,2048,31651
69,0,2627
69,64,2620
69,128,31609
69,192,31538
69,256,31428
69,320,31499
69,384,31745
69,448,31542
69,512,31666
69,576,31416
69,640,31501
69,704,31665
69,768,31438
69,832,31528
69,896,31626
69,960,31606
69,1024,31423
69,1088,31367
69,1152,31366
69,1216,31521
69,1280,31559
69,1344,31614
69,1408,31578
69,1472,31588
69,1536,31579
69,1600,31538
69,1664,31708
69,1728,31881
69,1792,31909
69,1856,32033
69,1920,31951
69,1984,31936
69,2048,31936
70,0,2633
70,64,2616
70,128,32087
70,192,31990
70,256,31905
70,320,31905
70,384,32296
70,448,32038
70,512,32087
70,576,32008
70,640,31988
70,704,32145
70,768,32013
70,832,32014
70,896,32147
70,960,32115
70,1024,31993
70,1088,31918
70,1152,31879
70,1216,31895
70,1280,31983
70,1344,32127
70,1408,32121
70,1472,32022
70,1536,31971
70,1600,31991
70,1664,32204
70,1728,32056
70,1792,32272
70,1856,32471
70,1920,32446
70,1984,32461
70,2048,32506
71,0,2638
71,64,2633
71,128,32665
71,192,32588
71,256,32462
71,320,32447
71,384,32744
71,448,32550
71,512,32613
71,576,32427
71,640,32451
71,704,32764
71,768,32501
71,832,32562
71,896,32597
71,960,32639
71,1024,32460
71,1088,32401
71,1152,32379
71,1216,32507
71,1280,32568
71,1344,32606
71,1408,32584
71,1472,32541
71,1536,32492
71,1600,32506
71,1664,32664
71,1728,32545
71,1792,32775
71,1856,32953
71,1920,32922
71,1984,32904
71,2048,32995
72,0,2637
72,64,2630
72,128,32957
72,192,32808
72,256,32699
72,320,32664
72,384,32971
72,448,32836
72,512,32859
72,576,32714
72,640,32547
72,704,32973
72,768,32756
72,832,32735
72,896,32819
72,960,32856
72,1024,32662
72,1088,32659
72,1152,32601
72,1216,32604
72,1280,32807
72,1344,32876
72,1408,32866
72,1472,32838
72,1536,32827
72,1600,32804
72,1664,32930
72,1728,32767
72,1792,32808
72,1856,33211
72,1920,33181
72,1984,33146
72,2048,33245
73,0,2633
73,64,2644
73,128,33107
73,192,33011
73,256,32909
73,320,32873
73,384,33177
73,448,33037
73,512,33030
73,576,33083
73,640,32755
73,704,33173
73,768,32952
73,832,33004
73,896,33056
73,960,33068
73,1024,32891
73,1088,32888
73,1152,32908
73,1216,32874
73,1280,32995
73,1344,33100
73,1408,33071
73,1472,33053
73,1536,33017
73,1600,33003
73,1664,33157
73,1728,33055
73,1792,32970
73,1856,33365
73,1920,33357
73,1984,33367
73,2048,33487
74,0,2644
74,64,2632
74,128,33373
74,192,33293
74,256,33194
74,320,33228
74,384,33562
74,448,33331
74,512,33325
74,576,33386
74,640,33088
74,704,33403
74,768,33171
74,832,33187
74,896,33332
74,960,33385
74,1024,33225
74,1088,33155
74,1152,33115
74,1216,33086
74,1280,33228
74,1344,33352
74,1408,33317
74,1472,33277
74,1536,33287
74,1600,33261
74,1664,33450
74,1728,33365
74,1792,33311
74,1856,33683
74,1920,33632
74,1984,33578
74,2048,33764
75,0,2646
75,64,2648
75,128,34519
75,192,34406
75,256,34275
75,320,34290
75,384,34590
75,448,34459
75,512,34461
75,576,34507
75,640,34062
75,704,34460
75,768,34275
75,832,34299
75,896,34382
75,960,34393
75,1024,34224
75,1088,34196
75,1152,34192
75,1216,34112
75,1280,34335
75,1344,34510
75,1408,34481
75,1472,34490
75,1536,34399
75,1600,34272
75,1664,34391
75,1728,34338
75,1792,34278
75,1856,34313
75,1920,34616
75,1984,34736
75,2048,34835
76,0,2659
76,64,2641
76,128,34766
76,192,34672
76,256,34540
76,320,34560
76,384,34840
76,448,34718
76,512,34656
76,576,34746
76,640,34326
76,704,34668
76,768,34516
76,832,34518
76,896,34641
76,960,34709
76,1024,34542
76,1088,34447
76,1152,34421
76,1216,34314
76,1280,34362
76,1344,34590
76,1408,34674
76,1472,34654
76,1536,34619
76,1600,34532
76,1664,34653
76,1728,34502
76,1792,34517
76,1856,34598
76,1920,34822
76,1984,34931
76,2048,35038
77,0,2672
77,64,2676
77,128,34917
77,192,34864
77,256,34725
77,320,34759
77,384,34746
77,448,34855
77,512,34895
77,576,35014
77,640,34650
77,704,34857
77,768,34772
77,832,34767
77,896,34828
77,960,34883
77,1024,34736
77,1088,34620
77,1152,34629
77,1216,34642
77,1280,34559
77,1344,34800
77,1408,34831
77,1472,34851
77,1536,34836
77,1600,34910
77,1664,35012
77,1728,34847
77,1792,34737
77,1856,34753
77,1920,34702
77,1984,35041
77,2048,35223
78,0,2676
78,64,2664
78,128,35315
78,192,35290
78,256,35198
78,320,35189
78,384,35183
78,448,35350
78,512,35304
78,576,35447
78,640,35041
78,704,35288
78,768,35079
78,832,35159
78,896,35346
78,960,35366
78,1024,35082
78,1088,35077
78,1152,34995
78,1216,35036
78,1280,35000
78,1344,35259
78,1408,35186
78,1472,35154
78,1536,35120
78,1600,35183
78,1664,35319
78,1728,35235
78,1792,35154
78,1856,35263
78,1920,35135
78,1984,35421
78,2048,35600
79,0,2652
79,64,2674
79,128,35885
79,192,35884
79,256,35674
79,320,35683
79,384,35681
79,448,35861
79,512,35860
79,576,35961
79,640,35558
79,704,35661
79,768,35767
79,832,35745
79,896,35901
79,960,35853
79,1024,35710
79,1088,35677
79,1152,35620
79,1216,35627
79,1280,35586
79,1344,35800
79,1408,35871
79,1472,35831
79,1536,35812
79,1600,35867
79,1664,35889
79,1728,35746
79,1792,35703
79,1856,35776
79,1920,35675
79,1984,35977
79,2048,36238
80,0,2649
80,64,2646
80,128,36167
80,192,36150
80,256,35974
80,320,35998
80,384,35967
80,448,36122
80,512,36136
80,576,36241
80,640,35885
80,704,35945
80,768,36058
80,832,36070
80,896,36118
80,960,36112
80,1024,35996
80,1088,35972
80,1152,35894
80,1216,35933
80,1280,35888
80,1344,35880
80,1408,36056
80,1472,36089
80,1536,36103
80,1600,36122
80,1664,36260
80,1728,36060
80,1792,36044
80,1856,36092
80,1920,35952
80,1984,35977
80,2048,36439
81,0,2667
81,64,2685
81,128,36376
81,192,36329
81,256,36196
81,320,36244
81,384,36197
81,448,36349
81,512,36345
81,576,36443
81,640,36342
81,704,36211
81,768,36248
81,832,36180
81,896,36339
81,960,36381
81,1024,36193
81,1088,36143
81,1152,36142
81,1216,36153
81,1280,36143
81,1344,36128
81,1408,36303
81,1472,36344
81,1536,36316
81,1600,36405
81,1664,36464
81,1728,36291
81,1792,36178
81,1856,36262
81,1920,36189
81,1984,36167
81,2048,36662
82,0,2687
82,64,2680
82,128,36626
82,192,36584
82,256,36433
82,320,36460
82,384,36535
82,448,36630
82,512,36651
82,576,36738
82,640,36613
82,704,36478
82,768,36414
82,832,36471
82,896,36575
82,960,36621
82,1024,36457
82,1088,36415
82,1152,36420
82,1216,36400
82,1280,36425
82,1344,36417
82,1408,36513
82,1472,36562
82,1536,36560
82,1600,36686
82,1664,36760
82,1728,36538
82,1792,36460
82,1856,36514
82,1920,36481
82,1984,36453
82,2048,36659
83,0,2669
83,64,2681
83,128,37749
83,192,37723
83,256,37600
83,320,37533
83,384,37527
83,448,37659
83,512,37711
83,576,37715
83,640,37692
83,704,37473
83,768,37503
83,832,37517
83,896,37620
83,960,37603
83,1024,37470
83,1088,37403
83,1152,37377
83,1216,37360
83,1280,37337
83,1344,37248
83,1408,37248
83,1472,37505
83,1536,37607
83,1600,37707
83,1664,37877
83,1728,37727
83,1792,37541
83,1856,37538
83,1920,37409
83,1984,37419
83,2048,37464
84,0,2694
84,64,2692
84,128,37981
84,192,37967
84,256,37775
84,320,37779
84,384,37761
84,448,37899
84,512,38016
84,576,38085
84,640,37968
84,704,37679
84,768,37729
84,832,37813
84,896,37850
84,960,37866
84,1024,37702
84,1088,37703
84,1152,37680
84,1216,37609
84,1280,37599
84,1344,37544
84,1408,37547
84,1472,37797
84,1536,37887
84,1600,37971
84,1664,38119
84,1728,37987
84,1792,37818
84,1856,37745
84,1920,37719
84,1984,37758
84,2048,37839
85,0,2714
85,64,2704
85,128,38208
85,192,38154
85,256,38006
85,320,37978
85,384,37981
85,448,38116
85,512,38180
85,576,38237
85,640,38211
85,704,38011
85,768,37943
85,832,38037
85,896,38077
85,960,38074
85,1024,37915
85,1088,37845
85,1152,37836
85,1216,37812
85,1280,37836
85,1344,37879
85,1408,37787
85,1472,37992
85,1536,38080
85,1600,38118
85,1664,38269
85,1728,38154
85,1792,38010
85,1856,38036
85,1920,37914
85,1984,37918
85,2048,37929
86,0,2718
86,64,2707
86,128,38557
86,192,38507
86,256,38234
86,320,38438
86,384,38432
86,448,38529
86,512,38618
86,576,38700
86,640,38676
86,704,38345
86,768,37934
86,832,38269
86,896,38427
86,960,38546
86,1024,38369
86,1088,38303
86,1152,38268
86,1216,38271
86,1280,38219
86,1344,38294
86,1408,38140
86,1472,38311
86,1536,38422
86,1600,38426
86,1664,38613
86,1728,38421
86,1792,38328
86,1856,38430
86,1920,38253
86,1984,38280
86,2048,38361
87,0,2865
87,64,2861
87,128,39085
87,192,39040
87,256,38838
87,320,38879
87,384,38818
87,448,38963
87,512,39039
87,576,39135
87,640,39108
87,704,38887
87,768,38607
87,832,38946
87,896,39030
87,960,39051
87,1024,38934
87,1088,38865
87,1152,38822
87,1216,38827
87,1280,38778
87,1344,38774
87,1408,38683
87,1472,38677
87,1536,38915
87,1600,39020
87,1664,39150
87,1728,39056
87,1792,38983
87,1856,38941
87,1920,38775
87,1984,38778
87,2048,38847
88,0,2726
88,64,2712
88,128,39466
88,192,39406
88,256,39233
88,320,39288
88,384,39179
88,448,39364
88,512,39461
88,576,39477
88,640,39427
88,704,39178
88,768,38980
88,832,39300
88,896,39384
88,960,39358
88,1024,39333
88,1088,39216
88,1152,39186
88,1216,39172
88,1280,39170
88,1344,39180
88,1408,39089
88,1472,39082
88,1536,39282
88,1600,39405
88,1664,39535
88,1728,39403
88,1792,39343
88,1856,39407
88,1920,39227
88,1984,39202
88,2048,39286
89,0,2702
89,64,2725
89,128,39687
89,192,39685
89,256,39457
89,320,39490
89,384,39464
89,448,39611
89,512,39721
89,576,39706
89,640,39719
89,704,39654
89,768,39255
89,832,39431
89,896,39568
89,960,39702
89,1024,39507
89,1088,39469
89,1152,39476
89,1216,39456
89,1280,39385
89,1344,39417
89,1408,39401
89,1472,39330
89,1536,39482
89,1600,39623
89,1664,39596
89,1728,39567
89,1792,39616
89,1856,39792
89,1920,39543
89,1984,39456
89,2048,39523
90,0,2707
90,64,2731
90,128,39960
90,192,39905
90,256,39716
90,320,39774
90,384,39709
90,448,39660
90,512,39889
90,576,40026
90,640,39987
90,704,39957
90,768,39496
90,832,39715
90,896,39874
90,960,39907
90,1024,39774
90,1088,39748
90,1152,39702
90,1216,39690
90,1280,39643
90,1344,39652
90,1408,39638
90,1472,39598
90,1536,39788
90,1600,39891
90,1664,39851
90,1728,39841
90,1792,39860
90,1856,39993
90,1920,39751
90,1984,39730
90,2048,39817
91,0,3174
91,64,3200
91,128,40957
91,192,40954
91,256,40639
91,320,40717
91,384,40577
91,448,40673
91,512,40845
91,576,40995
91,640,40908
91,704,40899
91,768,40417
91,832,40616
91,896,40885
91,960,40899
91,1024,40738
91,1088,40694
91,1152,40712
91,1216,40634
91,1280,40575
91,1344,40606
91,1408,40583
91,1472,40524
91,1536,40460
91,1600,40768
91,1664,40836
91,1728,40857
91,1792,40856
91,1856,40947
91,1920,40669
91,1984,40569
91,2048,40633
92,0,2887
92,64,2886
92,128,41329
92,192,41286
92,256,41032
92,320,41122
92,384,41108
92,448,41088
92,512,41317
92,576,41394
92,640,41332
92,704,41406
92,768,40822
92,832,40994
92,896,41185
92,960,41248
92,1024,41101
92,1088,41057
92,1152,41037
92,1216,41006
92,1280,41001
92,1344,40951
92,1408,40897
92,1472,40822
92,1536,40813
92,1600,41133
92,1664,41158
92,1728,41167
92,1792,41241
92,1856,41342
92,1920,41187
92,1984,41038
92,2048,41033
93,0,3033
93,64,3061
93,128,41527
93,192,41535
93,256,41279
93,320,41367
93,384,41328
93,448,41279
93,512,41541
93,576,41542
93,640,41575
93,704,41619
93,768,41175
93,832,41026
93,896,41366
93,960,41492
93,1024,41301
93,1088,41260
93,1152,41242
93,1216,41164
93,1280,41167
93,1344,41138
93,1408,41131
93,1472,41175
93,1536,41121
93,1600,41347
93,1664,41383
93,1728,41381
93,1792,41438
93,1856,41565
93,1920,41412
93,1984,41298
93,2048,41292
94,0,3051
94,64,3043
94,128,41743
94,192,41860
94,256,41585
94,320,41680
94,384,41600
94,448,41664
94,512,41994
94,576,42084
94,640,41941
94,704,42035
94,768,41438
94,832,41270
94,896,41700
94,960,41763
94,1024,41501
94,1088,41526
94,1152,41490
94,1216,41456
94,1280,41399
94,1344,41390
94,1408,41388
94,1472,41378
94,1536,41367
94,1600,41600
94,1664,41634
94,1728,41673
94,1792,41659
94,1856,41844
94,1920,41645
94,1984,41533
94,2048,41628
95,0,2880
95,64,2880
95,128,42362
95,192,42335
95,256,42108
95,320,42155
95,384,42118
95,448,42070
95,512,42385
95,576,42422
95,640,42341
95,704,42404
95,768,41971
95,832,41912
95,896,42268
95,960,42368
95,1024,42182
95,1088,42160
95,1152,42096
95,1216,42110
95,1280,42091
95,1344,42052
95,1408,42032
95,1472,41979
95,1536,41900
95,1600,41909
95,1664,42164
95,1728,42255
95,1792,42344
95,1856,42458
95,1920,42284
95,1984,42209
95,2048,42210
96,0,2640
96,64,2647
96,128,42788
96,192,42775
96,256,42514
96,320,42578
96,384,42574
96,448,42512
96,512,42757
96,576,42781
96,640,42770
96,704,42795
96,768,42387
96,832,42357
96,896,42684
96,960,42738
96,1024,42565
96,1088,42575
96,1152,42530
96,1216,42492
96,1280,42454
96,1344,42436
96,1408,42426
96,1472,42375
96,1536,42244
96,1600,42257
96,1664,42585
96,1728,42715
96,1792,42716
96,1856,42782
96,1920,42654
96,1984,42630
96,2048,42608
97,0,2636
97,64,2631
97,128,43025
97,192,43001
97,256,42734
97,320,42776
97,384,42790
97,448,42720
97,512,42926
97,576,43108
97,640,42988
97,704,42997
97,768,42949
97,832,42520
97,896,42839
97,960,43007
97,1024,42778
97,1088,42724
97,1152,42763
97,1216,42761
97,1280,42700
97,1344,42710
97,1408,42632
97,1472,42645
97,1536,42635
97,1600,42631
97,1664,42841
97,1728,42945
97,1792,42937
97,1856,43032
97,1920,42906
97,1984,42880
97,2048,42835
98,0,2642
98,64,2650
98,128,43324
98,192,43242
98,256,43006
98,320,43100
98,384,43034
98,448,42955
98,512,43148
98,576,43369
98,640,43279
98,704,43322
98,768,43199
98,832,42762
98,896,43061
98,960,43239
98,1024,43005
98,1088,43003
98,1152,43011
98,1216,42960
98,1280,42937
98,1344,42951
98,1408,42884
98,1472,42926
98,1536,42903
98,1600,42841
98,1664,42818
98,1728,43085
98,1792,43167
98,1856,43294
98,1920,43113
98,1984,43076
98,2048,43161
99,0,2631
99,64,2646
99,128,43745
99,192,43747
99,256,43491
99,320,43481
99,384,43527
99,448,43449
99,512,43630
99,576,43917
99,640,43715
99,704,43757
99,768,43661
99,832,43335
99,896,43593
99,960,43768
99,1024,43515
99,1088,43480
99,1152,43508
99,1216,43432
99,1280,43421
99,1344,43425
99,1408,43437
99,1472,43451
99,1536,43451
99,1600,43366
99,1664,43330
99,1728,43554
99,1792,43716
99,1856,43796
99,1920,43631
99,1984,43577
99,2048,43662
100,0,2644
100,64,2635
100,128,44608
100,192,44638
100,256,44368
100,320,44368
100,384,44378
100,448,44348
100,512,44563
100,576,44700
100,640,44570
100,704,44636
100,768,44556
100,832,44085
100,896,44143
100,960,44576
100,1024,44359
100,1088,44288
100,1152,44327
100,1216,44265
100,1280,44231
100,1344,44188
100,1408,44095
100,1472,44146
100,1536,44174
100,1600,44063
100,1664,44035
100,1728,44452
100,1792,44573
100,1856,44667
100,1920,44584
100,1984,44511
100,2048,44541
101,0,2652
101,64,2654
101,128,44870
101,192,44852
101,256,44592
101,320,44604
101,384,44627
101,448,44546
101,512,44732
101,576,44952
101,640,44844
101,704,44822
101,768,44818
101,832,44404
101,896,44305
101,960,44750
101,1024,44515
101,1088,44495
101,1152,44470
101,1216,44439
101,1280,44475
101,1344,44467
101,1408,44493
101,1472,44400
101,1536,44352
101,1600,44374
101,1664,44309
101,1728,44640
101,1792,44746
101,1856,44830
101,1920,44709
101,1984,44653
101,2048,44766
102,0,2649
102,64,2664
102,128,45042
102,192,45080
102,256,44845
102,320,44900
102,384,44885
102,448,44878
102,512,45065
102,576,45291
102,640,45167
102,704,45157
102,768,45256
102,832,44686
102,896,44595
102,960,45022
102,1024,44754
102,1088,44776
102,1152,44786
102,1216,44787
102,1280,44732
102,1344,44676
102,1408,44649
102,1472,44595
102,1536,44619
102,1600,44682
102,1664,44534
102,1728,44626
102,1792,44896
102,1856,44972
102,1920,44883
102,1984,44920
102,2048,44994
103,0,2652
103,64,2658
103,128,45633
103,192,45629
103,256,45339
103,320,45385
103,384,45387
103,448,45328
103,512,45355
103,576,45687
103,640,45640
103,704,45629
103,768,45654
103,832,45162
103,896,45153
103,960,45658
103,1024,45403
103,1088,45340
103,1152,45347
103,1216,45335
103,1280,45316
103,1344,45267
103,1408,45224
103,1472,45190
103,1536,45170
103,1600,45235
103,1664,45093
103,1728,45134
103,1792,45399
103,1856,45544
103,1920,45443
103,1984,45463
103,2048,45542
104,0,2671
104,64,2679
104,128,46043
104,192,46061
104,256,45797
104,320,45843
104,384,45753
104,448,45673
104,512,45778
104,576,46153
104,640,45996
104,704,46000
104,768,46023
104,832,45641
104,896,45588
104,960,46011
104,1024,45925
104,1088,45806
104,1152,45808
104,1216,45846
104,1280,45787
104,1344,45767
104,1408,45718
104,1472,45682
104,1536,45631
104,1600,45669
104,1664,45512
104,1728,45542
104,1792,45956
104,1856,46066
104,1920,45991
104,1984,45899
104,2048,45966
105,0,2680
105,64,2675
105,128,46320
105,192,46308
105,256,45991
105,320,46082
105,384,46057
105,448,46017
105,512,45989
105,576,46362
105,640,46297
105,704,46293
105,768,46322
105,832,46240
105,896,45876
105,960,46252
105,1024,46138
105,1088,46073
105,1152,46086
105,1216,46032
105,1280,45975
105,1344,46000
105,1408,45986
105,1472,45935
105,1536,45907
105,1600,45891
105,1664,45874
105,1728,45862
105,1792,46176
105,1856,46252
105,1920,46183
105,1984,46146
105,2048,46208
106,0,2660
106,64,2662
106,128,46569
106,192,46538
106,256,46254
106,320,46261
106,384,46253
106,448,46224
106,512,46262
106,576,46602
106,640,46528
106,704,46574
106,768,46569
106,832,46562
106,896,46117
106,960,46436
106,1024,46370
106,1088,46282
106,1152,46329
106,1216,46305
106,1280,46232
106,1344,46219
106,1408,46202
106,1472,46212
106,1536,46176
106,1600,46171
106,1664,46085
106,1728,45996
106,1792,46052
106,1856,46379
106,1920,46385
106,1984,46383
106,2048,46581
107,0,2662
107,64,2677
107,128,46905
107,192,46942
107,256,46664
107,320,46609
107,384,46632
107,448,46599
107,512,46620
107,576,47037
107,640,46961
107,704,46945
107,768,46956
107,832,46950
107,896,46425
107,960,46664
107,1024,46728
107,1088,46611
107,1152,46636
107,1216,46642
107,1280,46672
107,1344,46622
107,1408,46637
107,1472,46633
107,1536,46556
107,1600,46558
107,1664,46551
107,1728,46485
107,1792,46511
107,1856,46814
107,1920,46770
107,1984,46721
107,2048,46955
108,0,2681
108,64,2677
108,128,47921
108,192,47999
108,256,47593
108,320,47573
108,384,47613
108,448,47531
108,512,47651
108,576,47912
108,640,47895
108,704,47943
108,768,47844
108,832,47889
108,896,47412
108,960,47574
108,1024,47666
108,1088,47593
108,1152,47609
108,1216,47588
108,1280,47531
108,1344,47547
108,1408,47495
108,1472,47483
108,1536,47368
108,1600,47362
108,1664,47291
108,1728,47249
108,1792,47321
108,1856,47702
108,1920,47780
108,1984,47764
108,2048,47875
109,0,2686
109,64,2685
109,128,48233
109,192,48210
109,256,47931
109,320,47868
109,384,47866
109,448,47850
109,512,47833
109,576,48132
109,640,48218
109,704,48199
109,768,48191
109,832,48258
109,896,47846
109,960,47785
109,1024,47933
109,1088,47890
109,1152,47836
109,1216,47804
109,1280,47819
109,1344,47757
109,1408,47748
109,1472,47705
109,1536,47638
109,1600,47678
109,1664,47637
109,1728,47607
109,1792,47591
109,1856,47943
109,1920,48004
109,1984,47951
109,2048,48108
110,0,2690
110,64,2690
110,128,48478
110,192,48423
110,256,48138
110,320,48192
110,384,48258
110,448,48240
110,512,48214
110,576,48522
110,640,48558
110,704,48526
110,768,48466
110,832,48478
110,896,47979
110,960,47909
110,1024,48098
110,1088,48063
110,1152,48021
110,1216,48050
110,1280,48067
110,1344,48022
110,1408,48027
110,1472,47959
110,1536,47919
110,1600,47865
110,1664,47820
110,1728,47779
110,1792,47734
110,1856,47851
110,1920,48109
110,1984,48197
110,2048,48389
111,0,2691
111,64,2698
111,128,48917
111,192,48910
111,256,48634
111,320,48613
111,384,48663
111,448,48605
111,512,48534
111,576,48876
111,640,48958
111,704,48971
111,768,48931
111,832,48961
111,896,48491
111,960,48259
111,1024,48559
111,1088,48468
111,1152,48476
111,1216,48525
111,1280,48541
111,1344,48471
111,1408,48445
111,1472,48404
111,1536,48391
111,1600,48319
111,1664,48293
111,1728,48295
111,1792,48228
111,1856,48316
111,1920,48574
111,1984,48667
111,2048,48871
112,0,2698
112,64,2691
112,128,49379
112,192,49373
112,256,49035
112,320,48980
112,384,49092
112,448,48993
112,512,49001
112,576,49272
112,640,49336
112,704,49365
112,768,49293
112,832,49326
112,896,48978
112,960,48785
112,1024,49124
112,1088,49095
112,1152,49034
112,1216,49044
112,1280,49110
112,1344,49070
112,1408,49050
112,1472,48973
112,1536,48930
112,1600,48885
112,1664,48824
112,1728,48789
112,1792,48741
112,1856,48742
112,1920,49073
112,1984,49201
112,2048,49315
113,0,2712
113,64,2696
113,128,49598
113,192,49643
113,256,49315
113,320,49327
113,384,49344
113,448,49276
113,512,49294
113,576,49602
113,640,49670
113,704,49623
113,768,49516
113,832,49660
113,896,49623
113,960,49104
113,1024,49320
113,1088,49326
113,1152,49285
113,1216,49309
113,1280,49295
113,1344,49307
113,1408,49260
113,1472,49229
113,1536,49229
113,1600,49167
113,1664,49089
113,1728,49105
113,1792,49121
113,1856,49034
113,1920,48980
113,1984,49313
113,2048,49545
114,0,2705
114,64,2695
114,128,49890
114,192,49845
114,256,49533
114,320,49506
114,384,49598
114,448,49591
114,512,49512
114,576,49815
114,640,49890
114,704,49855
114,768,49826
114,832,49937
114,896,49912
114,960,49313
114,1024,49312
114,1088,49457
114,1152,49558
114,1216,49563
114,1280,49579
114,1344,49606
114,1408,49535
114,1472,49480
114,1536,49444
114,1600,49373
114,1664,49320
114,1728,49330
114,1792,49388
114,1856,49456
114,1920,49356
114,1984,49621
114,2048,49819
115,0,2708
115,64,2721
115,128,50224
115,192,50158
115,256,49871
115,320,49891
115,384,49949
115,448,49890
115,512,49887
115,576,50236
115,640,50262
115,704,50216
115,768,50158
115,832,50252
115,896,50382
115,960,49765
115,1024,49639
115,1088,49777
115,1152,49869
115,1216,49875
115,1280,49889
115,1344,49936
115,1408,49849
115,1472,49813
115,1536,49820
115,1600,49817
115,1664,49708
115,1728,49688
115,1792,49743
115,1856,49797
115,1920,49661
115,1984,49877
115,2048,50195
116,0,2707
116,64,2718
116,128,51134
116,192,51098
116,256,50817
116,320,50680
116,384,50831
116,448,50843
116,512,50753
116,576,50892
116,640,51110
116,704,51048
116,768,51156
116,832,51155
116,896,51292
116,960,50467
116,1024,50389
116,1088,50691
116,1152,50833
116,1216,50852
116,1280,50884
116,1344,50815
116,1408,50755
116,1472,50721
116,1536,50673
116,1600,50668
116,1664,50540
116,1728,50538
116,1792,50549
116,1856,50564
116,1920,50486
116,1984,50900
116,2048,51159
117,0,2726
117,64,2721
117,128,51474
117,192,51522
117,256,51129
117,320,51171
117,384,51234
117,448,51160
117,512,51191
117,576,51218
117,640,51486
117,704,51498
117,768,51470
117,832,51555
117,896,51708
117,960,50918
117,1024,50768
117,1088,50980
117,1152,51103
117,1216,51118
117,1280,51122
117,1344,51085
117,1408,50989
117,1472,50994
117,1536,51028
117,1600,50939
117,1664,50791
117,1728,50801
117,1792,50874
117,1856,51027
117,1920,50784
117,1984,50786
117,2048,51256
118,0,2733
118,64,2724
118,128,51788
118,192,51753
118,256,51496
118,320,51369
118,384,51451
118,448,51439
118,512,51339
118,576,51486
118,640,51791
118,704,51850
118,768,51724
118,832,51842
118,896,52059
118,960,51210
118,1024,51033
118,1088,51276
118,1152,51355
118,1216,51355
118,1280,51396
118,1344,51370
118,1408,51325
118,1472,51233
118,1536,51200
118,1600,51256
118,1664,51131
118,1728,51065
118,1792,51120
118,1856,51285
118,1920,51068
118,1984,50948
118,2048,51610
119,0,2740
119,64,2745
119,128,52196
119,192,52192
119,256,51860
119,320,51858
119,384,51934
119,448,51871
119,512,51830
119,576,51948
119,640,52251
119,704,52302
119,768,52190
119,832,52214
119,896,52441
119,960,51640
119,1024,51449
119,1088,51567
119,1152,51741
119,1216,51776
119,1280,51762
119,1344,51792
119,1408,51733
119,1472,51694
119,1536,51702
119,1600,51627
119,1664,51579
119,1728,51497
119,1792,51503
119,1856,51716
119,1920,51450
119,1984,51448
119,2048,52024
120,0,2746
120,64,2740
120,128,52664
120,192,52603
120,256,52335
120,320,52245
120,384,52292
120,448,52276
120,512,52217
120,576,52322
120,640,52583
120,704,52622
120,768,52613
120,832,52626
120,896,52802
120,960,52120
120,1024,51974
120,1088,52171
120,1152,52282
120,1216,52278
120,1280,52279
120,1344,52268
120,1408,52286
120,1472,52245
120,1536,52255
120,1600,52188
120,1664,52112
120,1728,52048
120,1792,52053
120,1856,52169
120,1920,51942
120,1984,51988
120,2048,52542
121,0,2743
121,64,2757
121,128,52879
121,192,52877
121,256,52510
121,320,52493
121,384,52545
121,448,52563
121,512,52551
121,576,52633
121,640,52941
121,704,52904
121,768,52884
121,832,52913
121,896,53120
121,960,52884
121,1024,52259
121,1088,52238
121,1152,52560
121,1216,52597
121,1280,52584
121,1344,52530
121,1408,52529
121,1472,52513
121,1536,52482
121,1600,52435
121,1664,52359
121,1728,52363
121,1792,52337
121,1856,52495
121,1920,52412
121,1984,52284
121,2048,52411
122,0,2754
122,64,2741
122,128,53136
122,192,53137
122,256,52825
122,320,52773
122,384,52816
122,448,52845
122,512,52788
122,576,52854
122,640,53134
122,704,53192
122,768,53119
122,832,53188
122,896,53380
122,960,53131
122,1024,52532
122,1088,52512
122,1152,52706
122,1216,52804
122,1280,52825
122,1344,52823
122,1408,52772
122,1472,52725
122,1536,52742
122,1600,52738
122,1664,52655
122,1728,52628
122,1792,52594
122,1856,52755
122,1920,52663
122,1984,52521
122,2048,52699
123,0,2733
123,64,2746
123,128,53522
123,192,53489
123,256,53147
123,320,53088
123,384,53155
123,448,53189
123,512,53091
123,576,53200
123,640,53423
123,704,53503
123,768,53474
123,832,53475
123,896,53674
123,960,53464
123,1024,52900
123,1088,52843
123,1152,53084
123,1216,53168
123,1280,53177
123,1344,53142
123,1408,53096
123,1472,53147
123,1536,53145
123,1600,53040
123,1664,52964
123,1728,52953
123,1792,52933
123,1856,53148
123,1920,53017
123,1984,52862
123,2048,53048
124,0,2766
124,64,2747
124,128,54361
124,192,54299
124,256,53999
124,320,53907
124,384,53939
124,448,53992
124,512,53902
124,576,54007
124,640,54227
124,704,54254
124,768,54218
124,832,54247
124,896,54389
124,960,54244
124,1024,53618
124,1088,53653
124,1152,53901
124,1216,54010
124,1280,53997
124,1344,54007
124,1408,53949
124,1472,53980
124,1536,53931
124,1600,53838
124,1664,53790
124,1728,53796
124,1792,53721
124,1856,53836
124,1920,53723
124,1984,53570
124,2048,53785
125,0,2767
125,64,2755
125,128,54718
125,192,54727
125,256,54407
125,320,54339
125,384,54351
125,448,54384
125,512,54400
125,576,54430
125,640,54668
125,704,54725
125,768,54814
125,832,54777
125,896,54937
125,960,54743
125,1024,54036
125,1088,54015
125,1152,54277
125,1216,54341
125,1280,54334
125,1344,54342
125,1408,54336
125,1472,54316
125,1536,54247
125,1600,54228
125,1664,54139
125,1728,54144
125,1792,54119
125,1856,54217
125,1920,54089
125,1984,54051
125,2048,54111
126,0,2760
126,64,2775
126,128,55079
126,192,55069
126,256,54694
126,320,54694
126,384,54755
126,448,54774
126,512,54679
126,576,54757
126,640,54918
126,704,55097
126,768,55158
126,832,55060
126,896,55257
126,960,55112
126,1024,54312
126,1088,54298
126,1152,54502
126,1216,54554
126,1280,54570
126,1344,54575
126,1408,54517
126,1472,54569
126,1536,54496
126,1600,54468
126,1664,54409
126,1728,54392
126,1792,54350
126,1856,54434
126,1920,54252
126,1984,54204
126,2048,54268
127,0,2768
127,64,2780
127,128,55229
127,192,55516
127,256,55216
127,320,55117
127,384,55252
127,448,55249
127,512,55162
127,576,55247
127,640,55439
127,704,55561
127,768,55486
127,832,55490
127,896,55751
127,960,55557
127,1024,54769
127,1088,54758
127,1152,54968
127,1216,55063
127,1280,55038
127,1344,55101
127,1408,55038
127,1472,55049
127,1536,54932
127,1600,54950
127,1664,54855
127,1728,54799
127,1792,54770
127,1856,54885
127,1920,54780
127,1984,54758
127,2048,54770
128,0,2658
128,64,2671
128,128,55696
128,192,55946
128,256,55537
128,320,55528
128,384,55572
128,448,55554
128,512,55541
128,576,55610
128,640,55866
128,704,55910
128,768,55810
128,832,55829
128,896,56152
128,960,55898
128,1024,55104
128,1088,55117
128,1152,55488
128,1216,55586
128,1280,55523
128,1344,55525
128,1408,55514
128,1472,55516
128,1536,55449
128,1600,55453
128,1664,55285
128,1728,55359
128,1792,55249
128,1856,55373
128,1920,55216
128,1984,55251
128,2048,55136
129,0,2658
129,64,2671
129,128,55696
129,192,55946
129,256,55537
129,320,55528
129,384,55572
129,448,55554
129,512,55541
129,576,55610
129,640,55866
129,704,55910
129,768,55810
129,832,55829
129,896,56152
129,960,55898
129,1024,55104
129,1088,55117
129,1152,55488
129,1216,55586
129,1280,55523
129,1344,55525
129,1408,55514
129,1472,55516
129,1536,55449
129,1600,55453
129,1664,55285
129,1728,55359
129,1792,55249
129,1856,55373
129,1920,55216
129,1984,55251
129,2048,55136
130,0,2658
130,64,2671
130,128,55696
130,192,55946
130,256,55537
130,320,55528
130,384,55572
130,448,55554
130,512,55541
130,576,55610
130,640,55866
130,704,55910
130,768,55810
130,832,55829
130,896,56152
130,960,55898
130,1024,55104
130,1088,55117
130,1152,55488
130,1216,55586
130,1280,55523
130,1344,55525
130,1408,55514
130,1472,55516
130,1536,55449
130,1600,55453
130,1664,55285
130,1728,55359
130,1792,55249
130,1856,55373
130,1920,55216
130,1984,55251
130,2048,55136
131,0,2658
131,64,2671
131,128,54658
131,192,55946
131,256,55537
131,320,55528
131,384,55572
131,448,55554
131,512,55541
131,576,55610
131,640,55866
131,704,55910
131,768,55810
131,832,55829
131,896,56152
131,960,55898
131,1024,55104
131,1088,55117
131,1152,55488
131,1216,55586
131,1280,55523
131,1344,55525
131,1408,55514
131,1472,55516
131,1536,55449
131,1600,55453
131,1664,55285
131,1728,55359
131,1792,55249
131,1856,55373
131,1920,55216
131,1984,55251
131,2048,55136
132,0,2658
132,64,2670
132,128,52133
132,192,55946
132,256,55537
132,320,55528
132,384,55572
132,448,55554
132,512,55541
132,576,55610
132,640,55866
132,704,55910
132,768,55810
132,832,55829
132,896,56152
132,960,55898
132,1024,55104
132,1088,55117
132,1152,55488
132,1216,55586
132,1280,55523
132,1344,55525
132,1408,55514
132,1472,55516
132,1536,55449
132,1600,55453
132,1664,55285
132,1728,55359
132,1792,55249
132,1856,55373
132,1920,55216
132,1984,55251
132,2048,55136
133,0,2684
133,64,2685
133,128,8112
133,192,58591
133,256,58730
133,320,58644
133,384,58646
133,448,58732
133,512,58667
133,576,58752
133,640,58728
133,704,59069
133,768,59185
133,832,59179
133,896,59270
133,960,59218
133,1024,59168
133,1088,58573
133,1152,58374
133,1216,58375
133,1280,58679
133,1344,58773
133,1408,58710
133,1472,58723
133,1536,58726
133,1600,58741
133,1664,58659
133,1728,58655
133,1792,58573
133,1856,58573
133,1920,58505
133,1984,58486
133,2048,58461
134,0,2684
134,64,2685
134,128,8112
134,192,58591
134,256,58730
134,320,58644
134,384,58646
134,448,58732
134,512,58667
134,576,58752
134,640,58728
134,704,59069
134,768,59185
134,832,59179
134,896,59270
134,960,59218
134,1024,59168
134,1088,58573
134,1152,58374
134,1216,58375
134,1280,58679
134,1344,58773
134,1408,58710
134,1472,58723
134,1536,58726
134,1600,58741
134,1664,58659
134,1728,58655
134,1792,58573
134,1856,58573
134,1920,58505
134,1984,58486
134,2048,58461
135,0,2684
135,64,2685
135,128,8112
135,192,58591
135,256,58730
135,320,58644
135,384,58646
135,448,58732
135,512,58667
135,576,58752
135,640,58728
135,704,59069
135,768,59185
135,832,59179
135,896,59270
135,960,59218
135,1024,59168
135,1088,58573
135,1152,58374
135,1216,58375
135,1280,58679
135,1344,58773
135,1408,58710
135,1472,58723
135,1536,58726
135,1600,58741
135,1664,58659
135,1728,58655
135,1792,58573
135,1856,58573
135,1920,58505
135,1984,58486
135,2048,58461
136,0,2684
136,64,2685
136,128,8112
136,192,58591
136,256,58730
136,320,58644
136,384,58646
136,448,58732
136,512,58667
136,576,58752
136,640,58728
136,704,59069
136,768,59185
136,832,59179
136,896,59270
136,960,59218
136,1024,59168
136,1088,58573
136,1152,58374
136,1216,58375
136,1280,58679
136,1344,58773
136,1408,58710
136,1472,58723
136,1536,58726
136,1600,58741
136,1664,58659
136,1728,58655
136,1792,58573
136,1856,58573
136,1920,58505
136,1984,58486
136,2048,58461
137,0,2688
137,64,2688
137,128,8112
137,192,58591
137,256,58730
137,320,58644
137,384,58646
137,448,58732
137,512,58667
137,576,58752
137,640,58728
137,704,59069
137,768,59185
137,832,59179
137,896,59270
137,960,59218
137,1024,59168
137,1088,58573
137,1152,58374
137,1216,58375
137,1280,58679
137,1344,58773
137,1408,58710
137,1472,58723
137,1536,58726
137,1600,58741
137,1664,58659
137,1728,58655
137,1792,58573
137,1856,58573
137,1920,58505
137,1984,58486
137,2048,58461
138,0,2688
138,64,2688
138,128,8112
138,192,58591
138,256,58730
138,320,58644
138,384,58646
138,448,58732
138,512,58667
138,576,58752
138,640,58728
138,704,59069
138,768,59185
138,832,59179
138,896,59270
138,960,59218
138,1024,59168
138,1088,58573
138,1152,58374
138,1216,58375
138,1280,58679
138,1344,58773
138,1408,58710
138,1472,58723
138,1536,58726
138,1600,58741
138,1664,58659
138,1728,58655
138,1792,58573
138,1856,58573
138,1920,58505
138,1984,58486
138,2048,58461
139,0,2688
139,64,2688
139,128,8112
139,192,58591
139,256,58730
139,320,58644
139,384,58646
139,448,58732
139,512,58667
139,576,58752
139,640,58728
139,704,59069
139,768,59185
139,832,59179
139,896,59270
139,960,59218
139,1024,59168
139,1088,58573
139,1152,58374
139,1216,58375
139,1280,58679
139,1344,58773
139,1408,58710
139,1472,58723
139,1536,58726
139,1600,58741
139,1664,58659
139,1728,58655
139,1792,58573
139,1856,58573
139,1920,58505
139,1984,58486
139,2048,58461
140,0,2688
140,64,2688
140,128,8112
140,192,58591
140,256,58730
140,320,58644
140,384,58646
140,448,58732
140,512,58667
140,576,58752
140,640,58728
140,704,59069
140,768,59185
140,832,59179
140,896,59270
140,960,59218
140,1024,59168
140,1088,58573
140,1152,58374
140,1216,58375
140,1280,58679
140,1344,58773
140,1408,58710
140,1472,58723
140,1536,58726
140,1600,58741
140,1664,58659
140,1728,58655
140,1792,58573
140,1856,58573
140,1920,58505
140,1984,58486
140,2048,58461
141,0,2743
141,64,2736
141,128,7007
141,192,62375
141,256,61996
141,320,61929
141,384,61867
141,448,61996
141,512,61968
141,576,61988
141,640,61981
141,704,61998
141,768,62374
141,832,62439
141,896,62534
141,960,62403
141,1024,62447
141,1088,62459
141,1152,61755
141,1216,61536
141,1280,61576
141,1344,61896
141,1408,61933
141,1472,61884
141,1536,61889
141,1600,61828
141,1664,61798
141,1728,61766
141,1792,61696
141,1856,61736
141,1920,61582
141,1984,61600
141,2048,61567
142,0,2743
142,64,2736
142,128,7007
142,192,62375
142,256,61996
142,320,61929
142,384,61867
142,448,61996
142,512,61968
142,576,61988
142,640,61981
142,704,61998
142,768,62374
142,832,62439
142,896,62534
142,960,62403
142,1024,62447
142,1088,62459
142,1152,61755
142,1216,61536
142,1280,61576
142,1344,61896
142,1408,61933
142,1472,61884
142,1536,61889
142,1600,61828
142,1664,61798
142,1728,61766
142,1792,61696
142,1856,61736
142,1920,61582
142,1984,61600
142,2048,61567
143,0,2743
143,64,2736
143,128,7007
143,192,62375
143,256,61996
143,320,61929
143,384,61867
143,448,61996
143,512,61968
143,576,61988
143,640,61981
143,704,61998
143,768,62374
143,832,62439
143,896,62534
143,960,62403
143,1024,62447
143,1088,62459
143,1152,61755
143,1216,61536
143,1280,61576
143,1344,61896
143,1408,61933
143,1472,61884
143,1536,61889
143,1600,61828
143,1664,61798
143,1728,61766
143,1792,61696
143,1856,61736
143,1920,61582
143,1984,61600
143,2048,61567
144,0,2743
144,64,2736
144,128,7007
144,192,62375
144,256,61996
144,320,61929
144,384,61867
144,448,61996
144,512,61968
144,576,61988
144,640,61981
144,704,61998
144,768,62374
144,832,62439
144,896,62534
144,960,62403
144,1024,62447
144,1088,62459
144,1152,61755
144,1216,61536
144,1280,61576
144,1344,61896
144,1408,61933
144,1472,61884
144,1536,61889
144,1600,61828
144,1664,61798
144,1728,61766
144,1792,61696
144,1856,61736
144,1920,61582
144,1984,61600
144,2048,61567
145,0,2746
145,64,2738
145,128,7011
145,192,62375
145,256,61996
145,320,61929
145,384,61867
145,448,61996
145,512,61968
145,576,61988
145,640,61981
145,704,61998
145,768,62374
145,832,62439
145,896,62534
145,960,62403
145,1024,62447
145,1088,62459
145,1152,61755
145,1216,61536
145,1280,61576
145,1344,61896
145,1408,61933
145,1472,61884
145,1536,61889
145,1600,61828
145,1664,61798
145,1728,61766
145,1792,61696
145,1856,61736
145,1920,61582
145,1984,61600
145,2048,61567
146,0,2746
146,64,2738
146,128,7011
146,192,62375
146,256,61996
146,320,61929
146,384,61867
146,448,61996
146,512,61968
146,576,61988
146,640,61981
146,704,61998
146,768,62374
146,832,62439
146,896,62534
146,960,62403
146,1024,62447
146,1088,62459
146,1152,61755
146,1216,61536
146,1280,61576
146,1344,61896
146,1408,61933
146,1472,61884
146,1536,61889
146,1600,61828
146,1664,61798
146,1728,61766
146,1792,61696
146,1856,61736
146,1920,61582
146,1984,61600
146,2048,61567
147,0,2746
147,64,2738
147,128,7011
147,192,62375
147,256,61996
147,320,61929
147,384,61867
147,448,61996
147,512,61968
147,576,61988
147,640,61981
147,704,61998
147,768,62374
147,832,62439
147,896,62534
147,960,62403
147,1024,62447
147,1088,62459
147,1152,61755
147,1216,61536
147,1280,61576
147,1344,61896
147,1408,61933
147,1472,61884
147,1536,61889
147,1600,61828
147,1664,61798
147,1728,61766
147,1792,61696
147,1856,61736
147,1920,61582
147,1984,61600
147,2048,61567
148,0,2746
148,64,2738
148,128,7011
148,192,62375
148,256,61996
148,320,61929
148,384,61867
148,448,61996
148,512,61968
148,576,61988
148,640,61981
148,704,61998
148,768,62374
148,832,62439
148,896,62534
148,960,62403
148,1024,62447
148,1088,62459
148,1152,61755
148,1216,61536
148,1280,61576
148,1344,61896
148,1408,61933
148,1472,61884
148,1536,61889
148,1600,61828
148,1664,61798
148,1728,61766
148,1792,61696
148,1856,61736
148,1920,61582
148,1984,61600
148,2048,61567
149,0,2763
149,64,2762
149,128,6247
149,192,65731
149,256,65301
149,320,65248
149,384,65164
149,448,65223
149,512,65273
149,576,65352
149,640,65296
149,704,65267
149,768,65648
149,832,65829
149,896,65987
149,960,65695
149,1024,65741
149,1088,65820
149,1152,65718
149,1216,65004
149,1280,64747
149,1344,64744
149,1408,64976
149,1472,65119
149,1536,65084
149,1600,65003
149,1664,64983
149,1728,65073
149,1792,65013
149,1856,64974
149,1920,64898
149,1984,64839
149,2048,64823
150,0,2763
150,64,2762
150,128,6247
150,192,65731
150,256,65301
150,320,65248
150,384,65164
150,448,65223
150,512,65273
150,576,65352
150,640,65296
150,704,65267
150,768,65648
150,832,65829
150,896,65987
150,960,65695
150,1024,65741
150,1088,65820
150,1152,65718
150,1216,65004
150,1280,64747
150,1344,64744
150,1408,64976
150,1472,65119
150,1536,65084
150,1600,65003
150,1664,64983
150,1728,65073
150,1792,65013
150,1856,64974
150,1920,64898
150,1984,64839
150,2048,64823
151,0,2763
151,64,2762
151,128,6247
151,192,65731
151,256,65301
151,320,65248
151,384,65164
151,448,65223
151,512,65273
151,576,65352
151,640,65296
151,704,65267
151,768,65648
151,832,65829
151,896,65987
151,960,65695
151,1024,65741
151,1088,65820
151,1152,65718
151,1216,65004
151,1280,64747
151,1344,64744
151,1408,64976
151,1472,65119
151,1536,65084
151,1600,65003
151,1664,64983
151,1728,65073
151,1792,65013
151,1856,64974
151,1920,64898
151,1984,64839
151,2048,64823
152,0,2763
152,64,2762
152,128,6247
152,192,65731
152,256,65301
152,320,65248
152,384,65164
152,448,65223
152,512,65273
152,576,65352
152,640,65296
152,704,65267
152,768,65648
152,832,65829
152,896,65987
152,960,65695
152,1024,65741
152,1088,65820
152,1152,65718
152,1216,65004
152,1280,64747
152,1344,64744
152,1408,64976
152,1472,65119
152,1536,65084
152,1600,65003
152,1664,64983
152,1728,65073
152,1792,65013
152,1856,64974
152,1920,64898
152,1984,64839
152,2048,64823
153,0,2762
153,64,2760
153,128,6007
153,192,65731
153,256,65301
153,320,65248
153,384,65164
153,448,65223
153,512,65273
153,576,65352
153,640,65296
153,704,65267
153,768,65648
153,832,65829
153,896,65987
153,960,65695
153,1024,65741
153,1088,65820
153,1152,65718
153,1216,65004
153,1280,64747
153,1344,64744
153,1408,64976
153,1472,65119
153,1536,65084
153,1600,65003
153,1664,64983
153,1728,65073
153,1792,65013
153,1856,64974
153,1920,64898
153,1984,64839
153,2048,64823
154,0,2762
154,64,2760
154,128,6007
154,192,65731
154,256,65301
154,320,65248
154,384,65164
154,448,65223
154,512,65273
154,576,65352
154,640,65296
154,704,65267
154,768,65648
154,832,65829
154,896,65987
154,960,65695
154,1024,65741
154,1088,65820
154,1152,65718
154,1216,65004
154,1280,64747
154,1344,64744
154,1408,64976
154,1472,65119
154,1536,65084
154,1600,65003
154,1664,64983
154,1728,65073
154,1792,65013
154,1856,64974
154,1920,64898
154,1984,64839
154,2048,64823
155,0,2762
155,64,2760
155,128,6007
155,192,65731
155,256,65301
155,320,65248
155,384,65164
155,448,65223
155,512,65273
155,576,65352
155,640,65296
155,704,65267
155,768,65648
155,832,65829
155,896,65987
155,960,65695
155,1024,65741
155,1088,65820
155,1152,65718
155,1216,65004
155,1280,64747
155,1344,64744
155,1408,64976
155,1472,65119
155,1536,65084
155,1600,65003
155,1664,64983
155,1728,65073
155,1792,65013
155,1856,64974
155,1920,64898
155,1984,64839
155,2048,64823
156,0,2762
156,64,2760
156,128,6007
156,192,65731
156,256,65301
156,320,65248
156,384,65164
156,448,65223
156,512,65273
156,576,65352
156,640,65296
156,704,65267
156,768,65648
156,832,65829
156,896,65987
156,960,65695
156,1024,65741
156,1088,65820
156,1152,65718
156,1216,65004
156,1280,64747
156,1344,64744
156,1408,64976
156,1472,65119
156,1536,65084
156,1600,65003
156,1664,64983
156,1728,65073
156,1792,65013
156,1856,64974
156,1920,64898
156,1984,64839
156,2048,64823
157,0,2701
157,64,2694
157,128,5353
157,192,69289
157,256,68579
157,320,68576
157,384,68504
157,448,68451
157,512,68555
157,576,68626
157,640,68537
157,704,68527
157,768,68519
157,832,69064
157,896,69281
157,960,69091
157,1024,69038
157,1088,69002
157,1152,69040
157,1216,68992
157,1280,68236
157,1344,68025
157,1408,68008
157,1472,68296
157,1536,68413
157,1600,68341
157,1664,68382
157,1728,68299
157,1792,68286
157,1856,68201
157,1920,68087
157,1984,68069
157,2048,68052
158,0,2701
158,64,2694
158,128,5353
158,192,69289
158,256,68579
158,320,68576
158,384,68504
158,448,68451
158,512,68555
158,576,68626
158,640,68537
158,704,68527
158,768,68519
158,832,69064
158,896,69281
158,960,69091
158,1024,69038
158,1088,69002
158,1152,69040
158,1216,68992
158,1280,68236
158,1344,68025
158,1408,68008
158,1472,68296
158,1536,68413
158,1600,68341
158,1664,68382
158,1728,68299
158,1792,68286
158,1856,68201
158,1920,68087
158,1984,68069
158,2048,68052
159,0,2701
159,64,2694
159,128,5353
159,192,69289
159,256,68579
159,320,68576
159,384,68504
159,448,68451
159,512,68555
159,576,68626
159,640,68537
159,704,68527
159,768,68519
159,832,69064
159,896,69281
159,960,69091
159,1024,69038
159,1088,69002
159,1152,69040
159,1216,68992
159,1280,68236
159,1344,68025
159,1408,68008
159,1472,68296
159,1536,68413
159,1600,68341
159,1664,68382
159,1728,68299
159,1792,68286
159,1856,68201
159,1920,68087
159,1984,68069
159,2048,68052
160,0,2701
160,64,2694
160,128,5353
160,192,69289
160,256,68579
160,320,68576
160,384,68504
160,448,68451
160,512,68555
160,576,68626
160,640,68537
160,704,68527
160,768,68519
160,832,69064
160,896,69281
160,960,69091
160,1024,69038
160,1088,69002
160,1152,69040
160,1216,68992
160,1280,68236
160,1344,68025
160,1408,68008
160,1472,68296
160,1536,68413
160,1600,68341
160,1664,68382
160,1728,68299
160,1792,68286
160,1856,68201
160,1920,68087
160,1984,68069
160,2048,68052
161,0,2701
161,64,2694
161,128,5352
161,192,69315
161,256,68579
161,320,68576
161,384,68504
161,448,68451
161,512,68555
161,576,68626
161,640,68537
161,704,68527
161,768,68519
161,832,69064
161,896,69281
161,960,69091
161,1024,69038
161,1088,69002
161,1152,69040
161,1216,68992
161,1280,68236
161,1344,68025
161,1408,68008
161,1472,68296
161,1536,68413
161,1600,68341
161,1664,68382
161,1728,68299
161,1792,68286
161,1856,68201
161,1920,68087
161,1984,68069
161,2048,68052
162,0,2701
162,64,2694
162,128,5352
162,192,69315
162,256,68579
162,320,68576
162,384,68504
162,448,68451
162,512,68555
162,576,68626
162,640,68537
162,704,68527
162,768,68519
162,832,69064
162,896,69281
162,960,69091
162,1024,69038
162,1088,69002
162,1152,69040
162,1216,68992
162,1280,68236
162,1344,68025
162,1408,68008
162,1472,68296
162,1536,68413
162,1600,68341
162,1664,68382
162,1728,68299
162,1792,68286
162,1856,68201
162,1920,68087
162,1984,68069
162,2048,68052
163,0,2701
163,64,2694
163,128,5352
163,192,69315
163,256,68579
163,320,68576
163,384,68504
163,448,68451
163,512,68555
163,576,68626
163,640,68537
163,704,68527
163,768,68519
163,832,69064
163,896,69281
163,960,69091
163,1024,69038
163,1088,69002
163,1152,69040
163,1216,68992
163,1280,68236
163,1344,68025
163,1408,68008
163,1472,68296
163,1536,68413
163,1600,68341
163,1664,68382
163,1728,68299
163,1792,68286
163,1856,68201
163,1920,68087
163,1984,68069
163,2048,68052
164,0,2701
164,64,2694
164,128,5352
164,192,69315
164,256,68579
164,320,68576
164,384,68504
164,448,68451
164,512,68555
164,576,68626
164,640,68537
164,704,68527
164,768,68519
164,832,69064
164,896,69281
164,960,69091
164,1024,69038
164,1088,69002
164,1152,69040
164,1216,68992
164,1280,68236
164,1344,68025
164,1408,68008
164,1472,68296
164,1536,68413
164,1600,68341
164,1664,68382
164,1728,68299
164,1792,68286
164,1856,68201
164,1920,68087
164,1984,68069
164,2048,68052
165,0,2723
165,64,2723
165,128,2992
165,192,71452
165,256,71797
165,320,71706
165,384,71639
165,448,71606
165,512,71738
165,576,71872
165,640,71825
165,704,71764
165,768,71743
165,832,71870
165,896,72285
165,960,72275
165,1024,72316
165,1088,72317
165,1152,72291
165,1216,72274
165,1280,72219
165,1344,71504
165,1408,71152
165,1472,71163
165,1536,71570
165,1600,71697
165,1664,71665
165,1728,71545
165,1792,71554
165,1856,71569
165,1920,71486
165,1984,71468
165,2048,71365
166,0,2723
166,64,2723
166,128,2992
166,192,71452
166,256,71797
166,320,71706
166,384,71639
166,448,71606
166,512,71738
166,576,71872
166,640,71825
166,704,71764
166,768,71743
166,832,71870
166,896,72285
166,960,72275
166,1024,72316
166,1088,72317
166,1152,72291
166,1216,72274
166,1280,72219
166,1344,71504
166,1408,71152
166,1472,71163
166,1536,71570
166,1600,71697
166,1664,71665
166,1728,71545
166,1792,71554
166,1856,71569
166,1920,71486
166,1984,71468
166,2048,71365
167,0,2723
167,64,2723
167,128,2992
167,192,71452
167,256,71797
167,320,71706
167,384,71639
167,448,71606
167,512,71738
167,576,71872
167,640,71825
167,704,71764
167,768,71743
167,832,71870
167,896,72285
167,960,72275
167,1024,72316
167,1088,72317
167,1152,72291
167,1216,72274
167,1280,72219
167,1344,71504
167,1408,71152
167,1472,71163
167,1536,71570
167,1600,71697
167,1664,71665
167,1728,71545
167,1792,71554
167,1856,71569
167,1920,71486
167,1984,71468
167,2048,71365
168,0,2723
168,64,2723
168,128,2992
168,192,71452
168,256,71797
168,320,71706
168,384,71639
168,448,71606
168,512,71738
168,576,71872
168,640,71825
168,704,71764
168,768,71743
168,832,71870
168,896,72285
168,960,72275
168,1024,72316
168,1088,72317
168,1152,72291
168,1216,72274
168,1280,72219
168,1344,71504
168,1408,71152
168,1472,71163
168,1536,71570
168,1600,71697
168,1664,71665
168,1728,71545
168,1792,71554
168,1856,71569
168,1920,71486
168,1984,71468
168,2048,71365
169,0,2723
169,64,2724
169,128,2992
169,192,71762
169,256,71797
169,320,71706
169,384,71639
169,448,71606
169,512,71738
169,576,71872
169,640,71825
169,704,71764
169,768,71743
169,832,71870
169,896,72285
169,960,72275
169,1024,72316
169,1088,72317
169,1152,72291
169,1216,72274
169,1280,72219
169,1344,71504
169,1408,71152
169,1472,71163
169,1536,71570
169,1600,71697
169,1664,71665
169,1728,71545
169,1792,71554
169,1856,71569
169,1920,71486
169,1984,71468
169,2048,71365
170,0,2723
170,64,2724
170,128,2992
170,192,71762
170,256,71797
170,320,71706
170,384,71639
170,448,71606
170,512,71738
170,576,71872
170,640,71825
170,704,71764
170,768,71743
170,832,71870
170,896,72285
170,960,72275
170,1024,72316
170,1088,72317
170,1152,72291
170,1216,72274
170,1280,72219
170,1344,71504
170,1408,71152
170,1472,71163
170,1536,71570
170,1600,71697
170,1664,71665
170,1728,71545
170,1792,71554
170,1856,71569
170,1920,71486
170,1984,71468
170,2048,71365
171,0,2723
171,64,2724
171,128,2992
171,192,71762
171,256,71797
171,320,71706
171,384,71639
171,448,71606
171,512,71738
171,576,71872
171,640,71825
171,704,71764
171,768,71743
171,832,71870
171,896,72285
171,960,72275
171,1024,72316
171,1088,72317
171,1152,72291
171,1216,72274
171,1280,72219
171,1344,71504
171,1408,71152
171,1472,71163
171,1536,71570
171,1600,71697
171,1664,71665
171,1728,71545
171,1792,71554
171,1856,71569
171,1920,71486
171,1984,71468
171,2048,71365
172,0,2723
172,64,2724
172,128,2992
172,192,71762
172,256,71797
172,320,71706
172,384,71639
172,448,71606
172,512,71738
172,576,71872
172,640,71825
172,704,71764
172,768,71743
172,832,71870
172,896,72285
172,960,72275
172,1024,72316
172,1088,72317
172,1152,72291
172,1216,72274
172,1280,72219
172,1344,71504
172,1408,71152
172,1472,71163
172,1536,71570
172,1600,71697
172,1664,71665
172,1728,71545
172,1792,71554
172,1856,71569
172,1920,71486
172,1984,71468
172,2048,71365
173,0,3041
173,64,3050
173,128,3040
173,192,72717
173,256,75021
173,320,74916
173,384,74886
173,448,74815
173,512,74827
173,576,75041
173,640,75023
173,704,74950
173,768,74934
173,832,75002
173,896,75384
173,960,75520
173,1024,75632
173,1088,75622
173,1152,75540
173,1216,75467
173,1280,75493
173,1344,75446
173,1408,74691
173,1472,74405
173,1536,74362
173,1600,74679
173,1664,74894
173,1728,74885
173,1792,74809
173,1856,74809
173,1920,74688
173,1984,74721
173,2048,74762
174,0,3041
174,64,3050
174,128,3040
174,192,72717
174,256,75021
174,320,74916
174,384,74886
174,448,74815
174,512,74827
174,576,75041
174,640,75023
174,704,74950
174,768,74934
174,832,75002
174,896,75384
174,960,75520
174,1024,75632
174,1088,75622
174,1152,75540
174,1216,75467
174,1280,75493
174,1344,75446
174,1408,74691
174,1472,74405
174,1536,74362
174,1600,74679
174,1664,74894
174,1728,74885
174,1792,74809
174,1856,74809
174,1920,74688
174,1984,74721
174,2048,74762
175,0,3041
175,64,3050
175,128,3040
175,192,72717
175,256,75021
175,320,74916
175,384,74886
175,448,74815
175,512,74827
175,576,75041
175,640,75023
175,704,74950
175,768,74934
175,832,75002
175,896,75384
175,960,75520
175,1024,75632
175,1088,75622
175,1152,75540
175,1216,75467
175,1280,75493
175,1344,75446
175,1408,74691
175,1472,74405
175,1536,74362
175,1600,74679
175,1664,74894
175,1728,74885
175,1792,74809
175,1856,74809
175,1920,74688
175,1984,74721
175,2048,74762
176,0,3041
176,64,3050
176,128,3040
176,192,72717
176,256,75021
176,320,74916
176,384,74886
176,448,74815
176,512,74827
176,576,75041
176,640,75023
176,704,74950
176,768,74934
176,832,75002
176,896,75384
176,960,75520
176,1024,75632
176,1088,75622
176,1152,75540
176,1216,75467
176,1280,75493
176,1344,75446
176,1408,74691
176,1472,74405
176,1536,74362
176,1600,74679
176,1664,74894
176,1728,74885
176,1792,74809
176,1856,74809
176,1920,74688
176,1984,74721
176,2048,74762
177,0,3042
177,64,3051
177,128,3041
177,192,73297
177,256,75021
177,320,74916
177,384,74886
177,448,74815
177,512,74827
177,576,75041
177,640,75023
177,704,74950
177,768,74934
177,832,75002
177,896,75384
177,960,75520
177,1024,75632
177,1088,75622
177,1152,75540
177,1216,75467
177,1280,75493
177,1344,75446
177,1408,74691
177,1472,74405
177,1536,74362
177,1600,74679
177,1664,74894
177,1728,74885
177,1792,74809
177,1856,74809
177,1920,74688
177,1984,74721
177,2048,74762
178,0,3042
178,64,3051
178,128,3041
178,192,73297
178,256,75021
178,320,74916
178,384,74886
178,448,74815
178,512,74827
178,576,75041
178,640,75023
178,704,74950
178,768,74934
178,832,75002
178,896,75384
178,960,75520
178,1024,75632
178,1088,75622
178,1152,75540
178,1216,75467
178,1280,75493
178,1344,75446
178,1408,74691
178,1472,74405
178,1536,74362
178,1600,74679
178,1664,74894
178,1728,74885
178,1792,74809
178,1856,74809
178,1920,74688
178,1984,74721
178,2048,74762
179,0,3042
179,64,3051
179,128,3041
179,192,73297
179,256,75021
179,320,74916
179,384,74886
179,448,74815
179,512,74827
179,576,75041
179,640,75023
179,704,74950
179,768,74934
179,832,75002
179,896,75384
179,960,75520
179,1024,75632
179,1088,75622
179,1152,75540
179,1216,75467
179,1280,75493
179,1344,75446
179,1408,74691
179,1472,74405
179,1536,74362
179,1600,74679
179,1664,74894
179,1728,74885
179,1792,74809
179,1856,74809
179,1920,74688
179,1984,74721
179,2048,74762
180,0,3042
180,64,3051
180,128,3041
180,192,73297
180,256,75021
180,320,74916
180,384,74886
180,448,74815
180,512,74827
180,576,75041
180,640,75023
180,704,74950
180,768,74934
180,832,75002
180,896,75384
180,960,75520
180,1024,75632
180,1088,75622
180,1152,75540
180,1216,75467
180,1280,75493
180,1344,75446
180,1408,74691
180,1472,74405
180,1536,74362
180,1600,74679
180,1664,74894
180,1728,74885
180,1792,74809
180,1856,74809
180,1920,74688
180,1984,74721
180,2048,74762
181,0,2798
181,64,2789
181,128,2786
181,192,73480
181,256,78340
181,320,78307
181,384,78265
181,448,78233
181,512,78226
181,576,78378
181,640,78364
181,704,78375
181,768,78333
181,832,78350
181,896,78398
181,960,78937
181,1024,79027
181,1088,78991
181,1152,78920
181,1216,78926
181,1280,78885
181,1344,78970
181,1408,78853
181,1472,78090
181,1536,77802
181,1600,77743
181,1664,78080
181,1728,78220
181,1792,78187
181,1856,78041
181,1920,77947
181,1984,77987
181,2048,77979
182,0,2798
182,64,2789
182,128,2786
182,192,73480
182,256,78340
182,320,78307
182,384,78265
182,448,78233
182,512,78226
182,576,78378
182,640,78364
182,704,78375
182,768,78333
182,832,78350
182,896,78398
182,960,78937
182,1024,79027
182,1088,78991
182,1152,78920
182,1216,78926
182,1280,78885
182,1344,78970
182,1408,78853
182,1472,78090
182,1536,77802
182,1600,77743
182,1664,78080
182,1728,78220
182,1792,78187
182,1856,78041
182,1920,77947
182,1984,77987
182,2048,77979
183,0,2798
183,64,2789
183,128,2786
183,192,73480
183,256,78340
183,320,78307
183,384,78265
183,448,78233
183,512,78226
183,576,78378
183,640,78364
183,704,78375
183,768,78333
183,832,78350
183,896,78398
183,960,78937
183,1024,79027
183,1088,78991
183,1152,78920
183,1216,78926
183,1280,78885
183,1344,78970
183,1408,78853
183,1472,78090
183,1536,77802
183,1600,77743
183,1664,78080
183,1728,78220
183,1792,78187
183,1856,78041
183,1920,77947
183,1984,77987
183,2048,77979
184,0,2798
184,64,2789
184,128,2786
184,192,73480
184,256,78340
184,320,78307
184,384,78265
184,448,78233
184,512,78226
184,576,78378
184,640,78364
184,704,78375
184,768,78333
184,832,78350
184,896,78398
184,960,78937
184,1024,79027
184,1088,78991
184,1152,78920
184,1216,78926
184,1280,78885
184,1344,78970
184,1408,78853
184,1472,78090
184,1536,77802
184,1600,77743
184,1664,78080
184,1728,78220
184,1792,78187
184,1856,78041
184,1920,77947
184,1984,77987
184,2048,77979
185,0,2798
185,64,2789
185,128,2785
185,192,74298
185,256,78340
185,320,78307
185,384,78265
185,448,78233
185,512,78226
185,576,78378
185,640,78364
185,704,78375
185,768,78333
185,832,78350
185,896,78398
185,960,78937
185,1024,79027
185,1088,78991
185,1152,78920
185,1216,78926
185,1280,78885
185,1344,78970
185,1408,78853
185,1472,78090
185,1536,77802
185,1600,77743
185,1664,78080
185,1728,78220
185,1792,78187
185,1856,78041
185,1920,77947
185,1984,77987
185,2048,77979
186,0,2798
186,64,2789
186,128,2785
186,192,74298
186,256,78340
186,320,78307
186,384,78265
186,448,78233
186,512,78226
186,576,78378
186,640,78364
186,704,78375
186,768,78333
186,832,78350
186,896,78398
186,960,78937
186,1024,79027
186,1088,78991
186,1152,78920
186,1216,78926
186,1280,78885
186,1344,78970
186,1408,78853
186,1472,78090
186,1536,77802
186,1600,77743
186,1664,78080
186,1728,78220
186,1792,78187
186,1856,78041
186,1920,77947
186,1984,77987
186,2048,77979
187,0,2798
187,64,2789
187,128,2785
187,192,74298
187,256,78340
187,320,78307
187,384,78265
187,448,78233
187,512,78226
187,576,78378
187,640,78364
187,704,78375
187,768,78333
187,832,78350
187,896,78398
187,960,78937
187,1024,79027
187,1088,78991
187,1152,78920
187,1216,78926
187,1280,78885
187,1344,78970
187,1408,78853
187,1472,78090
187,1536,77802
187,1600,77743
187,1664,78080
187,1728,78220
187,1792,78187
187,1856,78041
187,1920,77947
187,1984,77987
187,2048,77979
188,0,2798
188,64,2789
188,128,2785
188,192,74298
188,256,78340
188,320,78307
188,384,78265
188,448,78233
188,512,78226
188,576,78378
188,640,78364
188,704,78375
188,768,78333
188,832,78350
188,896,78398
188,960,78937
188,1024,79027
188,1088,78991
188,1152,78920
188,1216,78926
188,1280,78885
188,1344,78970
188,1408,78853
188,1472,78090
188,1536,77802
188,1600,77743
188,1664,78080
188,1728,78220
188,1792,78187
188,1856,78041
188,1920,77947
188,1984,77987
188,2048,77979
189,0,2747
189,64,2750
189,128,2737
189,192,70656
189,256,81669
189,320,81612
189,384,81517
189,448,81488
189,512,81509
189,576,81685
189,640,81694
189,704,81676
189,768,81621
189,832,81668
189,896,81684
189,960,82045
189,1024,82255
189,1088,82260
189,1152,82278
189,1216,82268
189,1280,82286
189,1344,82329
189,1408,82320
189,1472,82251
189,1536,81290
189,1600,80817
189,1664,80853
189,1728,81283
189,1792,81342
189,1856,81387
189,1920,81171
189,1984,81223
189,2048,81192
190,0,2747
190,64,2750
190,128,2737
190,192,70656
190,256,81669
190,320,81612
190,384,81517
190,448,81488
190,512,81509
190,576,81685
190,640,81694
190,704,81676
190,768,81621
190,832,81668
190,896,81684
190,960,82045
190,1024,82255
190,1088,82260
190,1152,82278
190,1216,82268
190,1280,82286
190,1344,82329
190,1408,82320
190,1472,82251
190,1536,81290
190,1600,80817
190,1664,80853
190,1728,81283
190,1792,81342
190,1856,81387
190,1920,81171
190,1984,81223
190,2048,81192
191,0,2747
191,64,2750
191,128,2737
191,192,70656
191,256,81669
191,320,81612
191,384,81517
191,448,81488
191,512,81509
191,576,81685
191,640,81694
191,704,81676
191,768,81621
191,832,81668
191,896,81684
191,960,82045
191,1024,82255
191,1088,82260
191,1152,82278
191,1216,82268
191,1280,82286
191,1344,82329
191,1408,82320
191,1472,82251
191,1536,81290
191,1600,80817
191,1664,80853
191,1728,81283
191,1792,81342
191,1856,81387
191,1920,81171
191,1984,81223
191,2048,81192
192,0,2747
192,64,2750
192,128,2737
192,192,70656
192,256,81669
192,320,81612
192,384,81517
192,448,81488
192,512,81509
192,576,81685
192,640,81694
192,704,81676
192,768,81621
192,832,81668
192,896,81684
192,960,82045
192,1024,82255
192,1088,82260
192,1152,82278
192,1216,82268
192,1280,82286
192,1344,82329
192,1408,82320
192,1472,82251
192,1536,81290
192,1600,80817
192,1664,80853
192,1728,81283
192,1792,81342
192,1856,81387
192,1920,81171
192,1984,81223
192,2048,81192
193,0,2744
193,64,2749
193,128,2737
193,192,64037
193,256,81669
193,320,81612
193,384,81517
193,448,81488
193,512,81509
193,576,81685
193,640,81694
193,704,81676
193,768,81621
193,832,81668
193,896,81684
193,960,82045
193,1024,82255
193,1088,82260
193,1152,82278
193,1216,82268
193,1280,82286
193,1344,82329
193,1408,82320
193,1472,82251
193,1536,81290
193,1600,80817
193,1664,80853
193,1728,81283
193,1792,81342
193,1856,81387
193,1920,81171
193,1984,81223
193,2048,81192
194,0,2744
194,64,2749
194,128,2737
194,192,64037
194,256,81669
194,320,81612
194,384,81517
194,448,81488
194,512,81509
194,576,81685
194,640,81694
194,704,81676
194,768,81621
194,832,81668
194,896,81684
194,960,82045
194,1024,82255
194,1088,82260
194,1152,82278
194,1216,82268
194,1280,82286
194,1344,82329
194,1408,82320
194,1472,82251
194,1536,81290
194,1600,80817
194,1664,80853
194,1728,81283
194,1792,81342
194,1856,81387
194,1920,81171
194,1984,81223
194,2048,81192
195,0,2744
195,64,2749
195,128,2737
195,192,64037
195,256,81669
195,320,81612
195,384,81517
195,448,81488
195,512,81509
195,576,81685
195,640,81694
195,704,81676
195,768,81621
195,832,81668
195,896,81684
195,960,82045
195,1024,82255
195,1088,82260
195,1152,82278
195,1216,82268
195,1280,82286
195,1344,82329
195,1408,82320
195,1472,82251
195,1536,81290
195,1600,80817
195,1664,80853
195,1728,81283
195,1792,81342
195,1856,81387
195,1920,81171
195,1984,81223
195,2048,81192
196,0,2744
196,64,2749
196,128,2737
196,192,64037
196,256,81669
196,320,81612
196,384,81517
196,448,81488
196,512,81509
196,576,81685
196,640,81694
196,704,81676
196,768,81621
196,832,81668
196,896,81684
196,960,82045
196,1024,82255
196,1088,82260
196,1152,82278
196,1216,82268
196,1280,82286
196,1344,82329
196,1408,82320
196,1472,82251
196,1536,81290
196,1600,80817
196,1664,80853
196,1728,81283
196,1792,81342
196,1856,81387
196,1920,81171
196,1984,81223
196,2048,81192
197,0,2766
197,64,2766
197,128,2762
197,192,24906
197,256,84758
197,320,84825
197,384,84756
197,448,84660
197,512,84668
197,576,84751
197,640,84880
197,704,84829
197,768,84868
197,832,84822
197,896,84813
197,960,84827
197,1024,85405
197,1088,85506
197,1152,85464
197,1216,85444
197,1280,85442
197,1344,85452
197,1408,85527
197,1472,85573
197,1536,85429
197,1600,84472
197,1664,84154
197,1728,84077
197,1792,84112
197,1856,84407
197,1920,84530
197,1984,84591
197,2048,84446
198,0,2766
198,64,2766
198,128,2762
198,192,24906
198,256,84758
198,320,84825
198,384,84756
198,448,84660
198,512,84668
198,576,84751
198,640,84880
198,704,84829
198,768,84868
198,832,84822
198,896,84813
198,960,84827
198,1024,85405
198,1088,85506
198,1152,85464
198,1216,85444
198,1280,85442
198,1344,85452
198,1408,85527
198,1472,85573
198,1536,85429
198,1600,84472
198,1664,84154
198,1728,84077
198,1792,84112
198,1856,84407
198,1920,84530
198,1984,84591
198,2048,84446
199,0,2766
199,64,2766
199,128,2762
199,192,24906
199,256,84758
199,320,84825
199,384,84756
199,448,84660
199,512,84668
199,576,84751
199,640,84880
199,704,84829
199,768,84868
199,832,84822
199,896,84813
199,960,84827
199,1024,85405
199,1088,85506
199,1152,85464
199,1216,85444
199,1280,85442
199,1344,85452
199,1408,85527
199,1472,85573
199,1536,85429
199,1600,84472
199,1664,84154
199,1728,84077
199,1792,84112
199,1856,84407
199,1920,84530
199,1984,84591
199,2048,84446
200,0,2766
200,64,2766
200,128,2762
200,192,24906
200,256,84758
200,320,84825
200,384,84756
200,448,84660
200,512,84668
200,576,84751
200,640,84880
200,704,84829
200,768,84868
200,832,84822
200,896,84813
200,960,84827
200,1024,85405
200,1088,85506
200,1152,85464
200,1216,85444
200,1280,85442
200,1344,85452
200,1408,85527
200,1472,85573
200,1536,85429
200,1600,84472
200,1664,84154
200,1728,84077
200,1792,84112
200,1856,84407
200,1920,84530
200,1984,84591
200,2048,84446
201,0,2766
201,64,2767
201,128,2763
201,192,12601
201,256,84758
201,320,84825
201,384,84756
201,448,84660
201,512,84668
201,576,84751
201,640,84880
201,704,84829
201,768,84868
201,832,84822
201,896,84813
201,960,84827
201,1024,85405
201,1088,85506
201,1152,85464
201,1216,85444
201,1280,85442
201,1344,85452
201,1408,85527
201,1472,85573
201,1536,85429
201,1600,84472
201,1664,84154
201,1728,84077
201,1792,84112
201,1856,84407
201,1920,84530
201,1984,84591
201,2048,84446
202,0,2766
202,64,2767
202,128,2763
202,192,12601
202,256,84758
202,320,84825
202,384,84756
202,448,84660
202,512,84668
202,576,84751
202,640,84880
202,704,84829
202,768,84868
202,832,84822
202,896,84813
202,960,84827
202,1024,85405
202,1088,85506
202,1152,85464
202,1216,85444
202,1280,85442
202,1344,85452
202,1408,85527
202,1472,85573
202,1536,85429
202,1600,84472
202,1664,84154
202,1728,84077
202,1792,84112
202,1856,84407
202,1920,84530
202,1984,84591
202,2048,84446
203,0,2766
203,64,2767
203,128,2763
203,192,12601
203,256,84758
203,320,84825
203,384,84756
203,448,84660
203,512,84668
203,576,84751
203,640,84880
203,704,84829
203,768,84868
203,832,84822
203,896,84813
203,960,84827
203,1024,85405
203,1088,85506
203,1152,85464
203,1216,85444
203,1280,85442
203,1344,85452
203,1408,85527
203,1472,85573
203,1536,85429
203,1600,84472
203,1664,84154
203,1728,84077
203,1792,84112
203,1856,84407
203,1920,84530
203,1984,84591
203,2048,84446
204,0,2766
204,64,2767
204,128,2763
204,192,12601
204,256,84758
204,320,84825
204,384,84756
204,448,84660
204,512,84668
204,576,84751
204,640,84880
204,704,84829
204,768,84868
204,832,84822
204,896,84813
204,960,84827
204,1024,85405
204,1088,85506
204,1152,85464
204,1216,85444
204,1280,85442
204,1344,85452
204,1408,85527
204,1472,85573
204,1536,85429
204,1600,84472
204,1664,84154
204,1728,84077
204,1792,84112
204,1856,84407
204,1920,84530
204,1984,84591
204,2048,84446
205,0,2773
205,64,2780
205,128,2771
205,192,5934
205,256,87880
205,320,87923
205,384,87875
205,448,87826
205,512,87894
205,576,87873
205,640,87980
205,704,88022
205,768,87987
205,832,87991
205,896,87889
205,960,87876
205,1024,87973
205,1088,88446
205,1152,88661
205,1216,88673
205,1280,88630
205,1344,88602
205,1408,88706
205,1472,88789
205,1536,88725
205,1600,88451
205,1664,87619
205,1728,87234
205,1792,87208
205,1856,87301
205,1920,87674
205,1984,87805
205,2048,87854
206,0,2773
206,64,2780
206,128,2771
206,192,5934
206,256,87880
206,320,87923
206,384,87875
206,448,87826
206,512,87894
206,576,87873
206,640,87980
206,704,88022
206,768,87987
206,832,87991
206,896,87889
206,960,87876
206,1024,87973
206,1088,88446
206,1152,88661
206,1216,88673
206,1280,88630
206,1344,88602
206,1408,88706
206,1472,88789
206,1536,88725
206,1600,88451
206,1664,87619
206,1728,87234
206,1792,87208
206,1856,87301
206,1920,87674
206,1984,87805
206,2048,87854
207,0,2773
207,64,2780
207,128,2771
207,192,5934
207,256,87880
207,320,87923
207,384,87875
207,448,87826
207,512,87894
207,576,87873
207,640,87980
207,704,88022
207,768,87987
207,832,87991
207,896,87889
207,960,87876
207,1024,87973
207,1088,88446
207,1152,88661
207,1216,88673
207,1280,88630
207,1344,88602
207,1408,88706
207,1472,88789
207,1536,88725
207,1600,88451
207,1664,87619
207,1728,87234
207,1792,87208
207,1856,87301
207,1920,87674
207,1984,87805
207,2048,87854
208,0,2773
208,64,2780
208,128,2771
208,192,5934
208,256,87880
208,320,87923
208,384,87875
208,448,87826
208,512,87894
208,576,87873
208,640,87980
208,704,88022
208,768,87987
208,832,87991
208,896,87889
208,960,87876
208,1024,87973
208,1088,88446
208,1152,88661
208,1216,88673
208,1280,88630
208,1344,88602
208,1408,88706
208,1472,88789
208,1536,88725
208,1600,88451
208,1664,87619
208,1728,87234
208,1792,87208
208,1856,87301
208,1920,87674
208,1984,87805
208,2048,87854
209,0,2774
209,64,2781
209,128,2772
209,192,4077
209,256,87880
209,320,87923
209,384,87875
209,448,87826
209,512,87894
209,576,87873
209,640,87980
209,704,88022
209,768,87987
209,832,87991
209,896,87889
209,960,87876
209,1024,87973
209,1088,88446
209,1152,88661
209,1216,88673
209,1280,88630
209,1344,88602
209,1408,88706
209,1472,88789
209,1536,88725
209,1600,88451
209,1664,87619
209,1728,87234
209,1792,87208
209,1856,87301
209,1920,87674
209,1984,87805
209,2048,87854
210,0,2774
210,64,2781
210,128,2772
210,192,4077
210,256,87880
210,320,87923
210,384,87875
210,448,87826
210,512,87894
210,576,87873
210,640,87980
210,704,88022
210,768,87987
210,832,87991
210,896,87889
210,960,87876
210,1024,87973
210,1088,88446
210,1152,88661
210,1216,88673
210,1280,88630
210,1344,88602
210,1408,88706
210,1472,88789
210,1536,88725
210,1600,88451
210,1664,87619
210,1728,87234
210,1792,87208
210,1856,87301
210,1920,87674
210,1984,87805
210,2048,87854
211,0,2774
211,64,2781
211,128,2772
211,192,4077
211,256,87880
211,320,87923
211,384,87875
211,448,87826
211,512,87894
211,576,87873
211,640,87980
211,704,88022
211,768,87987
211,832,87991
211,896,87889
211,960,87876
211,1024,87973
211,1088,88446
211,1152,88661
211,1216,88673
211,1280,88630
211,1344,88602
211,1408,88706
211,1472,88789
211,1536,88725
211,1600,88451
211,1664,87619
211,1728,87234
211,1792,87208
211,1856,87301
211,1920,87674
211,1984,87805
211,2048,87854
212,0,2774
212,64,2781
212,128,2772
212,192,4077
212,256,87880
212,320,87923
212,384,87875
212,448,87826
212,512,87894
212,576,87873
212,640,87980
212,704,88022
212,768,87987
212,832,87991
212,896,87889
212,960,87876
212,1024,87973
212,1088,88446
212,1152,88661
212,1216,88673
212,1280,88630
212,1344,88602
212,1408,88706
212,1472,88789
212,1536,88725
212,1600,88451
212,1664,87619
212,1728,87234
212,1792,87208
212,1856,87301
212,1920,87674
212,1984,87805
212,2048,87854
213,0,2839
213,64,2833
213,128,2825
213,192,3495
213,256,91173
213,320,91279
213,384,91290
213,448,91124
213,512,91211
213,576,91267
213,640,91211
213,704,91338
213,768,91393
213,832,91324
213,896,91228
213,960,91266
213,1024,91305
213,1088,91748
213,1152,91982
213,1216,92011
213,1280,92030
213,1344,92041
213,1408,92040
213,1472,92122
213,1536,92186
213,1600,92141
213,1664,92093
213,1728,90978
213,1792,90541
213,1856,90500
213,1920,90521
213,1984,90901
213,2048,91035
214,0,2839
214,64,2833
214,128,2825
214,192,3495
214,256,91173
214,320,91279
214,384,91290
214,448,91124
214,512,91211
214,576,91267
214,640,91211
214,704,91338
214,768,91393
214,832,91324
214,896,91228
214,960,91266
214,1024,91305
214,1088,91748
214,1152,91982
214,1216,92011
214,1280,92030
214,1344,92041
214,1408,92040
214,1472,92122
214,1536,92186
214,1600,92141
214,1664,92093
214,1728,90978
214,1792,90541
214,1856,90500
214,1920,90521
214,1984,90901
214,2048,91035
215,0,2839
215,64,2833
215,128,2825
215,192,3495
215,256,91173
215,320,91279
215,384,91290
215,448,91124
215,512,91211
215,576,91267
215,640,91211
215,704,91338
215,768,91393
215,832,91324
215,896,91228
215,960,91266
215,1024,91305
215,1088,91748
215,1152,91982
215,1216,92011
215,1280,92030
215,1344,92041
215,1408,92040
215,1472,92122
215,1536,92186
215,1600,92141
215,1664,92093
215,1728,90978
215,1792,90541
215,1856,90500
215,1920,90521
215,1984,90901
215,2048,91035
216,0,2839
216,64,2833
216,128,2825
216,192,3495
216,256,91173
216,320,91279
216,384,91290
216,448,91124
216,512,91211
216,576,91267
216,640,91211
216,704,91338
216,768,91393
216,832,91324
216,896,91228
216,960,91266
216,1024,91305
216,1088,91748
216,1152,91982
216,1216,92011
216,1280,92030
216,1344,92041
216,1408,92040
216,1472,92122
216,1536,92186
216,1600,92141
216,1664,92093
216,1728,90978
216,1792,90541
216,1856,90500
216,1920,90521
216,1984,90901
216,2048,91035
217,0,2839
217,64,2833
217,128,2826
217,192,3521
217,256,91173
217,320,91279
217,384,91290
217,448,91124
217,512,91211
217,576,91267
217,640,91211
217,704,91338
217,768,91393
217,832,91324
217,896,91228
217,960,91266
217,1024,91305
217,1088,91748
217,1152,91982
217,1216,92011
217,1280,92030
217,1344,92041
217,1408,92040
217,1472,92122
217,1536,92186
217,1600,92141
217,1664,92093
217,1728,90978
217,1792,90541
217,1856,90500
217,1920,90521
217,1984,90901
217,2048,91035
218,0,2839
218,64,2833
218,128,2826
218,192,3521
218,256,91173
218,320,91279
218,384,91290
218,448,91124
218,512,91211
218,576,91267
218,640,91211
218,704,91338
218,768,91393
218,832,91324
218,896,91228
218,960,91266
218,1024,91305
218,1088,91748
218,1152,91982
218,1216,92011
218,1280,92030
218,1344,92041
218,1408,92040
218,1472,92122
218,1536,92186
218,1600,92141
218,1664,92093
218,1728,90978
218,1792,90541
218,1856,90500
218,1920,90521
218,1984,90901
218,2048,91035
219,0,2839
219,64,2833
219,128,2826
219,192,3521
219,256,91173
219,320,91279
219,384,91290
219,448,91124
219,512,91211
219,576,91267
219,640,91211
219,704,91338
219,768,91393
219,832,91324
219,896,91228
219,960,91266
219,1024,91305
219,1088,91748
219,1152,91982
219,1216,92011
219,1280,92030
219,1344,92041
219,1408,92040
219,1472,92122
219,1536,92186
219,1600,92141
219,1664,92093
219,1728,90978
219,1792,90541
219,1856,90500
219,1920,90521
219,1984,90901
219,2048,91035
220,0,2839
220,64,2833
220,128,2826
220,192,3521
220,256,91173
220,320,91279
220,384,91290
220,448,91124
220,512,91211
220,576,91267
220,640,91211
220,704,91338
220,768,91393
220,832,91324
220,896,91228
220,960,91266
220,1024,91305
220,1088,91748
220,1152,91982
220,1216,92011
220,1280,92030
220,1344,92041
220,1408,92040
220,1472,92122
220,1536,92186
220,1600,92141
220,1664,92093
220,1728,90978
220,1792,90541
220,1856,90500
220,1920,90521
220,1984,90901
220,2048,91035
221,0,2777
221,64,2791
221,128,2778
221,192,3509
221,256,94431
221,320,94449
221,384,94452
221,448,94336
221,512,94375
221,576,94431
221,640,94443
221,704,94541
221,768,94513
221,832,94470
221,896,94526
221,960,94474
221,1024,94522
221,1088,94510
221,1152,94958
221,1216,95176
221,1280,95179
221,1344,95162
221,1408,95227
221,1472,95244
221,1536,95228
221,1600,95287
221,1664,95301
221,1728,95205
221,1792,94173
221,1856,93746
221,1920,93607
221,1984,93671
221,2048,94142
222,0,2777
222,64,2791
222,128,2778
222,192,3509
222,256,94431
222,320,94449
222,384,94452
222,448,94336
222,512,94375
222,576,94431
222,640,94443
222,704,94541
222,768,94513
222,832,94470
222,896,94526
222,960,94474
222,1024,94522
222,1088,94510
222,1152,94958
222,1216,95176
222,1280,95179
222,1344,95162
222,1408,95227
222,1472,95244
222,1536,95228
222,1600,95287
222,1664,95301
222,1728,95205
222,1792,94173
222,1856,93746
222,1920,93607
222,1984,93671
222,2048,94142
223,0,2777
223,64,2791
223,128,2778
223,192,3509
223,256,94431
223,320,94449
223,384,94452
223,448,94336
223,512,94375
223,576,94431
223,640,94443
223,704,94541
223,768,94513
223,832,94470
223,896,94526
223,960,94474
223,1024,94522
223,1088,94510
223,1152,94958
223,1216,95176
223,1280,95179
223,1344,95162
223,1408,95227
223,1472,95244
223,1536,95228
223,1600,95287
223,1664,95301
223,1728,95205
223,1792,94173
223,1856,93746
223,1920,93607
223,1984,93671
223,2048,94142
224,0,2777
224,64,2791
224,128,2778
224,192,3509
224,256,94431
224,320,94449
224,384,94452
224,448,94336
224,512,94375
224,576,94431
224,640,94443
224,704,94541
224,768,94513
224,832,94470
224,896,94526
224,960,94474
224,1024,94522
224,1088,94510
224,1152,94958
224,1216,95176
224,1280,95179
224,1344,95162
224,1408,95227
224,1472,95244
224,1536,95228
224,1600,95287
224,1664,95301
224,1728,95205
224,1792,94173
224,1856,93746
224,1920,93607
224,1984,93671
224,2048,94142
225,0,2775
225,64,2790
225,128,2777
225,192,3507
225,256,94431
225,320,94449
225,384,94452
225,448,94336
225,512,94375
225,576,94431
225,640,94443
225,704,94541
225,768,94513
225,832,94470
225,896,94526
225,960,94474
225,1024,94522
225,1088,94510
225,1152,94958
225,1216,95176
225,1280,95179
225,1344,95162
225,1408,95227
225,1472,95244
225,1536,95228
225,1600,95287
225,1664,95301
225,1728,95205
225,1792,94173
225,1856,93746
225,1920,93607
225,1984,93671
225,2048,94142
226,0,2775
226,64,2790
226,128,2777
226,192,3507
226,256,94431
226,320,94449
226,384,94452
226,448,94336
226,512,94375
226,576,94431
226,640,94443
226,704,94541
226,768,94513
226,832,94470
226,896,94526
226,960,94474
226,1024,94522
226,1088,94510
226,1152,94958
226,1216,95176
226,1280,95179
226,1344,95162
226,1408,95227
226,1472,95244
226,1536,95228
226,1600,95287
226,1664,95301
226,1728,95205
226,1792,94173
226,1856,93746
226,1920,93607
226,1984,93671
226,2048,94142
227,0,2775
227,64,2790
227,128,2777
227,192,3507
227,256,94431
227,320,94449
227,384,94452
227,448,94336
227,512,94375
227,576,94431
227,640,94443
227,704,94541
227,768,94513
227,832,94470
227,896,94526
227,960,94474
227,1024,94522
227,1088,94510
227,1152,94958
227,1216,95176
227,1280,95179
227,1344,95162
227,1408,95227
227,1472,95244
227,1536,95228
227,1600,95287
227,1664,95301
227,1728,95205
227,1792,94173
227,1856,93746
227,1920,93607
227,1984,93671
227,2048,94142
228,0,2775
228,64,2790
228,128,2777
228,192,3507
228,256,94431
228,320,94449
228,384,94452
228,448,94336
228,512,94375
228,576,94431
228,640,94443
228,704,94541
228,768,94513
228,832,94470
228,896,94526
228,960,94474
228,1024,94522
228,1088,94510
228,1152,94958
228,1216,95176
228,1280,95179
228,1344,95162
228,1408,95227
228,1472,95244
228,1536,95228
228,1600,95287
228,1664,95301
228,1728,95205
228,1792,94173
228,1856,93746
228,1920,93607
228,1984,93671
228,2048,94142
229,0,2792
229,64,2798
229,128,2784
229,192,2776
229,256,96523
229,320,97658
229,384,97611
229,448,97671
229,512,97638
229,576,97662
229,640,97656
229,704,97767
229,768,97669
229,832,97758
229,896,97762
229,960,97677
229,1024,97738
229,1088,97720
229,1152,97739
229,1216,98285
229,1280,98402
229,1344,98446
229,1408,98467
229,1472,98541
229,1536,98463
229,1600,98425
229,1664,98480
229,1728,98510
229,1792,98380
229,1856,97342
229,1920,96929
229,1984,96856
229,2048,96946
230,0,2792
230,64,2798
230,128,2784
230,192,2776
230,256,96523
230,320,97658
230,384,97611
230,448,97671
230,512,97638
230,576,97662
230,640,97656
230,704,97767
230,768,97669
230,832,97758
230,896,97762
230,960,97677
230,1024,97738
230,1088,97720
230,1152,97739
230,1216,98285
230,1280,98402
230,1344,98446
230,1408,98467
230,1472,98541
230,1536,98463
230,1600,98425
230,1664,98480
230,1728,98510
230,1792,98380
230,1856,97342
230,1920,96929
230,1984,96856
230,2048,96946
231,0,2792
231,64,2798
231,128,2784
231,192,2776
231,256,96523
231,320,97658
231,384,97611
231,448,97671
231,512,97638
231,576,97662
231,640,97656
231,704,97767
231,768,97669
231,832,97758
231,896,97762
231,960,97677
231,1024,97738
231,1088,97720
231,1152,97739
231,1216,98285
231,1280,98402
231,1344,98446
231,1408,98467
231,1472,98541
231,1536,98463
231,1600,98425
231,1664,98480
231,1728,98510
231,1792,98380
231,1856,97342
231,1920,96929
231,1984,96856
231,2048,96946
232,0,2792
232,64,2798
232,128,2784
232,192,2776
232,256,96523
232,320,97658
232,384,97611
232,448,97671
232,512,97638
232,576,97662
232,640,97656
232,704,97767
232,768,97669
232,832,97758
232,896,97762
232,960,97677
232,1024,97738
232,1088,97720
232,1152,97739
232,1216,98285
232,1280,98402
232,1344,98446
232,1408,98467
232,1472,98541
232,1536,98463
232,1600,98425
232,1664,98480
232,1728,98510
232,1792,98380
232,1856,97342
232,1920,96929
232,1984,96856
232,2048,96946
233,0,2792
233,64,2798
233,128,2784
233,192,2781
233,256,96523
233,320,97658
233,384,97611
233,448,97671
233,512,97638
233,576,97662
233,640,97656
233,704,97767
233,768,97669
233,832,97758
233,896,97762
233,960,97677
233,1024,97738
233,1088,97720
233,1152,97739
233,1216,98285
233,1280,98402
233,1344,98446
233,1408,98467
233,1472,98541
233,1536,98463
233,1600,98425
233,1664,98480
233,1728,98510
233,1792,98380
233,1856,97342
233,1920,96929
233,1984,96856
233,2048,96946
234,0,2792
234,64,2798
234,128,2784
234,192,2781
234,256,96523
234,320,97658
234,384,97611
234,448,97671
234,512,97638
234,576,97662
234,640,97656
234,704,97767
234,768,97669
234,832,97758
234,896,97762
234,960,97677
234,1024,97738
234,1088,97720
234,1152,97739
234,1216,98285
234,1280,98402
234,1344,98446
234,1408,98467
234,1472,98541
234,1536,98463
234,1600,98425
234,1664,98480
234,1728,98510
234,1792,98380
234,1856,97342
234,1920,96929
234,1984,96856
234,2048,96946
235,0,2792
235,64,2798
235,128,2784
235,192,2781
235,256,96523
235,320,97658
235,384,97611
235,448,97671
235,512,97638
235,576,97662
235,640,97656
235,704,97767
235,768,97669
235,832,97758
235,896,97762
235,960,97677
235,1024,97738
235,1088,97720
235,1152,97739
235,1216,98285
235,1280,98402
235,1344,98446
235,1408,98467
235,1472,98541
235,1536,98463
235,1600,98425
235,1664,98480
235,1728,98510
235,1792,98380
235,1856,97342
235,1920,96929
235,1984,96856
235,2048,96946
236,0,2792
236,64,2798
236,128,2784
236,192,2781
236,256,96523
236,320,97658
236,384,97611
236,448,97671
236,512,97638
236,576,97662
236,640,97656
236,704,97767
236,768,97669
236,832,97758
236,896,97762
236,960,97677
236,1024,97738
236,1088,97720
236,1152,97739
236,1216,98285
236,1280,98402
236,1344,98446
236,1408,98467
236,1472,98541
236,1536,98463
236,1600,98425
236,1664,98480
236,1728,98510
236,1792,98380
236,1856,97342
236,1920,96929
236,1984,96856
236,2048,96946
237,0,2815
237,64,2816
237,128,2815
237,192,2807
237,256,100132
237,320,100917
237,384,100915
237,448,100881
237,512,100775
237,576,100787
237,640,100854
237,704,100854
237,768,100968
237,832,100989
237,896,100912
237,960,100896
237,1024,100976
237,1088,100997
237,1152,100953
237,1216,101434
237,1280,101611
237,1344,101686
237,1408,101800
237,1472,101826
237,1536,101730
237,1600,101662
237,1664,101721
237,1728,101758
237,1792,101716
237,1856,101505
237,1920,100474
237,1984,100122
237,2048,100099
238,0,2815
238,64,2816
238,128,2815
238,192,2807
238,256,100132
238,320,100917
238,384,100915
238,448,100881
238,512,100775
238,576,100787
238,640,100854
238,704,100854
238,768,100968
238,832,100989
238,896,100912
238,960,100896
238,1024,100976
238,1088,100997
238,1152,100953
238,1216,101434
238,1280,101611
238,1344,101686
238,1408,101800
238,1472,101826
238,1536,101730
238,1600,101662
238,1664,101721
238,1728,101758
238,1792,101716
238,1856,101505
238,1920,100474
238,1984,100122
238,2048,100099
239,0,2815
239,64,2816
239,128,2815
239,192,2807
239,256,100132
239,320,100917
239,384,100915
239,448,100881
239,512,100775
239,576,100787
239,640,100854
239,704,100854
239,768,100968
239,832,100989
239,896,100912
239,960,100896
239,1024,100976
239,1088,100997
239,1152,100953
239,1216,101434
239,1280,101611
239,1344,101686
239,1408,101800
239,1472,101826
239,1536,101730
239,1600,101662
239,1664,101721
239,1728,101758
239,1792,101716
239,1856,101505
239,1920,100474
239,1984,100122
239,2048,100099
240,0,2815
240,64,2816
240,128,2815
240,192,2807
240,256,100132
240,320,100917
240,384,100915
240,448,100881
240,512,100775
240,576,100787
240,640,100854
240,704,100854
240,768,100968
240,832,100989
240,896,100912
240,960,100896
240,1024,100976
240,1088,100997
240,1152,100953
240,1216,101434
240,1280,101611
240,1344,101686
240,1408,101800
240,1472,101826
240,1536,101730
240,1600,101662
240,1664,101721
240,1728,101758
240,1792,101716
240,1856,101505
240,1920,100474
240,1984,100122
240,2048,100099
241,0,2816
241,64,2817
241,128,2815
241,192,2819
241,256,100132
241,320,100917
241,384,100915
241,448,100881
241,512,100775
241,576,100787
241,640,100854
241,704,100854
241,768,100968
241,832,100989
241,896,100912
241,960,100896
241,1024,100976
241,1088,100997
241,1152,100953
241,1216,101434
241,1280,101611
241,1344,101686
241,1408,101800
241,1472,101826
241,1536,101730
241,1600,101662
241,1664,101721
241,1728,101758
241,1792,101716
241,1856,101505
241,1920,100474
241,1984,100122
241,2048,100099
242,0,2816
242,64,2817
242,128,2815
242,192,2819
242,256,100132
242,320,100917
242,384,100915
242,448,100881
242,512,100775
242,576,100787
242,640,100854
242,704,100854
242,768,100968
242,832,100989
242,896,100912
242,960,100896
242,1024,100976
242,1088,100997
242,1152,100953
242,1216,101434
242,1280,101611
242,1344,101686
242,1408,101800
242,1472,101826
242,1536,101730
242,1600,101662
242,1664,101721
242,1728,101758
242,1792,101716
242,1856,101505
242,1920,100474
242,1984,100122
242,2048,100099
243,0,2816
243,64,2817
243,128,2815
243,192,2819
243,256,100132
243,320,100917
243,384,100915
243,448,100881
243,512,100775
243,576,100787
243,640,100854
243,704,100854
243,768,100968
243,832,100989
243,896,100912
243,960,100896
243,1024,100976
243,1088,100997
243,1152,100953
243,1216,101434
243,1280,101611
243,1344,101686
243,1408,101800
243,1472,101826
243,1536,101730
243,1600,101662
243,1664,101721
243,1728,101758
243,1792,101716
243,1856,101505
243,1920,100474
243,1984,100122
243,2048,100099
244,0,2816
244,64,2817
244,128,2815
244,192,2819
244,256,100132
244,320,100917
244,384,100915
244,448,100881
244,512,100775
244,576,100787
244,640,100854
244,704,100854
244,768,100968
244,832,100989
244,896,100912
244,960,100896
244,1024,100976
244,1088,100997
244,1152,100953
244,1216,101434
244,1280,101611
244,1344,101686
244,1408,101800
244,1472,101826
244,1536,101730
244,1600,101662
244,1664,101721
244,1728,101758
244,1792,101716
244,1856,101505
244,1920,100474
244,1984,100122
244,2048,100099
245,0,2877
245,64,2878
245,128,2877
245,192,2849
245,256,103269
245,320,104132
245,384,104106
245,448,104054
245,512,104092
245,576,103981
245,640,103972
245,704,104049
245,768,104128
245,832,104175
245,896,104147
245,960,104216
245,1024,104116
245,1088,104054
245,1152,104100
245,1216,104140
245,1280,104655
245,1344,104843
245,1408,104958
245,1472,105017
245,1536,104905
245,1600,104857
245,1664,104870
245,1728,104940
245,1792,104996
245,1856,105050
245,1920,104794
245,1984,103695
245,2048,103298
246,0,2877
246,64,2878
246,128,2877
246,192,2849
246,256,103269
246,320,104132
246,384,104106
246,448,104054
246,512,104092
246,576,103981
246,640,103972
246,704,104049
246,768,104128
246,832,104175
246,896,104147
246,960,104216
246,1024,104116
246,1088,104054
246,1152,104100
246,1216,104140
246,1280,104655
246,1344,104843
246,1408,104958
246,1472,105017
246,1536,104905
246,1600,104857
246,1664,104870
246,1728,104940
246,1792,104996
246,1856,105050
246,1920,104794
246,1984,103695
246,2048,103298
247,0,2877
247,64,2878
247,128,2877
247,192,2849
247,256,103269
247,320,104132
247,384,104106
247,448,104054
247,512,104092
247,576,103981
247,640,103972
247,704,104049
247,768,104128
247,832,104175
247,896,104147
247,960,104216
247,1024,104116
247,1088,104054
247,1152,104100
247,1216,104140
247,1280,104655
247,1344,104843
247,1408,104958
247,1472,105017
247,1536,104905
247,1600,104857
247,1664,104870
247,1728,104940
247,1792,104996
247,1856,105050
247,1920,104794
247,1984,103695
247,2048,103298
248,0,2877
248,64,2878
248,128,2877
248,192,2849
248,256,103269
248,320,104132
248,384,104106
248,448,104054
248,512,104092
248,576,103981
248,640,103972
248,704,104049
248,768,104128
248,832,104175
248,896,104147
248,960,104216
248,1024,104116
248,1088,104054
248,1152,104100
248,1216,104140
248,1280,104655
248,1344,104843
248,1408,104958
248,1472,105017
248,1536,104905
248,1600,104857
248,1664,104870
248,1728,104940
248,1792,104996
248,1856,105050
248,1920,104794
248,1984,103695
248,2048,103298
249,0,2877
249,64,2878
249,128,2877
249,192,2848
249,256,103269
249,320,104132
249,384,104106
249,448,104054
249,512,104092
249,576,103981
249,640,103972
249,704,104049
249,768,104128
249,832,104175
249,896,104147
249,960,104216
249,1024,104116
249,1088,104054
249,1152,104100
249,1216,104140
249,1280,104655
249,1344,104843
249,1408,104958
249,1472,105017
249,1536,104905
249,1600,104857
249,1664,104870
249,1728,104940
249,1792,104996
249,1856,105050
249,1920,104794
249,1984,103695
249,2048,103298
250,0,2877
250,64,2878
250,128,2877
250,192,2848
250,256,103269
250,320,104132
250,384,104106
250,448,104054
250,512,104092
250,576,103981
250,640,103972
250,704,104049
250,768,104128
250,832,104175
250,896,104147
250,960,104216
250,1024,104116
250,1088,104054
250,1152,104100
250,1216,104140
250,1280,104655
250,1344,104843
250,1408,104958
250,1472,105017
250,1536,104905
250,1600,104857
250,1664,104870
250,1728,104940
250,1792,104996
250,1856,105050
250,1920,104794
250,1984,103695
250,2048,103298
251,0,2877
251,64,2878
251,128,2877
251,192,2848
251,256,103269
251,320,104132
251,384,104106
251,448,104054
251,512,104092
251,576,103981
251,640,103972
251,704,104049
251,768,104128
251,832,104175
251,896,104147
251,960,104216
251,1024,104116
251,1088,104054
251,1152,104100
251,1216,104140
251,1280,104655
251,1344,104843
251,1408,104958
251,1472,105017
251,1536,104905
251,1600,104857
251,1664,104870
251,1728,104940
251,1792,104996
251,1856,105050
251,1920,104794
251,1984,103695
251,2048,103298
252,0,2877
252,64,2878
252,128,2877
252,192,2848
252,256,103269
252,320,104132
252,384,104106
252,448,104054
252,512,104092
252,576,103981
252,640,103972
252,704,104049
252,768,104128
252,832,104175
252,896,104147
252,960,104216
252,1024,104116
252,1088,104054
252,1152,104100
252,1216,104140
252,1280,104655
252,1344,104843
252,1408,104958
252,1472,105017
252,1536,104905
252,1600,104857
252,1664,104870
252,1728,104940
252,1792,104996
252,1856,105050
252,1920,104794
252,1984,103695
252,2048,103298
253,0,2811
253,64,2824
253,128,2819
253,192,2815
253,256,106332
253,320,107234
253,384,107242
253,448,107081
253,512,107156
253,576,107130
253,640,107046
253,704,107071
253,768,107233
253,832,107235
253,896,107195
253,960,107229
253,1024,107270
253,1088,107184
253,1152,107222
253,1216,107273
253,1280,107703
253,1344,107871
253,1408,107913
253,1472,107992
253,1536,107934
253,1600,107919
253,1664,107918
253,1728,107902
253,1792,107949
253,1856,107967
253,1920,107962
253,1984,107810
253,2048,106808
254,0,2811
254,64,2824
254,128,2819
254,192,2815
254,256,106332
254,320,107234
254,384,107242
254,448,107081
254,512,107156
254,576,107130
254,640,107046
254,704,107071
254,768,107233
254,832,107235
254,896,107195
254,960,107229
254,1024,107270
254,1088,107184
254,1152,107222
254,1216,107273
254,1280,107703
254,1344,107871
254,1408,107913
254,1472,107992
254,1536,107934
254,1600,107919
254,1664,107918
254,1728,107902
254,1792,107949
254,1856,107967
254,1920,107962
254,1984,107810
254,2048,106808
255,0,2811
255,64,2824
255,128,2819
255,192,2815
255,256,106332
255,320,107234
255,384,107242
255,448,107081
255,512,107156
255,576,107130
255,640,107046
255,704,107071
255,768,107233
255,832,107235
255,896,107195
255,960,107229
255,1024,107270
255,1088,107184
255,1152,107222
255,1216,107273
255,1280,107703
255,1344,107871
255,1408,107913
255,1472,107992
255,1536,107934
255,1600,107919
255,1664,107918
255,1728,107902
255,1792,107949
255,1856,107967
255,1920,107962
255,1984,107810
255,2048,106808
256,0,2811
256,64,2824
256,128,2819
256,192,2815
256,256,106332
256,320,107234
256,384,107242
256,448,107081
256,512,107156
256,576,107130
256,640,107046
256,704,107071
256,768,107233
256,832,107235
256,896,107195
256,960,107229
256,1024,107270
256,1088,107184
256,1152,107222
256,1216,107273
256,1280,107703
256,1344,107871
256,1408,107913
256,1472,107992
256,1536,107934
256,1600,107919
256,1664,107918
256,1728,107902
256,1792,107949
256,1856,107967
256,1920,107962
256,1984,107810
256,2048,106808
