kv_cache_size,prefill_chunk_size,prediction
0,32,4385
0,64,4400
0,96,4434
0,128,4449
0,160,4454
0,192,4454
0,224,4454
0,256,4454
0,288,4454
0,320,4454
0,352,4454
0,384,4454
0,416,4454
0,448,4454
0,480,4483
0,512,4659
0,544,6421
0,576,6947
0,608,7548
0,640,7795
0,672,8266
0,704,8541
0,736,8940
0,768,9098
0,800,9366
0,832,9553
0,864,9778
0,896,10069
0,928,10326
0,960,10654
0,992,11225
0,1024,12190
0,1056,12826
0,1088,26805
0,1120,29514
0,1152,31994
0,1184,32372
0,1216,33362
0,1248,33879
0,1280,34690
0,1312,34979
0,1344,36033
0,1376,36417
0,1408,37571
0,1440,37739
0,1472,38207
0,1504,38760
0,1536,39237
0,1568,40801
0,1600,63044
0,1632,63637
0,1664,70289
0,1696,70763
0,1728,74721
0,1760,75067
0,1792,78838
0,1824,79195
0,1856,82268
0,1888,82529
0,1920,85403
0,1952,85735
0,1984,92170
0,2016,92451
0,2048,106507
0,2080,108070
0,2112,178929
0,2144,180943
0,2176,189418
0,2208,190332
0,2240,193030
0,2272,194058
0,2304,195867
0,2336,197025
0,2368,198816
0,2400,200346
0,2432,202112
0,2464,203428
0,2496,205339
0,2528,206740
0,2560,209391
0,2592,215045
0,2624,230196
0,2656,235965
0,2688,238656
0,2720,239979
0,2752,241102
0,2784,241933
0,2816,243341
0,2848,244296
0,2880,245550
0,2912,246256
0,2944,248196
0,2976,249441
0,3008,250967
0,3040,252080
0,3072,254731
0,3104,258436
0,3136,271951
0,3168,277220
0,3200,281048
0,3232,282249
0,3264,284600
0,3296,286128
0,3328,288334
0,3360,289219
0,3392,291896
0,3424,293589
0,3456,297637
0,3488,308366
0,3520,317164
0,3552,324026
0,3584,330785
0,3616,349295
0,3648,397263
0,3680,417007
0,3712,426117
0,3744,430014
0,3776,432387
0,3808,435853
0,3840,440484
0,3872,442526
0,3904,445649
0,3936,448754
0,3968,455579
0,4000,458014
0,4032,460852
0,4064,461568
0,4096,463888
0,4128,464121
0,4160,464532
0,4192,474002
0,4224,476986
0,4256,498920
0,4288,499102
0,4320,534372
0,4352,534991
0,4384,556297
0,4416,556297
0,4448,568685
0,4480,568685
0,4512,576504
0,4544,576504
0,4576,588038
0,4608,588038
0,4640,594009
0,4672,594009
0,4704,602083
0,4736,602083
0,4768,611845
0,4800,611845
0,4832,642065
0,4864,642065
0,4896,657465
0,4928,657465
0,4960,679518
0,4992,679518
0,5024,680223
0,5056,680223
0,5088,684149
0,5120,684149
0,5152,685709
0,5184,685709
0,5216,696193
0,5248,696193
0,5280,704585
0,5312,704585
0,5344,726881
0,5376,726881
0,5408,732994
0,5440,732994
0,5472,745589
0,5504,745589
0,5536,746775
0,5568,746775
0,5600,758204
0,5632,758204
0,5664,761771
0,5696,761771
0,5728,785831
0,5760,785831
0,5792,790065
0,5824,790065
0,5856,847254
0,5888,847254
0,5920,851424
0,5952,851424
0,5984,869248
0,6016,869248
0,6048,870415
0,6080,870415
0,6112,903742
0,6144,903742
0,6176,907485
0,6208,907485
0,6240,980125
0,6272,980125
0,6304,985061
0,6336,985061
0,6368,1082501
0,6400,1082501
0,6432,1088195
0,6464,1088195
0,6496,1149154
0,6528,1149154
0,6560,1152907
0,6592,1152907
0,6624,1188929
0,6656,1188929
0,6688,1194163
0,6720,1194163
0,6752,1252028
0,6784,1252028
0,6816,1265319
0,6848,1265319
0,6880,1356845
0,6912,1356845
0,6944,1366635
0,6976,1366635
0,7008,1424967
0,7040,1424967
0,7072,1428075
0,7104,1428075
0,7136,1490207
0,7168,1490207
0,7200,1495082
0,7232,1495082
0,7264,1528774
0,7296,1528774
0,7328,1549559
0,7360,1549559
0,7392,1646370
0,7424,1646370
0,7456,1663303
0,7488,1663303
0,7520,1732232
0,7552,1732232
0,7584,1736294
0,7616,1736294
0,7648,1795010
0,7680,1795010
0,7712,1802687
0,7744,1802687
0,7776,1865493
0,7808,1865493
0,7840,1888526
0,7872,1888526
0,7904,1986401
0,7936,1986401
0,7968,2003700
0,8000,2003700
0,8032,2030502
0,8064,2030502
0,8096,2038212
0,8128,2038212
0,8160,2052145
0,8192,2052145
0,8224,2058677
0,8256,2058677
0,8288,2068957
0,8320,2068957
0,8352,2072697
0,8384,2072697
0,8416,2089079
0,8448,2089079
0,8480,2113180
0,8512,2113180
0,8544,2185428
0,8576,2185428
0,8608,2217377
0,8640,2217377
0,8672,2238419
0,8704,2238419
0,8736,2245823
0,8768,2245823
0,8800,2279640
0,8832,2279640
0,8864,2291846
0,8896,2291846
0,8928,2323971
0,8960,2323971
0,8992,2356946
0,9024,2356946
0,9056,2407502
0,9088,2407502
0,9120,2429798
0,9152,2429798
0,9184,2449567
0,9216,2449567
0,9248,2458052
0,9280,2458052
0,9312,2469976
0,9344,2469976
0,9376,2483294
0,9408,2483294
0,9440,2491620
0,9472,2491620
0,9504,2525691
0,9536,2525691
0,9568,2599379
0,9600,2599379
0,9632,2632284
0,9664,2632284
0,9696,2650355
0,9728,2650355
0,9760,2661149
0,9792,2661149
0,9824,2679296
0,9856,2679296
0,9888,2692663
0,9920,2692663
0,9952,2702877
0,9984,2702877
0,10016,2725733
0,10048,2725733
0,10080,2817384
0,10112,2817384
0,10144,2859540
0,10176,2859540
0,10208,2876302
0,10240,2876302
0,10272,2884553
0,10304,2884553
0,10336,2901721
0,10368,2901721
0,10400,2913025
0,10432,2913025
0,10464,2929922
0,10496,2929922
0,10528,2974370
0,10560,2974370
0,10592,3061699
0,10624,3061699
0,10656,3092330
0,10688,3092330
0,10720,3116124
0,10752,3116124
0,10784,3135572
0,10816,3135572
0,10848,3151368
0,10880,3151368
0,10912,3167682
0,10944,3167682
0,10976,3190361
0,11008,3190361
0,11040,3215766
0,11072,3215766
0,11104,3296077
0,11136,3296077
0,11168,3328296
0,11200,3328296
0,11232,3340738
0,11264,3340738
0,11296,3343723
0,11328,3343723
0,11360,3358613
0,11392,3358613
0,11424,3374140
0,11456,3374140
0,11488,3387708
0,11520,3387708
0,11552,3419751
0,11584,3419751
0,11616,3478685
0,11648,3478685
0,11680,3498683
0,11712,3498683
0,11744,3528320
0,11776,3528320
0,11808,3533778
0,11840,3533778
0,11872,3538095
0,11904,3538095
0,11936,3549107
0,11968,3549107
0,12000,3564305
0,12032,3564305
0,12064,3580876
0,12096,3580876
0,12128,3626324
0,12160,3626324
0,12192,3647496
0,12224,3647496
0,12256,3661767
0,12288,3661767
0,12320,3665262
0,12352,3665262
0,12384,3669097
0,12416,3669097
0,12448,3673229
0,12480,3673229
0,12512,3689600
0,12544,3689600
0,12576,3693005
0,12608,3693005
0,12640,3703879
0,12672,3703879
0,12704,3713594
0,12736,3713594
0,12768,3753572
0,12800,3753572
0,12832,3759121
0,12864,3759121
0,12896,3773852
0,12928,3773852
0,12960,3774619
0,12992,3774619
0,13024,3775478
0,13056,3775478
0,13088,3782772
0,13120,3782772
0,13152,3783869
0,13184,3783869
0,13216,3796338
0,13248,3796338
0,13280,3821884
0,13312,3821884
0,13344,3826479
0,13376,3826479
0,13408,3829419
0,13440,3829419
0,13472,3833378
0,13504,3833378
0,13536,3834512
0,13568,3834512
0,13600,3839545
0,13632,3839545
0,13664,3850814
0,13696,3850814
0,13728,3869221
0,13760,3869221
0,13792,3916709
0,13824,3916709
0,13856,3929920
0,13888,3929920
0,13920,3951798
0,13952,3951798
0,13984,3972573
0,14016,3972573
0,14048,3995176
0,14080,3995176
0,14112,4002441
0,14144,4002441
0,14176,4048420
0,14208,4048420
0,14240,4087179
0,14272,4087179
0,14304,4193419
0,14336,4193419
0,14368,4230572
0,14400,4230572
0,14432,4270133
0,14464,4270133
0,14496,4296889
0,14528,4296889
0,14560,4320259
0,14592,4320259
0,14624,4339218
0,14656,4339218
0,14688,4435430
0,14720,4435430
0,14752,4464613
0,14784,4464613
0,14816,4629223
0,14848,4629223
0,14880,4643729
0,14912,4643729
0,14944,4738594
0,14976,4738594
0,15008,4774484
0,15040,4774484
0,15072,4906381
0,15104,4906381
0,15136,4933846
0,15168,4933846
0,15200,5039162
0,15232,5039162
0,15264,5143528
0,15296,5143528
0,15328,5370897
0,15360,5370897
0,15392,5436665
0,15424,5436665
0,15456,5540886
0,15488,5540886
0,15520,5563794
0,15552,5563794
0,15584,5633163
0,15616,5633163
0,15648,5673298
0,15680,5673298
0,15712,5788722
0,15744,5788722
0,15776,5894706
0,15808,5894706
0,15840,6104780
0,15872,6104780
0,15904,6198914
0,15936,6198914
0,15968,6318672
0,16000,6318672
0,16032,6380822
0,16064,6380822
0,16096,6437951
0,16128,6437951
0,16160,6508860
0,16192,6508860
0,16224,6562208
0,16256,6562208
0,16288,6662843
0,16320,6662843
0,16352,6878908
0,16384,6878908
0,16416,6882781
0,16448,6882781
0,16480,6935131
0,16512,6935131
0,16544,7009360
0,16576,7009360
0,16608,7026537
0,16640,7026537
0,16672,7137040
0,16704,7137040
0,16736,7147991
0,16768,7147991
0,16800,7242436
0,16832,7242436
0,16864,7244448
0,16896,7244448
0,16928,7452354
0,16960,7452354
0,16992,7466013
0,17024,7466013
0,17056,7866198
0,17088,7866198
0,17120,7874373
0,17152,7874373
0,17184,8117066
0,17216,8117066
0,17248,8117066
0,17280,8117066
0,17312,8415621
0,17344,8415621
0,17376,8415621
0,17408,8415621
0,17440,8524233
0,17472,8524233
0,17504,8524233
0,17536,8524233
0,17568,8693409
0,17600,8693409
0,17632,8693409
0,17664,8693409
0,17696,8833962
0,17728,8833962
0,17760,8833962
0,17792,8833962
0,17824,9001784
0,17856,9001784
0,17888,9001784
0,17920,9001784
0,17952,9119350
0,17984,9119350
0,18016,9119350
0,18048,9119350
0,18080,9384618
0,18112,9384618
0,18144,9384618
0,18176,9384618
0,18208,9508991
0,18240,9508991
0,18272,9508991
0,18304,9508991
0,18336,9785240
0,18368,9785240
0,18400,9785240
0,18432,9785240
0,18464,9941663
0,18496,9941663
0,18528,9941663
0,18560,9941663
0,18592,10197218
0,18624,10197218
0,18656,10197218
0,18688,10197218
0,18720,10294414
0,18752,10294414
0,18784,10294414
0,18816,10294414
0,18848,10541092
0,18880,10541092
0,18912,10541092
0,18944,10541092
0,18976,10673740
0,19008,10673740
0,19040,10673740
0,19072,10673740
0,19104,10918798
0,19136,10918798
0,19168,10918798
0,19200,10918798
0,19232,11034708
0,19264,11034708
0,19296,11034708
0,19328,11034708
0,19360,11153307
0,19392,11153307
0,19424,11153307
0,19456,11153307
0,19488,11289634
0,19520,11289634
0,19552,11289634
0,19584,11289634
0,19616,11582269
0,19648,11582269
0,19680,11582269
0,19712,11582269
0,19744,11659234
0,19776,11659234
0,19808,11659234
0,19840,11659234
0,19872,11853303
0,19904,11853303
0,19936,11853303
0,19968,11853303
0,20000,11953334
0,20032,11953334
0,20064,11953334
0,20096,11953334
0,20128,12181301
0,20160,12181301
0,20192,12181301
0,20224,12181301
0,20256,12304679
0,20288,12304679
0,20320,12304679
0,20352,12304679
0,20384,12424371
0,20416,12424371
0,20448,12424371
0,20480,12424371
0,20512,12482628
0,20544,12482628
0,20576,12482628
0,20608,12482628
0,20640,12623019
0,20672,12623019
0,20704,12623019
0,20736,12623019
0,20768,12684904
0,20800,12684904
0,20832,12684904
0,20864,12684904
0,20896,12762196
0,20928,12762196
0,20960,12762196
0,20992,12762196
0,21024,12840258
0,21056,12840258
0,21088,12840258
0,21120,12840258
0,21152,12962816
0,21184,12962816
0,21216,12962816
0,21248,12962816
0,21280,13081060
0,21312,13081060
0,21344,13081060
0,21376,13081060
0,21408,13218458
0,21440,13218458
0,21472,13218458
0,21504,13218458
0,21536,13287273
0,21568,13287273
0,21600,13287273
0,21632,13287273
0,21664,13326586
0,21696,13326586
0,21728,13326586
0,21760,13326586
0,21792,13371622
0,21824,13371622
0,21856,13371622
0,21888,13371622
0,21920,13425146
0,21952,13425146
0,21984,13425146
0,22016,13425146
0,22048,13445050
0,22080,13445050
0,22112,13445050
0,22144,13445050
0,22176,13519809
0,22208,13519809
0,22240,13519809
0,22272,13519809
0,22304,13544855
0,22336,13544855
0,22368,13544855
0,22400,13544855
0,22432,13623120
0,22464,13623120
0,22496,13623120
0,22528,13623120
0,22560,13700201
0,22592,13700201
0,22624,13700201
0,22656,13700201
0,22688,13806317
0,22720,13806317
0,22752,13806317
0,22784,13806317
0,22816,13840661
0,22848,13840661
0,22880,13840661
0,22912,13840661
0,22944,13870990
0,22976,13870990
0,23008,13870990
0,23040,13870990
0,23072,13896013
0,23104,13896013
0,23136,13896013
0,23168,13896013
0,23200,13941732
0,23232,13941732
0,23264,13941732
0,23296,13941732
0,23328,13998412
0,23360,13998412
0,23392,13998412
0,23424,13998412
0,23456,14039128
0,23488,14039128
0,23520,14039128
0,23552,14039128
0,23584,14095984
0,23616,14095984
0,23648,14095984
0,23680,14095984
0,23712,14119162
0,23744,14119162
0,23776,14119162
0,23808,14119162
0,23840,14134439
0,23872,14134439
0,23904,14134439
0,23936,14134439
0,23968,14167088
0,24000,14167088
0,24032,14167088
0,24064,14167088
0,24096,14184895
0,24128,14184895
0,24160,14184895
0,24192,14184895
0,24224,14204751
0,24256,14204751
0,24288,14204751
0,24320,14204751
0,24352,14214377
0,24384,14214377
0,24416,14214377
0,24448,14214377
0,24480,14244590
0,24512,14244590
0,24544,14244590
0,24576,14244590
0,24608,14260111
0,24640,14260111
0,24672,14260111
0,24704,14260111
0,24736,14283800
0,24768,14283800
0,24800,14283800
0,24832,14283800
0,24864,14288814
0,24896,14288814
0,24928,14288814
0,24960,14288814
0,24992,14327823
0,25024,14327823
0,25056,14327823
0,25088,14327823
0,25120,14358316
0,25152,14358316
0,25184,14358316
0,25216,14358316
0,25248,14369821
0,25280,14369821
0,25312,14369821
0,25344,14369821
0,25376,14392184
0,25408,14392184
0,25440,14392184
0,25472,14392184
0,25504,14395439
0,25536,14395439
0,25568,14395439
0,25600,14395439
0,25632,14403770
0,25664,14403770
0,25696,14403770
0,25728,14403770
0,25760,14417684
0,25792,14417684
0,25824,14417684
0,25856,14417684
0,25888,14427466
0,25920,14427466
0,25952,14427466
0,25984,14427466
0,26016,14438488
0,26048,14438488
0,26080,14438488
0,26112,14438488
0,26144,14446493
0,26176,14446493
0,26208,14446493
0,26240,14446493
0,26272,14447080
0,26304,14447080
0,26336,14447080
0,26368,14447080
0,26400,14448473
0,26432,14448473
0,26464,14448473
0,26496,14448473
0,26528,14457226
0,26560,14457226
0,26592,14457226
0,26624,14457226
0,26656,14457226
0,26688,14457226
0,26720,14457226
0,26752,14457226
0,26784,14457602
0,26816,14457602
0,26848,14457602
0,26880,14457602
0,26912,14457602
0,26944,14457602
0,26976,14457602
0,27008,14457602
0,27040,14460193
0,27072,14460193
0,27104,14460193
0,27136,14460193
0,27168,14463234
0,27200,14463234
0,27232,14463234
0,27264,14463234
0,27296,14464945
0,27328,14464945
0,27360,14464945
0,27392,14464945
0,27424,14464945
0,27456,14464945
0,27488,14464945
0,27520,14464945
0,27552,14464945
0,27584,14464945
0,27616,14464945
0,27648,14464945
0,27680,14464945
0,27712,14464945
0,27744,14464945
0,27776,14464945
0,27808,14464945
0,27840,14464945
0,27872,14464945
0,27904,14464945
0,27936,14472027
0,27968,14472027
0,28000,14472027
0,28032,14472027
0,28064,14472027
0,28096,14472027
0,28128,14472027
0,28160,14472027
0,28192,14472027
0,28224,14472027
0,28256,14472027
0,28288,14472027
0,28320,14472027
0,28352,14472027
0,28384,14472027
0,28416,14472027
0,28448,14472027
0,28480,14472027
0,28512,14472027
0,28544,14472027
0,28576,14472027
0,28608,14472027
0,28640,14472027
0,28672,14472027
0,28704,14472027
0,28736,14472027
0,28768,14472027
0,28800,14472027
0,28832,14472712
0,28864,14472712
0,28896,14472712
0,28928,14472712
0,28960,14472712
0,28992,14472712
0,29024,14472712
0,29056,14472712
0,29088,14472712
0,29120,14472712
0,29152,14472712
0,29184,14472712
0,29216,14477606
0,29248,14477606
0,29280,14477606
0,29312,14477606
0,29344,14477606
0,29376,14477606
0,29408,14477606
0,29440,14477606
0,29472,14477606
0,29504,14477606
0,29536,14477606
0,29568,14477606
0,29600,14477606
0,29632,14477606
0,29664,14477606
0,29696,14477606
0,29728,14477606
0,29760,14477606
0,29792,14477606
0,29824,14477606
0,29856,14477606
0,29888,14477606
0,29920,14477606
0,29952,14477606
0,29984,14477606
0,30016,14477606
0,30048,14477606
0,30080,14477606
0,30112,14477606
0,30144,14477606
0,30176,14477606
0,30208,14477606
0,30240,14477606
0,30272,14477606
0,30304,14477606
0,30336,14477606
0,30368,14477606
0,30400,14477606
0,30432,14477606
0,30464,14477606
0,30496,14477606
0,30528,14477606
0,30560,14477606
0,30592,14477606
0,30624,14477606
0,30656,14477606
0,30688,14477606
0,30720,14477606
0,30752,14477606
0,30784,14477606
0,30816,14477606
0,30848,14477606
0,30880,14477606
0,30912,14477606
0,30944,14477606
0,30976,14477606
0,31008,14477606
0,31040,14477606
0,31072,14477606
0,31104,14477606
0,31136,14477606
0,31168,14477606
0,31200,14477606
0,31232,14477606
0,31264,14477606
0,31296,14477606
0,31328,14477606
0,31360,14477606
0,31392,14477606
0,31424,14477606
0,31456,14477606
0,31488,14477606
0,31520,14477606
0,31552,14477606
0,31584,14477606
0,31616,14477606
0,31648,14477606
0,31680,14477606
0,31712,14477606
0,31744,14477606
0,31776,14477606
0,31808,14477606
0,31840,14477606
0,31872,14477606
0,31904,14477606
0,31936,14477606
0,31968,14477606
0,32000,14477606
0,32032,14477606
0,32064,14477606
0,32096,14477606
0,32128,14477606
0,32160,14477606
0,32192,14477606
0,32224,14477606
0,32256,14477606
0,32288,14477606
0,32320,14477606
0,32352,14477606
0,32384,14477606
0,32416,14477606
0,32448,14477606
0,32480,14477606
0,32512,14477606
0,32544,14477606
0,32576,14477606
0,32608,14477606
0,32640,14477606
0,32672,14477606
0,32704,14477606
0,32736,14477606
0,32768,14477606
0,32800,14477606
0,32832,14477606
0,32864,14477606
0,32896,14477606
0,32928,14477606
0,32960,14477606
0,32992,14477606
0,33024,14477606
0,33056,14477606
0,33088,14477606
0,33120,14477606
0,33152,14477606
0,33184,14477606
0,33216,14477606
0,33248,14477606
0,33280,14477606
0,33312,14477606
0,33344,14477606
0,33376,14477606
0,33408,14477606
0,33440,14477606
0,33472,14477606
0,33504,14477606
0,33536,14477606
0,33568,14477606
0,33600,14477606
0,33632,14477606
0,33664,14477606
0,33696,14477606
0,33728,14477606
0,33760,14477606
0,33792,14477606
0,33824,14477606
0,33856,14477606
0,33888,14477606
0,33920,14477606
0,33952,14477606
0,33984,14477606
0,34016,14477606
0,34048,14477606
0,34080,14477606
0,34112,14477606
0,34144,14477606
0,34176,14477606
0,34208,14477606
0,34240,14477606
0,34272,14477606
0,34304,14477606
0,34336,14477606
0,34368,14477606
0,34400,14477606
0,34432,14477606
0,34464,14477606
0,34496,14477606
0,34528,14477606
0,34560,14477606
0,34592,14477606
0,34624,14477606
0,34656,14477606
0,34688,14477606
0,34720,14477606
0,34752,14477606
0,34784,14477606
0,34816,14477606
0,34848,14477606
0,34880,14477606
0,34912,14477606
0,34944,14477606
0,34976,14477606
0,35008,14477606
0,35040,14477606
0,35072,14477606
0,35104,14477606
0,35136,14477606
0,35168,14477606
0,35200,14477606
0,35232,14477606
0,35264,14477606
0,35296,14477606
0,35328,14477606
0,35360,14477606
0,35392,14477606
0,35424,14477606
0,35456,14477606
0,35488,14477606
0,35520,14477606
0,35552,14477606
0,35584,14477606
0,35616,14477606
0,35648,14477606
0,35680,14477606
0,35712,14477606
0,35744,14477606
0,35776,14477606
0,35808,14477606
0,35840,14477606
0,35872,14477606
0,35904,14477606
0,35936,14477606
0,35968,14477606
0,36000,14477606
0,36032,14477606
0,36064,14477606
0,36096,14477606
0,36128,14477606
0,36160,14477606
0,36192,14477606
0,36224,14477606
0,36256,14477606
0,36288,14477606
0,36320,14477606
0,36352,14477606
0,36384,14477606
0,36416,14477606
0,36448,14477606
0,36480,14477606
0,36512,14477606
0,36544,14477606
0,36576,14477606
0,36608,14477606
0,36640,14477606
0,36672,14477606
0,36704,14477606
0,36736,14477606
0,36768,14477606
0,36800,14477606
0,36832,14477606
0,36864,14477606
0,36896,14477606
0,36928,14477606
0,36960,14477606
0,36992,14477606
0,37024,14477606
0,37056,14477606
0,37088,14477606
0,37120,14477606
0,37152,14477606
0,37184,14477606
0,37216,14477606
0,37248,14477606
0,37280,14477606
0,37312,14477606
0,37344,14477606
0,37376,14477606
0,37408,14477606
0,37440,14477606
0,37472,14477606
0,37504,14477606
0,37536,14477606
0,37568,14477606
0,37600,14477606
0,37632,14477606
0,37664,14477606
0,37696,14477606
0,37728,14477606
0,37760,14477606
0,37792,14477606
0,37824,14477606
0,37856,14477606
0,37888,14477606
0,37920,14477606
0,37952,14477606
0,37984,14477606
0,38016,14477606
0,38048,14477606
0,38080,14477606
0,38112,14477606
0,38144,14477606
0,38176,14477606
0,38208,14477606
0,38240,14477606
0,38272,14477606
0,38304,14477606
0,38336,14477606
0,38368,14477606
0,38400,14477606
0,38432,14477606
0,38464,14477606
0,38496,14477606
0,38528,14477606
0,38560,14477606
0,38592,14477606
0,38624,14477606
0,38656,14477606
0,38688,14477606
0,38720,14477606
0,38752,14477606
0,38784,14477606
0,38816,14477606
0,38848,14477606
0,38880,14477606
0,38912,14477606
0,38944,14477606
0,38976,14477606
0,39008,14477606
0,39040,14477606
0,39072,14477606
0,39104,14477606
0,39136,14477606
0,39168,14477606
0,39200,14477606
0,39232,14477606
0,39264,14477606
0,39296,14477606
0,39328,14477606
0,39360,14477606
0,39392,14477606
0,39424,14477606
0,39456,14477606
0,39488,14477606
0,39520,14477606
0,39552,14477606
0,39584,14477606
0,39616,14477606
0,39648,14477606
0,39680,14477606
0,39712,14477606
0,39744,14477606
0,39776,14477606
0,39808,14477606
0,39840,14477606
0,39872,14477606
0,39904,14477606
0,39936,14477606
0,39968,14477606
0,40000,14477606
0,40032,14477606
0,40064,14477606
0,40096,14477606
0,40128,14477606
0,40160,14477606
0,40192,14477606
0,40224,14477606
0,40256,14477606
0,40288,14477606
0,40320,14477606
0,40352,14477606
0,40384,14477606
0,40416,14477606
0,40448,14477606
0,40480,14477606
0,40512,14477606
0,40544,14477606
0,40576,14477606
0,40608,14477606
0,40640,14477606
0,40672,14477606
0,40704,14477606
0,40736,14477606
0,40768,14477606
0,40800,14477606
0,40832,14477606
0,40864,14477606
0,40896,14477606
0,40928,14477606
0,40960,14477606
64,32,4445
64,64,4452
64,96,4485
64,128,4500
64,160,4504
64,192,4505
64,224,4505
64,256,4505
64,288,4505
64,320,4505
64,352,4505
64,384,4505
64,416,4505
64,448,4505
64,480,4533
64,512,4709
64,544,6467
64,576,6993
64,608,7593
64,640,7840
64,672,8310
64,704,8585
64,736,8984
64,768,9142
64,800,9410
64,832,9597
64,864,9821
64,896,10112
64,928,10369
64,960,10696
64,992,11267
64,1024,12231
64,1056,12866
64,1088,26836
64,1120,29543
64,1152,32022
64,1184,32399
64,1216,33390
64,1248,33906
64,1280,34718
64,1312,35007
64,1344,36060
64,1376,36444
64,1408,37598
64,1440,37765
64,1472,38233
64,1504,38786
64,1536,39263
64,1568,40828
64,1600,63062
64,1632,63656
64,1664,70306
64,1696,70779
64,1728,74736
64,1760,75083
64,1792,78852
64,1824,79209
64,1856,82282
64,1888,82543
64,1920,85416
64,1952,85748
64,1984,92182
64,2016,92463
64,2048,106516
64,2080,108079
64,2112,178930
64,2144,180943
64,2176,189418
64,2208,190332
64,2240,193030
64,2272,194058
64,2304,195867
64,2336,197025
64,2368,198816
64,2400,200346
64,2432,202112
64,2464,203428
64,2496,205339
64,2528,206740
64,2560,209391
64,2592,215045
64,2624,230196
64,2656,235965
64,2688,238656
64,2720,239979
64,2752,241102
64,2784,241933
64,2816,243341
64,2848,244296
64,2880,245550
64,2912,246256
64,2944,248196
64,2976,249441
64,3008,250967
64,3040,252080
64,3072,254731
64,3104,258436
64,3136,271951
64,3168,277220
64,3200,281048
64,3232,282249
64,3264,284600
64,3296,286128
64,3328,288334
64,3360,289219
64,3392,291896
64,3424,293589
64,3456,297637
64,3488,308366
64,3520,317164
64,3552,324026
64,3584,330785
64,3616,349295
64,3648,397263
64,3680,417007
64,3712,426117
64,3744,430014
64,3776,432387
64,3808,435853
64,3840,440484
64,3872,442526
64,3904,445649
64,3936,448754
64,3968,455579
64,4000,458014
64,4032,460852
64,4064,461568
64,4096,463888
64,4128,464121
64,4160,464532
64,4192,474002
64,4224,476986
64,4256,498920
64,4288,499102
64,4320,534372
64,4352,534991
64,4384,556297
64,4416,556297
64,4448,568685
64,4480,568685
64,4512,576504
64,4544,576504
64,4576,588038
64,4608,588038
64,4640,594009
64,4672,594009
64,4704,602083
64,4736,602083
64,4768,611845
64,4800,611845
64,4832,642065
64,4864,642065
64,4896,657465
64,4928,657465
64,4960,679518
64,4992,679518
64,5024,680223
64,5056,680223
64,5088,684149
64,5120,684149
64,5152,685709
64,5184,685709
64,5216,696193
64,5248,696193
64,5280,704585
64,5312,704585
64,5344,726881
64,5376,726881
64,5408,732994
64,5440,732994
64,5472,745589
64,5504,745589
64,5536,746775
64,5568,746775
64,5600,758204
64,5632,758204
64,5664,761771
64,5696,761771
64,5728,785831
64,5760,785831
64,5792,790065
64,5824,790065
64,5856,847254
64,5888,847254
64,5920,851424
64,5952,851424
64,5984,869248
64,6016,869248
64,6048,870415
64,6080,870415
64,6112,903742
64,6144,903742
64,6176,907485
64,6208,907485
64,6240,980125
64,6272,980125
64,6304,985061
64,6336,985061
64,6368,1082501
64,6400,1082501
64,6432,1088195
64,6464,1088195
64,6496,1149154
64,6528,1149154
64,6560,1152907
64,6592,1152907
64,6624,1188929
64,6656,1188929
64,6688,1194163
64,6720,1194163
64,6752,1252028
64,6784,1252028
64,6816,1265319
64,6848,1265319
64,6880,1356845
64,6912,1356845
64,6944,1366635
64,6976,1366635
64,7008,1424967
64,7040,1424967
64,7072,1428075
64,7104,1428075
64,7136,1490207
64,7168,1490207
64,7200,1495082
64,7232,1495082
64,7264,1528774
64,7296,1528774
64,7328,1549559
64,7360,1549559
64,7392,1646370
64,7424,1646370
64,7456,1663303
64,7488,1663303
64,7520,1732232
64,7552,1732232
64,7584,1736294
64,7616,1736294
64,7648,1795010
64,7680,1795010
64,7712,1802687
64,7744,1802687
64,7776,1865493
64,7808,1865493
64,7840,1888526
64,7872,1888526
64,7904,1986401
64,7936,1986401
64,7968,2003700
64,8000,2003700
64,8032,2030502
64,8064,2030502
64,8096,2038212
64,8128,2038212
64,8160,2052145
64,8192,2052145
64,8224,2058677
64,8256,2058677
64,8288,2068957
64,8320,2068957
64,8352,2072697
64,8384,2072697
64,8416,2089079
64,8448,2089079
64,8480,2113180
64,8512,2113180
64,8544,2185428
64,8576,2185428
64,8608,2217377
64,8640,2217377
64,8672,2238419
64,8704,2238419
64,8736,2245823
64,8768,2245823
64,8800,2279640
64,8832,2279640
64,8864,2291846
64,8896,2291846
64,8928,2323971
64,8960,2323971
64,8992,2356946
64,9024,2356946
64,9056,2407502
64,9088,2407502
64,9120,2429798
64,9152,2429798
64,9184,2449567
64,9216,2449567
64,9248,2458052
64,9280,2458052
64,9312,2469976
64,9344,2469976
64,9376,2483294
64,9408,2483294
64,9440,2491620
64,9472,2491620
64,9504,2525691
64,9536,2525691
64,9568,2599379
64,9600,2599379
64,9632,2632284
64,9664,2632284
64,9696,2650355
64,9728,2650355
64,9760,2661149
64,9792,2661149
64,9824,2679296
64,9856,2679296
64,9888,2692663
64,9920,2692663
64,9952,2702877
64,9984,2702877
64,10016,2725733
64,10048,2725733
64,10080,2817384
64,10112,2817384
64,10144,2859540
64,10176,2859540
64,10208,2876302
64,10240,2876302
64,10272,2884553
64,10304,2884553
64,10336,2901721
64,10368,2901721
64,10400,2913025
64,10432,2913025
64,10464,2929922
64,10496,2929922
64,10528,2974370
64,10560,2974370
64,10592,3061699
64,10624,3061699
64,10656,3092330
64,10688,3092330
64,10720,3116124
64,10752,3116124
64,10784,3135572
64,10816,3135572
64,10848,3151368
64,10880,3151368
64,10912,3167682
64,10944,3167682
64,10976,3190361
64,11008,3190361
64,11040,3215766
64,11072,3215766
64,11104,3296077
64,11136,3296077
64,11168,3328296
64,11200,3328296
64,11232,3340738
64,11264,3340738
64,11296,3343723
64,11328,3343723
64,11360,3358613
64,11392,3358613
64,11424,3374140
64,11456,3374140
64,11488,3387708
64,11520,3387708
64,11552,3419751
64,11584,3419751
64,11616,3478685
64,11648,3478685
64,11680,3498683
64,11712,3498683
64,11744,3528320
64,11776,3528320
64,11808,3533778
64,11840,3533778
64,11872,3538095
64,11904,3538095
64,11936,3549107
64,11968,3549107
64,12000,3564305
64,12032,3564305
64,12064,3580876
64,12096,3580876
64,12128,3626324
64,12160,3626324
64,12192,3647496
64,12224,3647496
64,12256,3661767
64,12288,3661767
64,12320,3665262
64,12352,3665262
64,12384,3669097
64,12416,3669097
64,12448,3673229
64,12480,3673229
64,12512,3689600
64,12544,3689600
64,12576,3693005
64,12608,3693005
64,12640,3703879
64,12672,3703879
64,12704,3713594
64,12736,3713594
64,12768,3753572
64,12800,3753572
64,12832,3759121
64,12864,3759121
64,12896,3773852
64,12928,3773852
64,12960,3774619
64,12992,3774619
64,13024,3775478
64,13056,3775478
64,13088,3782772
64,13120,3782772
64,13152,3783869
64,13184,3783869
64,13216,3796338
64,13248,3796338
64,13280,3821884
64,13312,3821884
64,13344,3826479
64,13376,3826479
64,13408,3829419
64,13440,3829419
64,13472,3833378
64,13504,3833378
64,13536,3834512
64,13568,3834512
64,13600,3839545
64,13632,3839545
64,13664,3850814
64,13696,3850814
64,13728,3869221
64,13760,3869221
64,13792,3916709
64,13824,3916709
64,13856,3929920
64,13888,3929920
64,13920,3951798
64,13952,3951798
64,13984,3972573
64,14016,3972573
64,14048,3995176
64,14080,3995176
64,14112,4002441
64,14144,4002441
64,14176,4048420
64,14208,4048420
64,14240,4087179
64,14272,4087179
64,14304,4193419
64,14336,4193419
64,14368,4230572
64,14400,4230572
64,14432,4270133
64,14464,4270133
64,14496,4296889
64,14528,4296889
64,14560,4320259
64,14592,4320259
64,14624,4339218
64,14656,4339218
64,14688,4435430
64,14720,4435430
64,14752,4464613
64,14784,4464613
64,14816,4629223
64,14848,4629223
64,14880,4643729
64,14912,4643729
64,14944,4738594
64,14976,4738594
64,15008,4774484
64,15040,4774484
64,15072,4906381
64,15104,4906381
64,15136,4933846
64,15168,4933846
64,15200,5039162
64,15232,5039162
64,15264,5143528
64,15296,5143528
64,15328,5370897
64,15360,5370897
64,15392,5436665
64,15424,5436665
64,15456,5540886
64,15488,5540886
64,15520,5563794
64,15552,5563794
64,15584,5633163
64,15616,5633163
64,15648,5673298
64,15680,5673298
64,15712,5788722
64,15744,5788722
64,15776,5894706
64,15808,5894706
64,15840,6104780
64,15872,6104780
64,15904,6198914
64,15936,6198914
64,15968,6318672
64,16000,6318672
64,16032,6380822
64,16064,6380822
64,16096,6437951
64,16128,6437951
64,16160,6508860
64,16192,6508860
64,16224,6562208
64,16256,6562208
64,16288,6662843
64,16320,6662843
64,16352,6878908
64,16384,6878908
64,16416,6882781
64,16448,6882781
64,16480,6935131
64,16512,6935131
64,16544,7009360
64,16576,7009360
64,16608,7026537
64,16640,7026537
64,16672,7137040
64,16704,7137040
64,16736,7147991
64,16768,7147991
64,16800,7242436
64,16832,7242436
64,16864,7244448
64,16896,7244448
64,16928,7452354
64,16960,7452354
64,16992,7466013
64,17024,7466013
64,17056,7866198
64,17088,7866198
64,17120,7874373
64,17152,7874373
64,17184,8117066
64,17216,8117066
64,17248,8117066
64,17280,8117066
64,17312,8415621
64,17344,8415621
64,17376,8415621
64,17408,8415621
64,17440,8524233
64,17472,8524233
64,17504,8524233
64,17536,8524233
64,17568,8693409
64,17600,8693409
64,17632,8693409
64,17664,8693409
64,17696,8833962
64,17728,8833962
64,17760,8833962
64,17792,8833962
64,17824,9001784
64,17856,9001784
64,17888,9001784
64,17920,9001784
64,17952,9119350
64,17984,9119350
64,18016,9119350
64,18048,9119350
64,18080,9384618
64,18112,9384618
64,18144,9384618
64,18176,9384618
64,18208,9508991
64,18240,9508991
64,18272,9508991
64,18304,9508991
64,18336,9785240
64,18368,9785240
64,18400,9785240
64,18432,9785240
64,18464,9941663
64,18496,9941663
64,18528,9941663
64,18560,9941663
64,18592,10197218
64,18624,10197218
64,18656,10197218
64,18688,10197218
64,18720,10294414
64,18752,10294414
64,18784,10294414
64,18816,10294414
64,18848,10541092
64,18880,10541092
64,18912,10541092
64,18944,10541092
64,18976,10673740
64,19008,10673740
64,19040,10673740
64,19072,10673740
64,19104,10918798
64,19136,10918798
64,19168,10918798
64,19200,10918798
64,19232,11034708
64,19264,11034708
64,19296,11034708
64,19328,11034708
64,19360,11153307
64,19392,11153307
64,19424,11153307
64,19456,11153307
64,19488,11289634
64,19520,11289634
64,19552,11289634
64,19584,11289634
64,19616,11582269
64,19648,11582269
64,19680,11582269
64,19712,11582269
64,19744,11659234
64,19776,11659234
64,19808,11659234
64,19840,11659234
64,19872,11853303
64,19904,11853303
64,19936,11853303
64,19968,11853303
64,20000,11953334
64,20032,11953334
64,20064,11953334
64,20096,11953334
64,20128,12181301
64,20160,12181301
64,20192,12181301
64,20224,12181301
64,20256,12304679
64,20288,12304679
64,20320,12304679
64,20352,12304679
64,20384,12424371
64,20416,12424371
64,20448,12424371
64,20480,12424371
64,20512,12482628
64,20544,12482628
64,20576,12482628
64,20608,12482628
64,20640,12623019
64,20672,12623019
64,20704,12623019
64,20736,12623019
64,20768,12684904
64,20800,12684904
64,20832,12684904
64,20864,12684904
64,20896,12762196
64,20928,12762196
64,20960,12762196
64,20992,12762196
64,21024,12840258
64,21056,12840258
64,21088,12840258
64,21120,12840258
64,21152,12962816
64,21184,12962816
64,21216,12962816
64,21248,12962816
64,21280,13081060
64,21312,13081060
64,21344,13081060
64,21376,13081060
64,21408,13218458
64,21440,13218458
64,21472,13218458
64,21504,13218458
64,21536,13287273
64,21568,13287273
64,21600,13287273
64,21632,13287273
64,21664,13326586
64,21696,13326586
64,21728,13326586
64,21760,13326586
64,21792,13371622
64,21824,13371622
64,21856,13371622
64,21888,13371622
64,21920,13425146
64,21952,13425146
64,21984,13425146
64,22016,13425146
64,22048,13445050
64,22080,13445050
64,22112,13445050
64,22144,13445050
64,22176,13519809
64,22208,13519809
64,22240,13519809
64,22272,13519809
64,22304,13544855
64,22336,13544855
64,22368,13544855
64,22400,13544855
64,22432,13623120
64,22464,13623120
64,22496,13623120
64,22528,13623120
64,22560,13700201
64,22592,13700201
64,22624,13700201
64,22656,13700201
64,22688,13806317
64,22720,13806317
64,22752,13806317
64,22784,13806317
64,22816,13840661
64,22848,13840661
64,22880,13840661
64,22912,13840661
64,22944,13870990
64,22976,13870990
64,23008,13870990
64,23040,13870990
64,23072,13896013
64,23104,13896013
64,23136,13896013
64,23168,13896013
64,23200,13941732
64,23232,13941732
64,23264,13941732
64,23296,13941732
64,23328,13998412
64,23360,13998412
64,23392,13998412
64,23424,13998412
64,23456,14039128
64,23488,14039128
64,23520,14039128
64,23552,14039128
64,23584,14095984
64,23616,14095984
64,23648,14095984
64,23680,14095984
64,23712,14119162
64,23744,14119162
64,23776,14119162
64,23808,14119162
64,23840,14134439
64,23872,14134439
64,23904,14134439
64,23936,14134439
64,23968,14167088
64,24000,14167088
64,24032,14167088
64,24064,14167088
64,24096,14184895
64,24128,14184895
64,24160,14184895
64,24192,14184895
64,24224,14204751
64,24256,14204751
64,24288,14204751
64,24320,14204751
64,24352,14214377
64,24384,14214377
64,24416,14214377
64,24448,14214377
64,24480,14244590
64,24512,14244590
64,24544,14244590
64,24576,14244590
64,24608,14260111
64,24640,14260111
64,24672,14260111
64,24704,14260111
64,24736,14283800
64,24768,14283800
64,24800,14283800
64,24832,14283800
64,24864,14288814
64,24896,14288814
64,24928,14288814
64,24960,14288814
64,24992,14327823
64,25024,14327823
64,25056,14327823
64,25088,14327823
64,25120,14358316
64,25152,14358316
64,25184,14358316
64,25216,14358316
64,25248,14369821
64,25280,14369821
64,25312,14369821
64,25344,14369821
64,25376,14392184
64,25408,14392184
64,25440,14392184
64,25472,14392184
64,25504,14395439
64,25536,14395439
64,25568,14395439
64,25600,14395439
64,25632,14403770
64,25664,14403770
64,25696,14403770
64,25728,14403770
64,25760,14417684
64,25792,14417684
64,25824,14417684
64,25856,14417684
64,25888,14427466
64,25920,14427466
64,25952,14427466
64,25984,14427466
64,26016,14438488
64,26048,14438488
64,26080,14438488
64,26112,14438488
64,26144,14446493
64,26176,14446493
64,26208,14446493
64,26240,14446493
64,26272,14447080
64,26304,14447080
64,26336,14447080
64,26368,14447080
64,26400,14448473
64,26432,14448473
64,26464,14448473
64,26496,14448473
64,26528,14457226
64,26560,14457226
64,26592,14457226
64,26624,14457226
64,26656,14457226
64,26688,14457226
64,26720,14457226
64,26752,14457226
64,26784,14457602
64,26816,14457602
64,26848,14457602
64,26880,14457602
64,26912,14457602
64,26944,14457602
64,26976,14457602
64,27008,14457602
64,27040,14460193
64,27072,14460193
64,27104,14460193
64,27136,14460193
64,27168,14463234
64,27200,14463234
64,27232,14463234
64,27264,14463234
64,27296,14464945
64,27328,14464945
64,27360,14464945
64,27392,14464945
64,27424,14464945
64,27456,14464945
64,27488,14464945
64,27520,14464945
64,27552,14464945
64,27584,14464945
64,27616,14464945
64,27648,14464945
64,27680,14464945
64,27712,14464945
64,27744,14464945
64,27776,14464945
64,27808,14464945
64,27840,14464945
64,27872,14464945
64,27904,14464945
64,27936,14472027
64,27968,14472027
64,28000,14472027
64,28032,14472027
64,28064,14472027
64,28096,14472027
64,28128,14472027
64,28160,14472027
64,28192,14472027
64,28224,14472027
64,28256,14472027
64,28288,14472027
64,28320,14472027
64,28352,14472027
64,28384,14472027
64,28416,14472027
64,28448,14472027
64,28480,14472027
64,28512,14472027
64,28544,14472027
64,28576,14472027
64,28608,14472027
64,28640,14472027
64,28672,14472027
64,28704,14472027
64,28736,14472027
64,28768,14472027
64,28800,14472027
64,28832,14472712
64,28864,14472712
64,28896,14472712
64,28928,14472712
64,28960,14472712
64,28992,14472712
64,29024,14472712
64,29056,14472712
64,29088,14472712
64,29120,14472712
64,29152,14472712
64,29184,14472712
64,29216,14477606
64,29248,14477606
64,29280,14477606
64,29312,14477606
64,29344,14477606
64,29376,14477606
64,29408,14477606
64,29440,14477606
64,29472,14477606
64,29504,14477606
64,29536,14477606
64,29568,14477606
64,29600,14477606
64,29632,14477606
64,29664,14477606
64,29696,14477606
64,29728,14477606
64,29760,14477606
64,29792,14477606
64,29824,14477606
64,29856,14477606
64,29888,14477606
64,29920,14477606
64,29952,14477606
64,29984,14477606
64,30016,14477606
64,30048,14477606
64,30080,14477606
64,30112,14477606
64,30144,14477606
64,30176,14477606
64,30208,14477606
64,30240,14477606
64,30272,14477606
64,30304,14477606
64,30336,14477606
64,30368,14477606
64,30400,14477606
64,30432,14477606
64,30464,14477606
64,30496,14477606
64,30528,14477606
64,30560,14477606
64,30592,14477606
64,30624,14477606
64,30656,14477606
64,30688,14477606
64,30720,14477606
64,30752,14477606
64,30784,14477606
64,30816,14477606
64,30848,14477606
64,30880,14477606
64,30912,14477606
64,30944,14477606
64,30976,14477606
64,31008,14477606
64,31040,14477606
64,31072,14477606
64,31104,14477606
64,31136,14477606
64,31168,14477606
64,31200,14477606
64,31232,14477606
64,31264,14477606
64,31296,14477606
64,31328,14477606
64,31360,14477606
64,31392,14477606
64,31424,14477606
64,31456,14477606
64,31488,14477606
64,31520,14477606
64,31552,14477606
64,31584,14477606
64,31616,14477606
64,31648,14477606
64,31680,14477606
64,31712,14477606
64,31744,14477606
64,31776,14477606
64,31808,14477606
64,31840,14477606
64,31872,14477606
64,31904,14477606
64,31936,14477606
64,31968,14477606
64,32000,14477606
64,32032,14477606
64,32064,14477606
64,32096,14477606
64,32128,14477606
64,32160,14477606
64,32192,14477606
64,32224,14477606
64,32256,14477606
64,32288,14477606
64,32320,14477606
64,32352,14477606
64,32384,14477606
64,32416,14477606
64,32448,14477606
64,32480,14477606
64,32512,14477606
64,32544,14477606
64,32576,14477606
64,32608,14477606
64,32640,14477606
64,32672,14477606
64,32704,14477606
64,32736,14477606
64,32768,14477606
64,32800,14477606
64,32832,14477606
64,32864,14477606
64,32896,14477606
64,32928,14477606
64,32960,14477606
64,32992,14477606
64,33024,14477606
64,33056,14477606
64,33088,14477606
64,33120,14477606
64,33152,14477606
64,33184,14477606
64,33216,14477606
64,33248,14477606
64,33280,14477606
64,33312,14477606
64,33344,14477606
64,33376,14477606
64,33408,14477606
64,33440,14477606
64,33472,14477606
64,33504,14477606
64,33536,14477606
64,33568,14477606
64,33600,14477606
64,33632,14477606
64,33664,14477606
64,33696,14477606
64,33728,14477606
64,33760,14477606
64,33792,14477606
64,33824,14477606
64,33856,14477606
64,33888,14477606
64,33920,14477606
64,33952,14477606
64,33984,14477606
64,34016,14477606
64,34048,14477606
64,34080,14477606
64,34112,14477606
64,34144,14477606
64,34176,14477606
64,34208,14477606
64,34240,14477606
64,34272,14477606
64,34304,14477606
64,34336,14477606
64,34368,14477606
64,34400,14477606
64,34432,14477606
64,34464,14477606
64,34496,14477606
64,34528,14477606
64,34560,14477606
64,34592,14477606
64,34624,14477606
64,34656,14477606
64,34688,14477606
64,34720,14477606
64,34752,14477606
64,34784,14477606
64,34816,14477606
64,34848,14477606
64,34880,14477606
64,34912,14477606
64,34944,14477606
64,34976,14477606
64,35008,14477606
64,35040,14477606
64,35072,14477606
64,35104,14477606
64,35136,14477606
64,35168,14477606
64,35200,14477606
64,35232,14477606
64,35264,14477606
64,35296,14477606
64,35328,14477606
64,35360,14477606
64,35392,14477606
64,35424,14477606
64,35456,14477606
64,35488,14477606
64,35520,14477606
64,35552,14477606
64,35584,14477606
64,35616,14477606
64,35648,14477606
64,35680,14477606
64,35712,14477606
64,35744,14477606
64,35776,14477606
64,35808,14477606
64,35840,14477606
64,35872,14477606
64,35904,14477606
64,35936,14477606
64,35968,14477606
64,36000,14477606
64,36032,14477606
64,36064,14477606
64,36096,14477606
64,36128,14477606
64,36160,14477606
64,36192,14477606
64,36224,14477606
64,36256,14477606
64,36288,14477606
64,36320,14477606
64,36352,14477606
64,36384,14477606
64,36416,14477606
64,36448,14477606
64,36480,14477606
64,36512,14477606
64,36544,14477606
64,36576,14477606
64,36608,14477606
64,36640,14477606
64,36672,14477606
64,36704,14477606
64,36736,14477606
64,36768,14477606
64,36800,14477606
64,36832,14477606
64,36864,14477606
64,36896,14477606
64,36928,14477606
64,36960,14477606
64,36992,14477606
64,37024,14477606
64,37056,14477606
64,37088,14477606
64,37120,14477606
64,37152,14477606
64,37184,14477606
64,37216,14477606
64,37248,14477606
64,37280,14477606
64,37312,14477606
64,37344,14477606
64,37376,14477606
64,37408,14477606
64,37440,14477606
64,37472,14477606
64,37504,14477606
64,37536,14477606
64,37568,14477606
64,37600,14477606
64,37632,14477606
64,37664,14477606
64,37696,14477606
64,37728,14477606
64,37760,14477606
64,37792,14477606
64,37824,14477606
64,37856,14477606
64,37888,14477606
64,37920,14477606
64,37952,14477606
64,37984,14477606
64,38016,14477606
64,38048,14477606
64,38080,14477606
64,38112,14477606
64,38144,14477606
64,38176,14477606
64,38208,14477606
64,38240,14477606
64,38272,14477606
64,38304,14477606
64,38336,14477606
64,38368,14477606
64,38400,14477606
64,38432,14477606
64,38464,14477606
64,38496,14477606
64,38528,14477606
64,38560,14477606
64,38592,14477606
64,38624,14477606
64,38656,14477606
64,38688,14477606
64,38720,14477606
64,38752,14477606
64,38784,14477606
64,38816,14477606
64,38848,14477606
64,38880,14477606
64,38912,14477606
64,38944,14477606
64,38976,14477606
64,39008,14477606
64,39040,14477606
64,39072,14477606
64,39104,14477606
64,39136,14477606
64,39168,14477606
64,39200,14477606
64,39232,14477606
64,39264,14477606
64,39296,14477606
64,39328,14477606
64,39360,14477606
64,39392,14477606
64,39424,14477606
64,39456,14477606
64,39488,14477606
64,39520,14477606
64,39552,14477606
64,39584,14477606
64,39616,14477606
64,39648,14477606
64,39680,14477606
64,39712,14477606
64,39744,14477606
64,39776,14477606
64,39808,14477606
64,39840,14477606
64,39872,14477606
64,39904,14477606
64,39936,14477606
64,39968,14477606
64,40000,14477606
64,40032,14477606
64,40064,14477606
64,40096,14477606
64,40128,14477606
64,40160,14477606
64,40192,14477606
64,40224,14477606
64,40256,14477606
64,40288,14477606
64,40320,14477606
64,40352,14477606
64,40384,14477606
64,40416,14477606
64,40448,14477606
64,40480,14477606
64,40512,14477606
64,40544,14477606
64,40576,14477606
64,40608,14477606
64,40640,14477606
64,40672,14477606
64,40704,14477606
64,40736,14477606
64,40768,14477606
64,40800,14477606
64,40832,14477606
64,40864,14477606
64,40896,14477606
64,40928,14477606
64,40960,14477606
128,32,6045
128,64,6047
128,96,6098
128,128,6298
128,160,6300
128,192,6304
128,224,6304
128,256,6304
128,288,6304
128,320,6304
128,352,6304
128,384,6304
128,416,6304
128,448,6304
128,480,6330
128,512,6491
128,544,8103
128,576,8586
128,608,9142
128,640,9376
128,672,9822
128,704,10086
128,736,10472
128,768,10622
128,800,10882
128,832,11061
128,864,11280
128,896,11558
128,928,11804
128,960,12121
128,992,12671
128,1024,13606
128,1056,14226
128,1088,27878
128,1120,30528
128,1152,32959
128,1184,33334
128,1216,34308
128,1248,34819
128,1280,35625
128,1312,35914
128,1344,36963
128,1376,37347
128,1408,38490
128,1440,38657
128,1472,39123
128,1504,39674
128,1536,40150
128,1568,41712
128,1600,63679
128,1632,64272
128,1664,70850
128,1696,71323
128,1728,75249
128,1760,75595
128,1792,79323
128,1824,79680
128,1856,82725
128,1888,82985
128,1920,85845
128,1952,86177
128,1984,92569
128,2016,92850
128,2048,106826
128,2080,108388
128,2112,178948
128,2144,180961
128,2176,189421
128,2208,190335
128,2240,193030
128,2272,194058
128,2304,195867
128,2336,197025
128,2368,198816
128,2400,200346
128,2432,202112
128,2464,203428
128,2496,205339
128,2528,206740
128,2560,209391
128,2592,215045
128,2624,230196
128,2656,235965
128,2688,238656
128,2720,239979
128,2752,241102
128,2784,241933
128,2816,243341
128,2848,244296
128,2880,245550
128,2912,246256
128,2944,248196
128,2976,249441
128,3008,250967
128,3040,252080
128,3072,254731
128,3104,258436
128,3136,271951
128,3168,277220
128,3200,281048
128,3232,282249
128,3264,284600
128,3296,286128
128,3328,288334
128,3360,289219
128,3392,291896
128,3424,293589
128,3456,297637
128,3488,308366
128,3520,317164
128,3552,324026
128,3584,330785
128,3616,349295
128,3648,397263
128,3680,417007
128,3712,426117
128,3744,430014
128,3776,432387
128,3808,435853
128,3840,440484
128,3872,442526
128,3904,445649
128,3936,448754
128,3968,455579
128,4000,458014
128,4032,460852
128,4064,461568
128,4096,463888
128,4128,464121
128,4160,464532
128,4192,474002
128,4224,476986
128,4256,498920
128,4288,499102
128,4320,534372
128,4352,534991
128,4384,556297
128,4416,556297
128,4448,568685
128,4480,568685
128,4512,576504
128,4544,576504
128,4576,588038
128,4608,588038
128,4640,594009
128,4672,594009
128,4704,602083
128,4736,602083
128,4768,611845
128,4800,611845
128,4832,642065
128,4864,642065
128,4896,657465
128,4928,657465
128,4960,679518
128,4992,679518
128,5024,680223
128,5056,680223
128,5088,684149
128,5120,684149
128,5152,685709
128,5184,685709
128,5216,696193
128,5248,696193
128,5280,704585
128,5312,704585
128,5344,726881
128,5376,726881
128,5408,732994
128,5440,732994
128,5472,745589
128,5504,745589
128,5536,746775
128,5568,746775
128,5600,758204
128,5632,758204
128,5664,761771
128,5696,761771
128,5728,785831
128,5760,785831
128,5792,790065
128,5824,790065
128,5856,847254
128,5888,847254
128,5920,851424
128,5952,851424
128,5984,869248
128,6016,869248
128,6048,870415
128,6080,870415
128,6112,903742
128,6144,903742
128,6176,907485
128,6208,907485
128,6240,980125
128,6272,980125
128,6304,985061
128,6336,985061
128,6368,1082501
128,6400,1082501
128,6432,1088195
128,6464,1088195
128,6496,1149154
128,6528,1149154
128,6560,1152907
128,6592,1152907
128,6624,1188929
128,6656,1188929
128,6688,1194163
128,6720,1194163
128,6752,1252028
128,6784,1252028
128,6816,1265319
128,6848,1265319
128,6880,1356845
128,6912,1356845
128,6944,1366635
128,6976,1366635
128,7008,1424967
128,7040,1424967
128,7072,1428075
128,7104,1428075
128,7136,1490207
128,7168,1490207
128,7200,1495082
128,7232,1495082
128,7264,1528774
128,7296,1528774
128,7328,1549559
128,7360,1549559
128,7392,1646370
128,7424,1646370
128,7456,1663303
128,7488,1663303
128,7520,1732232
128,7552,1732232
128,7584,1736294
128,7616,1736294
128,7648,1795010
128,7680,1795010
128,7712,1802687
128,7744,1802687
128,7776,1865493
128,7808,1865493
128,7840,1888526
128,7872,1888526
128,7904,1986401
128,7936,1986401
128,7968,2003700
128,8000,2003700
128,8032,2030502
128,8064,2030502
128,8096,2038212
128,8128,2038212
128,8160,2052145
128,8192,2052145
128,8224,2058677
128,8256,2058677
128,8288,2068957
128,8320,2068957
128,8352,2072697
128,8384,2072697
128,8416,2089079
128,8448,2089079
128,8480,2113180
128,8512,2113180
128,8544,2185428
128,8576,2185428
128,8608,2217377
128,8640,2217377
128,8672,2238419
128,8704,2238419
128,8736,2245823
128,8768,2245823
128,8800,2279640
128,8832,2279640
128,8864,2291846
128,8896,2291846
128,8928,2323971
128,8960,2323971
128,8992,2356946
128,9024,2356946
128,9056,2407502
128,9088,2407502
128,9120,2429798
128,9152,2429798
128,9184,2449567
128,9216,2449567
128,9248,2458052
128,9280,2458052
128,9312,2469976
128,9344,2469976
128,9376,2483294
128,9408,2483294
128,9440,2491620
128,9472,2491620
128,9504,2525691
128,9536,2525691
128,9568,2599379
128,9600,2599379
128,9632,2632284
128,9664,2632284
128,9696,2650355
128,9728,2650355
128,9760,2661149
128,9792,2661149
128,9824,2679296
128,9856,2679296
128,9888,2692663
128,9920,2692663
128,9952,2702877
128,9984,2702877
128,10016,2725733
128,10048,2725733
128,10080,2817384
128,10112,2817384
128,10144,2859540
128,10176,2859540
128,10208,2876302
128,10240,2876302
128,10272,2884553
128,10304,2884553
128,10336,2901721
128,10368,2901721
128,10400,2913025
128,10432,2913025
128,10464,2929922
128,10496,2929922
128,10528,2974370
128,10560,2974370
128,10592,3061699
128,10624,3061699
128,10656,3092330
128,10688,3092330
128,10720,3116124
128,10752,3116124
128,10784,3135572
128,10816,3135572
128,10848,3151368
128,10880,3151368
128,10912,3167682
128,10944,3167682
128,10976,3190361
128,11008,3190361
128,11040,3215766
128,11072,3215766
128,11104,3296077
128,11136,3296077
128,11168,3328296
128,11200,3328296
128,11232,3340738
128,11264,3340738
128,11296,3343723
128,11328,3343723
128,11360,3358613
128,11392,3358613
128,11424,3374140
128,11456,3374140
128,11488,3387708
128,11520,3387708
128,11552,3419751
128,11584,3419751
128,11616,3478685
128,11648,3478685
128,11680,3498683
128,11712,3498683
128,11744,3528320
128,11776,3528320
128,11808,3533778
128,11840,3533778
128,11872,3538095
128,11904,3538095
128,11936,3549107
128,11968,3549107
128,12000,3564305
128,12032,3564305
128,12064,3580876
128,12096,3580876
128,12128,3626324
128,12160,3626324
128,12192,3647496
128,12224,3647496
128,12256,3661767
128,12288,3661767
128,12320,3665262
128,12352,3665262
128,12384,3669097
128,12416,3669097
128,12448,3673229
128,12480,3673229
128,12512,3689600
128,12544,3689600
128,12576,3693005
128,12608,3693005
128,12640,3703879
128,12672,3703879
128,12704,3713594
128,12736,3713594
128,12768,3753572
128,12800,3753572
128,12832,3759121
128,12864,3759121
128,12896,3773852
128,12928,3773852
128,12960,3774619
128,12992,3774619
128,13024,3775478
128,13056,3775478
128,13088,3782772
128,13120,3782772
128,13152,3783869
128,13184,3783869
128,13216,3796338
128,13248,3796338
128,13280,3821884
128,13312,3821884
128,13344,3826479
128,13376,3826479
128,13408,3829419
128,13440,3829419
128,13472,3833378
128,13504,3833378
128,13536,3834512
128,13568,3834512
128,13600,3839545
128,13632,3839545
128,13664,3850814
128,13696,3850814
128,13728,3869221
128,13760,3869221
128,13792,3916709
128,13824,3916709
128,13856,3929920
128,13888,3929920
128,13920,3951798
128,13952,3951798
128,13984,3972573
128,14016,3972573
128,14048,3995176
128,14080,3995176
128,14112,4002441
128,14144,4002441
128,14176,4048420
128,14208,4048420
128,14240,4087179
128,14272,4087179
128,14304,4193419
128,14336,4193419
128,14368,4230572
128,14400,4230572
128,14432,4270133
128,14464,4270133
128,14496,4296889
128,14528,4296889
128,14560,4320259
128,14592,4320259
128,14624,4339218
128,14656,4339218
128,14688,4435430
128,14720,4435430
128,14752,4464613
128,14784,4464613
128,14816,4629223
128,14848,4629223
128,14880,4643729
128,14912,4643729
128,14944,4738594
128,14976,4738594
128,15008,4774484
128,15040,4774484
128,15072,4906381
128,15104,4906381
128,15136,4933846
128,15168,4933846
128,15200,5039162
128,15232,5039162
128,15264,5143528
128,15296,5143528
128,15328,5370897
128,15360,5370897
128,15392,5436665
128,15424,5436665
128,15456,5540886
128,15488,5540886
128,15520,5563794
128,15552,5563794
128,15584,5633163
128,15616,5633163
128,15648,5673298
128,15680,5673298
128,15712,5788722
128,15744,5788722
128,15776,5894706
128,15808,5894706
128,15840,6104780
128,15872,6104780
128,15904,6198914
128,15936,6198914
128,15968,6318672
128,16000,6318672
128,16032,6380822
128,16064,6380822
128,16096,6437951
128,16128,6437951
128,16160,6508860
128,16192,6508860
128,16224,6562208
128,16256,6562208
128,16288,6662843
128,16320,6662843
128,16352,6878908
128,16384,6878908
128,16416,6882781
128,16448,6882781
128,16480,6935131
128,16512,6935131
128,16544,7009360
128,16576,7009360
128,16608,7026537
128,16640,7026537
128,16672,7137040
128,16704,7137040
128,16736,7147991
128,16768,7147991
128,16800,7242436
128,16832,7242436
128,16864,7244448
128,16896,7244448
128,16928,7452354
128,16960,7452354
128,16992,7466013
128,17024,7466013
128,17056,7866198
128,17088,7866198
128,17120,7874373
128,17152,7874373
128,17184,8117066
128,17216,8117066
128,17248,8117066
128,17280,8117066
128,17312,8415621
128,17344,8415621
128,17376,8415621
128,17408,8415621
128,17440,8524233
128,17472,8524233
128,17504,8524233
128,17536,8524233
128,17568,8693409
128,17600,8693409
128,17632,8693409
128,17664,8693409
128,17696,8833962
128,17728,8833962
128,17760,8833962
128,17792,8833962
128,17824,9001784
128,17856,9001784
128,17888,9001784
128,17920,9001784
128,17952,9119350
128,17984,9119350
128,18016,9119350
128,18048,9119350
128,18080,9384618
128,18112,9384618
128,18144,9384618
128,18176,9384618
128,18208,9508991
128,18240,9508991
128,18272,9508991
128,18304,9508991
128,18336,9785240
128,18368,9785240
128,18400,9785240
128,18432,9785240
128,18464,9941663
128,18496,9941663
128,18528,9941663
128,18560,9941663
128,18592,10197218
128,18624,10197218
128,18656,10197218
128,18688,10197218
128,18720,10294414
128,18752,10294414
128,18784,10294414
128,18816,10294414
128,18848,10541092
128,18880,10541092
128,18912,10541092
128,18944,10541092
128,18976,10673740
128,19008,10673740
128,19040,10673740
128,19072,10673740
128,19104,10918798
128,19136,10918798
128,19168,10918798
128,19200,10918798
128,19232,11034708
128,19264,11034708
128,19296,11034708
128,19328,11034708
128,19360,11153307
128,19392,11153307
128,19424,11153307
128,19456,11153307
128,19488,11289634
128,19520,11289634
128,19552,11289634
128,19584,11289634
128,19616,11582269
128,19648,11582269
128,19680,11582269
128,19712,11582269
128,19744,11659234
128,19776,11659234
128,19808,11659234
128,19840,11659234
128,19872,11853303
128,19904,11853303
128,19936,11853303
128,19968,11853303
128,20000,11953334
128,20032,11953334
128,20064,11953334
128,20096,11953334
128,20128,12181301
128,20160,12181301
128,20192,12181301
128,20224,12181301
128,20256,12304679
128,20288,12304679
128,20320,12304679
128,20352,12304679
128,20384,12424371
128,20416,12424371
128,20448,12424371
128,20480,12424371
128,20512,12482628
128,20544,12482628
128,20576,12482628
128,20608,12482628
128,20640,12623019
128,20672,12623019
128,20704,12623019
128,20736,12623019
128,20768,12684904
128,20800,12684904
128,20832,12684904
128,20864,12684904
128,20896,12762196
128,20928,12762196
128,20960,12762196
128,20992,12762196
128,21024,12840258
128,21056,12840258
128,21088,12840258
128,21120,12840258
128,21152,12962816
128,21184,12962816
128,21216,12962816
128,21248,12962816
128,21280,13081060
128,21312,13081060
128,21344,13081060
128,21376,13081060
128,21408,13218458
128,21440,13218458
128,21472,13218458
128,21504,13218458
128,21536,13287273
128,21568,13287273
128,21600,13287273
128,21632,13287273
128,21664,13326586
128,21696,13326586
128,21728,13326586
128,21760,13326586
128,21792,13371622
128,21824,13371622
128,21856,13371622
128,21888,13371622
128,21920,13425146
128,21952,13425146
128,21984,13425146
128,22016,13425146
128,22048,13445050
128,22080,13445050
128,22112,13445050
128,22144,13445050
128,22176,13519809
128,22208,13519809
128,22240,13519809
128,22272,13519809
128,22304,13544855
128,22336,13544855
128,22368,13544855
128,22400,13544855
128,22432,13623120
128,22464,13623120
128,22496,13623120
128,22528,13623120
128,22560,13700201
128,22592,13700201
128,22624,13700201
128,22656,13700201
128,22688,13806317
128,22720,13806317
128,22752,13806317
128,22784,13806317
128,22816,13840661
128,22848,13840661
128,22880,13840661
128,22912,13840661
128,22944,13870990
128,22976,13870990
128,23008,13870990
128,23040,13870990
128,23072,13896013
128,23104,13896013
128,23136,13896013
128,23168,13896013
128,23200,13941732
128,23232,13941732
128,23264,13941732
128,23296,13941732
128,23328,13998412
128,23360,13998412
128,23392,13998412
128,23424,13998412
128,23456,14039128
128,23488,14039128
128,23520,14039128
128,23552,14039128
128,23584,14095984
128,23616,14095984
128,23648,14095984
128,23680,14095984
128,23712,14119162
128,23744,14119162
128,23776,14119162
128,23808,14119162
128,23840,14134439
128,23872,14134439
128,23904,14134439
128,23936,14134439
128,23968,14167088
128,24000,14167088
128,24032,14167088
128,24064,14167088
128,24096,14184895
128,24128,14184895
128,24160,14184895
128,24192,14184895
128,24224,14204751
128,24256,14204751
128,24288,14204751
128,24320,14204751
128,24352,14214377
128,24384,14214377
128,24416,14214377
128,24448,14214377
128,24480,14244590
128,24512,14244590
128,24544,14244590
128,24576,14244590
128,24608,14260111
128,24640,14260111
128,24672,14260111
128,24704,14260111
128,24736,14283800
128,24768,14283800
128,24800,14283800
128,24832,14283800
128,24864,14288814
128,24896,14288814
128,24928,14288814
128,24960,14288814
128,24992,14327823
128,25024,14327823
128,25056,14327823
128,25088,14327823
128,25120,14358316
128,25152,14358316
128,25184,14358316
128,25216,14358316
128,25248,14369821
128,25280,14369821
128,25312,14369821
128,25344,14369821
128,25376,14392184
128,25408,14392184
128,25440,14392184
128,25472,14392184
128,25504,14395439
128,25536,14395439
128,25568,14395439
128,25600,14395439
128,25632,14403770
128,25664,14403770
128,25696,14403770
128,25728,14403770
128,25760,14417684
128,25792,14417684
128,25824,14417684
128,25856,14417684
128,25888,14427466
128,25920,14427466
128,25952,14427466
128,25984,14427466
128,26016,14438488
128,26048,14438488
128,26080,14438488
128,26112,14438488
128,26144,14446493
128,26176,14446493
128,26208,14446493
128,26240,14446493
128,26272,14447080
128,26304,14447080
128,26336,14447080
128,26368,14447080
128,26400,14448473
128,26432,14448473
128,26464,14448473
128,26496,14448473
128,26528,14457226
128,26560,14457226
128,26592,14457226
128,26624,14457226
128,26656,14457226
128,26688,14457226
128,26720,14457226
128,26752,14457226
128,26784,14457602
128,26816,14457602
128,26848,14457602
128,26880,14457602
128,26912,14457602
128,26944,14457602
128,26976,14457602
128,27008,14457602
128,27040,14460193
128,27072,14460193
128,27104,14460193
128,27136,14460193
128,27168,14463234
128,27200,14463234
128,27232,14463234
128,27264,14463234
128,27296,14464945
128,27328,14464945
128,27360,14464945
128,27392,14464945
128,27424,14464945
128,27456,14464945
128,27488,14464945
128,27520,14464945
128,27552,14464945
128,27584,14464945
128,27616,14464945
128,27648,14464945
128,27680,14464945
128,27712,14464945
128,27744,14464945
128,27776,14464945
128,27808,14464945
128,27840,14464945
128,27872,14464945
128,27904,14464945
128,27936,14472027
128,27968,14472027
128,28000,14472027
128,28032,14472027
128,28064,14472027
128,28096,14472027
128,28128,14472027
128,28160,14472027
128,28192,14472027
128,28224,14472027
128,28256,14472027
128,28288,14472027
128,28320,14472027
128,28352,14472027
128,28384,14472027
128,28416,14472027
128,28448,14472027
128,28480,14472027
128,28512,14472027
128,28544,14472027
128,28576,14472027
128,28608,14472027
128,28640,14472027
128,28672,14472027
128,28704,14472027
128,28736,14472027
128,28768,14472027
128,28800,14472027
128,28832,14472712
128,28864,14472712
128,28896,14472712
128,28928,14472712
128,28960,14472712
128,28992,14472712
128,29024,14472712
128,29056,14472712
128,29088,14472712
128,29120,14472712
128,29152,14472712
128,29184,14472712
128,29216,14477606
128,29248,14477606
128,29280,14477606
128,29312,14477606
128,29344,14477606
128,29376,14477606
128,29408,14477606
128,29440,14477606
128,29472,14477606
128,29504,14477606
128,29536,14477606
128,29568,14477606
128,29600,14477606
128,29632,14477606
128,29664,14477606
128,29696,14477606
128,29728,14477606
128,29760,14477606
128,29792,14477606
128,29824,14477606
128,29856,14477606
128,29888,14477606
128,29920,14477606
128,29952,14477606
128,29984,14477606
128,30016,14477606
128,30048,14477606
128,30080,14477606
128,30112,14477606
128,30144,14477606
128,30176,14477606
128,30208,14477606
128,30240,14477606
128,30272,14477606
128,30304,14477606
128,30336,14477606
128,30368,14477606
128,30400,14477606
128,30432,14477606
128,30464,14477606
128,30496,14477606
128,30528,14477606
128,30560,14477606
128,30592,14477606
128,30624,14477606
128,30656,14477606
128,30688,14477606
128,30720,14477606
128,30752,14477606
128,30784,14477606
128,30816,14477606
128,30848,14477606
128,30880,14477606
128,30912,14477606
128,30944,14477606
128,30976,14477606
128,31008,14477606
128,31040,14477606
128,31072,14477606
128,31104,14477606
128,31136,14477606
128,31168,14477606
128,31200,14477606
128,31232,14477606
128,31264,14477606
128,31296,14477606
128,31328,14477606
128,31360,14477606
128,31392,14477606
128,31424,14477606
128,31456,14477606
128,31488,14477606
128,31520,14477606
128,31552,14477606
128,31584,14477606
128,31616,14477606
128,31648,14477606
128,31680,14477606
128,31712,14477606
128,31744,14477606
128,31776,14477606
128,31808,14477606
128,31840,14477606
128,31872,14477606
128,31904,14477606
128,31936,14477606
128,31968,14477606
128,32000,14477606
128,32032,14477606
128,32064,14477606
128,32096,14477606
128,32128,14477606
128,32160,14477606
128,32192,14477606
128,32224,14477606
128,32256,14477606
128,32288,14477606
128,32320,14477606
128,32352,14477606
128,32384,14477606
128,32416,14477606
128,32448,14477606
128,32480,14477606
128,32512,14477606
128,32544,14477606
128,32576,14477606
128,32608,14477606
128,32640,14477606
128,32672,14477606
128,32704,14477606
128,32736,14477606
128,32768,14477606
128,32800,14477606
128,32832,14477606
128,32864,14477606
128,32896,14477606
128,32928,14477606
128,32960,14477606
128,32992,14477606
128,33024,14477606
128,33056,14477606
128,33088,14477606
128,33120,14477606
128,33152,14477606
128,33184,14477606
128,33216,14477606
128,33248,14477606
128,33280,14477606
128,33312,14477606
128,33344,14477606
128,33376,14477606
128,33408,14477606
128,33440,14477606
128,33472,14477606
128,33504,14477606
128,33536,14477606
128,33568,14477606
128,33600,14477606
128,33632,14477606
128,33664,14477606
128,33696,14477606
128,33728,14477606
128,33760,14477606
128,33792,14477606
128,33824,14477606
128,33856,14477606
128,33888,14477606
128,33920,14477606
128,33952,14477606
128,33984,14477606
128,34016,14477606
128,34048,14477606
128,34080,14477606
128,34112,14477606
128,34144,14477606
128,34176,14477606
128,34208,14477606
128,34240,14477606
128,34272,14477606
128,34304,14477606
128,34336,14477606
128,34368,14477606
128,34400,14477606
128,34432,14477606
128,34464,14477606
128,34496,14477606
128,34528,14477606
128,34560,14477606
128,34592,14477606
128,34624,14477606
128,34656,14477606
128,34688,14477606
128,34720,14477606
128,34752,14477606
128,34784,14477606
128,34816,14477606
128,34848,14477606
128,34880,14477606
128,34912,14477606
128,34944,14477606
128,34976,14477606
128,35008,14477606
128,35040,14477606
128,35072,14477606
128,35104,14477606
128,35136,14477606
128,35168,14477606
128,35200,14477606
128,35232,14477606
128,35264,14477606
128,35296,14477606
128,35328,14477606
128,35360,14477606
128,35392,14477606
128,35424,14477606
128,35456,14477606
128,35488,14477606
128,35520,14477606
128,35552,14477606
128,35584,14477606
128,35616,14477606
128,35648,14477606
128,35680,14477606
128,35712,14477606
128,35744,14477606
128,35776,14477606
128,35808,14477606
128,35840,14477606
128,35872,14477606
128,35904,14477606
128,35936,14477606
128,35968,14477606
128,36000,14477606
128,36032,14477606
128,36064,14477606
128,36096,14477606
128,36128,14477606
128,36160,14477606
128,36192,14477606
128,36224,14477606
128,36256,14477606
128,36288,14477606
128,36320,14477606
128,36352,14477606
128,36384,14477606
128,36416,14477606
128,36448,14477606
128,36480,14477606
128,36512,14477606
128,36544,14477606
128,36576,14477606
128,36608,14477606
128,36640,14477606
128,36672,14477606
128,36704,14477606
128,36736,14477606
128,36768,14477606
128,36800,14477606
128,36832,14477606
128,36864,14477606
128,36896,14477606
128,36928,14477606
128,36960,14477606
128,36992,14477606
128,37024,14477606
128,37056,14477606
128,37088,14477606
128,37120,14477606
128,37152,14477606
128,37184,14477606
128,37216,14477606
128,37248,14477606
128,37280,14477606
128,37312,14477606
128,37344,14477606
128,37376,14477606
128,37408,14477606
128,37440,14477606
128,37472,14477606
128,37504,14477606
128,37536,14477606
128,37568,14477606
128,37600,14477606
128,37632,14477606
128,37664,14477606
128,37696,14477606
128,37728,14477606
128,37760,14477606
128,37792,14477606
128,37824,14477606
128,37856,14477606
128,37888,14477606
128,37920,14477606
128,37952,14477606
128,37984,14477606
128,38016,14477606
128,38048,14477606
128,38080,14477606
128,38112,14477606
128,38144,14477606
128,38176,14477606
128,38208,14477606
128,38240,14477606
128,38272,14477606
128,38304,14477606
128,38336,14477606
128,38368,14477606
128,38400,14477606
128,38432,14477606
128,38464,14477606
128,38496,14477606
128,38528,14477606
128,38560,14477606
128,38592,14477606
128,38624,14477606
128,38656,14477606
128,38688,14477606
128,38720,14477606
128,38752,14477606
128,38784,14477606
128,38816,14477606
128,38848,14477606
128,38880,14477606
128,38912,14477606
128,38944,14477606
128,38976,14477606
128,39008,14477606
128,39040,14477606
128,39072,14477606
128,39104,14477606
128,39136,14477606
128,39168,14477606
128,39200,14477606
128,39232,14477606
128,39264,14477606
128,39296,14477606
128,39328,14477606
128,39360,14477606
128,39392,14477606
128,39424,14477606
128,39456,14477606
128,39488,14477606
128,39520,14477606
128,39552,14477606
128,39584,14477606
128,39616,14477606
128,39648,14477606
128,39680,14477606
128,39712,14477606
128,39744,14477606
128,39776,14477606
128,39808,14477606
128,39840,14477606
128,39872,14477606
128,39904,14477606
128,39936,14477606
128,39968,14477606
128,40000,14477606
128,40032,14477606
128,40064,14477606
128,40096,14477606
128,40128,14477606
128,40160,14477606
128,40192,14477606
128,40224,14477606
128,40256,14477606
128,40288,14477606
128,40320,14477606
128,40352,14477606
128,40384,14477606
128,40416,14477606
128,40448,14477606
128,40480,14477606
128,40512,14477606
128,40544,14477606
128,40576,14477606
128,40608,14477606
128,40640,14477606
128,40672,14477606
128,40704,14477606
128,40736,14477606
128,40768,14477606
128,40800,14477606
128,40832,14477606
128,40864,14477606
128,40896,14477606
128,40928,14477606
128,40960,14477606
192,32,7451
192,64,7423
192,96,7458
192,128,7506
192,160,7606
192,192,7640
192,224,7642
192,256,7642
192,288,7642
192,320,7642
192,352,7642
192,384,7642
192,416,7642
192,448,7642
192,480,7666
192,512,7819
192,544,9327
192,576,9780
192,608,10306
192,640,10531
192,672,10961
192,704,11216
192,736,11593
192,768,11735
192,800,11991
192,832,12164
192,864,12379
192,896,12647
192,928,12887
192,960,13197
192,992,13733
192,1024,14647
192,1056,15256
192,1088,28656
192,1120,31266
192,1152,33655
192,1184,34028
192,1216,34992
192,1248,35499
192,1280,36300
192,1312,36589
192,1344,37632
192,1376,38016
192,1408,39152
192,1440,39320
192,1472,39783
192,1504,40332
192,1536,40807
192,1568,42367
192,1600,64136
192,1632,64730
192,1664,71250
192,1696,71723
192,1728,75623
192,1760,75969
192,1792,79670
192,1824,80027
192,1856,83048
192,1888,83309
192,1920,86155
192,1952,86487
192,1984,92848
192,2016,93129
192,2048,107051
192,2080,108613
192,2112,178963
192,2144,180976
192,2176,189423
192,2208,190337
192,2240,193030
192,2272,194058
192,2304,195867
192,2336,197025
192,2368,198816
192,2400,200346
192,2432,202112
192,2464,203428
192,2496,205339
192,2528,206740
192,2560,209391
192,2592,215045
192,2624,230196
192,2656,235965
192,2688,238656
192,2720,239979
192,2752,241102
192,2784,241933
192,2816,243341
192,2848,244296
192,2880,245550
192,2912,246256
192,2944,248196
192,2976,249441
192,3008,250967
192,3040,252080
192,3072,254731
192,3104,258436
192,3136,271951
192,3168,277220
192,3200,281048
192,3232,282249
192,3264,284600
192,3296,286128
192,3328,288334
192,3360,289219
192,3392,291896
192,3424,293589
192,3456,297637
192,3488,308366
192,3520,317164
192,3552,324026
192,3584,330785
192,3616,349295
192,3648,397263
192,3680,417007
192,3712,426117
192,3744,430014
192,3776,432387
192,3808,435853
192,3840,440484
192,3872,442526
192,3904,445649
192,3936,448754
192,3968,455579
192,4000,458014
192,4032,460852
192,4064,461568
192,4096,463888
192,4128,464121
192,4160,464532
192,4192,474002
192,4224,476986
192,4256,498920
192,4288,499102
192,4320,534372
192,4352,534991
192,4384,556297
192,4416,556297
192,4448,568685
192,4480,568685
192,4512,576504
192,4544,576504
192,4576,588038
192,4608,588038
192,4640,594009
192,4672,594009
192,4704,602083
192,4736,602083
192,4768,611845
192,4800,611845
192,4832,642065
192,4864,642065
192,4896,657465
192,4928,657465
192,4960,679518
192,4992,679518
192,5024,680223
192,5056,680223
192,5088,684149
192,5120,684149
192,5152,685709
192,5184,685709
192,5216,696193
192,5248,696193
192,5280,704585
192,5312,704585
192,5344,726881
192,5376,726881
192,5408,732994
192,5440,732994
192,5472,745589
192,5504,745589
192,5536,746775
192,5568,746775
192,5600,758204
192,5632,758204
192,5664,761771
192,5696,761771
192,5728,785831
192,5760,785831
192,5792,790065
192,5824,790065
192,5856,847254
192,5888,847254
192,5920,851424
192,5952,851424
192,5984,869248
192,6016,869248
192,6048,870415
192,6080,870415
192,6112,903742
192,6144,903742
192,6176,907485
192,6208,907485
192,6240,980125
192,6272,980125
192,6304,985061
192,6336,985061
192,6368,1082501
192,6400,1082501
192,6432,1088195
192,6464,1088195
192,6496,1149154
192,6528,1149154
192,6560,1152907
192,6592,1152907
192,6624,1188929
192,6656,1188929
192,6688,1194163
192,6720,1194163
192,6752,1252028
192,6784,1252028
192,6816,1265319
192,6848,1265319
192,6880,1356845
192,6912,1356845
192,6944,1366635
192,6976,1366635
192,7008,1424967
192,7040,1424967
192,7072,1428075
192,7104,1428075
192,7136,1490207
192,7168,1490207
192,7200,1495082
192,7232,1495082
192,7264,1528774
192,7296,1528774
192,7328,1549559
192,7360,1549559
192,7392,1646370
192,7424,1646370
192,7456,1663303
192,7488,1663303
192,7520,1732232
192,7552,1732232
192,7584,1736294
192,7616,1736294
192,7648,1795010
192,7680,1795010
192,7712,1802687
192,7744,1802687
192,7776,1865493
192,7808,1865493
192,7840,1888526
192,7872,1888526
192,7904,1986401
192,7936,1986401
192,7968,2003700
192,8000,2003700
192,8032,2030502
192,8064,2030502
192,8096,2038212
192,8128,2038212
192,8160,2052145
192,8192,2052145
192,8224,2058677
192,8256,2058677
192,8288,2068957
192,8320,2068957
192,8352,2072697
192,8384,2072697
192,8416,2089079
192,8448,2089079
192,8480,2113180
192,8512,2113180
192,8544,2185428
192,8576,2185428
192,8608,2217377
192,8640,2217377
192,8672,2238419
192,8704,2238419
192,8736,2245823
192,8768,2245823
192,8800,2279640
192,8832,2279640
192,8864,2291846
192,8896,2291846
192,8928,2323971
192,8960,2323971
192,8992,2356946
192,9024,2356946
192,9056,2407502
192,9088,2407502
192,9120,2429798
192,9152,2429798
192,9184,2449567
192,9216,2449567
192,9248,2458052
192,9280,2458052
192,9312,2469976
192,9344,2469976
192,9376,2483294
192,9408,2483294
192,9440,2491620
192,9472,2491620
192,9504,2525691
192,9536,2525691
192,9568,2599379
192,9600,2599379
192,9632,2632284
192,9664,2632284
192,9696,2650355
192,9728,2650355
192,9760,2661149
192,9792,2661149
192,9824,2679296
192,9856,2679296
192,9888,2692663
192,9920,2692663
192,9952,2702877
192,9984,2702877
192,10016,2725733
192,10048,2725733
192,10080,2817384
192,10112,2817384
192,10144,2859540
192,10176,2859540
192,10208,2876302
192,10240,2876302
192,10272,2884553
192,10304,2884553
192,10336,2901721
192,10368,2901721
192,10400,2913025
192,10432,2913025
192,10464,2929922
192,10496,2929922
192,10528,2974370
192,10560,2974370
192,10592,3061699
192,10624,3061699
192,10656,3092330
192,10688,3092330
192,10720,3116124
192,10752,3116124
192,10784,3135572
192,10816,3135572
192,10848,3151368
192,10880,3151368
192,10912,3167682
192,10944,3167682
192,10976,3190361
192,11008,3190361
192,11040,3215766
192,11072,3215766
192,11104,3296077
192,11136,3296077
192,11168,3328296
192,11200,3328296
192,11232,3340738
192,11264,3340738
192,11296,3343723
192,11328,3343723
192,11360,3358613
192,11392,3358613
192,11424,3374140
192,11456,3374140
192,11488,3387708
192,11520,3387708
192,11552,3419751
192,11584,3419751
192,11616,3478685
192,11648,3478685
192,11680,3498683
192,11712,3498683
192,11744,3528320
192,11776,3528320
192,11808,3533778
192,11840,3533778
192,11872,3538095
192,11904,3538095
192,11936,3549107
192,11968,3549107
192,12000,3564305
192,12032,3564305
192,12064,3580876
192,12096,3580876
192,12128,3626324
192,12160,3626324
192,12192,3647496
192,12224,3647496
192,12256,3661767
192,12288,3661767
192,12320,3665262
192,12352,3665262
192,12384,3669097
192,12416,3669097
192,12448,3673229
192,12480,3673229
192,12512,3689600
192,12544,3689600
192,12576,3693005
192,12608,3693005
192,12640,3703879
192,12672,3703879
192,12704,3713594
192,12736,3713594
192,12768,3753572
192,12800,3753572
192,12832,3759121
192,12864,3759121
192,12896,3773852
192,12928,3773852
192,12960,3774619
192,12992,3774619
192,13024,3775478
192,13056,3775478
192,13088,3782772
192,13120,3782772
192,13152,3783869
192,13184,3783869
192,13216,3796338
192,13248,3796338
192,13280,3821884
192,13312,3821884
192,13344,3826479
192,13376,3826479
192,13408,3829419
192,13440,3829419
192,13472,3833378
192,13504,3833378
192,13536,3834512
192,13568,3834512
192,13600,3839545
192,13632,3839545
192,13664,3850814
192,13696,3850814
192,13728,3869221
192,13760,3869221
192,13792,3916709
192,13824,3916709
192,13856,3929920
192,13888,3929920
192,13920,3951798
192,13952,3951798
192,13984,3972573
192,14016,3972573
192,14048,3995176
192,14080,3995176
192,14112,4002441
192,14144,4002441
192,14176,4048420
192,14208,4048420
192,14240,4087179
192,14272,4087179
192,14304,4193419
192,14336,4193419
192,14368,4230572
192,14400,4230572
192,14432,4270133
192,14464,4270133
192,14496,4296889
192,14528,4296889
192,14560,4320259
192,14592,4320259
192,14624,4339218
192,14656,4339218
192,14688,4435430
192,14720,4435430
192,14752,4464613
192,14784,4464613
192,14816,4629223
192,14848,4629223
192,14880,4643729
192,14912,4643729
192,14944,4738594
192,14976,4738594
192,15008,4774484
192,15040,4774484
192,15072,4906381
192,15104,4906381
192,15136,4933846
192,15168,4933846
192,15200,5039162
192,15232,5039162
192,15264,5143528
192,15296,5143528
192,15328,5370897
192,15360,5370897
192,15392,5436665
192,15424,5436665
192,15456,5540886
192,15488,5540886
192,15520,5563794
192,15552,5563794
192,15584,5633163
192,15616,5633163
192,15648,5673298
192,15680,5673298
192,15712,5788722
192,15744,5788722
192,15776,5894706
192,15808,5894706
192,15840,6104780
192,15872,6104780
192,15904,6198914
192,15936,6198914
192,15968,6318672
192,16000,6318672
192,16032,6380822
192,16064,6380822
192,16096,6437951
192,16128,6437951
192,16160,6508860
192,16192,6508860
192,16224,6562208
192,16256,6562208
192,16288,6662843
192,16320,6662843
192,16352,6878908
192,16384,6878908
192,16416,6882781
192,16448,6882781
192,16480,6935131
192,16512,6935131
192,16544,7009360
192,16576,7009360
192,16608,7026537
192,16640,7026537
192,16672,7137040
192,16704,7137040
192,16736,7147991
192,16768,7147991
192,16800,7242436
192,16832,7242436
192,16864,7244448
192,16896,7244448
192,16928,7452354
192,16960,7452354
192,16992,7466013
192,17024,7466013
192,17056,7866198
192,17088,7866198
192,17120,7874373
192,17152,7874373
192,17184,8117066
192,17216,8117066
192,17248,8117066
192,17280,8117066
192,17312,8415621
192,17344,8415621
192,17376,8415621
192,17408,8415621
192,17440,8524233
192,17472,8524233
192,17504,8524233
192,17536,8524233
192,17568,8693409
192,17600,8693409
192,17632,8693409
192,17664,8693409
192,17696,8833962
192,17728,8833962
192,17760,8833962
192,17792,8833962
192,17824,9001784
192,17856,9001784
192,17888,9001784
192,17920,9001784
192,17952,9119350
192,17984,9119350
192,18016,9119350
192,18048,9119350
192,18080,9384618
192,18112,9384618
192,18144,9384618
192,18176,9384618
192,18208,9508991
192,18240,9508991
192,18272,9508991
192,18304,9508991
192,18336,9785240
192,18368,9785240
192,18400,9785240
192,18432,9785240
192,18464,9941663
192,18496,9941663
192,18528,9941663
192,18560,9941663
192,18592,10197218
192,18624,10197218
192,18656,10197218
192,18688,10197218
192,18720,10294414
192,18752,10294414
192,18784,10294414
192,18816,10294414
192,18848,10541092
192,18880,10541092
192,18912,10541092
192,18944,10541092
192,18976,10673740
192,19008,10673740
192,19040,10673740
192,19072,10673740
192,19104,10918798
192,19136,10918798
192,19168,10918798
192,19200,10918798
192,19232,11034708
192,19264,11034708
192,19296,11034708
192,19328,11034708
192,19360,11153307
192,19392,11153307
192,19424,11153307
192,19456,11153307
192,19488,11289634
192,19520,11289634
192,19552,11289634
192,19584,11289634
192,19616,11582269
192,19648,11582269
192,19680,11582269
192,19712,11582269
192,19744,11659234
192,19776,11659234
192,19808,11659234
192,19840,11659234
192,19872,11853303
192,19904,11853303
192,19936,11853303
192,19968,11853303
192,20000,11953334
192,20032,11953334
192,20064,11953334
192,20096,11953334
192,20128,12181301
192,20160,12181301
192,20192,12181301
192,20224,12181301
192,20256,12304679
192,20288,12304679
192,20320,12304679
192,20352,12304679
192,20384,12424371
192,20416,12424371
192,20448,12424371
192,20480,12424371
192,20512,12482628
192,20544,12482628
192,20576,12482628
192,20608,12482628
192,20640,12623019
192,20672,12623019
192,20704,12623019
192,20736,12623019
192,20768,12684904
192,20800,12684904
192,20832,12684904
192,20864,12684904
192,20896,12762196
192,20928,12762196
192,20960,12762196
192,20992,12762196
192,21024,12840258
192,21056,12840258
192,21088,12840258
192,21120,12840258
192,21152,12962816
192,21184,12962816
192,21216,12962816
192,21248,12962816
192,21280,13081060
192,21312,13081060
192,21344,13081060
192,21376,13081060
192,21408,13218458
192,21440,13218458
192,21472,13218458
192,21504,13218458
192,21536,13287273
192,21568,13287273
192,21600,13287273
192,21632,13287273
192,21664,13326586
192,21696,13326586
192,21728,13326586
192,21760,13326586
192,21792,13371622
192,21824,13371622
192,21856,13371622
192,21888,13371622
192,21920,13425146
192,21952,13425146
192,21984,13425146
192,22016,13425146
192,22048,13445050
192,22080,13445050
192,22112,13445050
192,22144,13445050
192,22176,13519809
192,22208,13519809
192,22240,13519809
192,22272,13519809
192,22304,13544855
192,22336,13544855
192,22368,13544855
192,22400,13544855
192,22432,13623120
192,22464,13623120
192,22496,13623120
192,22528,13623120
192,22560,13700201
192,22592,13700201
192,22624,13700201
192,22656,13700201
192,22688,13806317
192,22720,13806317
192,22752,13806317
192,22784,13806317
192,22816,13840661
192,22848,13840661
192,22880,13840661
192,22912,13840661
192,22944,13870990
192,22976,13870990
192,23008,13870990
192,23040,13870990
192,23072,13896013
192,23104,13896013
192,23136,13896013
192,23168,13896013
192,23200,13941732
192,23232,13941732
192,23264,13941732
192,23296,13941732
192,23328,13998412
192,23360,13998412
192,23392,13998412
192,23424,13998412
192,23456,14039128
192,23488,14039128
192,23520,14039128
192,23552,14039128
192,23584,14095984
192,23616,14095984
192,23648,14095984
192,23680,14095984
192,23712,14119162
192,23744,14119162
192,23776,14119162
192,23808,14119162
192,23840,14134439
192,23872,14134439
192,23904,14134439
192,23936,14134439
192,23968,14167088
192,24000,14167088
192,24032,14167088
192,24064,14167088
192,24096,14184895
192,24128,14184895
192,24160,14184895
192,24192,14184895
192,24224,14204751
192,24256,14204751
192,24288,14204751
192,24320,14204751
192,24352,14214377
192,24384,14214377
192,24416,14214377
192,24448,14214377
192,24480,14244590
192,24512,14244590
192,24544,14244590
192,24576,14244590
192,24608,14260111
192,24640,14260111
192,24672,14260111
192,24704,14260111
192,24736,14283800
192,24768,14283800
192,24800,14283800
192,24832,14283800
192,24864,14288814
192,24896,14288814
192,24928,14288814
192,24960,14288814
192,24992,14327823
192,25024,14327823
192,25056,14327823
192,25088,14327823
192,25120,14358316
192,25152,14358316
192,25184,14358316
192,25216,14358316
192,25248,14369821
192,25280,14369821
192,25312,14369821
192,25344,14369821
192,25376,14392184
192,25408,14392184
192,25440,14392184
192,25472,14392184
192,25504,14395439
192,25536,14395439
192,25568,14395439
192,25600,14395439
192,25632,14403770
192,25664,14403770
192,25696,14403770
192,25728,14403770
192,25760,14417684
192,25792,14417684
192,25824,14417684
192,25856,14417684
192,25888,14427466
192,25920,14427466
192,25952,14427466
192,25984,14427466
192,26016,14438488
192,26048,14438488
192,26080,14438488
192,26112,14438488
192,26144,14446493
192,26176,14446493
192,26208,14446493
192,26240,14446493
192,26272,14447080
192,26304,14447080
192,26336,14447080
192,26368,14447080
192,26400,14448473
192,26432,14448473
192,26464,14448473
192,26496,14448473
192,26528,14457226
192,26560,14457226
192,26592,14457226
192,26624,14457226
192,26656,14457226
192,26688,14457226
192,26720,14457226
192,26752,14457226
192,26784,14457602
192,26816,14457602
192,26848,14457602
192,26880,14457602
192,26912,14457602
192,26944,14457602
192,26976,14457602
192,27008,14457602
192,27040,14460193
192,27072,14460193
192,27104,14460193
192,27136,14460193
192,27168,14463234
192,27200,14463234
192,27232,14463234
192,27264,14463234
192,27296,14464945
192,27328,14464945
192,27360,14464945
192,27392,14464945
192,27424,14464945
192,27456,14464945
192,27488,14464945
192,27520,14464945
192,27552,14464945
192,27584,14464945
192,27616,14464945
192,27648,14464945
192,27680,14464945
192,27712,14464945
192,27744,14464945
192,27776,14464945
192,27808,14464945
192,27840,14464945
192,27872,14464945
192,27904,14464945
192,27936,14472027
192,27968,14472027
192,28000,14472027
192,28032,14472027
192,28064,14472027
192,28096,14472027
192,28128,14472027
192,28160,14472027
192,28192,14472027
192,28224,14472027
192,28256,14472027
192,28288,14472027
192,28320,14472027
192,28352,14472027
192,28384,14472027
192,28416,14472027
192,28448,14472027
192,28480,14472027
192,28512,14472027
192,28544,14472027
192,28576,14472027
192,28608,14472027
192,28640,14472027
192,28672,14472027
192,28704,14472027
192,28736,14472027
192,28768,14472027
192,28800,14472027
192,28832,14472712
192,28864,14472712
192,28896,14472712
192,28928,14472712
192,28960,14472712
192,28992,14472712
192,29024,14472712
192,29056,14472712
192,29088,14472712
192,29120,14472712
192,29152,14472712
192,29184,14472712
192,29216,14477606
192,29248,14477606
192,29280,14477606
192,29312,14477606
192,29344,14477606
192,29376,14477606
192,29408,14477606
192,29440,14477606
192,29472,14477606
192,29504,14477606
192,29536,14477606
192,29568,14477606
192,29600,14477606
192,29632,14477606
192,29664,14477606
192,29696,14477606
192,29728,14477606
192,29760,14477606
192,29792,14477606
192,29824,14477606
192,29856,14477606
192,29888,14477606
192,29920,14477606
192,29952,14477606
192,29984,14477606
192,30016,14477606
192,30048,14477606
192,30080,14477606
192,30112,14477606
192,30144,14477606
192,30176,14477606
192,30208,14477606
192,30240,14477606
192,30272,14477606
192,30304,14477606
192,30336,14477606
192,30368,14477606
192,30400,14477606
192,30432,14477606
192,30464,14477606
192,30496,14477606
192,30528,14477606
192,30560,14477606
192,30592,14477606
192,30624,14477606
192,30656,14477606
192,30688,14477606
192,30720,14477606
192,30752,14477606
192,30784,14477606
192,30816,14477606
192,30848,14477606
192,30880,14477606
192,30912,14477606
192,30944,14477606
192,30976,14477606
192,31008,14477606
192,31040,14477606
192,31072,14477606
192,31104,14477606
192,31136,14477606
192,31168,14477606
192,31200,14477606
192,31232,14477606
192,31264,14477606
192,31296,14477606
192,31328,14477606
192,31360,14477606
192,31392,14477606
192,31424,14477606
192,31456,14477606
192,31488,14477606
192,31520,14477606
192,31552,14477606
192,31584,14477606
192,31616,14477606
192,31648,14477606
192,31680,14477606
192,31712,14477606
192,31744,14477606
192,31776,14477606
192,31808,14477606
192,31840,14477606
192,31872,14477606
192,31904,14477606
192,31936,14477606
192,31968,14477606
192,32000,14477606
192,32032,14477606
192,32064,14477606
192,32096,14477606
192,32128,14477606
192,32160,14477606
192,32192,14477606
192,32224,14477606
192,32256,14477606
192,32288,14477606
192,32320,14477606
192,32352,14477606
192,32384,14477606
192,32416,14477606
192,32448,14477606
192,32480,14477606
192,32512,14477606
192,32544,14477606
192,32576,14477606
192,32608,14477606
192,32640,14477606
192,32672,14477606
192,32704,14477606
192,32736,14477606
192,32768,14477606
192,32800,14477606
192,32832,14477606
192,32864,14477606
192,32896,14477606
192,32928,14477606
192,32960,14477606
192,32992,14477606
192,33024,14477606
192,33056,14477606
192,33088,14477606
192,33120,14477606
192,33152,14477606
192,33184,14477606
192,33216,14477606
192,33248,14477606
192,33280,14477606
192,33312,14477606
192,33344,14477606
192,33376,14477606
192,33408,14477606
192,33440,14477606
192,33472,14477606
192,33504,14477606
192,33536,14477606
192,33568,14477606
192,33600,14477606
192,33632,14477606
192,33664,14477606
192,33696,14477606
192,33728,14477606
192,33760,14477606
192,33792,14477606
192,33824,14477606
192,33856,14477606
192,33888,14477606
192,33920,14477606
192,33952,14477606
192,33984,14477606
192,34016,14477606
192,34048,14477606
192,34080,14477606
192,34112,14477606
192,34144,14477606
192,34176,14477606
192,34208,14477606
192,34240,14477606
192,34272,14477606
192,34304,14477606
192,34336,14477606
192,34368,14477606
192,34400,14477606
192,34432,14477606
192,34464,14477606
192,34496,14477606
192,34528,14477606
192,34560,14477606
192,34592,14477606
192,34624,14477606
192,34656,14477606
192,34688,14477606
192,34720,14477606
192,34752,14477606
192,34784,14477606
192,34816,14477606
192,34848,14477606
192,34880,14477606
192,34912,14477606
192,34944,14477606
192,34976,14477606
192,35008,14477606
192,35040,14477606
192,35072,14477606
192,35104,14477606
192,35136,14477606
192,35168,14477606
192,35200,14477606
192,35232,14477606
192,35264,14477606
192,35296,14477606
192,35328,14477606
192,35360,14477606
192,35392,14477606
192,35424,14477606
192,35456,14477606
192,35488,14477606
192,35520,14477606
192,35552,14477606
192,35584,14477606
192,35616,14477606
192,35648,14477606
192,35680,14477606
192,35712,14477606
192,35744,14477606
192,35776,14477606
192,35808,14477606
192,35840,14477606
192,35872,14477606
192,35904,14477606
192,35936,14477606
192,35968,14477606
192,36000,14477606
192,36032,14477606
192,36064,14477606
192,36096,14477606
192,36128,14477606
192,36160,14477606
192,36192,14477606
192,36224,14477606
192,36256,14477606
192,36288,14477606
192,36320,14477606
192,36352,14477606
192,36384,14477606
192,36416,14477606
192,36448,14477606
192,36480,14477606
192,36512,14477606
192,36544,14477606
192,36576,14477606
192,36608,14477606
192,36640,14477606
192,36672,14477606
192,36704,14477606
192,36736,14477606
192,36768,14477606
192,36800,14477606
192,36832,14477606
192,36864,14477606
192,36896,14477606
192,36928,14477606
192,36960,14477606
192,36992,14477606
192,37024,14477606
192,37056,14477606
192,37088,14477606
192,37120,14477606
192,37152,14477606
192,37184,14477606
192,37216,14477606
192,37248,14477606
192,37280,14477606
192,37312,14477606
192,37344,14477606
192,37376,14477606
192,37408,14477606
192,37440,14477606
192,37472,14477606
192,37504,14477606
192,37536,14477606
192,37568,14477606
192,37600,14477606
192,37632,14477606
192,37664,14477606
192,37696,14477606
192,37728,14477606
192,37760,14477606
192,37792,14477606
192,37824,14477606
192,37856,14477606
192,37888,14477606
192,37920,14477606
192,37952,14477606
192,37984,14477606
192,38016,14477606
192,38048,14477606
192,38080,14477606
192,38112,14477606
192,38144,14477606
192,38176,14477606
192,38208,14477606
192,38240,14477606
192,38272,14477606
192,38304,14477606
192,38336,14477606
192,38368,14477606
192,38400,14477606
192,38432,14477606
192,38464,14477606
192,38496,14477606
192,38528,14477606
192,38560,14477606
192,38592,14477606
192,38624,14477606
192,38656,14477606
192,38688,14477606
192,38720,14477606
192,38752,14477606
192,38784,14477606
192,38816,14477606
192,38848,14477606
192,38880,14477606
192,38912,14477606
192,38944,14477606
192,38976,14477606
192,39008,14477606
192,39040,14477606
192,39072,14477606
192,39104,14477606
192,39136,14477606
192,39168,14477606
192,39200,14477606
192,39232,14477606
192,39264,14477606
192,39296,14477606
192,39328,14477606
192,39360,14477606
192,39392,14477606
192,39424,14477606
192,39456,14477606
192,39488,14477606
192,39520,14477606
192,39552,14477606
192,39584,14477606
192,39616,14477606
192,39648,14477606
192,39680,14477606
192,39712,14477606
192,39744,14477606
192,39776,14477606
192,39808,14477606
192,39840,14477606
192,39872,14477606
192,39904,14477606
192,39936,14477606
192,39968,14477606
192,40000,14477606
192,40032,14477606
192,40064,14477606
192,40096,14477606
192,40128,14477606
192,40160,14477606
192,40192,14477606
192,40224,14477606
192,40256,14477606
192,40288,14477606
192,40320,14477606
192,40352,14477606
192,40384,14477606
192,40416,14477606
192,40448,14477606
192,40480,14477606
192,40512,14477606
192,40544,14477606
192,40576,14477606
192,40608,14477606
192,40640,14477606
192,40672,14477606
192,40704,14477606
192,40736,14477606
192,40768,14477606
192,40800,14477606
192,40832,14477606
192,40864,14477606
192,40896,14477606
192,40928,14477606
192,40960,14477606
256,32,8854
256,64,8809
256,96,8843
256,128,8968
256,160,8980
256,192,8975
256,224,8999
256,256,9053
256,288,9053
256,320,9053
256,352,9053
256,384,9053
256,416,9053
256,448,9053
256,480,9076
256,512,9214
256,544,10606
256,576,11028
256,608,11522
256,640,11737
256,672,12151
256,704,12396
256,736,12764
256,768,12899
256,800,13148
256,832,13316
256,864,13525
256,896,13784
256,928,14016
256,960,14318
256,992,14839
256,1024,15729
256,1056,16327
256,1088,29465
256,1120,32035
256,1152,34385
256,1184,34756
256,1216,35709
256,1248,36209
256,1280,37004
256,1312,37293
256,1344,38331
256,1376,38715
256,1408,39843
256,1440,40011
256,1472,40473
256,1504,41020
256,1536,41493
256,1568,43051
256,1600,64618
256,1632,65211
256,1664,71670
256,1696,72144
256,1728,76017
256,1760,76363
256,1792,80033
256,1824,80389
256,1856,83386
256,1888,83647
256,1920,86477
256,1952,86809
256,1984,93139
256,2016,93420
256,2048,107281
256,2080,108843
256,2112,178977
256,2144,180991
256,2176,189425
256,2208,190339
256,2240,193030
256,2272,194058
256,2304,195867
256,2336,197025
256,2368,198816
256,2400,200346
256,2432,202112
256,2464,203428
256,2496,205339
256,2528,206740
256,2560,209391
256,2592,215045
256,2624,230196
256,2656,235965
256,2688,238656
256,2720,239979
256,2752,241102
256,2784,241933
256,2816,243341
256,2848,244296
256,2880,245550
256,2912,246256
256,2944,248196
256,2976,249441
256,3008,250967
256,3040,252080
256,3072,254731
256,3104,258436
256,3136,271951
256,3168,277220
256,3200,281048
256,3232,282249
256,3264,284600
256,3296,286128
256,3328,288334
256,3360,289219
256,3392,291896
256,3424,293589
256,3456,297637
256,3488,308366
256,3520,317164
256,3552,324026
256,3584,330785
256,3616,349295
256,3648,397263
256,3680,417007
256,3712,426117
256,3744,430014
256,3776,432387
256,3808,435853
256,3840,440484
256,3872,442526
256,3904,445649
256,3936,448754
256,3968,455579
256,4000,458014
256,4032,460852
256,4064,461568
256,4096,463888
256,4128,464121
256,4160,464532
256,4192,474002
256,4224,476986
256,4256,498920
256,4288,499102
256,4320,534372
256,4352,534991
256,4384,556297
256,4416,556297
256,4448,568685
256,4480,568685
256,4512,576504
256,4544,576504
256,4576,588038
256,4608,588038
256,4640,594009
256,4672,594009
256,4704,602083
256,4736,602083
256,4768,611845
256,4800,611845
256,4832,642065
256,4864,642065
256,4896,657465
256,4928,657465
256,4960,679518
256,4992,679518
256,5024,680223
256,5056,680223
256,5088,684149
256,5120,684149
256,5152,685709
256,5184,685709
256,5216,696193
256,5248,696193
256,5280,704585
256,5312,704585
256,5344,726881
256,5376,726881
256,5408,732994
256,5440,732994
256,5472,745589
256,5504,745589
256,5536,746775
256,5568,746775
256,5600,758204
256,5632,758204
256,5664,761771
256,5696,761771
256,5728,785831
256,5760,785831
256,5792,790065
256,5824,790065
256,5856,847254
256,5888,847254
256,5920,851424
256,5952,851424
256,5984,869248
256,6016,869248
256,6048,870415
256,6080,870415
256,6112,903742
256,6144,903742
256,6176,907485
256,6208,907485
256,6240,980125
256,6272,980125
256,6304,985061
256,6336,985061
256,6368,1082501
256,6400,1082501
256,6432,1088195
256,6464,1088195
256,6496,1149154
256,6528,1149154
256,6560,1152907
256,6592,1152907
256,6624,1188929
256,6656,1188929
256,6688,1194163
256,6720,1194163
256,6752,1252028
256,6784,1252028
256,6816,1265319
256,6848,1265319
256,6880,1356845
256,6912,1356845
256,6944,1366635
256,6976,1366635
256,7008,1424967
256,7040,1424967
256,7072,1428075
256,7104,1428075
256,7136,1490207
256,7168,1490207
256,7200,1495082
256,7232,1495082
256,7264,1528774
256,7296,1528774
256,7328,1549559
256,7360,1549559
256,7392,1646370
256,7424,1646370
256,7456,1663303
256,7488,1663303
256,7520,1732232
256,7552,1732232
256,7584,1736294
256,7616,1736294
256,7648,1795010
256,7680,1795010
256,7712,1802687
256,7744,1802687
256,7776,1865493
256,7808,1865493
256,7840,1888526
256,7872,1888526
256,7904,1986401
256,7936,1986401
256,7968,2003700
256,8000,2003700
256,8032,2030502
256,8064,2030502
256,8096,2038212
256,8128,2038212
256,8160,2052145
256,8192,2052145
256,8224,2058677
256,8256,2058677
256,8288,2068957
256,8320,2068957
256,8352,2072697
256,8384,2072697
256,8416,2089079
256,8448,2089079
256,8480,2113180
256,8512,2113180
256,8544,2185428
256,8576,2185428
256,8608,2217377
256,8640,2217377
256,8672,2238419
256,8704,2238419
256,8736,2245823
256,8768,2245823
256,8800,2279640
256,8832,2279640
256,8864,2291846
256,8896,2291846
256,8928,2323971
256,8960,2323971
256,8992,2356946
256,9024,2356946
256,9056,2407502
256,9088,2407502
256,9120,2429798
256,9152,2429798
256,9184,2449567
256,9216,2449567
256,9248,2458052
256,9280,2458052
256,9312,2469976
256,9344,2469976
256,9376,2483294
256,9408,2483294
256,9440,2491620
256,9472,2491620
256,9504,2525691
256,9536,2525691
256,9568,2599379
256,9600,2599379
256,9632,2632284
256,9664,2632284
256,9696,2650355
256,9728,2650355
256,9760,2661149
256,9792,2661149
256,9824,2679296
256,9856,2679296
256,9888,2692663
256,9920,2692663
256,9952,2702877
256,9984,2702877
256,10016,2725733
256,10048,2725733
256,10080,2817384
256,10112,2817384
256,10144,2859540
256,10176,2859540
256,10208,2876302
256,10240,2876302
256,10272,2884553
256,10304,2884553
256,10336,2901721
256,10368,2901721
256,10400,2913025
256,10432,2913025
256,10464,2929922
256,10496,2929922
256,10528,2974370
256,10560,2974370
256,10592,3061699
256,10624,3061699
256,10656,3092330
256,10688,3092330
256,10720,3116124
256,10752,3116124
256,10784,3135572
256,10816,3135572
256,10848,3151368
256,10880,3151368
256,10912,3167682
256,10944,3167682
256,10976,3190361
256,11008,3190361
256,11040,3215766
256,11072,3215766
256,11104,3296077
256,11136,3296077
256,11168,3328296
256,11200,3328296
256,11232,3340738
256,11264,3340738
256,11296,3343723
256,11328,3343723
256,11360,3358613
256,11392,3358613
256,11424,3374140
256,11456,3374140
256,11488,3387708
256,11520,3387708
256,11552,3419751
256,11584,3419751
256,11616,3478685
256,11648,3478685
256,11680,3498683
256,11712,3498683
256,11744,3528320
256,11776,3528320
256,11808,3533778
256,11840,3533778
256,11872,3538095
256,11904,3538095
256,11936,3549107
256,11968,3549107
256,12000,3564305
256,12032,3564305
256,12064,3580876
256,12096,3580876
256,12128,3626324
256,12160,3626324
256,12192,3647496
256,12224,3647496
256,12256,3661767
256,12288,3661767
256,12320,3665262
256,12352,3665262
256,12384,3669097
256,12416,3669097
256,12448,3673229
256,12480,3673229
256,12512,3689600
256,12544,3689600
256,12576,3693005
256,12608,3693005
256,12640,3703879
256,12672,3703879
256,12704,3713594
256,12736,3713594
256,12768,3753572
256,12800,3753572
256,12832,3759121
256,12864,3759121
256,12896,3773852
256,12928,3773852
256,12960,3774619
256,12992,3774619
256,13024,3775478
256,13056,3775478
256,13088,3782772
256,13120,3782772
256,13152,3783869
256,13184,3783869
256,13216,3796338
256,13248,3796338
256,13280,3821884
256,13312,3821884
256,13344,3826479
256,13376,3826479
256,13408,3829419
256,13440,3829419
256,13472,3833378
256,13504,3833378
256,13536,3834512
256,13568,3834512
256,13600,3839545
256,13632,3839545
256,13664,3850814
256,13696,3850814
256,13728,3869221
256,13760,3869221
256,13792,3916709
256,13824,3916709
256,13856,3929920
256,13888,3929920
256,13920,3951798
256,13952,3951798
256,13984,3972573
256,14016,3972573
256,14048,3995176
256,14080,3995176
256,14112,4002441
256,14144,4002441
256,14176,4048420
256,14208,4048420
256,14240,4087179
256,14272,4087179
256,14304,4193419
256,14336,4193419
256,14368,4230572
256,14400,4230572
256,14432,4270133
256,14464,4270133
256,14496,4296889
256,14528,4296889
256,14560,4320259
256,14592,4320259
256,14624,4339218
256,14656,4339218
256,14688,4435430
256,14720,4435430
256,14752,4464613
256,14784,4464613
256,14816,4629223
256,14848,4629223
256,14880,4643729
256,14912,4643729
256,14944,4738594
256,14976,4738594
256,15008,4774484
256,15040,4774484
256,15072,4906381
256,15104,4906381
256,15136,4933846
256,15168,4933846
256,15200,5039162
256,15232,5039162
256,15264,5143528
256,15296,5143528
256,15328,5370897
256,15360,5370897
256,15392,5436665
256,15424,5436665
256,15456,5540886
256,15488,5540886
256,15520,5563794
256,15552,5563794
256,15584,5633163
256,15616,5633163
256,15648,5673298
256,15680,5673298
256,15712,5788722
256,15744,5788722
256,15776,5894706
256,15808,5894706
256,15840,6104780
256,15872,6104780
256,15904,6198914
256,15936,6198914
256,15968,6318672
256,16000,6318672
256,16032,6380822
256,16064,6380822
256,16096,6437951
256,16128,6437951
256,16160,6508860
256,16192,6508860
256,16224,6562208
256,16256,6562208
256,16288,6662843
256,16320,6662843
256,16352,6878908
256,16384,6878908
256,16416,6882781
256,16448,6882781
256,16480,6935131
256,16512,6935131
256,16544,7009360
256,16576,7009360
256,16608,7026537
256,16640,7026537
256,16672,7137040
256,16704,7137040
256,16736,7147991
256,16768,7147991
256,16800,7242436
256,16832,7242436
256,16864,7244448
256,16896,7244448
256,16928,7452354
256,16960,7452354
256,16992,7466013
256,17024,7466013
256,17056,7866198
256,17088,7866198
256,17120,7874373
256,17152,7874373
256,17184,8117066
256,17216,8117066
256,17248,8117066
256,17280,8117066
256,17312,8415621
256,17344,8415621
256,17376,8415621
256,17408,8415621
256,17440,8524233
256,17472,8524233
256,17504,8524233
256,17536,8524233
256,17568,8693409
256,17600,8693409
256,17632,8693409
256,17664,8693409
256,17696,8833962
256,17728,8833962
256,17760,8833962
256,17792,8833962
256,17824,9001784
256,17856,9001784
256,17888,9001784
256,17920,9001784
256,17952,9119350
256,17984,9119350
256,18016,9119350
256,18048,9119350
256,18080,9384618
256,18112,9384618
256,18144,9384618
256,18176,9384618
256,18208,9508991
256,18240,9508991
256,18272,9508991
256,18304,9508991
256,18336,9785240
256,18368,9785240
256,18400,9785240
256,18432,9785240
256,18464,9941663
256,18496,9941663
256,18528,9941663
256,18560,9941663
256,18592,10197218
256,18624,10197218
256,18656,10197218
256,18688,10197218
256,18720,10294414
256,18752,10294414
256,18784,10294414
256,18816,10294414
256,18848,10541092
256,18880,10541092
256,18912,10541092
256,18944,10541092
256,18976,10673740
256,19008,10673740
256,19040,10673740
256,19072,10673740
256,19104,10918798
256,19136,10918798
256,19168,10918798
256,19200,10918798
256,19232,11034708
256,19264,11034708
256,19296,11034708
256,19328,11034708
256,19360,11153307
256,19392,11153307
256,19424,11153307
256,19456,11153307
256,19488,11289634
256,19520,11289634
256,19552,11289634
256,19584,11289634
256,19616,11582269
256,19648,11582269
256,19680,11582269
256,19712,11582269
256,19744,11659234
256,19776,11659234
256,19808,11659234
256,19840,11659234
256,19872,11853303
256,19904,11853303
256,19936,11853303
256,19968,11853303
256,20000,11953334
256,20032,11953334
256,20064,11953334
256,20096,11953334
256,20128,12181301
256,20160,12181301
256,20192,12181301
256,20224,12181301
256,20256,12304679
256,20288,12304679
256,20320,12304679
256,20352,12304679
256,20384,12424371
256,20416,12424371
256,20448,12424371
256,20480,12424371
256,20512,12482628
256,20544,12482628
256,20576,12482628
256,20608,12482628
256,20640,12623019
256,20672,12623019
256,20704,12623019
256,20736,12623019
256,20768,12684904
256,20800,12684904
256,20832,12684904
256,20864,12684904
256,20896,12762196
256,20928,12762196
256,20960,12762196
256,20992,12762196
256,21024,12840258
256,21056,12840258
256,21088,12840258
256,21120,12840258
256,21152,12962816
256,21184,12962816
256,21216,12962816
256,21248,12962816
256,21280,13081060
256,21312,13081060
256,21344,13081060
256,21376,13081060
256,21408,13218458
256,21440,13218458
256,21472,13218458
256,21504,13218458
256,21536,13287273
256,21568,13287273
256,21600,13287273
256,21632,13287273
256,21664,13326586
256,21696,13326586
256,21728,13326586
256,21760,13326586
256,21792,13371622
256,21824,13371622
256,21856,13371622
256,21888,13371622
256,21920,13425146
256,21952,13425146
256,21984,13425146
256,22016,13425146
256,22048,13445050
256,22080,13445050
256,22112,13445050
256,22144,13445050
256,22176,13519809
256,22208,13519809
256,22240,13519809
256,22272,13519809
256,22304,13544855
256,22336,13544855
256,22368,13544855
256,22400,13544855
256,22432,13623120
256,22464,13623120
256,22496,13623120
256,22528,13623120
256,22560,13700201
256,22592,13700201
256,22624,13700201
256,22656,13700201
256,22688,13806317
256,22720,13806317
256,22752,13806317
256,22784,13806317
256,22816,13840661
256,22848,13840661
256,22880,13840661
256,22912,13840661
256,22944,13870990
256,22976,13870990
256,23008,13870990
256,23040,13870990
256,23072,13896013
256,23104,13896013
256,23136,13896013
256,23168,13896013
256,23200,13941732
256,23232,13941732
256,23264,13941732
256,23296,13941732
256,23328,13998412
256,23360,13998412
256,23392,13998412
256,23424,13998412
256,23456,14039128
256,23488,14039128
256,23520,14039128
256,23552,14039128
256,23584,14095984
256,23616,14095984
256,23648,14095984
256,23680,14095984
256,23712,14119162
256,23744,14119162
256,23776,14119162
256,23808,14119162
256,23840,14134439
256,23872,14134439
256,23904,14134439
256,23936,14134439
256,23968,14167088
256,24000,14167088
256,24032,14167088
256,24064,14167088
256,24096,14184895
256,24128,14184895
256,24160,14184895
256,24192,14184895
256,24224,14204751
256,24256,14204751
256,24288,14204751
256,24320,14204751
256,24352,14214377
256,24384,14214377
256,24416,14214377
256,24448,14214377
256,24480,14244590
256,24512,14244590
256,24544,14244590
256,24576,14244590
256,24608,14260111
256,24640,14260111
256,24672,14260111
256,24704,14260111
256,24736,14283800
256,24768,14283800
256,24800,14283800
256,24832,14283800
256,24864,14288814
256,24896,14288814
256,24928,14288814
256,24960,14288814
256,24992,14327823
256,25024,14327823
256,25056,14327823
256,25088,14327823
256,25120,14358316
256,25152,14358316
256,25184,14358316
256,25216,14358316
256,25248,14369821
256,25280,14369821
256,25312,14369821
256,25344,14369821
256,25376,14392184
256,25408,14392184
256,25440,14392184
256,25472,14392184
256,25504,14395439
256,25536,14395439
256,25568,14395439
256,25600,14395439
256,25632,14403770
256,25664,14403770
256,25696,14403770
256,25728,14403770
256,25760,14417684
256,25792,14417684
256,25824,14417684
256,25856,14417684
256,25888,14427466
256,25920,14427466
256,25952,14427466
256,25984,14427466
256,26016,14438488
256,26048,14438488
256,26080,14438488
256,26112,14438488
256,26144,14446493
256,26176,14446493
256,26208,14446493
256,26240,14446493
256,26272,14447080
256,26304,14447080
256,26336,14447080
256,26368,14447080
256,26400,14448473
256,26432,14448473
256,26464,14448473
256,26496,14448473
256,26528,14457226
256,26560,14457226
256,26592,14457226
256,26624,14457226
256,26656,14457226
256,26688,14457226
256,26720,14457226
256,26752,14457226
256,26784,14457602
256,26816,14457602
256,26848,14457602
256,26880,14457602
256,26912,14457602
256,26944,14457602
256,26976,14457602
256,27008,14457602
256,27040,14460193
256,27072,14460193
256,27104,14460193
256,27136,14460193
256,27168,14463234
256,27200,14463234
256,27232,14463234
256,27264,14463234
256,27296,14464945
256,27328,14464945
256,27360,14464945
256,27392,14464945
256,27424,14464945
256,27456,14464945
256,27488,14464945
256,27520,14464945
256,27552,14464945
256,27584,14464945
256,27616,14464945
256,27648,14464945
256,27680,14464945
256,27712,14464945
256,27744,14464945
256,27776,14464945
256,27808,14464945
256,27840,14464945
256,27872,14464945
256,27904,14464945
256,27936,14472027
256,27968,14472027
256,28000,14472027
256,28032,14472027
256,28064,14472027
256,28096,14472027
256,28128,14472027
256,28160,14472027
256,28192,14472027
256,28224,14472027
256,28256,14472027
256,28288,14472027
256,28320,14472027
256,28352,14472027
256,28384,14472027
256,28416,14472027
256,28448,14472027
256,28480,14472027
256,28512,14472027
256,28544,14472027
256,28576,14472027
256,28608,14472027
256,28640,14472027
256,28672,14472027
256,28704,14472027
256,28736,14472027
256,28768,14472027
256,28800,14472027
256,28832,14472712
256,28864,14472712
256,28896,14472712
256,28928,14472712
256,28960,14472712
256,28992,14472712
256,29024,14472712
256,29056,14472712
256,29088,14472712
256,29120,14472712
256,29152,14472712
256,29184,14472712
256,29216,14477606
256,29248,14477606
256,29280,14477606
256,29312,14477606
256,29344,14477606
256,29376,14477606
256,29408,14477606
256,29440,14477606
256,29472,14477606
256,29504,14477606
256,29536,14477606
256,29568,14477606
256,29600,14477606
256,29632,14477606
256,29664,14477606
256,29696,14477606
256,29728,14477606
256,29760,14477606
256,29792,14477606
256,29824,14477606
256,29856,14477606
256,29888,14477606
256,29920,14477606
256,29952,14477606
256,29984,14477606
256,30016,14477606
256,30048,14477606
256,30080,14477606
256,30112,14477606
256,30144,14477606
256,30176,14477606
256,30208,14477606
256,30240,14477606
256,30272,14477606
256,30304,14477606
256,30336,14477606
256,30368,14477606
256,30400,14477606
256,30432,14477606
256,30464,14477606
256,30496,14477606
256,30528,14477606
256,30560,14477606
256,30592,14477606
256,30624,14477606
256,30656,14477606
256,30688,14477606
256,30720,14477606
256,30752,14477606
256,30784,14477606
256,30816,14477606
256,30848,14477606
256,30880,14477606
256,30912,14477606
256,30944,14477606
256,30976,14477606
256,31008,14477606
256,31040,14477606
256,31072,14477606
256,31104,14477606
256,31136,14477606
256,31168,14477606
256,31200,14477606
256,31232,14477606
256,31264,14477606
256,31296,14477606
256,31328,14477606
256,31360,14477606
256,31392,14477606
256,31424,14477606
256,31456,14477606
256,31488,14477606
256,31520,14477606
256,31552,14477606
256,31584,14477606
256,31616,14477606
256,31648,14477606
256,31680,14477606
256,31712,14477606
256,31744,14477606
256,31776,14477606
256,31808,14477606
256,31840,14477606
256,31872,14477606
256,31904,14477606
256,31936,14477606
256,31968,14477606
256,32000,14477606
256,32032,14477606
256,32064,14477606
256,32096,14477606
256,32128,14477606
256,32160,14477606
256,32192,14477606
256,32224,14477606
256,32256,14477606
256,32288,14477606
256,32320,14477606
256,32352,14477606
256,32384,14477606
256,32416,14477606
256,32448,14477606
256,32480,14477606
256,32512,14477606
256,32544,14477606
256,32576,14477606
256,32608,14477606
256,32640,14477606
256,32672,14477606
256,32704,14477606
256,32736,14477606
256,32768,14477606
256,32800,14477606
256,32832,14477606
256,32864,14477606
256,32896,14477606
256,32928,14477606
256,32960,14477606
256,32992,14477606
256,33024,14477606
256,33056,14477606
256,33088,14477606
256,33120,14477606
256,33152,14477606
256,33184,14477606
256,33216,14477606
256,33248,14477606
256,33280,14477606
256,33312,14477606
256,33344,14477606
256,33376,14477606
256,33408,14477606
256,33440,14477606
256,33472,14477606
256,33504,14477606
256,33536,14477606
256,33568,14477606
256,33600,14477606
256,33632,14477606
256,33664,14477606
256,33696,14477606
256,33728,14477606
256,33760,14477606
256,33792,14477606
256,33824,14477606
256,33856,14477606
256,33888,14477606
256,33920,14477606
256,33952,14477606
256,33984,14477606
256,34016,14477606
256,34048,14477606
256,34080,14477606
256,34112,14477606
256,34144,14477606
256,34176,14477606
256,34208,14477606
256,34240,14477606
256,34272,14477606
256,34304,14477606
256,34336,14477606
256,34368,14477606
256,34400,14477606
256,34432,14477606
256,34464,14477606
256,34496,14477606
256,34528,14477606
256,34560,14477606
256,34592,14477606
256,34624,14477606
256,34656,14477606
256,34688,14477606
256,34720,14477606
256,34752,14477606
256,34784,14477606
256,34816,14477606
256,34848,14477606
256,34880,14477606
256,34912,14477606
256,34944,14477606
256,34976,14477606
256,35008,14477606
256,35040,14477606
256,35072,14477606
256,35104,14477606
256,35136,14477606
256,35168,14477606
256,35200,14477606
256,35232,14477606
256,35264,14477606
256,35296,14477606
256,35328,14477606
256,35360,14477606
256,35392,14477606
256,35424,14477606
256,35456,14477606
256,35488,14477606
256,35520,14477606
256,35552,14477606
256,35584,14477606
256,35616,14477606
256,35648,14477606
256,35680,14477606
256,35712,14477606
256,35744,14477606
256,35776,14477606
256,35808,14477606
256,35840,14477606
256,35872,14477606
256,35904,14477606
256,35936,14477606
256,35968,14477606
256,36000,14477606
256,36032,14477606
256,36064,14477606
256,36096,14477606
256,36128,14477606
256,36160,14477606
256,36192,14477606
256,36224,14477606
256,36256,14477606
256,36288,14477606
256,36320,14477606
256,36352,14477606
256,36384,14477606
256,36416,14477606
256,36448,14477606
256,36480,14477606
256,36512,14477606
256,36544,14477606
256,36576,14477606
256,36608,14477606
256,36640,14477606
256,36672,14477606
256,36704,14477606
256,36736,14477606
256,36768,14477606
256,36800,14477606
256,36832,14477606
256,36864,14477606
256,36896,14477606
256,36928,14477606
256,36960,14477606
256,36992,14477606
256,37024,14477606
256,37056,14477606
256,37088,14477606
256,37120,14477606
256,37152,14477606
256,37184,14477606
256,37216,14477606
256,37248,14477606
256,37280,14477606
256,37312,14477606
256,37344,14477606
256,37376,14477606
256,37408,14477606
256,37440,14477606
256,37472,14477606
256,37504,14477606
256,37536,14477606
256,37568,14477606
256,37600,14477606
256,37632,14477606
256,37664,14477606
256,37696,14477606
256,37728,14477606
256,37760,14477606
256,37792,14477606
256,37824,14477606
256,37856,14477606
256,37888,14477606
256,37920,14477606
256,37952,14477606
256,37984,14477606
256,38016,14477606
256,38048,14477606
256,38080,14477606
256,38112,14477606
256,38144,14477606
256,38176,14477606
256,38208,14477606
256,38240,14477606
256,38272,14477606
256,38304,14477606
256,38336,14477606
256,38368,14477606
256,38400,14477606
256,38432,14477606
256,38464,14477606
256,38496,14477606
256,38528,14477606
256,38560,14477606
256,38592,14477606
256,38624,14477606
256,38656,14477606
256,38688,14477606
256,38720,14477606
256,38752,14477606
256,38784,14477606
256,38816,14477606
256,38848,14477606
256,38880,14477606
256,38912,14477606
256,38944,14477606
256,38976,14477606
256,39008,14477606
256,39040,14477606
256,39072,14477606
256,39104,14477606
256,39136,14477606
256,39168,14477606
256,39200,14477606
256,39232,14477606
256,39264,14477606
256,39296,14477606
256,39328,14477606
256,39360,14477606
256,39392,14477606
256,39424,14477606
256,39456,14477606
256,39488,14477606
256,39520,14477606
256,39552,14477606
256,39584,14477606
256,39616,14477606
256,39648,14477606
256,39680,14477606
256,39712,14477606
256,39744,14477606
256,39776,14477606
256,39808,14477606
256,39840,14477606
256,39872,14477606
256,39904,14477606
256,39936,14477606
256,39968,14477606
256,40000,14477606
256,40032,14477606
256,40064,14477606
256,40096,14477606
256,40128,14477606
256,40160,14477606
256,40192,14477606
256,40224,14477606
256,40256,14477606
256,40288,14477606
256,40320,14477606
256,40352,14477606
256,40384,14477606
256,40416,14477606
256,40448,14477606
256,40480,14477606
256,40512,14477606
256,40544,14477606
256,40576,14477606
256,40608,14477606
256,40640,14477606
256,40672,14477606
256,40704,14477606
256,40736,14477606
256,40768,14477606
256,40800,14477606
256,40832,14477606
256,40864,14477606
256,40896,14477606
256,40928,14477606
256,40960,14477606
320,32,10257
320,64,10190
320,96,10180
320,128,10233
320,160,10337
320,192,10366
320,224,10465
320,256,10496
320,288,10495
320,320,10568
320,352,10568
320,384,10569
320,416,10569
320,448,10569
320,480,10589
320,512,10715
320,544,12047
320,576,12435
320,608,12895
320,640,13101
320,672,13497
320,704,13732
320,736,14090
320,768,14216
320,800,14459
320,832,14621
320,864,14824
320,896,15072
320,928,15296
320,960,15590
320,992,16093
320,1024,16959
320,1056,17545
320,1088,30398
320,1120,32924
320,1152,35229
320,1184,35598
320,1216,36538
320,1248,37033
320,1280,37822
320,1312,38111
320,1344,39142
320,1376,39526
320,1408,40647
320,1440,40814
320,1472,41274
320,1504,41819
320,1536,42290
320,1568,43846
320,1600,65153
320,1632,65747
320,1664,72141
320,1696,72614
320,1728,76456
320,1760,76803
320,1792,80440
320,1824,80797
320,1856,83767
320,1888,84028
320,1920,86843
320,1952,87175
320,1984,93472
320,2016,93753
320,2048,107553
320,2080,109115
320,2112,178994
320,2144,181007
320,2176,189427
320,2208,190341
320,2240,193030
320,2272,194058
320,2304,195867
320,2336,197025
320,2368,198816
320,2400,200346
320,2432,202112
320,2464,203428
320,2496,205339
320,2528,206740
320,2560,209391
320,2592,215045
320,2624,230196
320,2656,235965
320,2688,238656
320,2720,239979
320,2752,241102
320,2784,241933
320,2816,243341
320,2848,244296
320,2880,245550
320,2912,246256
320,2944,248196
320,2976,249441
320,3008,250967
320,3040,252080
320,3072,254731
320,3104,258436
320,3136,271951
320,3168,277220
320,3200,281048
320,3232,282249
320,3264,284600
320,3296,286128
320,3328,288334
320,3360,289219
320,3392,291896
320,3424,293589
320,3456,297637
320,3488,308366
320,3520,317164
320,3552,324026
320,3584,330785
320,3616,349295
320,3648,397263
320,3680,417007
320,3712,426117
320,3744,430014
320,3776,432387
320,3808,435853
320,3840,440484
320,3872,442526
320,3904,445649
320,3936,448754
320,3968,455579
320,4000,458014
320,4032,460852
320,4064,461568
320,4096,463888
320,4128,464121
320,4160,464532
320,4192,474002
320,4224,476986
320,4256,498920
320,4288,499102
320,4320,534372
320,4352,534991
320,4384,556297
320,4416,556297
320,4448,568685
320,4480,568685
320,4512,576504
320,4544,576504
320,4576,588038
320,4608,588038
320,4640,594009
320,4672,594009
320,4704,602083
320,4736,602083
320,4768,611845
320,4800,611845
320,4832,642065
320,4864,642065
320,4896,657465
320,4928,657465
320,4960,679518
320,4992,679518
320,5024,680223
320,5056,680223
320,5088,684149
320,5120,684149
320,5152,685709
320,5184,685709
320,5216,696193
320,5248,696193
320,5280,704585
320,5312,704585
320,5344,726881
320,5376,726881
320,5408,732994
320,5440,732994
320,5472,745589
320,5504,745589
320,5536,746775
320,5568,746775
320,5600,758204
320,5632,758204
320,5664,761771
320,5696,761771
320,5728,785831
320,5760,785831
320,5792,790065
320,5824,790065
320,5856,847254
320,5888,847254
320,5920,851424
320,5952,851424
320,5984,869248
320,6016,869248
320,6048,870415
320,6080,870415
320,6112,903742
320,6144,903742
320,6176,907485
320,6208,907485
320,6240,980125
320,6272,980125
320,6304,985061
320,6336,985061
320,6368,1082501
320,6400,1082501
320,6432,1088195
320,6464,1088195
320,6496,1149154
320,6528,1149154
320,6560,1152907
320,6592,1152907
320,6624,1188929
320,6656,1188929
320,6688,1194163
320,6720,1194163
320,6752,1252028
320,6784,1252028
320,6816,1265319
320,6848,1265319
320,6880,1356845
320,6912,1356845
320,6944,1366635
320,6976,1366635
320,7008,1424967
320,7040,1424967
320,7072,1428075
320,7104,1428075
320,7136,1490207
320,7168,1490207
320,7200,1495082
320,7232,1495082
320,7264,1528774
320,7296,1528774
320,7328,1549559
320,7360,1549559
320,7392,1646370
320,7424,1646370
320,7456,1663303
320,7488,1663303
320,7520,1732232
320,7552,1732232
320,7584,1736294
320,7616,1736294
320,7648,1795010
320,7680,1795010
320,7712,1802687
320,7744,1802687
320,7776,1865493
320,7808,1865493
320,7840,1888526
320,7872,1888526
320,7904,1986401
320,7936,1986401
320,7968,2003700
320,8000,2003700
320,8032,2030502
320,8064,2030502
320,8096,2038212
320,8128,2038212
320,8160,2052145
320,8192,2052145
320,8224,2058677
320,8256,2058677
320,8288,2068957
320,8320,2068957
320,8352,2072697
320,8384,2072697
320,8416,2089079
320,8448,2089079
320,8480,2113180
320,8512,2113180
320,8544,2185428
320,8576,2185428
320,8608,2217377
320,8640,2217377
320,8672,2238419
320,8704,2238419
320,8736,2245823
320,8768,2245823
320,8800,2279640
320,8832,2279640
320,8864,2291846
320,8896,2291846
320,8928,2323971
320,8960,2323971
320,8992,2356946
320,9024,2356946
320,9056,2407502
320,9088,2407502
320,9120,2429798
320,9152,2429798
320,9184,2449567
320,9216,2449567
320,9248,2458052
320,9280,2458052
320,9312,2469976
320,9344,2469976
320,9376,2483294
320,9408,2483294
320,9440,2491620
320,9472,2491620
320,9504,2525691
320,9536,2525691
320,9568,2599379
320,9600,2599379
320,9632,2632284
320,9664,2632284
320,9696,2650355
320,9728,2650355
320,9760,2661149
320,9792,2661149
320,9824,2679296
320,9856,2679296
320,9888,2692663
320,9920,2692663
320,9952,2702877
320,9984,2702877
320,10016,2725733
320,10048,2725733
320,10080,2817384
320,10112,2817384
320,10144,2859540
320,10176,2859540
320,10208,2876302
320,10240,2876302
320,10272,2884553
320,10304,2884553
320,10336,2901721
320,10368,2901721
320,10400,2913025
320,10432,2913025
320,10464,2929922
320,10496,2929922
320,10528,2974370
320,10560,2974370
320,10592,3061699
320,10624,3061699
320,10656,3092330
320,10688,3092330
320,10720,3116124
320,10752,3116124
320,10784,3135572
320,10816,3135572
320,10848,3151368
320,10880,3151368
320,10912,3167682
320,10944,3167682
320,10976,3190361
320,11008,3190361
320,11040,3215766
320,11072,3215766
320,11104,3296077
320,11136,3296077
320,11168,3328296
320,11200,3328296
320,11232,3340738
320,11264,3340738
320,11296,3343723
320,11328,3343723
320,11360,3358613
320,11392,3358613
320,11424,3374140
320,11456,3374140
320,11488,3387708
320,11520,3387708
320,11552,3419751
320,11584,3419751
320,11616,3478685
320,11648,3478685
320,11680,3498683
320,11712,3498683
320,11744,3528320
320,11776,3528320
320,11808,3533778
320,11840,3533778
320,11872,3538095
320,11904,3538095
320,11936,3549107
320,11968,3549107
320,12000,3564305
320,12032,3564305
320,12064,3580876
320,12096,3580876
320,12128,3626324
320,12160,3626324
320,12192,3647496
320,12224,3647496
320,12256,3661767
320,12288,3661767
320,12320,3665262
320,12352,3665262
320,12384,3669097
320,12416,3669097
320,12448,3673229
320,12480,3673229
320,12512,3689600
320,12544,3689600
320,12576,3693005
320,12608,3693005
320,12640,3703879
320,12672,3703879
320,12704,3713594
320,12736,3713594
320,12768,3753572
320,12800,3753572
320,12832,3759121
320,12864,3759121
320,12896,3773852
320,12928,3773852
320,12960,3774619
320,12992,3774619
320,13024,3775478
320,13056,3775478
320,13088,3782772
320,13120,3782772
320,13152,3783869
320,13184,3783869
320,13216,3796338
320,13248,3796338
320,13280,3821884
320,13312,3821884
320,13344,3826479
320,13376,3826479
320,13408,3829419
320,13440,3829419
320,13472,3833378
320,13504,3833378
320,13536,3834512
320,13568,3834512
320,13600,3839545
320,13632,3839545
320,13664,3850814
320,13696,3850814
320,13728,3869221
320,13760,3869221
320,13792,3916709
320,13824,3916709
320,13856,3929920
320,13888,3929920
320,13920,3951798
320,13952,3951798
320,13984,3972573
320,14016,3972573
320,14048,3995176
320,14080,3995176
320,14112,4002441
320,14144,4002441
320,14176,4048420
320,14208,4048420
320,14240,4087179
320,14272,4087179
320,14304,4193419
320,14336,4193419
320,14368,4230572
320,14400,4230572
320,14432,4270133
320,14464,4270133
320,14496,4296889
320,14528,4296889
320,14560,4320259
320,14592,4320259
320,14624,4339218
320,14656,4339218
320,14688,4435430
320,14720,4435430
320,14752,4464613
320,14784,4464613
320,14816,4629223
320,14848,4629223
320,14880,4643729
320,14912,4643729
320,14944,4738594
320,14976,4738594
320,15008,4774484
320,15040,4774484
320,15072,4906381
320,15104,4906381
320,15136,4933846
320,15168,4933846
320,15200,5039162
320,15232,5039162
320,15264,5143528
320,15296,5143528
320,15328,5370897
320,15360,5370897
320,15392,5436665
320,15424,5436665
320,15456,5540886
320,15488,5540886
320,15520,5563794
320,15552,5563794
320,15584,5633163
320,15616,5633163
320,15648,5673298
320,15680,5673298
320,15712,5788722
320,15744,5788722
320,15776,5894706
320,15808,5894706
320,15840,6104780
320,15872,6104780
320,15904,6198914
320,15936,6198914
320,15968,6318672
320,16000,6318672
320,16032,6380822
320,16064,6380822
320,16096,6437951
320,16128,6437951
320,16160,6508860
320,16192,6508860
320,16224,6562208
320,16256,6562208
320,16288,6662843
320,16320,6662843
320,16352,6878908
320,16384,6878908
320,16416,6882781
320,16448,6882781
320,16480,6935131
320,16512,6935131
320,16544,7009360
320,16576,7009360
320,16608,7026537
320,16640,7026537
320,16672,7137040
320,16704,7137040
320,16736,7147991
320,16768,7147991
320,16800,7242436
320,16832,7242436
320,16864,7244448
320,16896,7244448
320,16928,7452354
320,16960,7452354
320,16992,7466013
320,17024,7466013
320,17056,7866198
320,17088,7866198
320,17120,7874373
320,17152,7874373
320,17184,8117066
320,17216,8117066
320,17248,8117066
320,17280,8117066
320,17312,8415621
320,17344,8415621
320,17376,8415621
320,17408,8415621
320,17440,8524233
320,17472,8524233
320,17504,8524233
320,17536,8524233
320,17568,8693409
320,17600,8693409
320,17632,8693409
320,17664,8693409
320,17696,8833962
320,17728,8833962
320,17760,8833962
320,17792,8833962
320,17824,9001784
320,17856,9001784
320,17888,9001784
320,17920,9001784
320,17952,9119350
320,17984,9119350
320,18016,9119350
320,18048,9119350
320,18080,9384618
320,18112,9384618
320,18144,9384618
320,18176,9384618
320,18208,9508991
320,18240,9508991
320,18272,9508991
320,18304,9508991
320,18336,9785240
320,18368,9785240
320,18400,9785240
320,18432,9785240
320,18464,9941663
320,18496,9941663
320,18528,9941663
320,18560,9941663
320,18592,10197218
320,18624,10197218
320,18656,10197218
320,18688,10197218
320,18720,10294414
320,18752,10294414
320,18784,10294414
320,18816,10294414
320,18848,10541092
320,18880,10541092
320,18912,10541092
320,18944,10541092
320,18976,10673740
320,19008,10673740
320,19040,10673740
320,19072,10673740
320,19104,10918798
320,19136,10918798
320,19168,10918798
320,19200,10918798
320,19232,11034708
320,19264,11034708
320,19296,11034708
320,19328,11034708
320,19360,11153307
320,19392,11153307
320,19424,11153307
320,19456,11153307
320,19488,11289634
320,19520,11289634
320,19552,11289634
320,19584,11289634
320,19616,11582269
320,19648,11582269
320,19680,11582269
320,19712,11582269
320,19744,11659234
320,19776,11659234
320,19808,11659234
320,19840,11659234
320,19872,11853303
320,19904,11853303
320,19936,11853303
320,19968,11853303
320,20000,11953334
320,20032,11953334
320,20064,11953334
320,20096,11953334
320,20128,12181301
320,20160,12181301
320,20192,12181301
320,20224,12181301
320,20256,12304679
320,20288,12304679
320,20320,12304679
320,20352,12304679
320,20384,12424371
320,20416,12424371
320,20448,12424371
320,20480,12424371
320,20512,12482628
320,20544,12482628
320,20576,12482628
320,20608,12482628
320,20640,12623019
320,20672,12623019
320,20704,12623019
320,20736,12623019
320,20768,12684904
320,20800,12684904
320,20832,12684904
320,20864,12684904
320,20896,12762196
320,20928,12762196
320,20960,12762196
320,20992,12762196
320,21024,12840258
320,21056,12840258
320,21088,12840258
320,21120,12840258
320,21152,12962816
320,21184,12962816
320,21216,12962816
320,21248,12962816
320,21280,13081060
320,21312,13081060
320,21344,13081060
320,21376,13081060
320,21408,13218458
320,21440,13218458
320,21472,13218458
320,21504,13218458
320,21536,13287273
320,21568,13287273
320,21600,13287273
320,21632,13287273
320,21664,13326586
320,21696,13326586
320,21728,13326586
320,21760,13326586
320,21792,13371622
320,21824,13371622
320,21856,13371622
320,21888,13371622
320,21920,13425146
320,21952,13425146
320,21984,13425146
320,22016,13425146
320,22048,13445050
320,22080,13445050
320,22112,13445050
320,22144,13445050
320,22176,13519809
320,22208,13519809
320,22240,13519809
320,22272,13519809
320,22304,13544855
320,22336,13544855
320,22368,13544855
320,22400,13544855
320,22432,13623120
320,22464,13623120
320,22496,13623120
320,22528,13623120
320,22560,13700201
320,22592,13700201
320,22624,13700201
320,22656,13700201
320,22688,13806317
320,22720,13806317
320,22752,13806317
320,22784,13806317
320,22816,13840661
320,22848,13840661
320,22880,13840661
320,22912,13840661
320,22944,13870990
320,22976,13870990
320,23008,13870990
320,23040,13870990
320,23072,13896013
320,23104,13896013
320,23136,13896013
320,23168,13896013
320,23200,13941732
320,23232,13941732
320,23264,13941732
320,23296,13941732
320,23328,13998412
320,23360,13998412
320,23392,13998412
320,23424,13998412
320,23456,14039128
320,23488,14039128
320,23520,14039128
320,23552,14039128
320,23584,14095984
320,23616,14095984
320,23648,14095984
320,23680,14095984
320,23712,14119162
320,23744,14119162
320,23776,14119162
320,23808,14119162
320,23840,14134439
320,23872,14134439
320,23904,14134439
320,23936,14134439
320,23968,14167088
320,24000,14167088
320,24032,14167088
320,24064,14167088
320,24096,14184895
320,24128,14184895
320,24160,14184895
320,24192,14184895
320,24224,14204751
320,24256,14204751
320,24288,14204751
320,24320,14204751
320,24352,14214377
320,24384,14214377
320,24416,14214377
320,24448,14214377
320,24480,14244590
320,24512,14244590
320,24544,14244590
320,24576,14244590
320,24608,14260111
320,24640,14260111
320,24672,14260111
320,24704,14260111
320,24736,14283800
320,24768,14283800
320,24800,14283800
320,24832,14283800
320,24864,14288814
320,24896,14288814
320,24928,14288814
320,24960,14288814
320,24992,14327823
320,25024,14327823
320,25056,14327823
320,25088,14327823
320,25120,14358316
320,25152,14358316
320,25184,14358316
320,25216,14358316
320,25248,14369821
320,25280,14369821
320,25312,14369821
320,25344,14369821
320,25376,14392184
320,25408,14392184
320,25440,14392184
320,25472,14392184
320,25504,14395439
320,25536,14395439
320,25568,14395439
320,25600,14395439
320,25632,14403770
320,25664,14403770
320,25696,14403770
320,25728,14403770
320,25760,14417684
320,25792,14417684
320,25824,14417684
320,25856,14417684
320,25888,14427466
320,25920,14427466
320,25952,14427466
320,25984,14427466
320,26016,14438488
320,26048,14438488
320,26080,14438488
320,26112,14438488
320,26144,14446493
320,26176,14446493
320,26208,14446493
320,26240,14446493
320,26272,14447080
320,26304,14447080
320,26336,14447080
320,26368,14447080
320,26400,14448473
320,26432,14448473
320,26464,14448473
320,26496,14448473
320,26528,14457226
320,26560,14457226
320,26592,14457226
320,26624,14457226
320,26656,14457226
320,26688,14457226
320,26720,14457226
320,26752,14457226
320,26784,14457602
320,26816,14457602
320,26848,14457602
320,26880,14457602
320,26912,14457602
320,26944,14457602
320,26976,14457602
320,27008,14457602
320,27040,14460193
320,27072,14460193
320,27104,14460193
320,27136,14460193
320,27168,14463234
320,27200,14463234
320,27232,14463234
320,27264,14463234
320,27296,14464945
320,27328,14464945
320,27360,14464945
320,27392,14464945
320,27424,14464945
320,27456,14464945
320,27488,14464945
320,27520,14464945
320,27552,14464945
320,27584,14464945
320,27616,14464945
320,27648,14464945
320,27680,14464945
320,27712,14464945
320,27744,14464945
320,27776,14464945
320,27808,14464945
320,27840,14464945
320,27872,14464945
320,27904,14464945
320,27936,14472027
320,27968,14472027
320,28000,14472027
320,28032,14472027
320,28064,14472027
320,28096,14472027
320,28128,14472027
320,28160,14472027
320,28192,14472027
320,28224,14472027
320,28256,14472027
320,28288,14472027
320,28320,14472027
320,28352,14472027
320,28384,14472027
320,28416,14472027
320,28448,14472027
320,28480,14472027
320,28512,14472027
320,28544,14472027
320,28576,14472027
320,28608,14472027
320,28640,14472027
320,28672,14472027
320,28704,14472027
320,28736,14472027
320,28768,14472027
320,28800,14472027
320,28832,14472712
320,28864,14472712
320,28896,14472712
320,28928,14472712
320,28960,14472712
320,28992,14472712
320,29024,14472712
320,29056,14472712
320,29088,14472712
320,29120,14472712
320,29152,14472712
320,29184,14472712
320,29216,14477606
320,29248,14477606
320,29280,14477606
320,29312,14477606
320,29344,14477606
320,29376,14477606
320,29408,14477606
320,29440,14477606
320,29472,14477606
320,29504,14477606
320,29536,14477606
320,29568,14477606
320,29600,14477606
320,29632,14477606
320,29664,14477606
320,29696,14477606
320,29728,14477606
320,29760,14477606
320,29792,14477606
320,29824,14477606
320,29856,14477606
320,29888,14477606
320,29920,14477606
320,29952,14477606
320,29984,14477606
320,30016,14477606
320,30048,14477606
320,30080,14477606
320,30112,14477606
320,30144,14477606
320,30176,14477606
320,30208,14477606
320,30240,14477606
320,30272,14477606
320,30304,14477606
320,30336,14477606
320,30368,14477606
320,30400,14477606
320,30432,14477606
320,30464,14477606
320,30496,14477606
320,30528,14477606
320,30560,14477606
320,30592,14477606
320,30624,14477606
320,30656,14477606
320,30688,14477606
320,30720,14477606
320,30752,14477606
320,30784,14477606
320,30816,14477606
320,30848,14477606
320,30880,14477606
320,30912,14477606
320,30944,14477606
320,30976,14477606
320,31008,14477606
320,31040,14477606
320,31072,14477606
320,31104,14477606
320,31136,14477606
320,31168,14477606
320,31200,14477606
320,31232,14477606
320,31264,14477606
320,31296,14477606
320,31328,14477606
320,31360,14477606
320,31392,14477606
320,31424,14477606
320,31456,14477606
320,31488,14477606
320,31520,14477606
320,31552,14477606
320,31584,14477606
320,31616,14477606
320,31648,14477606
320,31680,14477606
320,31712,14477606
320,31744,14477606
320,31776,14477606
320,31808,14477606
320,31840,14477606
320,31872,14477606
320,31904,14477606
320,31936,14477606
320,31968,14477606
320,32000,14477606
320,32032,14477606
320,32064,14477606
320,32096,14477606
320,32128,14477606
320,32160,14477606
320,32192,14477606
320,32224,14477606
320,32256,14477606
320,32288,14477606
320,32320,14477606
320,32352,14477606
320,32384,14477606
320,32416,14477606
320,32448,14477606
320,32480,14477606
320,32512,14477606
320,32544,14477606
320,32576,14477606
320,32608,14477606
320,32640,14477606
320,32672,14477606
320,32704,14477606
320,32736,14477606
320,32768,14477606
320,32800,14477606
320,32832,14477606
320,32864,14477606
320,32896,14477606
320,32928,14477606
320,32960,14477606
320,32992,14477606
320,33024,14477606
320,33056,14477606
320,33088,14477606
320,33120,14477606
320,33152,14477606
320,33184,14477606
320,33216,14477606
320,33248,14477606
320,33280,14477606
320,33312,14477606
320,33344,14477606
320,33376,14477606
320,33408,14477606
320,33440,14477606
320,33472,14477606
320,33504,14477606
320,33536,14477606
320,33568,14477606
320,33600,14477606
320,33632,14477606
320,33664,14477606
320,33696,14477606
320,33728,14477606
320,33760,14477606
320,33792,14477606
320,33824,14477606
320,33856,14477606
320,33888,14477606
320,33920,14477606
320,33952,14477606
320,33984,14477606
320,34016,14477606
320,34048,14477606
320,34080,14477606
320,34112,14477606
320,34144,14477606
320,34176,14477606
320,34208,14477606
320,34240,14477606
320,34272,14477606
320,34304,14477606
320,34336,14477606
320,34368,14477606
320,34400,14477606
320,34432,14477606
320,34464,14477606
320,34496,14477606
320,34528,14477606
320,34560,14477606
320,34592,14477606
320,34624,14477606
320,34656,14477606
320,34688,14477606
320,34720,14477606
320,34752,14477606
320,34784,14477606
320,34816,14477606
320,34848,14477606
320,34880,14477606
320,34912,14477606
320,34944,14477606
320,34976,14477606
320,35008,14477606
320,35040,14477606
320,35072,14477606
320,35104,14477606
320,35136,14477606
320,35168,14477606
320,35200,14477606
320,35232,14477606
320,35264,14477606
320,35296,14477606
320,35328,14477606
320,35360,14477606
320,35392,14477606
320,35424,14477606
320,35456,14477606
320,35488,14477606
320,35520,14477606
320,35552,14477606
320,35584,14477606
320,35616,14477606
320,35648,14477606
320,35680,14477606
320,35712,14477606
320,35744,14477606
320,35776,14477606
320,35808,14477606
320,35840,14477606
320,35872,14477606
320,35904,14477606
320,35936,14477606
320,35968,14477606
320,36000,14477606
320,36032,14477606
320,36064,14477606
320,36096,14477606
320,36128,14477606
320,36160,14477606
320,36192,14477606
320,36224,14477606
320,36256,14477606
320,36288,14477606
320,36320,14477606
320,36352,14477606
320,36384,14477606
320,36416,14477606
320,36448,14477606
320,36480,14477606
320,36512,14477606
320,36544,14477606
320,36576,14477606
320,36608,14477606
320,36640,14477606
320,36672,14477606
320,36704,14477606
320,36736,14477606
320,36768,14477606
320,36800,14477606
320,36832,14477606
320,36864,14477606
320,36896,14477606
320,36928,14477606
320,36960,14477606
320,36992,14477606
320,37024,14477606
320,37056,14477606
320,37088,14477606
320,37120,14477606
320,37152,14477606
320,37184,14477606
320,37216,14477606
320,37248,14477606
320,37280,14477606
320,37312,14477606
320,37344,14477606
320,37376,14477606
320,37408,14477606
320,37440,14477606
320,37472,14477606
320,37504,14477606
320,37536,14477606
320,37568,14477606
320,37600,14477606
320,37632,14477606
320,37664,14477606
320,37696,14477606
320,37728,14477606
320,37760,14477606
320,37792,14477606
320,37824,14477606
320,37856,14477606
320,37888,14477606
320,37920,14477606
320,37952,14477606
320,37984,14477606
320,38016,14477606
320,38048,14477606
320,38080,14477606
320,38112,14477606
320,38144,14477606
320,38176,14477606
320,38208,14477606
320,38240,14477606
320,38272,14477606
320,38304,14477606
320,38336,14477606
320,38368,14477606
320,38400,14477606
320,38432,14477606
320,38464,14477606
320,38496,14477606
320,38528,14477606
320,38560,14477606
320,38592,14477606
320,38624,14477606
320,38656,14477606
320,38688,14477606
320,38720,14477606
320,38752,14477606
320,38784,14477606
320,38816,14477606
320,38848,14477606
320,38880,14477606
320,38912,14477606
320,38944,14477606
320,38976,14477606
320,39008,14477606
320,39040,14477606
320,39072,14477606
320,39104,14477606
320,39136,14477606
320,39168,14477606
320,39200,14477606
320,39232,14477606
320,39264,14477606
320,39296,14477606
320,39328,14477606
320,39360,14477606
320,39392,14477606
320,39424,14477606
320,39456,14477606
320,39488,14477606
320,39520,14477606
320,39552,14477606
320,39584,14477606
320,39616,14477606
320,39648,14477606
320,39680,14477606
320,39712,14477606
320,39744,14477606
320,39776,14477606
320,39808,14477606
320,39840,14477606
320,39872,14477606
320,39904,14477606
320,39936,14477606
320,39968,14477606
320,40000,14477606
320,40032,14477606
320,40064,14477606
320,40096,14477606
320,40128,14477606
320,40160,14477606
320,40192,14477606
320,40224,14477606
320,40256,14477606
320,40288,14477606
320,40320,14477606
320,40352,14477606
320,40384,14477606
320,40416,14477606
320,40448,14477606
320,40480,14477606
320,40512,14477606
320,40544,14477606
320,40576,14477606
320,40608,14477606
320,40640,14477606
320,40672,14477606
320,40704,14477606
320,40736,14477606
320,40768,14477606
320,40800,14477606
320,40832,14477606
320,40864,14477606
320,40896,14477606
320,40928,14477606
320,40960,14477606
384,32,11611
384,64,11541
384,96,11569
384,128,11665
384,160,11684
384,192,11775
384,224,11782
384,256,11848
384,288,11883
384,320,11931
384,352,11931
384,384,12030
384,416,12030
384,448,12030
384,480,12048
384,512,12253
384,544,14113
384,576,14686
384,608,15114
384,640,15309
384,672,15688
384,704,15914
384,736,16244
384,768,16363
384,800,16599
384,832,16755
384,864,16952
384,896,17173
384,928,17389
384,960,17676
384,992,18146
384,1024,18971
384,1056,19527
384,1088,31890
384,1120,34337
384,1152,36599
384,1184,36966
384,1216,37896
384,1248,38384
384,1280,39168
384,1312,39457
384,1344,40482
384,1376,40866
384,1408,41979
384,1440,42146
384,1472,42604
384,1504,43147
384,1536,43616
384,1568,45170
384,1600,66030
384,1632,66623
384,1664,72901
384,1696,73375
384,1728,77172
384,1760,77519
384,1792,81070
384,1824,81427
384,1856,84373
384,1888,84634
384,1920,87414
384,1952,87746
384,1984,93971
384,2016,94252
384,2048,107916
384,2080,109478
384,2112,179027
384,2144,181040
384,2176,189429
384,2208,190343
384,2240,193030
384,2272,194058
384,2304,195867
384,2336,197025
384,2368,198816
384,2400,200346
384,2432,202112
384,2464,203428
384,2496,205339
384,2528,206740
384,2560,209391
384,2592,215045
384,2624,230196
384,2656,235965
384,2688,238656
384,2720,239979
384,2752,241102
384,2784,241933
384,2816,243341
384,2848,244296
384,2880,245550
384,2912,246256
384,2944,248196
384,2976,249441
384,3008,250967
384,3040,252080
384,3072,254731
384,3104,258436
384,3136,271951
384,3168,277220
384,3200,281048
384,3232,282249
384,3264,284600
384,3296,286128
384,3328,288334
384,3360,289219
384,3392,291896
384,3424,293589
384,3456,297637
384,3488,308366
384,3520,317164
384,3552,324026
384,3584,330785
384,3616,349295
384,3648,397263
384,3680,417007
384,3712,426117
384,3744,430014
384,3776,432387
384,3808,435853
384,3840,440484
384,3872,442526
384,3904,445649
384,3936,448754
384,3968,455579
384,4000,458014
384,4032,460852
384,4064,461568
384,4096,463888
384,4128,464121
384,4160,464532
384,4192,474002
384,4224,476986
384,4256,498920
384,4288,499102
384,4320,534372
384,4352,534991
384,4384,556297
384,4416,556297
384,4448,568685
384,4480,568685
384,4512,576504
384,4544,576504
384,4576,588038
384,4608,588038
384,4640,594009
384,4672,594009
384,4704,602083
384,4736,602083
384,4768,611845
384,4800,611845
384,4832,642065
384,4864,642065
384,4896,657465
384,4928,657465
384,4960,679518
384,4992,679518
384,5024,680223
384,5056,680223
384,5088,684149
384,5120,684149
384,5152,685709
384,5184,685709
384,5216,696193
384,5248,696193
384,5280,704585
384,5312,704585
384,5344,726881
384,5376,726881
384,5408,732994
384,5440,732994
384,5472,745589
384,5504,745589
384,5536,746775
384,5568,746775
384,5600,758204
384,5632,758204
384,5664,761771
384,5696,761771
384,5728,785831
384,5760,785831
384,5792,790065
384,5824,790065
384,5856,847254
384,5888,847254
384,5920,851424
384,5952,851424
384,5984,869248
384,6016,869248
384,6048,870415
384,6080,870415
384,6112,903742
384,6144,903742
384,6176,907485
384,6208,907485
384,6240,980125
384,6272,980125
384,6304,985061
384,6336,985061
384,6368,1082501
384,6400,1082501
384,6432,1088195
384,6464,1088195
384,6496,1149154
384,6528,1149154
384,6560,1152907
384,6592,1152907
384,6624,1188929
384,6656,1188929
384,6688,1194163
384,6720,1194163
384,6752,1252028
384,6784,1252028
384,6816,1265319
384,6848,1265319
384,6880,1356845
384,6912,1356845
384,6944,1366635
384,6976,1366635
384,7008,1424967
384,7040,1424967
384,7072,1428075
384,7104,1428075
384,7136,1490207
384,7168,1490207
384,7200,1495082
384,7232,1495082
384,7264,1528774
384,7296,1528774
384,7328,1549559
384,7360,1549559
384,7392,1646370
384,7424,1646370
384,7456,1663303
384,7488,1663303
384,7520,1732232
384,7552,1732232
384,7584,1736294
384,7616,1736294
384,7648,1795010
384,7680,1795010
384,7712,1802687
384,7744,1802687
384,7776,1865493
384,7808,1865493
384,7840,1888526
384,7872,1888526
384,7904,1986401
384,7936,1986401
384,7968,2003700
384,8000,2003700
384,8032,2030502
384,8064,2030502
384,8096,2038212
384,8128,2038212
384,8160,2052145
384,8192,2052145
384,8224,2058677
384,8256,2058677
384,8288,2068957
384,8320,2068957
384,8352,2072697
384,8384,2072697
384,8416,2089079
384,8448,2089079
384,8480,2113180
384,8512,2113180
384,8544,2185428
384,8576,2185428
384,8608,2217377
384,8640,2217377
384,8672,2238419
384,8704,2238419
384,8736,2245823
384,8768,2245823
384,8800,2279640
384,8832,2279640
384,8864,2291846
384,8896,2291846
384,8928,2323971
384,8960,2323971
384,8992,2356946
384,9024,2356946
384,9056,2407502
384,9088,2407502
384,9120,2429798
384,9152,2429798
384,9184,2449567
384,9216,2449567
384,9248,2458052
384,9280,2458052
384,9312,2469976
384,9344,2469976
384,9376,2483294
384,9408,2483294
384,9440,2491620
384,9472,2491620
384,9504,2525691
384,9536,2525691
384,9568,2599379
384,9600,2599379
384,9632,2632284
384,9664,2632284
384,9696,2650355
384,9728,2650355
384,9760,2661149
384,9792,2661149
384,9824,2679296
384,9856,2679296
384,9888,2692663
384,9920,2692663
384,9952,2702877
384,9984,2702877
384,10016,2725733
384,10048,2725733
384,10080,2817384
384,10112,2817384
384,10144,2859540
384,10176,2859540
384,10208,2876302
384,10240,2876302
384,10272,2884553
384,10304,2884553
384,10336,2901721
384,10368,2901721
384,10400,2913025
384,10432,2913025
384,10464,2929922
384,10496,2929922
384,10528,2974370
384,10560,2974370
384,10592,3061699
384,10624,3061699
384,10656,3092330
384,10688,3092330
384,10720,3116124
384,10752,3116124
384,10784,3135572
384,10816,3135572
384,10848,3151368
384,10880,3151368
384,10912,3167682
384,10944,3167682
384,10976,3190361
384,11008,3190361
384,11040,3215766
384,11072,3215766
384,11104,3296077
384,11136,3296077
384,11168,3328296
384,11200,3328296
384,11232,3340738
384,11264,3340738
384,11296,3343723
384,11328,3343723
384,11360,3358613
384,11392,3358613
384,11424,3374140
384,11456,3374140
384,11488,3387708
384,11520,3387708
384,11552,3419751
384,11584,3419751
384,11616,3478685
384,11648,3478685
384,11680,3498683
384,11712,3498683
384,11744,3528320
384,11776,3528320
384,11808,3533778
384,11840,3533778
384,11872,3538095
384,11904,3538095
384,11936,3549107
384,11968,3549107
384,12000,3564305
384,12032,3564305
384,12064,3580876
384,12096,3580876
384,12128,3626324
384,12160,3626324
384,12192,3647496
384,12224,3647496
384,12256,3661767
384,12288,3661767
384,12320,3665262
384,12352,3665262
384,12384,3669097
384,12416,3669097
384,12448,3673229
384,12480,3673229
384,12512,3689600
384,12544,3689600
384,12576,3693005
384,12608,3693005
384,12640,3703879
384,12672,3703879
384,12704,3713594
384,12736,3713594
384,12768,3753572
384,12800,3753572
384,12832,3759121
384,12864,3759121
384,12896,3773852
384,12928,3773852
384,12960,3774619
384,12992,3774619
384,13024,3775478
384,13056,3775478
384,13088,3782772
384,13120,3782772
384,13152,3783869
384,13184,3783869
384,13216,3796338
384,13248,3796338
384,13280,3821884
384,13312,3821884
384,13344,3826479
384,13376,3826479
384,13408,3829419
384,13440,3829419
384,13472,3833378
384,13504,3833378
384,13536,3834512
384,13568,3834512
384,13600,3839545
384,13632,3839545
384,13664,3850814
384,13696,3850814
384,13728,3869221
384,13760,3869221
384,13792,3916709
384,13824,3916709
384,13856,3929920
384,13888,3929920
384,13920,3951798
384,13952,3951798
384,13984,3972573
384,14016,3972573
384,14048,3995176
384,14080,3995176
384,14112,4002441
384,14144,4002441
384,14176,4048420
384,14208,4048420
384,14240,4087179
384,14272,4087179
384,14304,4193419
384,14336,4193419
384,14368,4230572
384,14400,4230572
384,14432,4270133
384,14464,4270133
384,14496,4296889
384,14528,4296889
384,14560,4320259
384,14592,4320259
384,14624,4339218
384,14656,4339218
384,14688,4435430
384,14720,4435430
384,14752,4464613
384,14784,4464613
384,14816,4629223
384,14848,4629223
384,14880,4643729
384,14912,4643729
384,14944,4738594
384,14976,4738594
384,15008,4774484
384,15040,4774484
384,15072,4906381
384,15104,4906381
384,15136,4933846
384,15168,4933846
384,15200,5039162
384,15232,5039162
384,15264,5143528
384,15296,5143528
384,15328,5370897
384,15360,5370897
384,15392,5436665
384,15424,5436665
384,15456,5540886
384,15488,5540886
384,15520,5563794
384,15552,5563794
384,15584,5633163
384,15616,5633163
384,15648,5673298
384,15680,5673298
384,15712,5788722
384,15744,5788722
384,15776,5894706
384,15808,5894706
384,15840,6104780
384,15872,6104780
384,15904,6198914
384,15936,6198914
384,15968,6318672
384,16000,6318672
384,16032,6380822
384,16064,6380822
384,16096,6437951
384,16128,6437951
384,16160,6508860
384,16192,6508860
384,16224,6562208
384,16256,6562208
384,16288,6662843
384,16320,6662843
384,16352,6878908
384,16384,6878908
384,16416,6882781
384,16448,6882781
384,16480,6935131
384,16512,6935131
384,16544,7009360
384,16576,7009360
384,16608,7026537
384,16640,7026537
384,16672,7137040
384,16704,7137040
384,16736,7147991
384,16768,7147991
384,16800,7242436
384,16832,7242436
384,16864,7244448
384,16896,7244448
384,16928,7452354
384,16960,7452354
384,16992,7466013
384,17024,7466013
384,17056,7866198
384,17088,7866198
384,17120,7874373
384,17152,7874373
384,17184,8117066
384,17216,8117066
384,17248,8117066
384,17280,8117066
384,17312,8415621
384,17344,8415621
384,17376,8415621
384,17408,8415621
384,17440,8524233
384,17472,8524233
384,17504,8524233
384,17536,8524233
384,17568,8693409
384,17600,8693409
384,17632,8693409
384,17664,8693409
384,17696,8833962
384,17728,8833962
384,17760,8833962
384,17792,8833962
384,17824,9001784
384,17856,9001784
384,17888,9001784
384,17920,9001784
384,17952,9119350
384,17984,9119350
384,18016,9119350
384,18048,9119350
384,18080,9384618
384,18112,9384618
384,18144,9384618
384,18176,9384618
384,18208,9508991
384,18240,9508991
384,18272,9508991
384,18304,9508991
384,18336,9785240
384,18368,9785240
384,18400,9785240
384,18432,9785240
384,18464,9941663
384,18496,9941663
384,18528,9941663
384,18560,9941663
384,18592,10197218
384,18624,10197218
384,18656,10197218
384,18688,10197218
384,18720,10294414
384,18752,10294414
384,18784,10294414
384,18816,10294414
384,18848,10541092
384,18880,10541092
384,18912,10541092
384,18944,10541092
384,18976,10673740
384,19008,10673740
384,19040,10673740
384,19072,10673740
384,19104,10918798
384,19136,10918798
384,19168,10918798
384,19200,10918798
384,19232,11034708
384,19264,11034708
384,19296,11034708
384,19328,11034708
384,19360,11153307
384,19392,11153307
384,19424,11153307
384,19456,11153307
384,19488,11289634
384,19520,11289634
384,19552,11289634
384,19584,11289634
384,19616,11582269
384,19648,11582269
384,19680,11582269
384,19712,11582269
384,19744,11659234
384,19776,11659234
384,19808,11659234
384,19840,11659234
384,19872,11853303
384,19904,11853303
384,19936,11853303
384,19968,11853303
384,20000,11953334
384,20032,11953334
384,20064,11953334
384,20096,11953334
384,20128,12181301
384,20160,12181301
384,20192,12181301
384,20224,12181301
384,20256,12304679
384,20288,12304679
384,20320,12304679
384,20352,12304679
384,20384,12424371
384,20416,12424371
384,20448,12424371
384,20480,12424371
384,20512,12482628
384,20544,12482628
384,20576,12482628
384,20608,12482628
384,20640,12623019
384,20672,12623019
384,20704,12623019
384,20736,12623019
384,20768,12684904
384,20800,12684904
384,20832,12684904
384,20864,12684904
384,20896,12762196
384,20928,12762196
384,20960,12762196
384,20992,12762196
384,21024,12840258
384,21056,12840258
384,21088,12840258
384,21120,12840258
384,21152,12962816
384,21184,12962816
384,21216,12962816
384,21248,12962816
384,21280,13081060
384,21312,13081060
384,21344,13081060
384,21376,13081060
384,21408,13218458
384,21440,13218458
384,21472,13218458
384,21504,13218458
384,21536,13287273
384,21568,13287273
384,21600,13287273
384,21632,13287273
384,21664,13326586
384,21696,13326586
384,21728,13326586
384,21760,13326586
384,21792,13371622
384,21824,13371622
384,21856,13371622
384,21888,13371622
384,21920,13425146
384,21952,13425146
384,21984,13425146
384,22016,13425146
384,22048,13445050
384,22080,13445050
384,22112,13445050
384,22144,13445050
384,22176,13519809
384,22208,13519809
384,22240,13519809
384,22272,13519809
384,22304,13544855
384,22336,13544855
384,22368,13544855
384,22400,13544855
384,22432,13623120
384,22464,13623120
384,22496,13623120
384,22528,13623120
384,22560,13700201
384,22592,13700201
384,22624,13700201
384,22656,13700201
384,22688,13806317
384,22720,13806317
384,22752,13806317
384,22784,13806317
384,22816,13840661
384,22848,13840661
384,22880,13840661
384,22912,13840661
384,22944,13870990
384,22976,13870990
384,23008,13870990
384,23040,13870990
384,23072,13896013
384,23104,13896013
384,23136,13896013
384,23168,13896013
384,23200,13941732
384,23232,13941732
384,23264,13941732
384,23296,13941732
384,23328,13998412
384,23360,13998412
384,23392,13998412
384,23424,13998412
384,23456,14039128
384,23488,14039128
384,23520,14039128
384,23552,14039128
384,23584,14095984
384,23616,14095984
384,23648,14095984
384,23680,14095984
384,23712,14119162
384,23744,14119162
384,23776,14119162
384,23808,14119162
384,23840,14134439
384,23872,14134439
384,23904,14134439
384,23936,14134439
384,23968,14167088
384,24000,14167088
384,24032,14167088
384,24064,14167088
384,24096,14184895
384,24128,14184895
384,24160,14184895
384,24192,14184895
384,24224,14204751
384,24256,14204751
384,24288,14204751
384,24320,14204751
384,24352,14214377
384,24384,14214377
384,24416,14214377
384,24448,14214377
384,24480,14244590
384,24512,14244590
384,24544,14244590
384,24576,14244590
384,24608,14260111
384,24640,14260111
384,24672,14260111
384,24704,14260111
384,24736,14283800
384,24768,14283800
384,24800,14283800
384,24832,14283800
384,24864,14288814
384,24896,14288814
384,24928,14288814
384,24960,14288814
384,24992,14327823
384,25024,14327823
384,25056,14327823
384,25088,14327823
384,25120,14358316
384,25152,14358316
384,25184,14358316
384,25216,14358316
384,25248,14369821
384,25280,14369821
384,25312,14369821
384,25344,14369821
384,25376,14392184
384,25408,14392184
384,25440,14392184
384,25472,14392184
384,25504,14395439
384,25536,14395439
384,25568,14395439
384,25600,14395439
384,25632,14403770
384,25664,14403770
384,25696,14403770
384,25728,14403770
384,25760,14417684
384,25792,14417684
384,25824,14417684
384,25856,14417684
384,25888,14427466
384,25920,14427466
384,25952,14427466
384,25984,14427466
384,26016,14438488
384,26048,14438488
384,26080,14438488
384,26112,14438488
384,26144,14446493
384,26176,14446493
384,26208,14446493
384,26240,14446493
384,26272,14447080
384,26304,14447080
384,26336,14447080
384,26368,14447080
384,26400,14448473
384,26432,14448473
384,26464,14448473
384,26496,14448473
384,26528,14457226
384,26560,14457226
384,26592,14457226
384,26624,14457226
384,26656,14457226
384,26688,14457226
384,26720,14457226
384,26752,14457226
384,26784,14457602
384,26816,14457602
384,26848,14457602
384,26880,14457602
384,26912,14457602
384,26944,14457602
384,26976,14457602
384,27008,14457602
384,27040,14460193
384,27072,14460193
384,27104,14460193
384,27136,14460193
384,27168,14463234
384,27200,14463234
384,27232,14463234
384,27264,14463234
384,27296,14464945
384,27328,14464945
384,27360,14464945
384,27392,14464945
384,27424,14464945
384,27456,14464945
384,27488,14464945
384,27520,14464945
384,27552,14464945
384,27584,14464945
384,27616,14464945
384,27648,14464945
384,27680,14464945
384,27712,14464945
384,27744,14464945
384,27776,14464945
384,27808,14464945
384,27840,14464945
384,27872,14464945
384,27904,14464945
384,27936,14472027
384,27968,14472027
384,28000,14472027
384,28032,14472027
384,28064,14472027
384,28096,14472027
384,28128,14472027
384,28160,14472027
384,28192,14472027
384,28224,14472027
384,28256,14472027
384,28288,14472027
384,28320,14472027
384,28352,14472027
384,28384,14472027
384,28416,14472027
384,28448,14472027
384,28480,14472027
384,28512,14472027
384,28544,14472027
384,28576,14472027
384,28608,14472027
384,28640,14472027
384,28672,14472027
384,28704,14472027
384,28736,14472027
384,28768,14472027
384,28800,14472027
384,28832,14472712
384,28864,14472712
384,28896,14472712
384,28928,14472712
384,28960,14472712
384,28992,14472712
384,29024,14472712
384,29056,14472712
384,29088,14472712
384,29120,14472712
384,29152,14472712
384,29184,14472712
384,29216,14477606
384,29248,14477606
384,29280,14477606
384,29312,14477606
384,29344,14477606
384,29376,14477606
384,29408,14477606
384,29440,14477606
384,29472,14477606
384,29504,14477606
384,29536,14477606
384,29568,14477606
384,29600,14477606
384,29632,14477606
384,29664,14477606
384,29696,14477606
384,29728,14477606
384,29760,14477606
384,29792,14477606
384,29824,14477606
384,29856,14477606
384,29888,14477606
384,29920,14477606
384,29952,14477606
384,29984,14477606
384,30016,14477606
384,30048,14477606
384,30080,14477606
384,30112,14477606
384,30144,14477606
384,30176,14477606
384,30208,14477606
384,30240,14477606
384,30272,14477606
384,30304,14477606
384,30336,14477606
384,30368,14477606
384,30400,14477606
384,30432,14477606
384,30464,14477606
384,30496,14477606
384,30528,14477606
384,30560,14477606
384,30592,14477606
384,30624,14477606
384,30656,14477606
384,30688,14477606
384,30720,14477606
384,30752,14477606
384,30784,14477606
384,30816,14477606
384,30848,14477606
384,30880,14477606
384,30912,14477606
384,30944,14477606
384,30976,14477606
384,31008,14477606
384,31040,14477606
384,31072,14477606
384,31104,14477606
384,31136,14477606
384,31168,14477606
384,31200,14477606
384,31232,14477606
384,31264,14477606
384,31296,14477606
384,31328,14477606
384,31360,14477606
384,31392,14477606
384,31424,14477606
384,31456,14477606
384,31488,14477606
384,31520,14477606
384,31552,14477606
384,31584,14477606
384,31616,14477606
384,31648,14477606
384,31680,14477606
384,31712,14477606
384,31744,14477606
384,31776,14477606
384,31808,14477606
384,31840,14477606
384,31872,14477606
384,31904,14477606
384,31936,14477606
384,31968,14477606
384,32000,14477606
384,32032,14477606
384,32064,14477606
384,32096,14477606
384,32128,14477606
384,32160,14477606
384,32192,14477606
384,32224,14477606
384,32256,14477606
384,32288,14477606
384,32320,14477606
384,32352,14477606
384,32384,14477606
384,32416,14477606
384,32448,14477606
384,32480,14477606
384,32512,14477606
384,32544,14477606
384,32576,14477606
384,32608,14477606
384,32640,14477606
384,32672,14477606
384,32704,14477606
384,32736,14477606
384,32768,14477606
384,32800,14477606
384,32832,14477606
384,32864,14477606
384,32896,14477606
384,32928,14477606
384,32960,14477606
384,32992,14477606
384,33024,14477606
384,33056,14477606
384,33088,14477606
384,33120,14477606
384,33152,14477606
384,33184,14477606
384,33216,14477606
384,33248,14477606
384,33280,14477606
384,33312,14477606
384,33344,14477606
384,33376,14477606
384,33408,14477606
384,33440,14477606
384,33472,14477606
384,33504,14477606
384,33536,14477606
384,33568,14477606
384,33600,14477606
384,33632,14477606
384,33664,14477606
384,33696,14477606
384,33728,14477606
384,33760,14477606
384,33792,14477606
384,33824,14477606
384,33856,14477606
384,33888,14477606
384,33920,14477606
384,33952,14477606
384,33984,14477606
384,34016,14477606
384,34048,14477606
384,34080,14477606
384,34112,14477606
384,34144,14477606
384,34176,14477606
384,34208,14477606
384,34240,14477606
384,34272,14477606
384,34304,14477606
384,34336,14477606
384,34368,14477606
384,34400,14477606
384,34432,14477606
384,34464,14477606
384,34496,14477606
384,34528,14477606
384,34560,14477606
384,34592,14477606
384,34624,14477606
384,34656,14477606
384,34688,14477606
384,34720,14477606
384,34752,14477606
384,34784,14477606
384,34816,14477606
384,34848,14477606
384,34880,14477606
384,34912,14477606
384,34944,14477606
384,34976,14477606
384,35008,14477606
384,35040,14477606
384,35072,14477606
384,35104,14477606
384,35136,14477606
384,35168,14477606
384,35200,14477606
384,35232,14477606
384,35264,14477606
384,35296,14477606
384,35328,14477606
384,35360,14477606
384,35392,14477606
384,35424,14477606
384,35456,14477606
384,35488,14477606
384,35520,14477606
384,35552,14477606
384,35584,14477606
384,35616,14477606
384,35648,14477606
384,35680,14477606
384,35712,14477606
384,35744,14477606
384,35776,14477606
384,35808,14477606
384,35840,14477606
384,35872,14477606
384,35904,14477606
384,35936,14477606
384,35968,14477606
384,36000,14477606
384,36032,14477606
384,36064,14477606
384,36096,14477606
384,36128,14477606
384,36160,14477606
384,36192,14477606
384,36224,14477606
384,36256,14477606
384,36288,14477606
384,36320,14477606
384,36352,14477606
384,36384,14477606
384,36416,14477606
384,36448,14477606
384,36480,14477606
384,36512,14477606
384,36544,14477606
384,36576,14477606
384,36608,14477606
384,36640,14477606
384,36672,14477606
384,36704,14477606
384,36736,14477606
384,36768,14477606
384,36800,14477606
384,36832,14477606
384,36864,14477606
384,36896,14477606
384,36928,14477606
384,36960,14477606
384,36992,14477606
384,37024,14477606
384,37056,14477606
384,37088,14477606
384,37120,14477606
384,37152,14477606
384,37184,14477606
384,37216,14477606
384,37248,14477606
384,37280,14477606
384,37312,14477606
384,37344,14477606
384,37376,14477606
384,37408,14477606
384,37440,14477606
384,37472,14477606
384,37504,14477606
384,37536,14477606
384,37568,14477606
384,37600,14477606
384,37632,14477606
384,37664,14477606
384,37696,14477606
384,37728,14477606
384,37760,14477606
384,37792,14477606
384,37824,14477606
384,37856,14477606
384,37888,14477606
384,37920,14477606
384,37952,14477606
384,37984,14477606
384,38016,14477606
384,38048,14477606
384,38080,14477606
384,38112,14477606
384,38144,14477606
384,38176,14477606
384,38208,14477606
384,38240,14477606
384,38272,14477606
384,38304,14477606
384,38336,14477606
384,38368,14477606
384,38400,14477606
384,38432,14477606
384,38464,14477606
384,38496,14477606
384,38528,14477606
384,38560,14477606
384,38592,14477606
384,38624,14477606
384,38656,14477606
384,38688,14477606
384,38720,14477606
384,38752,14477606
384,38784,14477606
384,38816,14477606
384,38848,14477606
384,38880,14477606
384,38912,14477606
384,38944,14477606
384,38976,14477606
384,39008,14477606
384,39040,14477606
384,39072,14477606
384,39104,14477606
384,39136,14477606
384,39168,14477606
384,39200,14477606
384,39232,14477606
384,39264,14477606
384,39296,14477606
384,39328,14477606
384,39360,14477606
384,39392,14477606
384,39424,14477606
384,39456,14477606
384,39488,14477606
384,39520,14477606
384,39552,14477606
384,39584,14477606
384,39616,14477606
384,39648,14477606
384,39680,14477606
384,39712,14477606
384,39744,14477606
384,39776,14477606
384,39808,14477606
384,39840,14477606
384,39872,14477606
384,39904,14477606
384,39936,14477606
384,39968,14477606
384,40000,14477606
384,40032,14477606
384,40064,14477606
384,40096,14477606
384,40128,14477606
384,40160,14477606
384,40192,14477606
384,40224,14477606
384,40256,14477606
384,40288,14477606
384,40320,14477606
384,40352,14477606
384,40384,14477606
384,40416,14477606
384,40448,14477606
384,40480,14477606
384,40512,14477606
384,40544,14477606
384,40576,14477606
384,40608,14477606
384,40640,14477606
384,40672,14477606
384,40704,14477606
384,40736,14477606
384,40768,14477606
384,40800,14477606
384,40832,14477606
384,40864,14477606
384,40896,14477606
384,40928,14477606
384,40960,14477606
448,32,13050
448,64,12942
448,96,12942
448,128,12943
448,160,13122
448,192,13121
448,224,13123
448,256,13292
448,288,13334
448,320,13334
448,352,13531
448,384,13529
448,416,13529
448,448,13600
448,480,13635
448,512,13952
448,544,16658
448,576,17563
448,608,18092
448,640,18306
448,672,18689
448,704,18922
448,736,19243
448,768,19339
448,800,19570
448,832,19721
448,864,19911
448,896,20108
448,928,20284
448,960,20546
448,992,20983
448,1024,21770
448,1056,22316
448,1088,33982
448,1120,36257
448,1152,38414
448,1184,38778
448,1216,39692
448,1248,40160
448,1280,40938
448,1312,41227
448,1344,42246
448,1376,42630
448,1408,43734
448,1440,43902
448,1472,44358
448,1504,44898
448,1536,45365
448,1568,46917
448,1600,67283
448,1632,67877
448,1664,74024
448,1696,74497
448,1728,78177
448,1760,78524
448,1792,81962
448,1824,82319
448,1856,85192
448,1888,85453
448,1920,88185
448,1952,88517
448,1984,94658
448,2016,94940
448,2048,108491
448,2080,110054
448,2112,179041
448,2144,181055
448,2176,189431
448,2208,190345
448,2240,193030
448,2272,194058
448,2304,195867
448,2336,197025
448,2368,198816
448,2400,200346
448,2432,202112
448,2464,203428
448,2496,205339
448,2528,206740
448,2560,209391
448,2592,215045
448,2624,230196
448,2656,235965
448,2688,238656
448,2720,239979
448,2752,241102
448,2784,241933
448,2816,243341
448,2848,244296
448,2880,245550
448,2912,246256
448,2944,248196
448,2976,249441
448,3008,250967
448,3040,252080
448,3072,254731
448,3104,258436
448,3136,271951
448,3168,277220
448,3200,281048
448,3232,282249
448,3264,284600
448,3296,286128
448,3328,288334
448,3360,289219
448,3392,291896
448,3424,293589
448,3456,297637
448,3488,308366
448,3520,317164
448,3552,324026
448,3584,330785
448,3616,349295
448,3648,397263
448,3680,417007
448,3712,426117
448,3744,430014
448,3776,432387
448,3808,435853
448,3840,440484
448,3872,442526
448,3904,445649
448,3936,448754
448,3968,455579
448,4000,458014
448,4032,460852
448,4064,461568
448,4096,463888
448,4128,464121
448,4160,464532
448,4192,474002
448,4224,476986
448,4256,498920
448,4288,499102
448,4320,534372
448,4352,534991
448,4384,556297
448,4416,556297
448,4448,568685
448,4480,568685
448,4512,576504
448,4544,576504
448,4576,588038
448,4608,588038
448,4640,594009
448,4672,594009
448,4704,602083
448,4736,602083
448,4768,611845
448,4800,611845
448,4832,642065
448,4864,642065
448,4896,657465
448,4928,657465
448,4960,679518
448,4992,679518
448,5024,680223
448,5056,680223
448,5088,684149
448,5120,684149
448,5152,685709
448,5184,685709
448,5216,696193
448,5248,696193
448,5280,704585
448,5312,704585
448,5344,726881
448,5376,726881
448,5408,732994
448,5440,732994
448,5472,745589
448,5504,745589
448,5536,746775
448,5568,746775
448,5600,758204
448,5632,758204
448,5664,761771
448,5696,761771
448,5728,785831
448,5760,785831
448,5792,790065
448,5824,790065
448,5856,847254
448,5888,847254
448,5920,851424
448,5952,851424
448,5984,869248
448,6016,869248
448,6048,870415
448,6080,870415
448,6112,903742
448,6144,903742
448,6176,907485
448,6208,907485
448,6240,980125
448,6272,980125
448,6304,985061
448,6336,985061
448,6368,1082501
448,6400,1082501
448,6432,1088195
448,6464,1088195
448,6496,1149154
448,6528,1149154
448,6560,1152907
448,6592,1152907
448,6624,1188929
448,6656,1188929
448,6688,1194163
448,6720,1194163
448,6752,1252028
448,6784,1252028
448,6816,1265319
448,6848,1265319
448,6880,1356845
448,6912,1356845
448,6944,1366635
448,6976,1366635
448,7008,1424967
448,7040,1424967
448,7072,1428075
448,7104,1428075
448,7136,1490207
448,7168,1490207
448,7200,1495082
448,7232,1495082
448,7264,1528774
448,7296,1528774
448,7328,1549559
448,7360,1549559
448,7392,1646370
448,7424,1646370
448,7456,1663303
448,7488,1663303
448,7520,1732232
448,7552,1732232
448,7584,1736294
448,7616,1736294
448,7648,1795010
448,7680,1795010
448,7712,1802687
448,7744,1802687
448,7776,1865493
448,7808,1865493
448,7840,1888526
448,7872,1888526
448,7904,1986401
448,7936,1986401
448,7968,2003700
448,8000,2003700
448,8032,2030502
448,8064,2030502
448,8096,2038212
448,8128,2038212
448,8160,2052145
448,8192,2052145
448,8224,2058677
448,8256,2058677
448,8288,2068957
448,8320,2068957
448,8352,2072697
448,8384,2072697
448,8416,2089079
448,8448,2089079
448,8480,2113180
448,8512,2113180
448,8544,2185428
448,8576,2185428
448,8608,2217377
448,8640,2217377
448,8672,2238419
448,8704,2238419
448,8736,2245823
448,8768,2245823
448,8800,2279640
448,8832,2279640
448,8864,2291846
448,8896,2291846
448,8928,2323971
448,8960,2323971
448,8992,2356946
448,9024,2356946
448,9056,2407502
448,9088,2407502
448,9120,2429798
448,9152,2429798
448,9184,2449567
448,9216,2449567
448,9248,2458052
448,9280,2458052
448,9312,2469976
448,9344,2469976
448,9376,2483294
448,9408,2483294
448,9440,2491620
448,9472,2491620
448,9504,2525691
448,9536,2525691
448,9568,2599379
448,9600,2599379
448,9632,2632284
448,9664,2632284
448,9696,2650355
448,9728,2650355
448,9760,2661149
448,9792,2661149
448,9824,2679296
448,9856,2679296
448,9888,2692663
448,9920,2692663
448,9952,2702877
448,9984,2702877
448,10016,2725733
448,10048,2725733
448,10080,2817384
448,10112,2817384
448,10144,2859540
448,10176,2859540
448,10208,2876302
448,10240,2876302
448,10272,2884553
448,10304,2884553
448,10336,2901721
448,10368,2901721
448,10400,2913025
448,10432,2913025
448,10464,2929922
448,10496,2929922
448,10528,2974370
448,10560,2974370
448,10592,3061699
448,10624,3061699
448,10656,3092330
448,10688,3092330
448,10720,3116124
448,10752,3116124
448,10784,3135572
448,10816,3135572
448,10848,3151368
448,10880,3151368
448,10912,3167682
448,10944,3167682
448,10976,3190361
448,11008,3190361
448,11040,3215766
448,11072,3215766
448,11104,3296077
448,11136,3296077
448,11168,3328296
448,11200,3328296
448,11232,3340738
448,11264,3340738
448,11296,3343723
448,11328,3343723
448,11360,3358613
448,11392,3358613
448,11424,3374140
448,11456,3374140
448,11488,3387708
448,11520,3387708
448,11552,3419751
448,11584,3419751
448,11616,3478685
448,11648,3478685
448,11680,3498683
448,11712,3498683
448,11744,3528320
448,11776,3528320
448,11808,3533778
448,11840,3533778
448,11872,3538095
448,11904,3538095
448,11936,3549107
448,11968,3549107
448,12000,3564305
448,12032,3564305
448,12064,3580876
448,12096,3580876
448,12128,3626324
448,12160,3626324
448,12192,3647496
448,12224,3647496
448,12256,3661767
448,12288,3661767
448,12320,3665262
448,12352,3665262
448,12384,3669097
448,12416,3669097
448,12448,3673229
448,12480,3673229
448,12512,3689600
448,12544,3689600
448,12576,3693005
448,12608,3693005
448,12640,3703879
448,12672,3703879
448,12704,3713594
448,12736,3713594
448,12768,3753572
448,12800,3753572
448,12832,3759121
448,12864,3759121
448,12896,3773852
448,12928,3773852
448,12960,3774619
448,12992,3774619
448,13024,3775478
448,13056,3775478
448,13088,3782772
448,13120,3782772
448,13152,3783869
448,13184,3783869
448,13216,3796338
448,13248,3796338
448,13280,3821884
448,13312,3821884
448,13344,3826479
448,13376,3826479
448,13408,3829419
448,13440,3829419
448,13472,3833378
448,13504,3833378
448,13536,3834512
448,13568,3834512
448,13600,3839545
448,13632,3839545
448,13664,3850814
448,13696,3850814
448,13728,3869221
448,13760,3869221
448,13792,3916709
448,13824,3916709
448,13856,3929920
448,13888,3929920
448,13920,3951798
448,13952,3951798
448,13984,3972573
448,14016,3972573
448,14048,3995176
448,14080,3995176
448,14112,4002441
448,14144,4002441
448,14176,4048420
448,14208,4048420
448,14240,4087179
448,14272,4087179
448,14304,4193419
448,14336,4193419
448,14368,4230572
448,14400,4230572
448,14432,4270133
448,14464,4270133
448,14496,4296889
448,14528,4296889
448,14560,4320259
448,14592,4320259
448,14624,4339218
448,14656,4339218
448,14688,4435430
448,14720,4435430
448,14752,4464613
448,14784,4464613
448,14816,4629223
448,14848,4629223
448,14880,4643729
448,14912,4643729
448,14944,4738594
448,14976,4738594
448,15008,4774484
448,15040,4774484
448,15072,4906381
448,15104,4906381
448,15136,4933846
448,15168,4933846
448,15200,5039162
448,15232,5039162
448,15264,5143528
448,15296,5143528
448,15328,5370897
448,15360,5370897
448,15392,5436665
448,15424,5436665
448,15456,5540886
448,15488,5540886
448,15520,5563794
448,15552,5563794
448,15584,5633163
448,15616,5633163
448,15648,5673298
448,15680,5673298
448,15712,5788722
448,15744,5788722
448,15776,5894706
448,15808,5894706
448,15840,6104780
448,15872,6104780
448,15904,6198914
448,15936,6198914
448,15968,6318672
448,16000,6318672
448,16032,6380822
448,16064,6380822
448,16096,6437951
448,16128,6437951
448,16160,6508860
448,16192,6508860
448,16224,6562208
448,16256,6562208
448,16288,6662843
448,16320,6662843
448,16352,6878908
448,16384,6878908
448,16416,6882781
448,16448,6882781
448,16480,6935131
448,16512,6935131
448,16544,7009360
448,16576,7009360
448,16608,7026537
448,16640,7026537
448,16672,7137040
448,16704,7137040
448,16736,7147991
448,16768,7147991
448,16800,7242436
448,16832,7242436
448,16864,7244448
448,16896,7244448
448,16928,7452354
448,16960,7452354
448,16992,7466013
448,17024,7466013
448,17056,7866198
448,17088,7866198
448,17120,7874373
448,17152,7874373
448,17184,8117066
448,17216,8117066
448,17248,8117066
448,17280,8117066
448,17312,8415621
448,17344,8415621
448,17376,8415621
448,17408,8415621
448,17440,8524233
448,17472,8524233
448,17504,8524233
448,17536,8524233
448,17568,8693409
448,17600,8693409
448,17632,8693409
448,17664,8693409
448,17696,8833962
448,17728,8833962
448,17760,8833962
448,17792,8833962
448,17824,9001784
448,17856,9001784
448,17888,9001784
448,17920,9001784
448,17952,9119350
448,17984,9119350
448,18016,9119350
448,18048,9119350
448,18080,9384618
448,18112,9384618
448,18144,9384618
448,18176,9384618
448,18208,9508991
448,18240,9508991
448,18272,9508991
448,18304,9508991
448,18336,9785240
448,18368,9785240
448,18400,9785240
448,18432,9785240
448,18464,9941663
448,18496,9941663
448,18528,9941663
448,18560,9941663
448,18592,10197218
448,18624,10197218
448,18656,10197218
448,18688,10197218
448,18720,10294414
448,18752,10294414
448,18784,10294414
448,18816,10294414
448,18848,10541092
448,18880,10541092
448,18912,10541092
448,18944,10541092
448,18976,10673740
448,19008,10673740
448,19040,10673740
448,19072,10673740
448,19104,10918798
448,19136,10918798
448,19168,10918798
448,19200,10918798
448,19232,11034708
448,19264,11034708
448,19296,11034708
448,19328,11034708
448,19360,11153307
448,19392,11153307
448,19424,11153307
448,19456,11153307
448,19488,11289634
448,19520,11289634
448,19552,11289634
448,19584,11289634
448,19616,11582269
448,19648,11582269
448,19680,11582269
448,19712,11582269
448,19744,11659234
448,19776,11659234
448,19808,11659234
448,19840,11659234
448,19872,11853303
448,19904,11853303
448,19936,11853303
448,19968,11853303
448,20000,11953334
448,20032,11953334
448,20064,11953334
448,20096,11953334
448,20128,12181301
448,20160,12181301
448,20192,12181301
448,20224,12181301
448,20256,12304679
448,20288,12304679
448,20320,12304679
448,20352,12304679
448,20384,12424371
448,20416,12424371
448,20448,12424371
448,20480,12424371
448,20512,12482628
448,20544,12482628
448,20576,12482628
448,20608,12482628
448,20640,12623019
448,20672,12623019
448,20704,12623019
448,20736,12623019
448,20768,12684904
448,20800,12684904
448,20832,12684904
448,20864,12684904
448,20896,12762196
448,20928,12762196
448,20960,12762196
448,20992,12762196
448,21024,12840258
448,21056,12840258
448,21088,12840258
448,21120,12840258
448,21152,12962816
448,21184,12962816
448,21216,12962816
448,21248,12962816
448,21280,13081060
448,21312,13081060
448,21344,13081060
448,21376,13081060
448,21408,13218458
448,21440,13218458
448,21472,13218458
448,21504,13218458
448,21536,13287273
448,21568,13287273
448,21600,13287273
448,21632,13287273
448,21664,13326586
448,21696,13326586
448,21728,13326586
448,21760,13326586
448,21792,13371622
448,21824,13371622
448,21856,13371622
448,21888,13371622
448,21920,13425146
448,21952,13425146
448,21984,13425146
448,22016,13425146
448,22048,13445050
448,22080,13445050
448,22112,13445050
448,22144,13445050
448,22176,13519809
448,22208,13519809
448,22240,13519809
448,22272,13519809
448,22304,13544855
448,22336,13544855
448,22368,13544855
448,22400,13544855
448,22432,13623120
448,22464,13623120
448,22496,13623120
448,22528,13623120
448,22560,13700201
448,22592,13700201
448,22624,13700201
448,22656,13700201
448,22688,13806317
448,22720,13806317
448,22752,13806317
448,22784,13806317
448,22816,13840661
448,22848,13840661
448,22880,13840661
448,22912,13840661
448,22944,13870990
448,22976,13870990
448,23008,13870990
448,23040,13870990
448,23072,13896013
448,23104,13896013
448,23136,13896013
448,23168,13896013
448,23200,13941732
448,23232,13941732
448,23264,13941732
448,23296,13941732
448,23328,13998412
448,23360,13998412
448,23392,13998412
448,23424,13998412
448,23456,14039128
448,23488,14039128
448,23520,14039128
448,23552,14039128
448,23584,14095984
448,23616,14095984
448,23648,14095984
448,23680,14095984
448,23712,14119162
448,23744,14119162
448,23776,14119162
448,23808,14119162
448,23840,14134439
448,23872,14134439
448,23904,14134439
448,23936,14134439
448,23968,14167088
448,24000,14167088
448,24032,14167088
448,24064,14167088
448,24096,14184895
448,24128,14184895
448,24160,14184895
448,24192,14184895
448,24224,14204751
448,24256,14204751
448,24288,14204751
448,24320,14204751
448,24352,14214377
448,24384,14214377
448,24416,14214377
448,24448,14214377
448,24480,14244590
448,24512,14244590
448,24544,14244590
448,24576,14244590
448,24608,14260111
448,24640,14260111
448,24672,14260111
448,24704,14260111
448,24736,14283800
448,24768,14283800
448,24800,14283800
448,24832,14283800
448,24864,14288814
448,24896,14288814
448,24928,14288814
448,24960,14288814
448,24992,14327823
448,25024,14327823
448,25056,14327823
448,25088,14327823
448,25120,14358316
448,25152,14358316
448,25184,14358316
448,25216,14358316
448,25248,14369821
448,25280,14369821
448,25312,14369821
448,25344,14369821
448,25376,14392184
448,25408,14392184
448,25440,14392184
448,25472,14392184
448,25504,14395439
448,25536,14395439
448,25568,14395439
448,25600,14395439
448,25632,14403770
448,25664,14403770
448,25696,14403770
448,25728,14403770
448,25760,14417684
448,25792,14417684
448,25824,14417684
448,25856,14417684
448,25888,14427466
448,25920,14427466
448,25952,14427466
448,25984,14427466
448,26016,14438488
448,26048,14438488
448,26080,14438488
448,26112,14438488
448,26144,14446493
448,26176,14446493
448,26208,14446493
448,26240,14446493
448,26272,14447080
448,26304,14447080
448,26336,14447080
448,26368,14447080
448,26400,14448473
448,26432,14448473
448,26464,14448473
448,26496,14448473
448,26528,14457226
448,26560,14457226
448,26592,14457226
448,26624,14457226
448,26656,14457226
448,26688,14457226
448,26720,14457226
448,26752,14457226
448,26784,14457602
448,26816,14457602
448,26848,14457602
448,26880,14457602
448,26912,14457602
448,26944,14457602
448,26976,14457602
448,27008,14457602
448,27040,14460193
448,27072,14460193
448,27104,14460193
448,27136,14460193
448,27168,14463234
448,27200,14463234
448,27232,14463234
448,27264,14463234
448,27296,14464945
448,27328,14464945
448,27360,14464945
448,27392,14464945
448,27424,14464945
448,27456,14464945
448,27488,14464945
448,27520,14464945
448,27552,14464945
448,27584,14464945
448,27616,14464945
448,27648,14464945
448,27680,14464945
448,27712,14464945
448,27744,14464945
448,27776,14464945
448,27808,14464945
448,27840,14464945
448,27872,14464945
448,27904,14464945
448,27936,14472027
448,27968,14472027
448,28000,14472027
448,28032,14472027
448,28064,14472027
448,28096,14472027
448,28128,14472027
448,28160,14472027
448,28192,14472027
448,28224,14472027
448,28256,14472027
448,28288,14472027
448,28320,14472027
448,28352,14472027
448,28384,14472027
448,28416,14472027
448,28448,14472027
448,28480,14472027
448,28512,14472027
448,28544,14472027
448,28576,14472027
448,28608,14472027
448,28640,14472027
448,28672,14472027
448,28704,14472027
448,28736,14472027
448,28768,14472027
448,28800,14472027
448,28832,14472712
448,28864,14472712
448,28896,14472712
448,28928,14472712
448,28960,14472712
448,28992,14472712
448,29024,14472712
448,29056,14472712
448,29088,14472712
448,29120,14472712
448,29152,14472712
448,29184,14472712
448,29216,14477606
448,29248,14477606
448,29280,14477606
448,29312,14477606
448,29344,14477606
448,29376,14477606
448,29408,14477606
448,29440,14477606
448,29472,14477606
448,29504,14477606
448,29536,14477606
448,29568,14477606
448,29600,14477606
448,29632,14477606
448,29664,14477606
448,29696,14477606
448,29728,14477606
448,29760,14477606
448,29792,14477606
448,29824,14477606
448,29856,14477606
448,29888,14477606
448,29920,14477606
448,29952,14477606
448,29984,14477606
448,30016,14477606
448,30048,14477606
448,30080,14477606
448,30112,14477606
448,30144,14477606
448,30176,14477606
448,30208,14477606
448,30240,14477606
448,30272,14477606
448,30304,14477606
448,30336,14477606
448,30368,14477606
448,30400,14477606
448,30432,14477606
448,30464,14477606
448,30496,14477606
448,30528,14477606
448,30560,14477606
448,30592,14477606
448,30624,14477606
448,30656,14477606
448,30688,14477606
448,30720,14477606
448,30752,14477606
448,30784,14477606
448,30816,14477606
448,30848,14477606
448,30880,14477606
448,30912,14477606
448,30944,14477606
448,30976,14477606
448,31008,14477606
448,31040,14477606
448,31072,14477606
448,31104,14477606
448,31136,14477606
448,31168,14477606
448,31200,14477606
448,31232,14477606
448,31264,14477606
448,31296,14477606
448,31328,14477606
448,31360,14477606
448,31392,14477606
448,31424,14477606
448,31456,14477606
448,31488,14477606
448,31520,14477606
448,31552,14477606
448,31584,14477606
448,31616,14477606
448,31648,14477606
448,31680,14477606
448,31712,14477606
448,31744,14477606
448,31776,14477606
448,31808,14477606
448,31840,14477606
448,31872,14477606
448,31904,14477606
448,31936,14477606
448,31968,14477606
448,32000,14477606
448,32032,14477606
448,32064,14477606
448,32096,14477606
448,32128,14477606
448,32160,14477606
448,32192,14477606
448,32224,14477606
448,32256,14477606
448,32288,14477606
448,32320,14477606
448,32352,14477606
448,32384,14477606
448,32416,14477606
448,32448,14477606
448,32480,14477606
448,32512,14477606
448,32544,14477606
448,32576,14477606
448,32608,14477606
448,32640,14477606
448,32672,14477606
448,32704,14477606
448,32736,14477606
448,32768,14477606
448,32800,14477606
448,32832,14477606
448,32864,14477606
448,32896,14477606
448,32928,14477606
448,32960,14477606
448,32992,14477606
448,33024,14477606
448,33056,14477606
448,33088,14477606
448,33120,14477606
448,33152,14477606
448,33184,14477606
448,33216,14477606
448,33248,14477606
448,33280,14477606
448,33312,14477606
448,33344,14477606
448,33376,14477606
448,33408,14477606
448,33440,14477606
448,33472,14477606
448,33504,14477606
448,33536,14477606
448,33568,14477606
448,33600,14477606
448,33632,14477606
448,33664,14477606
448,33696,14477606
448,33728,14477606
448,33760,14477606
448,33792,14477606
448,33824,14477606
448,33856,14477606
448,33888,14477606
448,33920,14477606
448,33952,14477606
448,33984,14477606
448,34016,14477606
448,34048,14477606
448,34080,14477606
448,34112,14477606
448,34144,14477606
448,34176,14477606
448,34208,14477606
448,34240,14477606
448,34272,14477606
448,34304,14477606
448,34336,14477606
448,34368,14477606
448,34400,14477606
448,34432,14477606
448,34464,14477606
448,34496,14477606
448,34528,14477606
448,34560,14477606
448,34592,14477606
448,34624,14477606
448,34656,14477606
448,34688,14477606
448,34720,14477606
448,34752,14477606
448,34784,14477606
448,34816,14477606
448,34848,14477606
448,34880,14477606
448,34912,14477606
448,34944,14477606
448,34976,14477606
448,35008,14477606
448,35040,14477606
448,35072,14477606
448,35104,14477606
448,35136,14477606
448,35168,14477606
448,35200,14477606
448,35232,14477606
448,35264,14477606
448,35296,14477606
448,35328,14477606
448,35360,14477606
448,35392,14477606
448,35424,14477606
448,35456,14477606
448,35488,14477606
448,35520,14477606
448,35552,14477606
448,35584,14477606
448,35616,14477606
448,35648,14477606
448,35680,14477606
448,35712,14477606
448,35744,14477606
448,35776,14477606
448,35808,14477606
448,35840,14477606
448,35872,14477606
448,35904,14477606
448,35936,14477606
448,35968,14477606
448,36000,14477606
448,36032,14477606
448,36064,14477606
448,36096,14477606
448,36128,14477606
448,36160,14477606
448,36192,14477606
448,36224,14477606
448,36256,14477606
448,36288,14477606
448,36320,14477606
448,36352,14477606
448,36384,14477606
448,36416,14477606
448,36448,14477606
448,36480,14477606
448,36512,14477606
448,36544,14477606
448,36576,14477606
448,36608,14477606
448,36640,14477606
448,36672,14477606
448,36704,14477606
448,36736,14477606
448,36768,14477606
448,36800,14477606
448,36832,14477606
448,36864,14477606
448,36896,14477606
448,36928,14477606
448,36960,14477606
448,36992,14477606
448,37024,14477606
448,37056,14477606
448,37088,14477606
448,37120,14477606
448,37152,14477606
448,37184,14477606
448,37216,14477606
448,37248,14477606
448,37280,14477606
448,37312,14477606
448,37344,14477606
448,37376,14477606
448,37408,14477606
448,37440,14477606
448,37472,14477606
448,37504,14477606
448,37536,14477606
448,37568,14477606
448,37600,14477606
448,37632,14477606
448,37664,14477606
448,37696,14477606
448,37728,14477606
448,37760,14477606
448,37792,14477606
448,37824,14477606
448,37856,14477606
448,37888,14477606
448,37920,14477606
448,37952,14477606
448,37984,14477606
448,38016,14477606
448,38048,14477606
448,38080,14477606
448,38112,14477606
448,38144,14477606
448,38176,14477606
448,38208,14477606
448,38240,14477606
448,38272,14477606
448,38304,14477606
448,38336,14477606
448,38368,14477606
448,38400,14477606
448,38432,14477606
448,38464,14477606
448,38496,14477606
448,38528,14477606
448,38560,14477606
448,38592,14477606
448,38624,14477606
448,38656,14477606
448,38688,14477606
448,38720,14477606
448,38752,14477606
448,38784,14477606
448,38816,14477606
448,38848,14477606
448,38880,14477606
448,38912,14477606
448,38944,14477606
448,38976,14477606
448,39008,14477606
448,39040,14477606
448,39072,14477606
448,39104,14477606
448,39136,14477606
448,39168,14477606
448,39200,14477606
448,39232,14477606
448,39264,14477606
448,39296,14477606
448,39328,14477606
448,39360,14477606
448,39392,14477606
448,39424,14477606
448,39456,14477606
448,39488,14477606
448,39520,14477606
448,39552,14477606
448,39584,14477606
448,39616,14477606
448,39648,14477606
448,39680,14477606
448,39712,14477606
448,39744,14477606
448,39776,14477606
448,39808,14477606
448,39840,14477606
448,39872,14477606
448,39904,14477606
448,39936,14477606
448,39968,14477606
448,40000,14477606
448,40032,14477606
448,40064,14477606
448,40096,14477606
448,40128,14477606
448,40160,14477606
448,40192,14477606
448,40224,14477606
448,40256,14477606
448,40288,14477606
448,40320,14477606
448,40352,14477606
448,40384,14477606
448,40416,14477606
448,40448,14477606
448,40480,14477606
448,40512,14477606
448,40544,14477606
448,40576,14477606
448,40608,14477606
448,40640,14477606
448,40672,14477606
448,40704,14477606
448,40736,14477606
448,40768,14477606
448,40800,14477606
448,40832,14477606
448,40864,14477606
448,40896,14477606
448,40928,14477606
448,40960,14477606
512,32,14380
512,64,14284
512,96,14262
512,128,14356
512,160,14373
512,192,14381
512,224,14524
512,256,14523
512,288,14526
512,320,14570
512,352,14727
512,384,14856
512,416,14948
512,448,14993
512,480,15087
512,512,15443
512,544,18462
512,576,19445
512,608,20061
512,640,20307
512,672,20700
512,704,20921
512,736,21251
512,768,21343
512,800,21572
512,832,21716
512,864,21901
512,896,22092
512,928,22264
512,960,22520
512,992,22947
512,1024,23673
512,1056,24180
512,1088,35167
512,1120,37402
512,1152,39486
512,1184,39849
512,1216,40715
512,1248,41177
512,1280,41934
512,1312,42223
512,1344,43236
512,1376,43620
512,1408,44717
512,1440,44884
512,1472,45338
512,1504,45877
512,1536,46342
512,1568,47892
512,1600,68080
512,1632,68673
512,1664,74755
512,1696,75229
512,1728,78860
512,1760,79206
512,1792,82617
512,1824,82974
512,1856,85790
512,1888,86051
512,1920,88771
512,1952,89103
512,1984,95208
512,2016,95489
512,2048,108963
512,2080,110525
512,2112,179097
512,2144,181110
512,2176,189433
512,2208,190347
512,2240,193030
512,2272,194058
512,2304,195867
512,2336,197025
512,2368,198816
512,2400,200346
512,2432,202112
512,2464,203428
512,2496,205339
512,2528,206740
512,2560,209391
512,2592,215045
512,2624,230196
512,2656,235965
512,2688,238656
512,2720,239979
512,2752,241102
512,2784,241933
512,2816,243341
512,2848,244296
512,2880,245550
512,2912,246256
512,2944,248196
512,2976,249441
512,3008,250967
512,3040,252080
512,3072,254731
512,3104,258436
512,3136,271951
512,3168,277220
512,3200,281048
512,3232,282249
512,3264,284600
512,3296,286128
512,3328,288334
512,3360,289219
512,3392,291896
512,3424,293589
512,3456,297637
512,3488,308366
512,3520,317164
512,3552,324026
512,3584,330785
512,3616,349295
512,3648,397263
512,3680,417007
512,3712,426117
512,3744,430014
512,3776,432387
512,3808,435853
512,3840,440484
512,3872,442526
512,3904,445649
512,3936,448754
512,3968,455579
512,4000,458014
512,4032,460852
512,4064,461568
512,4096,463888
512,4128,464121
512,4160,464532
512,4192,474002
512,4224,476986
512,4256,498920
512,4288,499102
512,4320,534372
512,4352,534991
512,4384,556297
512,4416,556297
512,4448,568685
512,4480,568685
512,4512,576504
512,4544,576504
512,4576,588038
512,4608,588038
512,4640,594009
512,4672,594009
512,4704,602083
512,4736,602083
512,4768,611845
512,4800,611845
512,4832,642065
512,4864,642065
512,4896,657465
512,4928,657465
512,4960,679518
512,4992,679518
512,5024,680223
512,5056,680223
512,5088,684149
512,5120,684149
512,5152,685709
512,5184,685709
512,5216,696193
512,5248,696193
512,5280,704585
512,5312,704585
512,5344,726881
512,5376,726881
512,5408,732994
512,5440,732994
512,5472,745589
512,5504,745589
512,5536,746775
512,5568,746775
512,5600,758204
512,5632,758204
512,5664,761771
512,5696,761771
512,5728,785831
512,5760,785831
512,5792,790065
512,5824,790065
512,5856,847254
512,5888,847254
512,5920,851424
512,5952,851424
512,5984,869248
512,6016,869248
512,6048,870415
512,6080,870415
512,6112,903742
512,6144,903742
512,6176,907485
512,6208,907485
512,6240,980125
512,6272,980125
512,6304,985061
512,6336,985061
512,6368,1082501
512,6400,1082501
512,6432,1088195
512,6464,1088195
512,6496,1149154
512,6528,1149154
512,6560,1152907
512,6592,1152907
512,6624,1188929
512,6656,1188929
512,6688,1194163
512,6720,1194163
512,6752,1252028
512,6784,1252028
512,6816,1265319
512,6848,1265319
512,6880,1356845
512,6912,1356845
512,6944,1366635
512,6976,1366635
512,7008,1424967
512,7040,1424967
512,7072,1428075
512,7104,1428075
512,7136,1490207
512,7168,1490207
512,7200,1495082
512,7232,1495082
512,7264,1528774
512,7296,1528774
512,7328,1549559
512,7360,1549559
512,7392,1646370
512,7424,1646370
512,7456,1663303
512,7488,1663303
512,7520,1732232
512,7552,1732232
512,7584,1736294
512,7616,1736294
512,7648,1795010
512,7680,1795010
512,7712,1802687
512,7744,1802687
512,7776,1865493
512,7808,1865493
512,7840,1888526
512,7872,1888526
512,7904,1986401
512,7936,1986401
512,7968,2003700
512,8000,2003700
512,8032,2030502
512,8064,2030502
512,8096,2038212
512,8128,2038212
512,8160,2052145
512,8192,2052145
512,8224,2058677
512,8256,2058677
512,8288,2068957
512,8320,2068957
512,8352,2072697
512,8384,2072697
512,8416,2089079
512,8448,2089079
512,8480,2113180
512,8512,2113180
512,8544,2185428
512,8576,2185428
512,8608,2217377
512,8640,2217377
512,8672,2238419
512,8704,2238419
512,8736,2245823
512,8768,2245823
512,8800,2279640
512,8832,2279640
512,8864,2291846
512,8896,2291846
512,8928,2323971
512,8960,2323971
512,8992,2356946
512,9024,2356946
512,9056,2407502
512,9088,2407502
512,9120,2429798
512,9152,2429798
512,9184,2449567
512,9216,2449567
512,9248,2458052
512,9280,2458052
512,9312,2469976
512,9344,2469976
512,9376,2483294
512,9408,2483294
512,9440,2491620
512,9472,2491620
512,9504,2525691
512,9536,2525691
512,9568,2599379
512,9600,2599379
512,9632,2632284
512,9664,2632284
512,9696,2650355
512,9728,2650355
512,9760,2661149
512,9792,2661149
512,9824,2679296
512,9856,2679296
512,9888,2692663
512,9920,2692663
512,9952,2702877
512,9984,2702877
512,10016,2725733
512,10048,2725733
512,10080,2817384
512,10112,2817384
512,10144,2859540
512,10176,2859540
512,10208,2876302
512,10240,2876302
512,10272,2884553
512,10304,2884553
512,10336,2901721
512,10368,2901721
512,10400,2913025
512,10432,2913025
512,10464,2929922
512,10496,2929922
512,10528,2974370
512,10560,2974370
512,10592,3061699
512,10624,3061699
512,10656,3092330
512,10688,3092330
512,10720,3116124
512,10752,3116124
512,10784,3135572
512,10816,3135572
512,10848,3151368
512,10880,3151368
512,10912,3167682
512,10944,3167682
512,10976,3190361
512,11008,3190361
512,11040,3215766
512,11072,3215766
512,11104,3296077
512,11136,3296077
512,11168,3328296
512,11200,3328296
512,11232,3340738
512,11264,3340738
512,11296,3343723
512,11328,3343723
512,11360,3358613
512,11392,3358613
512,11424,3374140
512,11456,3374140
512,11488,3387708
512,11520,3387708
512,11552,3419751
512,11584,3419751
512,11616,3478685
512,11648,3478685
512,11680,3498683
512,11712,3498683
512,11744,3528320
512,11776,3528320
512,11808,3533778
512,11840,3533778
512,11872,3538095
512,11904,3538095
512,11936,3549107
512,11968,3549107
512,12000,3564305
512,12032,3564305
512,12064,3580876
512,12096,3580876
512,12128,3626324
512,12160,3626324
512,12192,3647496
512,12224,3647496
512,12256,3661767
512,12288,3661767
512,12320,3665262
512,12352,3665262
512,12384,3669097
512,12416,3669097
512,12448,3673229
512,12480,3673229
512,12512,3689600
512,12544,3689600
512,12576,3693005
512,12608,3693005
512,12640,3703879
512,12672,3703879
512,12704,3713594
512,12736,3713594
512,12768,3753572
512,12800,3753572
512,12832,3759121
512,12864,3759121
512,12896,3773852
512,12928,3773852
512,12960,3774619
512,12992,3774619
512,13024,3775478
512,13056,3775478
512,13088,3782772
512,13120,3782772
512,13152,3783869
512,13184,3783869
512,13216,3796338
512,13248,3796338
512,13280,3821884
512,13312,3821884
512,13344,3826479
512,13376,3826479
512,13408,3829419
512,13440,3829419
512,13472,3833378
512,13504,3833378
512,13536,3834512
512,13568,3834512
512,13600,3839545
512,13632,3839545
512,13664,3850814
512,13696,3850814
512,13728,3869221
512,13760,3869221
512,13792,3916709
512,13824,3916709
512,13856,3929920
512,13888,3929920
512,13920,3951798
512,13952,3951798
512,13984,3972573
512,14016,3972573
512,14048,3995176
512,14080,3995176
512,14112,4002441
512,14144,4002441
512,14176,4048420
512,14208,4048420
512,14240,4087179
512,14272,4087179
512,14304,4193419
512,14336,4193419
512,14368,4230572
512,14400,4230572
512,14432,4270133
512,14464,4270133
512,14496,4296889
512,14528,4296889
512,14560,4320259
512,14592,4320259
512,14624,4339218
512,14656,4339218
512,14688,4435430
512,14720,4435430
512,14752,4464613
512,14784,4464613
512,14816,4629223
512,14848,4629223
512,14880,4643729
512,14912,4643729
512,14944,4738594
512,14976,4738594
512,15008,4774484
512,15040,4774484
512,15072,4906381
512,15104,4906381
512,15136,4933846
512,15168,4933846
512,15200,5039162
512,15232,5039162
512,15264,5143528
512,15296,5143528
512,15328,5370897
512,15360,5370897
512,15392,5436665
512,15424,5436665
512,15456,5540886
512,15488,5540886
512,15520,5563794
512,15552,5563794
512,15584,5633163
512,15616,5633163
512,15648,5673298
512,15680,5673298
512,15712,5788722
512,15744,5788722
512,15776,5894706
512,15808,5894706
512,15840,6104780
512,15872,6104780
512,15904,6198914
512,15936,6198914
512,15968,6318672
512,16000,6318672
512,16032,6380822
512,16064,6380822
512,16096,6437951
512,16128,6437951
512,16160,6508860
512,16192,6508860
512,16224,6562208
512,16256,6562208
512,16288,6662843
512,16320,6662843
512,16352,6878908
512,16384,6878908
512,16416,6882781
512,16448,6882781
512,16480,6935131
512,16512,6935131
512,16544,7009360
512,16576,7009360
512,16608,7026537
512,16640,7026537
512,16672,7137040
512,16704,7137040
512,16736,7147991
512,16768,7147991
512,16800,7242436
512,16832,7242436
512,16864,7244448
512,16896,7244448
512,16928,7452354
512,16960,7452354
512,16992,7466013
512,17024,7466013
512,17056,7866198
512,17088,7866198
512,17120,7874373
512,17152,7874373
512,17184,8117066
512,17216,8117066
512,17248,8117066
512,17280,8117066
512,17312,8415621
512,17344,8415621
512,17376,8415621
512,17408,8415621
512,17440,8524233
512,17472,8524233
512,17504,8524233
512,17536,8524233
512,17568,8693409
512,17600,8693409
512,17632,8693409
512,17664,8693409
512,17696,8833962
512,17728,8833962
512,17760,8833962
512,17792,8833962
512,17824,9001784
512,17856,9001784
512,17888,9001784
512,17920,9001784
512,17952,9119350
512,17984,9119350
512,18016,9119350
512,18048,9119350
512,18080,9384618
512,18112,9384618
512,18144,9384618
512,18176,9384618
512,18208,9508991
512,18240,9508991
512,18272,9508991
512,18304,9508991
512,18336,9785240
512,18368,9785240
512,18400,9785240
512,18432,9785240
512,18464,9941663
512,18496,9941663
512,18528,9941663
512,18560,9941663
512,18592,10197218
512,18624,10197218
512,18656,10197218
512,18688,10197218
512,18720,10294414
512,18752,10294414
512,18784,10294414
512,18816,10294414
512,18848,10541092
512,18880,10541092
512,18912,10541092
512,18944,10541092
512,18976,10673740
512,19008,10673740
512,19040,10673740
512,19072,10673740
512,19104,10918798
512,19136,10918798
512,19168,10918798
512,19200,10918798
512,19232,11034708
512,19264,11034708
512,19296,11034708
512,19328,11034708
512,19360,11153307
512,19392,11153307
512,19424,11153307
512,19456,11153307
512,19488,11289634
512,19520,11289634
512,19552,11289634
512,19584,11289634
512,19616,11582269
512,19648,11582269
512,19680,11582269
512,19712,11582269
512,19744,11659234
512,19776,11659234
512,19808,11659234
512,19840,11659234
512,19872,11853303
512,19904,11853303
512,19936,11853303
512,19968,11853303
512,20000,11953334
512,20032,11953334
512,20064,11953334
512,20096,11953334
512,20128,12181301
512,20160,12181301
512,20192,12181301
512,20224,12181301
512,20256,12304679
512,20288,12304679
512,20320,12304679
512,20352,12304679
512,20384,12424371
512,20416,12424371
512,20448,12424371
512,20480,12424371
512,20512,12482628
512,20544,12482628
512,20576,12482628
512,20608,12482628
512,20640,12623019
512,20672,12623019
512,20704,12623019
512,20736,12623019
512,20768,12684904
512,20800,12684904
512,20832,12684904
512,20864,12684904
512,20896,12762196
512,20928,12762196
512,20960,12762196
512,20992,12762196
512,21024,12840258
512,21056,12840258
512,21088,12840258
512,21120,12840258
512,21152,12962816
512,21184,12962816
512,21216,12962816
512,21248,12962816
512,21280,13081060
512,21312,13081060
512,21344,13081060
512,21376,13081060
512,21408,13218458
512,21440,13218458
512,21472,13218458
512,21504,13218458
512,21536,13287273
512,21568,13287273
512,21600,13287273
512,21632,13287273
512,21664,13326586
512,21696,13326586
512,21728,13326586
512,21760,13326586
512,21792,13371622
512,21824,13371622
512,21856,13371622
512,21888,13371622
512,21920,13425146
512,21952,13425146
512,21984,13425146
512,22016,13425146
512,22048,13445050
512,22080,13445050
512,22112,13445050
512,22144,13445050
512,22176,13519809
512,22208,13519809
512,22240,13519809
512,22272,13519809
512,22304,13544855
512,22336,13544855
512,22368,13544855
512,22400,13544855
512,22432,13623120
512,22464,13623120
512,22496,13623120
512,22528,13623120
512,22560,13700201
512,22592,13700201
512,22624,13700201
512,22656,13700201
512,22688,13806317
512,22720,13806317
512,22752,13806317
512,22784,13806317
512,22816,13840661
512,22848,13840661
512,22880,13840661
512,22912,13840661
512,22944,13870990
512,22976,13870990
512,23008,13870990
512,23040,13870990
512,23072,13896013
512,23104,13896013
512,23136,13896013
512,23168,13896013
512,23200,13941732
512,23232,13941732
512,23264,13941732
512,23296,13941732
512,23328,13998412
512,23360,13998412
512,23392,13998412
512,23424,13998412
512,23456,14039128
512,23488,14039128
512,23520,14039128
512,23552,14039128
512,23584,14095984
512,23616,14095984
512,23648,14095984
512,23680,14095984
512,23712,14119162
512,23744,14119162
512,23776,14119162
512,23808,14119162
512,23840,14134439
512,23872,14134439
512,23904,14134439
512,23936,14134439
512,23968,14167088
512,24000,14167088
512,24032,14167088
512,24064,14167088
512,24096,14184895
512,24128,14184895
512,24160,14184895
512,24192,14184895
512,24224,14204751
512,24256,14204751
512,24288,14204751
512,24320,14204751
512,24352,14214377
512,24384,14214377
512,24416,14214377
512,24448,14214377
512,24480,14244590
512,24512,14244590
512,24544,14244590
512,24576,14244590
512,24608,14260111
512,24640,14260111
512,24672,14260111
512,24704,14260111
512,24736,14283800
512,24768,14283800
512,24800,14283800
512,24832,14283800
512,24864,14288814
512,24896,14288814
512,24928,14288814
512,24960,14288814
512,24992,14327823
512,25024,14327823
512,25056,14327823
512,25088,14327823
512,25120,14358316
512,25152,14358316
512,25184,14358316
512,25216,14358316
512,25248,14369821
512,25280,14369821
512,25312,14369821
512,25344,14369821
512,25376,14392184
512,25408,14392184
512,25440,14392184
512,25472,14392184
512,25504,14395439
512,25536,14395439
512,25568,14395439
512,25600,14395439
512,25632,14403770
512,25664,14403770
512,25696,14403770
512,25728,14403770
512,25760,14417684
512,25792,14417684
512,25824,14417684
512,25856,14417684
512,25888,14427466
512,25920,14427466
512,25952,14427466
512,25984,14427466
512,26016,14438488
512,26048,14438488
512,26080,14438488
512,26112,14438488
512,26144,14446493
512,26176,14446493
512,26208,14446493
512,26240,14446493
512,26272,14447080
512,26304,14447080
512,26336,14447080
512,26368,14447080
512,26400,14448473
512,26432,14448473
512,26464,14448473
512,26496,14448473
512,26528,14457226
512,26560,14457226
512,26592,14457226
512,26624,14457226
512,26656,14457226
512,26688,14457226
512,26720,14457226
512,26752,14457226
512,26784,14457602
512,26816,14457602
512,26848,14457602
512,26880,14457602
512,26912,14457602
512,26944,14457602
512,26976,14457602
512,27008,14457602
512,27040,14460193
512,27072,14460193
512,27104,14460193
512,27136,14460193
512,27168,14463234
512,27200,14463234
512,27232,14463234
512,27264,14463234
512,27296,14464945
512,27328,14464945
512,27360,14464945
512,27392,14464945
512,27424,14464945
512,27456,14464945
512,27488,14464945
512,27520,14464945
512,27552,14464945
512,27584,14464945
512,27616,14464945
512,27648,14464945
512,27680,14464945
512,27712,14464945
512,27744,14464945
512,27776,14464945
512,27808,14464945
512,27840,14464945
512,27872,14464945
512,27904,14464945
512,27936,14472027
512,27968,14472027
512,28000,14472027
512,28032,14472027
512,28064,14472027
512,28096,14472027
512,28128,14472027
512,28160,14472027
512,28192,14472027
512,28224,14472027
512,28256,14472027
512,28288,14472027
512,28320,14472027
512,28352,14472027
512,28384,14472027
512,28416,14472027
512,28448,14472027
512,28480,14472027
512,28512,14472027
512,28544,14472027
512,28576,14472027
512,28608,14472027
512,28640,14472027
512,28672,14472027
512,28704,14472027
512,28736,14472027
512,28768,14472027
512,28800,14472027
512,28832,14472712
512,28864,14472712
512,28896,14472712
512,28928,14472712
512,28960,14472712
512,28992,14472712
512,29024,14472712
512,29056,14472712
512,29088,14472712
512,29120,14472712
512,29152,14472712
512,29184,14472712
512,29216,14477606
512,29248,14477606
512,29280,14477606
512,29312,14477606
512,29344,14477606
512,29376,14477606
512,29408,14477606
512,29440,14477606
512,29472,14477606
512,29504,14477606
512,29536,14477606
512,29568,14477606
512,29600,14477606
512,29632,14477606
512,29664,14477606
512,29696,14477606
512,29728,14477606
512,29760,14477606
512,29792,14477606
512,29824,14477606
512,29856,14477606
512,29888,14477606
512,29920,14477606
512,29952,14477606
512,29984,14477606
512,30016,14477606
512,30048,14477606
512,30080,14477606
512,30112,14477606
512,30144,14477606
512,30176,14477606
512,30208,14477606
512,30240,14477606
512,30272,14477606
512,30304,14477606
512,30336,14477606
512,30368,14477606
512,30400,14477606
512,30432,14477606
512,30464,14477606
512,30496,14477606
512,30528,14477606
512,30560,14477606
512,30592,14477606
512,30624,14477606
512,30656,14477606
512,30688,14477606
512,30720,14477606
512,30752,14477606
512,30784,14477606
512,30816,14477606
512,30848,14477606
512,30880,14477606
512,30912,14477606
512,30944,14477606
512,30976,14477606
512,31008,14477606
512,31040,14477606
512,31072,14477606
512,31104,14477606
512,31136,14477606
512,31168,14477606
512,31200,14477606
512,31232,14477606
512,31264,14477606
512,31296,14477606
512,31328,14477606
512,31360,14477606
512,31392,14477606
512,31424,14477606
512,31456,14477606
512,31488,14477606
512,31520,14477606
512,31552,14477606
512,31584,14477606
512,31616,14477606
512,31648,14477606
512,31680,14477606
512,31712,14477606
512,31744,14477606
512,31776,14477606
512,31808,14477606
512,31840,14477606
512,31872,14477606
512,31904,14477606
512,31936,14477606
512,31968,14477606
512,32000,14477606
512,32032,14477606
512,32064,14477606
512,32096,14477606
512,32128,14477606
512,32160,14477606
512,32192,14477606
512,32224,14477606
512,32256,14477606
512,32288,14477606
512,32320,14477606
512,32352,14477606
512,32384,14477606
512,32416,14477606
512,32448,14477606
512,32480,14477606
512,32512,14477606
512,32544,14477606
512,32576,14477606
512,32608,14477606
512,32640,14477606
512,32672,14477606
512,32704,14477606
512,32736,14477606
512,32768,14477606
512,32800,14477606
512,32832,14477606
512,32864,14477606
512,32896,14477606
512,32928,14477606
512,32960,14477606
512,32992,14477606
512,33024,14477606
512,33056,14477606
512,33088,14477606
512,33120,14477606
512,33152,14477606
512,33184,14477606
512,33216,14477606
512,33248,14477606
512,33280,14477606
512,33312,14477606
512,33344,14477606
512,33376,14477606
512,33408,14477606
512,33440,14477606
512,33472,14477606
512,33504,14477606
512,33536,14477606
512,33568,14477606
512,33600,14477606
512,33632,14477606
512,33664,14477606
512,33696,14477606
512,33728,14477606
512,33760,14477606
512,33792,14477606
512,33824,14477606
512,33856,14477606
512,33888,14477606
512,33920,14477606
512,33952,14477606
512,33984,14477606
512,34016,14477606
512,34048,14477606
512,34080,14477606
512,34112,14477606
512,34144,14477606
512,34176,14477606
512,34208,14477606
512,34240,14477606
512,34272,14477606
512,34304,14477606
512,34336,14477606
512,34368,14477606
512,34400,14477606
512,34432,14477606
512,34464,14477606
512,34496,14477606
512,34528,14477606
512,34560,14477606
512,34592,14477606
512,34624,14477606
512,34656,14477606
512,34688,14477606
512,34720,14477606
512,34752,14477606
512,34784,14477606
512,34816,14477606
512,34848,14477606
512,34880,14477606
512,34912,14477606
512,34944,14477606
512,34976,14477606
512,35008,14477606
512,35040,14477606
512,35072,14477606
512,35104,14477606
512,35136,14477606
512,35168,14477606
512,35200,14477606
512,35232,14477606
512,35264,14477606
512,35296,14477606
512,35328,14477606
512,35360,14477606
512,35392,14477606
512,35424,14477606
512,35456,14477606
512,35488,14477606
512,35520,14477606
512,35552,14477606
512,35584,14477606
512,35616,14477606
512,35648,14477606
512,35680,14477606
512,35712,14477606
512,35744,14477606
512,35776,14477606
512,35808,14477606
512,35840,14477606
512,35872,14477606
512,35904,14477606
512,35936,14477606
512,35968,14477606
512,36000,14477606
512,36032,14477606
512,36064,14477606
512,36096,14477606
512,36128,14477606
512,36160,14477606
512,36192,14477606
512,36224,14477606
512,36256,14477606
512,36288,14477606
512,36320,14477606
512,36352,14477606
512,36384,14477606
512,36416,14477606
512,36448,14477606
512,36480,14477606
512,36512,14477606
512,36544,14477606
512,36576,14477606
512,36608,14477606
512,36640,14477606
512,36672,14477606
512,36704,14477606
512,36736,14477606
512,36768,14477606
512,36800,14477606
512,36832,14477606
512,36864,14477606
512,36896,14477606
512,36928,14477606
512,36960,14477606
512,36992,14477606
512,37024,14477606
512,37056,14477606
512,37088,14477606
512,37120,14477606
512,37152,14477606
512,37184,14477606
512,37216,14477606
512,37248,14477606
512,37280,14477606
512,37312,14477606
512,37344,14477606
512,37376,14477606
512,37408,14477606
512,37440,14477606
512,37472,14477606
512,37504,14477606
512,37536,14477606
512,37568,14477606
512,37600,14477606
512,37632,14477606
512,37664,14477606
512,37696,14477606
512,37728,14477606
512,37760,14477606
512,37792,14477606
512,37824,14477606
512,37856,14477606
512,37888,14477606
512,37920,14477606
512,37952,14477606
512,37984,14477606
512,38016,14477606
512,38048,14477606
512,38080,14477606
512,38112,14477606
512,38144,14477606
512,38176,14477606
512,38208,14477606
512,38240,14477606
512,38272,14477606
512,38304,14477606
512,38336,14477606
512,38368,14477606
512,38400,14477606
512,38432,14477606
512,38464,14477606
512,38496,14477606
512,38528,14477606
512,38560,14477606
512,38592,14477606
512,38624,14477606
512,38656,14477606
512,38688,14477606
512,38720,14477606
512,38752,14477606
512,38784,14477606
512,38816,14477606
512,38848,14477606
512,38880,14477606
512,38912,14477606
512,38944,14477606
512,38976,14477606
512,39008,14477606
512,39040,14477606
512,39072,14477606
512,39104,14477606
512,39136,14477606
512,39168,14477606
512,39200,14477606
512,39232,14477606
512,39264,14477606
512,39296,14477606
512,39328,14477606
512,39360,14477606
512,39392,14477606
512,39424,14477606
512,39456,14477606
512,39488,14477606
512,39520,14477606
512,39552,14477606
512,39584,14477606
512,39616,14477606
512,39648,14477606
512,39680,14477606
512,39712,14477606
512,39744,14477606
512,39776,14477606
512,39808,14477606
512,39840,14477606
512,39872,14477606
512,39904,14477606
512,39936,14477606
512,39968,14477606
512,40000,14477606
512,40032,14477606
512,40064,14477606
512,40096,14477606
512,40128,14477606
512,40160,14477606
512,40192,14477606
512,40224,14477606
512,40256,14477606
512,40288,14477606
512,40320,14477606
512,40352,14477606
512,40384,14477606
512,40416,14477606
512,40448,14477606
512,40480,14477606
512,40512,14477606
512,40544,14477606
512,40576,14477606
512,40608,14477606
512,40640,14477606
512,40672,14477606
512,40704,14477606
512,40736,14477606
512,40768,14477606
512,40800,14477606
512,40832,14477606
512,40864,14477606
512,40896,14477606
512,40928,14477606
512,40960,14477606
576,32,15780
576,64,15644
576,96,15638
576,128,15643
576,160,15803
576,192,15839
576,224,15907
576,256,15982
576,288,15982
576,320,15999
576,352,16009
576,384,16008
576,416,16149
576,448,16718
576,480,18778
576,512,20769
576,544,24001
576,576,24939
576,608,25800
576,640,26205
576,672,27031
576,704,27500
576,736,28254
576,768,28519
576,800,28926
576,832,29123
576,864,29463
576,896,29697
576,928,29975
576,960,30258
576,992,30641
576,1024,31190
576,1056,31625
576,1088,41505
576,1120,43650
576,1152,45442
576,1184,45787
576,1216,46554
576,1248,46952
576,1280,47651
576,1312,47940
576,1344,48827
576,1376,49211
576,1408,50246
576,1440,50413
576,1472,50847
576,1504,51384
576,1536,51848
576,1568,53368
576,1600,71734
576,1632,72328
576,1664,77772
576,1696,78245
576,1728,81669
576,1760,82015
576,1792,85249
576,1824,85605
576,1856,88227
576,1888,88487
576,1920,91117
576,1952,91449
576,1984,97386
576,2016,97667
576,2048,110663
576,2080,112226
576,2112,179220
576,2144,181234
576,2176,189453
576,2208,190367
576,2240,193030
576,2272,194058
576,2304,195867
576,2336,197025
576,2368,198816
576,2400,200346
576,2432,202112
576,2464,203428
576,2496,205339
576,2528,206740
576,2560,209391
576,2592,215045
576,2624,230196
576,2656,235965
576,2688,238656
576,2720,239979
576,2752,241102
576,2784,241933
576,2816,243341
576,2848,244296
576,2880,245550
576,2912,246256
576,2944,248196
576,2976,249441
576,3008,250967
576,3040,252080
576,3072,254731
576,3104,258436
576,3136,271951
576,3168,277220
576,3200,281048
576,3232,282249
576,3264,284600
576,3296,286128
576,3328,288334
576,3360,289219
576,3392,291896
576,3424,293589
576,3456,297637
576,3488,308366
576,3520,317164
576,3552,324026
576,3584,330785
576,3616,349295
576,3648,397263
576,3680,417007
576,3712,426117
576,3744,430014
576,3776,432387
576,3808,435853
576,3840,440484
576,3872,442526
576,3904,445649
576,3936,448754
576,3968,455579
576,4000,458014
576,4032,460852
576,4064,461568
576,4096,463888
576,4128,464121
576,4160,464532
576,4192,474002
576,4224,476986
576,4256,498920
576,4288,499102
576,4320,534372
576,4352,534991
576,4384,556297
576,4416,556297
576,4448,568685
576,4480,568685
576,4512,576504
576,4544,576504
576,4576,588038
576,4608,588038
576,4640,594009
576,4672,594009
576,4704,602083
576,4736,602083
576,4768,611845
576,4800,611845
576,4832,642065
576,4864,642065
576,4896,657465
576,4928,657465
576,4960,679518
576,4992,679518
576,5024,680223
576,5056,680223
576,5088,684149
576,5120,684149
576,5152,685709
576,5184,685709
576,5216,696193
576,5248,696193
576,5280,704585
576,5312,704585
576,5344,726881
576,5376,726881
576,5408,732994
576,5440,732994
576,5472,745589
576,5504,745589
576,5536,746775
576,5568,746775
576,5600,758204
576,5632,758204
576,5664,761771
576,5696,761771
576,5728,785831
576,5760,785831
576,5792,790065
576,5824,790065
576,5856,847254
576,5888,847254
576,5920,851424
576,5952,851424
576,5984,869248
576,6016,869248
576,6048,870415
576,6080,870415
576,6112,903742
576,6144,903742
576,6176,907485
576,6208,907485
576,6240,980125
576,6272,980125
576,6304,985061
576,6336,985061
576,6368,1082501
576,6400,1082501
576,6432,1088195
576,6464,1088195
576,6496,1149154
576,6528,1149154
576,6560,1152907
576,6592,1152907
576,6624,1188929
576,6656,1188929
576,6688,1194163
576,6720,1194163
576,6752,1252028
576,6784,1252028
576,6816,1265319
576,6848,1265319
576,6880,1356845
576,6912,1356845
576,6944,1366635
576,6976,1366635
576,7008,1424967
576,7040,1424967
576,7072,1428075
576,7104,1428075
576,7136,1490207
576,7168,1490207
576,7200,1495082
576,7232,1495082
576,7264,1528774
576,7296,1528774
576,7328,1549559
576,7360,1549559
576,7392,1646370
576,7424,1646370
576,7456,1663303
576,7488,1663303
576,7520,1732232
576,7552,1732232
576,7584,1736294
576,7616,1736294
576,7648,1795010
576,7680,1795010
576,7712,1802687
576,7744,1802687
576,7776,1865493
576,7808,1865493
576,7840,1888526
576,7872,1888526
576,7904,1986401
576,7936,1986401
576,7968,2003700
576,8000,2003700
576,8032,2030502
576,8064,2030502
576,8096,2038212
576,8128,2038212
576,8160,2052145
576,8192,2052145
576,8224,2058677
576,8256,2058677
576,8288,2068957
576,8320,2068957
576,8352,2072697
576,8384,2072697
576,8416,2089079
576,8448,2089079
576,8480,2113180
576,8512,2113180
576,8544,2185428
576,8576,2185428
576,8608,2217377
576,8640,2217377
576,8672,2238419
576,8704,2238419
576,8736,2245823
576,8768,2245823
576,8800,2279640
576,8832,2279640
576,8864,2291846
576,8896,2291846
576,8928,2323971
576,8960,2323971
576,8992,2356946
576,9024,2356946
576,9056,2407502
576,9088,2407502
576,9120,2429798
576,9152,2429798
576,9184,2449567
576,9216,2449567
576,9248,2458052
576,9280,2458052
576,9312,2469976
576,9344,2469976
576,9376,2483294
576,9408,2483294
576,9440,2491620
576,9472,2491620
576,9504,2525691
576,9536,2525691
576,9568,2599379
576,9600,2599379
576,9632,2632284
576,9664,2632284
576,9696,2650355
576,9728,2650355
576,9760,2661149
576,9792,2661149
576,9824,2679296
576,9856,2679296
576,9888,2692663
576,9920,2692663
576,9952,2702877
576,9984,2702877
576,10016,2725733
576,10048,2725733
576,10080,2817384
576,10112,2817384
576,10144,2859540
576,10176,2859540
576,10208,2876302
576,10240,2876302
576,10272,2884553
576,10304,2884553
576,10336,2901721
576,10368,2901721
576,10400,2913025
576,10432,2913025
576,10464,2929922
576,10496,2929922
576,10528,2974370
576,10560,2974370
576,10592,3061699
576,10624,3061699
576,10656,3092330
576,10688,3092330
576,10720,3116124
576,10752,3116124
576,10784,3135572
576,10816,3135572
576,10848,3151368
576,10880,3151368
576,10912,3167682
576,10944,3167682
576,10976,3190361
576,11008,3190361
576,11040,3215766
576,11072,3215766
576,11104,3296077
576,11136,3296077
576,11168,3328296
576,11200,3328296
576,11232,3340738
576,11264,3340738
576,11296,3343723
576,11328,3343723
576,11360,3358613
576,11392,3358613
576,11424,3374140
576,11456,3374140
576,11488,3387708
576,11520,3387708
576,11552,3419751
576,11584,3419751
576,11616,3478685
576,11648,3478685
576,11680,3498683
576,11712,3498683
576,11744,3528320
576,11776,3528320
576,11808,3533778
576,11840,3533778
576,11872,3538095
576,11904,3538095
576,11936,3549107
576,11968,3549107
576,12000,3564305
576,12032,3564305
576,12064,3580876
576,12096,3580876
576,12128,3626324
576,12160,3626324
576,12192,3647496
576,12224,3647496
576,12256,3661767
576,12288,3661767
576,12320,3665262
576,12352,3665262
576,12384,3669097
576,12416,3669097
576,12448,3673229
576,12480,3673229
576,12512,3689600
576,12544,3689600
576,12576,3693005
576,12608,3693005
576,12640,3703879
576,12672,3703879
576,12704,3713594
576,12736,3713594
576,12768,3753572
576,12800,3753572
576,12832,3759121
576,12864,3759121
576,12896,3773852
576,12928,3773852
576,12960,3774619
576,12992,3774619
576,13024,3775478
576,13056,3775478
576,13088,3782772
576,13120,3782772
576,13152,3783869
576,13184,3783869
576,13216,3796338
576,13248,3796338
576,13280,3821884
576,13312,3821884
576,13344,3826479
576,13376,3826479
576,13408,3829419
576,13440,3829419
576,13472,3833378
576,13504,3833378
576,13536,3834512
576,13568,3834512
576,13600,3839545
576,13632,3839545
576,13664,3850814
576,13696,3850814
576,13728,3869221
576,13760,3869221
576,13792,3916709
576,13824,3916709
576,13856,3929920
576,13888,3929920
576,13920,3951798
576,13952,3951798
576,13984,3972573
576,14016,3972573
576,14048,3995176
576,14080,3995176
576,14112,4002441
576,14144,4002441
576,14176,4048420
576,14208,4048420
576,14240,4087179
576,14272,4087179
576,14304,4193419
576,14336,4193419
576,14368,4230572
576,14400,4230572
576,14432,4270133
576,14464,4270133
576,14496,4296889
576,14528,4296889
576,14560,4320259
576,14592,4320259
576,14624,4339218
576,14656,4339218
576,14688,4435430
576,14720,4435430
576,14752,4464613
576,14784,4464613
576,14816,4629223
576,14848,4629223
576,14880,4643729
576,14912,4643729
576,14944,4738594
576,14976,4738594
576,15008,4774484
576,15040,4774484
576,15072,4906381
576,15104,4906381
576,15136,4933846
576,15168,4933846
576,15200,5039162
576,15232,5039162
576,15264,5143528
576,15296,5143528
576,15328,5370897
576,15360,5370897
576,15392,5436665
576,15424,5436665
576,15456,5540886
576,15488,5540886
576,15520,5563794
576,15552,5563794
576,15584,5633163
576,15616,5633163
576,15648,5673298
576,15680,5673298
576,15712,5788722
576,15744,5788722
576,15776,5894706
576,15808,5894706
576,15840,6104780
576,15872,6104780
576,15904,6198914
576,15936,6198914
576,15968,6318672
576,16000,6318672
576,16032,6380822
576,16064,6380822
576,16096,6437951
576,16128,6437951
576,16160,6508860
576,16192,6508860
576,16224,6562208
576,16256,6562208
576,16288,6662843
576,16320,6662843
576,16352,6878908
576,16384,6878908
576,16416,6882781
576,16448,6882781
576,16480,6935131
576,16512,6935131
576,16544,7009360
576,16576,7009360
576,16608,7026537
576,16640,7026537
576,16672,7137040
576,16704,7137040
576,16736,7147991
576,16768,7147991
576,16800,7242436
576,16832,7242436
576,16864,7244448
576,16896,7244448
576,16928,7452354
576,16960,7452354
576,16992,7466013
576,17024,7466013
576,17056,7866198
576,17088,7866198
576,17120,7874373
576,17152,7874373
576,17184,8117066
576,17216,8117066
576,17248,8117066
576,17280,8117066
576,17312,8415621
576,17344,8415621
576,17376,8415621
576,17408,8415621
576,17440,8524233
576,17472,8524233
576,17504,8524233
576,17536,8524233
576,17568,8693409
576,17600,8693409
576,17632,8693409
576,17664,8693409
576,17696,8833962
576,17728,8833962
576,17760,8833962
576,17792,8833962
576,17824,9001784
576,17856,9001784
576,17888,9001784
576,17920,9001784
576,17952,9119350
576,17984,9119350
576,18016,9119350
576,18048,9119350
576,18080,9384618
576,18112,9384618
576,18144,9384618
576,18176,9384618
576,18208,9508991
576,18240,9508991
576,18272,9508991
576,18304,9508991
576,18336,9785240
576,18368,9785240
576,18400,9785240
576,18432,9785240
576,18464,9941663
576,18496,9941663
576,18528,9941663
576,18560,9941663
576,18592,10197218
576,18624,10197218
576,18656,10197218
576,18688,10197218
576,18720,10294414
576,18752,10294414
576,18784,10294414
576,18816,10294414
576,18848,10541092
576,18880,10541092
576,18912,10541092
576,18944,10541092
576,18976,10673740
576,19008,10673740
576,19040,10673740
576,19072,10673740
576,19104,10918798
576,19136,10918798
576,19168,10918798
576,19200,10918798
576,19232,11034708
576,19264,11034708
576,19296,11034708
576,19328,11034708
576,19360,11153307
576,19392,11153307
576,19424,11153307
576,19456,11153307
576,19488,11289634
576,19520,11289634
576,19552,11289634
576,19584,11289634
576,19616,11582269
576,19648,11582269
576,19680,11582269
576,19712,11582269
576,19744,11659234
576,19776,11659234
576,19808,11659234
576,19840,11659234
576,19872,11853303
576,19904,11853303
576,19936,11853303
576,19968,11853303
576,20000,11953334
576,20032,11953334
576,20064,11953334
576,20096,11953334
576,20128,12181301
576,20160,12181301
576,20192,12181301
576,20224,12181301
576,20256,12304679
576,20288,12304679
576,20320,12304679
576,20352,12304679
576,20384,12424371
576,20416,12424371
576,20448,12424371
576,20480,12424371
576,20512,12482628
576,20544,12482628
576,20576,12482628
576,20608,12482628
576,20640,12623019
576,20672,12623019
576,20704,12623019
576,20736,12623019
576,20768,12684904
576,20800,12684904
576,20832,12684904
576,20864,12684904
576,20896,12762196
576,20928,12762196
576,20960,12762196
576,20992,12762196
576,21024,12840258
576,21056,12840258
576,21088,12840258
576,21120,12840258
576,21152,12962816
576,21184,12962816
576,21216,12962816
576,21248,12962816
576,21280,13081060
576,21312,13081060
576,21344,13081060
576,21376,13081060
576,21408,13218458
576,21440,13218458
576,21472,13218458
576,21504,13218458
576,21536,13287273
576,21568,13287273
576,21600,13287273
576,21632,13287273
576,21664,13326586
576,21696,13326586
576,21728,13326586
576,21760,13326586
576,21792,13371622
576,21824,13371622
576,21856,13371622
576,21888,13371622
576,21920,13425146
576,21952,13425146
576,21984,13425146
576,22016,13425146
576,22048,13445050
576,22080,13445050
576,22112,13445050
576,22144,13445050
576,22176,13519809
576,22208,13519809
576,22240,13519809
576,22272,13519809
576,22304,13544855
576,22336,13544855
576,22368,13544855
576,22400,13544855
576,22432,13623120
576,22464,13623120
576,22496,13623120
576,22528,13623120
576,22560,13700201
576,22592,13700201
576,22624,13700201
576,22656,13700201
576,22688,13806317
576,22720,13806317
576,22752,13806317
576,22784,13806317
576,22816,13840661
576,22848,13840661
576,22880,13840661
576,22912,13840661
576,22944,13870990
576,22976,13870990
576,23008,13870990
576,23040,13870990
576,23072,13896013
576,23104,13896013
576,23136,13896013
576,23168,13896013
576,23200,13941732
576,23232,13941732
576,23264,13941732
576,23296,13941732
576,23328,13998412
576,23360,13998412
576,23392,13998412
576,23424,13998412
576,23456,14039128
576,23488,14039128
576,23520,14039128
576,23552,14039128
576,23584,14095984
576,23616,14095984
576,23648,14095984
576,23680,14095984
576,23712,14119162
576,23744,14119162
576,23776,14119162
576,23808,14119162
576,23840,14134439
576,23872,14134439
576,23904,14134439
576,23936,14134439
576,23968,14167088
576,24000,14167088
576,24032,14167088
576,24064,14167088
576,24096,14184895
576,24128,14184895
576,24160,14184895
576,24192,14184895
576,24224,14204751
576,24256,14204751
576,24288,14204751
576,24320,14204751
576,24352,14214377
576,24384,14214377
576,24416,14214377
576,24448,14214377
576,24480,14244590
576,24512,14244590
576,24544,14244590
576,24576,14244590
576,24608,14260111
576,24640,14260111
576,24672,14260111
576,24704,14260111
576,24736,14283800
576,24768,14283800
576,24800,14283800
576,24832,14283800
576,24864,14288814
576,24896,14288814
576,24928,14288814
576,24960,14288814
576,24992,14327823
576,25024,14327823
576,25056,14327823
576,25088,14327823
576,25120,14358316
576,25152,14358316
576,25184,14358316
576,25216,14358316
576,25248,14369821
576,25280,14369821
576,25312,14369821
576,25344,14369821
576,25376,14392184
576,25408,14392184
576,25440,14392184
576,25472,14392184
576,25504,14395439
576,25536,14395439
576,25568,14395439
576,25600,14395439
576,25632,14403770
576,25664,14403770
576,25696,14403770
576,25728,14403770
576,25760,14417684
576,25792,14417684
576,25824,14417684
576,25856,14417684
576,25888,14427466
576,25920,14427466
576,25952,14427466
576,25984,14427466
576,26016,14438488
576,26048,14438488
576,26080,14438488
576,26112,14438488
576,26144,14446493
576,26176,14446493
576,26208,14446493
576,26240,14446493
576,26272,14447080
576,26304,14447080
576,26336,14447080
576,26368,14447080
576,26400,14448473
576,26432,14448473
576,26464,14448473
576,26496,14448473
576,26528,14457226
576,26560,14457226
576,26592,14457226
576,26624,14457226
576,26656,14457226
576,26688,14457226
576,26720,14457226
576,26752,14457226
576,26784,14457602
576,26816,14457602
576,26848,14457602
576,26880,14457602
576,26912,14457602
576,26944,14457602
576,26976,14457602
576,27008,14457602
576,27040,14460193
576,27072,14460193
576,27104,14460193
576,27136,14460193
576,27168,14463234
576,27200,14463234
576,27232,14463234
576,27264,14463234
576,27296,14464945
576,27328,14464945
576,27360,14464945
576,27392,14464945
576,27424,14464945
576,27456,14464945
576,27488,14464945
576,27520,14464945
576,27552,14464945
576,27584,14464945
576,27616,14464945
576,27648,14464945
576,27680,14464945
576,27712,14464945
576,27744,14464945
576,27776,14464945
576,27808,14464945
576,27840,14464945
576,27872,14464945
576,27904,14464945
576,27936,14472027
576,27968,14472027
576,28000,14472027
576,28032,14472027
576,28064,14472027
576,28096,14472027
576,28128,14472027
576,28160,14472027
576,28192,14472027
576,28224,14472027
576,28256,14472027
576,28288,14472027
576,28320,14472027
576,28352,14472027
576,28384,14472027
576,28416,14472027
576,28448,14472027
576,28480,14472027
576,28512,14472027
576,28544,14472027
576,28576,14472027
576,28608,14472027
576,28640,14472027
576,28672,14472027
576,28704,14472027
576,28736,14472027
576,28768,14472027
576,28800,14472027
576,28832,14472712
576,28864,14472712
576,28896,14472712
576,28928,14472712
576,28960,14472712
576,28992,14472712
576,29024,14472712
576,29056,14472712
576,29088,14472712
576,29120,14472712
576,29152,14472712
576,29184,14472712
576,29216,14477606
576,29248,14477606
576,29280,14477606
576,29312,14477606
576,29344,14477606
576,29376,14477606
576,29408,14477606
576,29440,14477606
576,29472,14477606
576,29504,14477606
576,29536,14477606
576,29568,14477606
576,29600,14477606
576,29632,14477606
576,29664,14477606
576,29696,14477606
576,29728,14477606
576,29760,14477606
576,29792,14477606
576,29824,14477606
576,29856,14477606
576,29888,14477606
576,29920,14477606
576,29952,14477606
576,29984,14477606
576,30016,14477606
576,30048,14477606
576,30080,14477606
576,30112,14477606
576,30144,14477606
576,30176,14477606
576,30208,14477606
576,30240,14477606
576,30272,14477606
576,30304,14477606
576,30336,14477606
576,30368,14477606
576,30400,14477606
576,30432,14477606
576,30464,14477606
576,30496,14477606
576,30528,14477606
576,30560,14477606
576,30592,14477606
576,30624,14477606
576,30656,14477606
576,30688,14477606
576,30720,14477606
576,30752,14477606
576,30784,14477606
576,30816,14477606
576,30848,14477606
576,30880,14477606
576,30912,14477606
576,30944,14477606
576,30976,14477606
576,31008,14477606
576,31040,14477606
576,31072,14477606
576,31104,14477606
576,31136,14477606
576,31168,14477606
576,31200,14477606
576,31232,14477606
576,31264,14477606
576,31296,14477606
576,31328,14477606
576,31360,14477606
576,31392,14477606
576,31424,14477606
576,31456,14477606
576,31488,14477606
576,31520,14477606
576,31552,14477606
576,31584,14477606
576,31616,14477606
576,31648,14477606
576,31680,14477606
576,31712,14477606
576,31744,14477606
576,31776,14477606
576,31808,14477606
576,31840,14477606
576,31872,14477606
576,31904,14477606
576,31936,14477606
576,31968,14477606
576,32000,14477606
576,32032,14477606
576,32064,14477606
576,32096,14477606
576,32128,14477606
576,32160,14477606
576,32192,14477606
576,32224,14477606
576,32256,14477606
576,32288,14477606
576,32320,14477606
576,32352,14477606
576,32384,14477606
576,32416,14477606
576,32448,14477606
576,32480,14477606
576,32512,14477606
576,32544,14477606
576,32576,14477606
576,32608,14477606
576,32640,14477606
576,32672,14477606
576,32704,14477606
576,32736,14477606
576,32768,14477606
576,32800,14477606
576,32832,14477606
576,32864,14477606
576,32896,14477606
576,32928,14477606
576,32960,14477606
576,32992,14477606
576,33024,14477606
576,33056,14477606
576,33088,14477606
576,33120,14477606
576,33152,14477606
576,33184,14477606
576,33216,14477606
576,33248,14477606
576,33280,14477606
576,33312,14477606
576,33344,14477606
576,33376,14477606
576,33408,14477606
576,33440,14477606
576,33472,14477606
576,33504,14477606
576,33536,14477606
576,33568,14477606
576,33600,14477606
576,33632,14477606
576,33664,14477606
576,33696,14477606
576,33728,14477606
576,33760,14477606
576,33792,14477606
576,33824,14477606
576,33856,14477606
576,33888,14477606
576,33920,14477606
576,33952,14477606
576,33984,14477606
576,34016,14477606
576,34048,14477606
576,34080,14477606
576,34112,14477606
576,34144,14477606
576,34176,14477606
576,34208,14477606
576,34240,14477606
576,34272,14477606
576,34304,14477606
576,34336,14477606
576,34368,14477606
576,34400,14477606
576,34432,14477606
576,34464,14477606
576,34496,14477606
576,34528,14477606
576,34560,14477606
576,34592,14477606
576,34624,14477606
576,34656,14477606
576,34688,14477606
576,34720,14477606
576,34752,14477606
576,34784,14477606
576,34816,14477606
576,34848,14477606
576,34880,14477606
576,34912,14477606
576,34944,14477606
576,34976,14477606
576,35008,14477606
576,35040,14477606
576,35072,14477606
576,35104,14477606
576,35136,14477606
576,35168,14477606
576,35200,14477606
576,35232,14477606
576,35264,14477606
576,35296,14477606
576,35328,14477606
576,35360,14477606
576,35392,14477606
576,35424,14477606
576,35456,14477606
576,35488,14477606
576,35520,14477606
576,35552,14477606
576,35584,14477606
576,35616,14477606
576,35648,14477606
576,35680,14477606
576,35712,14477606
576,35744,14477606
576,35776,14477606
576,35808,14477606
576,35840,14477606
576,35872,14477606
576,35904,14477606
576,35936,14477606
576,35968,14477606
576,36000,14477606
576,36032,14477606
576,36064,14477606
576,36096,14477606
576,36128,14477606
576,36160,14477606
576,36192,14477606
576,36224,14477606
576,36256,14477606
576,36288,14477606
576,36320,14477606
576,36352,14477606
576,36384,14477606
576,36416,14477606
576,36448,14477606
576,36480,14477606
576,36512,14477606
576,36544,14477606
576,36576,14477606
576,36608,14477606
576,36640,14477606
576,36672,14477606
576,36704,14477606
576,36736,14477606
576,36768,14477606
576,36800,14477606
576,36832,14477606
576,36864,14477606
576,36896,14477606
576,36928,14477606
576,36960,14477606
576,36992,14477606
576,37024,14477606
576,37056,14477606
576,37088,14477606
576,37120,14477606
576,37152,14477606
576,37184,14477606
576,37216,14477606
576,37248,14477606
576,37280,14477606
576,37312,14477606
576,37344,14477606
576,37376,14477606
576,37408,14477606
576,37440,14477606
576,37472,14477606
576,37504,14477606
576,37536,14477606
576,37568,14477606
576,37600,14477606
576,37632,14477606
576,37664,14477606
576,37696,14477606
576,37728,14477606
576,37760,14477606
576,37792,14477606
576,37824,14477606
576,37856,14477606
576,37888,14477606
576,37920,14477606
576,37952,14477606
576,37984,14477606
576,38016,14477606
576,38048,14477606
576,38080,14477606
576,38112,14477606
576,38144,14477606
576,38176,14477606
576,38208,14477606
576,38240,14477606
576,38272,14477606
576,38304,14477606
576,38336,14477606
576,38368,14477606
576,38400,14477606
576,38432,14477606
576,38464,14477606
576,38496,14477606
576,38528,14477606
576,38560,14477606
576,38592,14477606
576,38624,14477606
576,38656,14477606
576,38688,14477606
576,38720,14477606
576,38752,14477606
576,38784,14477606
576,38816,14477606
576,38848,14477606
576,38880,14477606
576,38912,14477606
576,38944,14477606
576,38976,14477606
576,39008,14477606
576,39040,14477606
576,39072,14477606
576,39104,14477606
576,39136,14477606
576,39168,14477606
576,39200,14477606
576,39232,14477606
576,39264,14477606
576,39296,14477606
576,39328,14477606
576,39360,14477606
576,39392,14477606
576,39424,14477606
576,39456,14477606
576,39488,14477606
576,39520,14477606
576,39552,14477606
576,39584,14477606
576,39616,14477606
576,39648,14477606
576,39680,14477606
576,39712,14477606
576,39744,14477606
576,39776,14477606
576,39808,14477606
576,39840,14477606
576,39872,14477606
576,39904,14477606
576,39936,14477606
576,39968,14477606
576,40000,14477606
576,40032,14477606
576,40064,14477606
576,40096,14477606
576,40128,14477606
576,40160,14477606
576,40192,14477606
576,40224,14477606
576,40256,14477606
576,40288,14477606
576,40320,14477606
576,40352,14477606
576,40384,14477606
576,40416,14477606
576,40448,14477606
576,40480,14477606
576,40512,14477606
576,40544,14477606
576,40576,14477606
576,40608,14477606
576,40640,14477606
576,40672,14477606
576,40704,14477606
576,40736,14477606
576,40768,14477606
576,40800,14477606
576,40832,14477606
576,40864,14477606
576,40896,14477606
576,40928,14477606
576,40960,14477606
640,32,17153
640,64,17005
640,96,16990
640,128,17112
640,160,17161
640,192,17162
640,224,17172
640,256,17388
640,288,17388
640,320,17402
640,352,17412
640,384,17412
640,416,17536
640,448,18092
640,480,20052
640,512,22142
640,544,25736
640,576,26798
640,608,27591
640,640,28011
640,672,28832
640,704,29308
640,736,30157
640,768,30467
640,800,30986
640,832,31205
640,864,31633
640,896,31854
640,928,32185
640,960,32503
640,992,32850
640,1024,33393
640,1056,33965
640,1088,43729
640,1120,46064
640,1152,47778
640,1184,48134
640,1216,48979
640,1248,49377
640,1280,50072
640,1312,50380
640,1344,51267
640,1376,51651
640,1408,52672
640,1440,52839
640,1472,53273
640,1504,53792
640,1536,54254
640,1568,55774
640,1600,73393
640,1632,73987
640,1664,79314
640,1696,79787
640,1728,83105
640,1760,83452
640,1792,86575
640,1824,86932
640,1856,89429
640,1888,89690
640,1920,92236
640,1952,92568
640,1984,98371
640,2016,98652
640,2048,111366
640,2080,112928
640,2112,179280
640,2144,181294
640,2176,189453
640,2208,190367
640,2240,193030
640,2272,194058
640,2304,195867
640,2336,197025
640,2368,198816
640,2400,200346
640,2432,202112
640,2464,203428
640,2496,205339
640,2528,206740
640,2560,209391
640,2592,215045
640,2624,230196
640,2656,235965
640,2688,238656
640,2720,239979
640,2752,241102
640,2784,241933
640,2816,243341
640,2848,244296
640,2880,245550
640,2912,246256
640,2944,248196
640,2976,249441
640,3008,250967
640,3040,252080
640,3072,254731
640,3104,258436
640,3136,271951
640,3168,277220
640,3200,281048
640,3232,282249
640,3264,284600
640,3296,286128
640,3328,288334
640,3360,289219
640,3392,291896
640,3424,293589
640,3456,297637
640,3488,308366
640,3520,317164
640,3552,324026
640,3584,330785
640,3616,349295
640,3648,397263
640,3680,417007
640,3712,426117
640,3744,430014
640,3776,432387
640,3808,435853
640,3840,440484
640,3872,442526
640,3904,445649
640,3936,448754
640,3968,455579
640,4000,458014
640,4032,460852
640,4064,461568
640,4096,463888
640,4128,464121
640,4160,464532
640,4192,474002
640,4224,476986
640,4256,498920
640,4288,499102
640,4320,534372
640,4352,534991
640,4384,556297
640,4416,556297
640,4448,568685
640,4480,568685
640,4512,576504
640,4544,576504
640,4576,588038
640,4608,588038
640,4640,594009
640,4672,594009
640,4704,602083
640,4736,602083
640,4768,611845
640,4800,611845
640,4832,642065
640,4864,642065
640,4896,657465
640,4928,657465
640,4960,679518
640,4992,679518
640,5024,680223
640,5056,680223
640,5088,684149
640,5120,684149
640,5152,685709
640,5184,685709
640,5216,696193
640,5248,696193
640,5280,704585
640,5312,704585
640,5344,726881
640,5376,726881
640,5408,732994
640,5440,732994
640,5472,745589
640,5504,745589
640,5536,746775
640,5568,746775
640,5600,758204
640,5632,758204
640,5664,761771
640,5696,761771
640,5728,785831
640,5760,785831
640,5792,790065
640,5824,790065
640,5856,847254
640,5888,847254
640,5920,851424
640,5952,851424
640,5984,869248
640,6016,869248
640,6048,870415
640,6080,870415
640,6112,903742
640,6144,903742
640,6176,907485
640,6208,907485
640,6240,980125
640,6272,980125
640,6304,985061
640,6336,985061
640,6368,1082501
640,6400,1082501
640,6432,1088195
640,6464,1088195
640,6496,1149154
640,6528,1149154
640,6560,1152907
640,6592,1152907
640,6624,1188929
640,6656,1188929
640,6688,1194163
640,6720,1194163
640,6752,1252028
640,6784,1252028
640,6816,1265319
640,6848,1265319
640,6880,1356845
640,6912,1356845
640,6944,1366635
640,6976,1366635
640,7008,1424967
640,7040,1424967
640,7072,1428075
640,7104,1428075
640,7136,1490207
640,7168,1490207
640,7200,1495082
640,7232,1495082
640,7264,1528774
640,7296,1528774
640,7328,1549559
640,7360,1549559
640,7392,1646370
640,7424,1646370
640,7456,1663303
640,7488,1663303
640,7520,1732232
640,7552,1732232
640,7584,1736294
640,7616,1736294
640,7648,1795010
640,7680,1795010
640,7712,1802687
640,7744,1802687
640,7776,1865493
640,7808,1865493
640,7840,1888526
640,7872,1888526
640,7904,1986401
640,7936,1986401
640,7968,2003700
640,8000,2003700
640,8032,2030502
640,8064,2030502
640,8096,2038212
640,8128,2038212
640,8160,2052145
640,8192,2052145
640,8224,2058677
640,8256,2058677
640,8288,2068957
640,8320,2068957
640,8352,2072697
640,8384,2072697
640,8416,2089079
640,8448,2089079
640,8480,2113180
640,8512,2113180
640,8544,2185428
640,8576,2185428
640,8608,2217377
640,8640,2217377
640,8672,2238419
640,8704,2238419
640,8736,2245823
640,8768,2245823
640,8800,2279640
640,8832,2279640
640,8864,2291846
640,8896,2291846
640,8928,2323971
640,8960,2323971
640,8992,2356946
640,9024,2356946
640,9056,2407502
640,9088,2407502
640,9120,2429798
640,9152,2429798
640,9184,2449567
640,9216,2449567
640,9248,2458052
640,9280,2458052
640,9312,2469976
640,9344,2469976
640,9376,2483294
640,9408,2483294
640,9440,2491620
640,9472,2491620
640,9504,2525691
640,9536,2525691
640,9568,2599379
640,9600,2599379
640,9632,2632284
640,9664,2632284
640,9696,2650355
640,9728,2650355
640,9760,2661149
640,9792,2661149
640,9824,2679296
640,9856,2679296
640,9888,2692663
640,9920,2692663
640,9952,2702877
640,9984,2702877
640,10016,2725733
640,10048,2725733
640,10080,2817384
640,10112,2817384
640,10144,2859540
640,10176,2859540
640,10208,2876302
640,10240,2876302
640,10272,2884553
640,10304,2884553
640,10336,2901721
640,10368,2901721
640,10400,2913025
640,10432,2913025
640,10464,2929922
640,10496,2929922
640,10528,2974370
640,10560,2974370
640,10592,3061699
640,10624,3061699
640,10656,3092330
640,10688,3092330
640,10720,3116124
640,10752,3116124
640,10784,3135572
640,10816,3135572
640,10848,3151368
640,10880,3151368
640,10912,3167682
640,10944,3167682
640,10976,3190361
640,11008,3190361
640,11040,3215766
640,11072,3215766
640,11104,3296077
640,11136,3296077
640,11168,3328296
640,11200,3328296
640,11232,3340738
640,11264,3340738
640,11296,3343723
640,11328,3343723
640,11360,3358613
640,11392,3358613
640,11424,3374140
640,11456,3374140
640,11488,3387708
640,11520,3387708
640,11552,3419751
640,11584,3419751
640,11616,3478685
640,11648,3478685
640,11680,3498683
640,11712,3498683
640,11744,3528320
640,11776,3528320
640,11808,3533778
640,11840,3533778
640,11872,3538095
640,11904,3538095
640,11936,3549107
640,11968,3549107
640,12000,3564305
640,12032,3564305
640,12064,3580876
640,12096,3580876
640,12128,3626324
640,12160,3626324
640,12192,3647496
640,12224,3647496
640,12256,3661767
640,12288,3661767
640,12320,3665262
640,12352,3665262
640,12384,3669097
640,12416,3669097
640,12448,3673229
640,12480,3673229
640,12512,3689600
640,12544,3689600
640,12576,3693005
640,12608,3693005
640,12640,3703879
640,12672,3703879
640,12704,3713594
640,12736,3713594
640,12768,3753572
640,12800,3753572
640,12832,3759121
640,12864,3759121
640,12896,3773852
640,12928,3773852
640,12960,3774619
640,12992,3774619
640,13024,3775478
640,13056,3775478
640,13088,3782772
640,13120,3782772
640,13152,3783869
640,13184,3783869
640,13216,3796338
640,13248,3796338
640,13280,3821884
640,13312,3821884
640,13344,3826479
640,13376,3826479
640,13408,3829419
640,13440,3829419
640,13472,3833378
640,13504,3833378
640,13536,3834512
640,13568,3834512
640,13600,3839545
640,13632,3839545
640,13664,3850814
640,13696,3850814
640,13728,3869221
640,13760,3869221
640,13792,3916709
640,13824,3916709
640,13856,3929920
640,13888,3929920
640,13920,3951798
640,13952,3951798
640,13984,3972573
640,14016,3972573
640,14048,3995176
640,14080,3995176
640,14112,4002441
640,14144,4002441
640,14176,4048420
640,14208,4048420
640,14240,4087179
640,14272,4087179
640,14304,4193419
640,14336,4193419
640,14368,4230572
640,14400,4230572
640,14432,4270133
640,14464,4270133
640,14496,4296889
640,14528,4296889
640,14560,4320259
640,14592,4320259
640,14624,4339218
640,14656,4339218
640,14688,4435430
640,14720,4435430
640,14752,4464613
640,14784,4464613
640,14816,4629223
640,14848,4629223
640,14880,4643729
640,14912,4643729
640,14944,4738594
640,14976,4738594
640,15008,4774484
640,15040,4774484
640,15072,4906381
640,15104,4906381
640,15136,4933846
640,15168,4933846
640,15200,5039162
640,15232,5039162
640,15264,5143528
640,15296,5143528
640,15328,5370897
640,15360,5370897
640,15392,5436665
640,15424,5436665
640,15456,5540886
640,15488,5540886
640,15520,5563794
640,15552,5563794
640,15584,5633163
640,15616,5633163
640,15648,5673298
640,15680,5673298
640,15712,5788722
640,15744,5788722
640,15776,5894706
640,15808,5894706
640,15840,6104780
640,15872,6104780
640,15904,6198914
640,15936,6198914
640,15968,6318672
640,16000,6318672
640,16032,6380822
640,16064,6380822
640,16096,6437951
640,16128,6437951
640,16160,6508860
640,16192,6508860
640,16224,6562208
640,16256,6562208
640,16288,6662843
640,16320,6662843
640,16352,6878908
640,16384,6878908
640,16416,6882781
640,16448,6882781
640,16480,6935131
640,16512,6935131
640,16544,7009360
640,16576,7009360
640,16608,7026537
640,16640,7026537
640,16672,7137040
640,16704,7137040
640,16736,7147991
640,16768,7147991
640,16800,7242436
640,16832,7242436
640,16864,7244448
640,16896,7244448
640,16928,7452354
640,16960,7452354
640,16992,7466013
640,17024,7466013
640,17056,7866198
640,17088,7866198
640,17120,7874373
640,17152,7874373
640,17184,8117066
640,17216,8117066
640,17248,8117066
640,17280,8117066
640,17312,8415621
640,17344,8415621
640,17376,8415621
640,17408,8415621
640,17440,8524233
640,17472,8524233
640,17504,8524233
640,17536,8524233
640,17568,8693409
640,17600,8693409
640,17632,8693409
640,17664,8693409
640,17696,8833962
640,17728,8833962
640,17760,8833962
640,17792,8833962
640,17824,9001784
640,17856,9001784
640,17888,9001784
640,17920,9001784
640,17952,9119350
640,17984,9119350
640,18016,9119350
640,18048,9119350
640,18080,9384618
640,18112,9384618
640,18144,9384618
640,18176,9384618
640,18208,9508991
640,18240,9508991
640,18272,9508991
640,18304,9508991
640,18336,9785240
640,18368,9785240
640,18400,9785240
640,18432,9785240
640,18464,9941663
640,18496,9941663
640,18528,9941663
640,18560,9941663
640,18592,10197218
640,18624,10197218
640,18656,10197218
640,18688,10197218
640,18720,10294414
640,18752,10294414
640,18784,10294414
640,18816,10294414
640,18848,10541092
640,18880,10541092
640,18912,10541092
640,18944,10541092
640,18976,10673740
640,19008,10673740
640,19040,10673740
640,19072,10673740
640,19104,10918798
640,19136,10918798
640,19168,10918798
640,19200,10918798
640,19232,11034708
640,19264,11034708
640,19296,11034708
640,19328,11034708
640,19360,11153307
640,19392,11153307
640,19424,11153307
640,19456,11153307
640,19488,11289634
640,19520,11289634
640,19552,11289634
640,19584,11289634
640,19616,11582269
640,19648,11582269
640,19680,11582269
640,19712,11582269
640,19744,11659234
640,19776,11659234
640,19808,11659234
640,19840,11659234
640,19872,11853303
640,19904,11853303
640,19936,11853303
640,19968,11853303
640,20000,11953334
640,20032,11953334
640,20064,11953334
640,20096,11953334
640,20128,12181301
640,20160,12181301
640,20192,12181301
640,20224,12181301
640,20256,12304679
640,20288,12304679
640,20320,12304679
640,20352,12304679
640,20384,12424371
640,20416,12424371
640,20448,12424371
640,20480,12424371
640,20512,12482628
640,20544,12482628
640,20576,12482628
640,20608,12482628
640,20640,12623019
640,20672,12623019
640,20704,12623019
640,20736,12623019
640,20768,12684904
640,20800,12684904
640,20832,12684904
640,20864,12684904
640,20896,12762196
640,20928,12762196
640,20960,12762196
640,20992,12762196
640,21024,12840258
640,21056,12840258
640,21088,12840258
640,21120,12840258
640,21152,12962816
640,21184,12962816
640,21216,12962816
640,21248,12962816
640,21280,13081060
640,21312,13081060
640,21344,13081060
640,21376,13081060
640,21408,13218458
640,21440,13218458
640,21472,13218458
640,21504,13218458
640,21536,13287273
640,21568,13287273
640,21600,13287273
640,21632,13287273
640,21664,13326586
640,21696,13326586
640,21728,13326586
640,21760,13326586
640,21792,13371622
640,21824,13371622
640,21856,13371622
640,21888,13371622
640,21920,13425146
640,21952,13425146
640,21984,13425146
640,22016,13425146
640,22048,13445050
640,22080,13445050
640,22112,13445050
640,22144,13445050
640,22176,13519809
640,22208,13519809
640,22240,13519809
640,22272,13519809
640,22304,13544855
640,22336,13544855
640,22368,13544855
640,22400,13544855
640,22432,13623120
640,22464,13623120
640,22496,13623120
640,22528,13623120
640,22560,13700201
640,22592,13700201
640,22624,13700201
640,22656,13700201
640,22688,13806317
640,22720,13806317
640,22752,13806317
640,22784,13806317
640,22816,13840661
640,22848,13840661
640,22880,13840661
640,22912,13840661
640,22944,13870990
640,22976,13870990
640,23008,13870990
640,23040,13870990
640,23072,13896013
640,23104,13896013
640,23136,13896013
640,23168,13896013
640,23200,13941732
640,23232,13941732
640,23264,13941732
640,23296,13941732
640,23328,13998412
640,23360,13998412
640,23392,13998412
640,23424,13998412
640,23456,14039128
640,23488,14039128
640,23520,14039128
640,23552,14039128
640,23584,14095984
640,23616,14095984
640,23648,14095984
640,23680,14095984
640,23712,14119162
640,23744,14119162
640,23776,14119162
640,23808,14119162
640,23840,14134439
640,23872,14134439
640,23904,14134439
640,23936,14134439
640,23968,14167088
640,24000,14167088
640,24032,14167088
640,24064,14167088
640,24096,14184895
640,24128,14184895
640,24160,14184895
640,24192,14184895
640,24224,14204751
640,24256,14204751
640,24288,14204751
640,24320,14204751
640,24352,14214377
640,24384,14214377
640,24416,14214377
640,24448,14214377
640,24480,14244590
640,24512,14244590
640,24544,14244590
640,24576,14244590
640,24608,14260111
640,24640,14260111
640,24672,14260111
640,24704,14260111
640,24736,14283800
640,24768,14283800
640,24800,14283800
640,24832,14283800
640,24864,14288814
640,24896,14288814
640,24928,14288814
640,24960,14288814
640,24992,14327823
640,25024,14327823
640,25056,14327823
640,25088,14327823
640,25120,14358316
640,25152,14358316
640,25184,14358316
640,25216,14358316
640,25248,14369821
640,25280,14369821
640,25312,14369821
640,25344,14369821
640,25376,14392184
640,25408,14392184
640,25440,14392184
640,25472,14392184
640,25504,14395439
640,25536,14395439
640,25568,14395439
640,25600,14395439
640,25632,14403770
640,25664,14403770
640,25696,14403770
640,25728,14403770
640,25760,14417684
640,25792,14417684
640,25824,14417684
640,25856,14417684
640,25888,14427466
640,25920,14427466
640,25952,14427466
640,25984,14427466
640,26016,14438488
640,26048,14438488
640,26080,14438488
640,26112,14438488
640,26144,14446493
640,26176,14446493
640,26208,14446493
640,26240,14446493
640,26272,14447080
640,26304,14447080
640,26336,14447080
640,26368,14447080
640,26400,14448473
640,26432,14448473
640,26464,14448473
640,26496,14448473
640,26528,14457226
640,26560,14457226
640,26592,14457226
640,26624,14457226
640,26656,14457226
640,26688,14457226
640,26720,14457226
640,26752,14457226
640,26784,14457602
640,26816,14457602
640,26848,14457602
640,26880,14457602
640,26912,14457602
640,26944,14457602
640,26976,14457602
640,27008,14457602
640,27040,14460193
640,27072,14460193
640,27104,14460193
640,27136,14460193
640,27168,14463234
640,27200,14463234
640,27232,14463234
640,27264,14463234
640,27296,14464945
640,27328,14464945
640,27360,14464945
640,27392,14464945
640,27424,14464945
640,27456,14464945
640,27488,14464945
640,27520,14464945
640,27552,14464945
640,27584,14464945
640,27616,14464945
640,27648,14464945
640,27680,14464945
640,27712,14464945
640,27744,14464945
640,27776,14464945
640,27808,14464945
640,27840,14464945
640,27872,14464945
640,27904,14464945
640,27936,14472027
640,27968,14472027
640,28000,14472027
640,28032,14472027
640,28064,14472027
640,28096,14472027
640,28128,14472027
640,28160,14472027
640,28192,14472027
640,28224,14472027
640,28256,14472027
640,28288,14472027
640,28320,14472027
640,28352,14472027
640,28384,14472027
640,28416,14472027
640,28448,14472027
640,28480,14472027
640,28512,14472027
640,28544,14472027
640,28576,14472027
640,28608,14472027
640,28640,14472027
640,28672,14472027
640,28704,14472027
640,28736,14472027
640,28768,14472027
640,28800,14472027
640,28832,14472712
640,28864,14472712
640,28896,14472712
640,28928,14472712
640,28960,14472712
640,28992,14472712
640,29024,14472712
640,29056,14472712
640,29088,14472712
640,29120,14472712
640,29152,14472712
640,29184,14472712
640,29216,14477606
640,29248,14477606
640,29280,14477606
640,29312,14477606
640,29344,14477606
640,29376,14477606
640,29408,14477606
640,29440,14477606
640,29472,14477606
640,29504,14477606
640,29536,14477606
640,29568,14477606
640,29600,14477606
640,29632,14477606
640,29664,14477606
640,29696,14477606
640,29728,14477606
640,29760,14477606
640,29792,14477606
640,29824,14477606
640,29856,14477606
640,29888,14477606
640,29920,14477606
640,29952,14477606
640,29984,14477606
640,30016,14477606
640,30048,14477606
640,30080,14477606
640,30112,14477606
640,30144,14477606
640,30176,14477606
640,30208,14477606
640,30240,14477606
640,30272,14477606
640,30304,14477606
640,30336,14477606
640,30368,14477606
640,30400,14477606
640,30432,14477606
640,30464,14477606
640,30496,14477606
640,30528,14477606
640,30560,14477606
640,30592,14477606
640,30624,14477606
640,30656,14477606
640,30688,14477606
640,30720,14477606
640,30752,14477606
640,30784,14477606
640,30816,14477606
640,30848,14477606
640,30880,14477606
640,30912,14477606
640,30944,14477606
640,30976,14477606
640,31008,14477606
640,31040,14477606
640,31072,14477606
640,31104,14477606
640,31136,14477606
640,31168,14477606
640,31200,14477606
640,31232,14477606
640,31264,14477606
640,31296,14477606
640,31328,14477606
640,31360,14477606
640,31392,14477606
640,31424,14477606
640,31456,14477606
640,31488,14477606
640,31520,14477606
640,31552,14477606
640,31584,14477606
640,31616,14477606
640,31648,14477606
640,31680,14477606
640,31712,14477606
640,31744,14477606
640,31776,14477606
640,31808,14477606
640,31840,14477606
640,31872,14477606
640,31904,14477606
640,31936,14477606
640,31968,14477606
640,32000,14477606
640,32032,14477606
640,32064,14477606
640,32096,14477606
640,32128,14477606
640,32160,14477606
640,32192,14477606
640,32224,14477606
640,32256,14477606
640,32288,14477606
640,32320,14477606
640,32352,14477606
640,32384,14477606
640,32416,14477606
640,32448,14477606
640,32480,14477606
640,32512,14477606
640,32544,14477606
640,32576,14477606
640,32608,14477606
640,32640,14477606
640,32672,14477606
640,32704,14477606
640,32736,14477606
640,32768,14477606
640,32800,14477606
640,32832,14477606
640,32864,14477606
640,32896,14477606
640,32928,14477606
640,32960,14477606
640,32992,14477606
640,33024,14477606
640,33056,14477606
640,33088,14477606
640,33120,14477606
640,33152,14477606
640,33184,14477606
640,33216,14477606
640,33248,14477606
640,33280,14477606
640,33312,14477606
640,33344,14477606
640,33376,14477606
640,33408,14477606
640,33440,14477606
640,33472,14477606
640,33504,14477606
640,33536,14477606
640,33568,14477606
640,33600,14477606
640,33632,14477606
640,33664,14477606
640,33696,14477606
640,33728,14477606
640,33760,14477606
640,33792,14477606
640,33824,14477606
640,33856,14477606
640,33888,14477606
640,33920,14477606
640,33952,14477606
640,33984,14477606
640,34016,14477606
640,34048,14477606
640,34080,14477606
640,34112,14477606
640,34144,14477606
640,34176,14477606
640,34208,14477606
640,34240,14477606
640,34272,14477606
640,34304,14477606
640,34336,14477606
640,34368,14477606
640,34400,14477606
640,34432,14477606
640,34464,14477606
640,34496,14477606
640,34528,14477606
640,34560,14477606
640,34592,14477606
640,34624,14477606
640,34656,14477606
640,34688,14477606
640,34720,14477606
640,34752,14477606
640,34784,14477606
640,34816,14477606
640,34848,14477606
640,34880,14477606
640,34912,14477606
640,34944,14477606
640,34976,14477606
640,35008,14477606
640,35040,14477606
640,35072,14477606
640,35104,14477606
640,35136,14477606
640,35168,14477606
640,35200,14477606
640,35232,14477606
640,35264,14477606
640,35296,14477606
640,35328,14477606
640,35360,14477606
640,35392,14477606
640,35424,14477606
640,35456,14477606
640,35488,14477606
640,35520,14477606
640,35552,14477606
640,35584,14477606
640,35616,14477606
640,35648,14477606
640,35680,14477606
640,35712,14477606
640,35744,14477606
640,35776,14477606
640,35808,14477606
640,35840,14477606
640,35872,14477606
640,35904,14477606
640,35936,14477606
640,35968,14477606
640,36000,14477606
640,36032,14477606
640,36064,14477606
640,36096,14477606
640,36128,14477606
640,36160,14477606
640,36192,14477606
640,36224,14477606
640,36256,14477606
640,36288,14477606
640,36320,14477606
640,36352,14477606
640,36384,14477606
640,36416,14477606
640,36448,14477606
640,36480,14477606
640,36512,14477606
640,36544,14477606
640,36576,14477606
640,36608,14477606
640,36640,14477606
640,36672,14477606
640,36704,14477606
640,36736,14477606
640,36768,14477606
640,36800,14477606
640,36832,14477606
640,36864,14477606
640,36896,14477606
640,36928,14477606
640,36960,14477606
640,36992,14477606
640,37024,14477606
640,37056,14477606
640,37088,14477606
640,37120,14477606
640,37152,14477606
640,37184,14477606
640,37216,14477606
640,37248,14477606
640,37280,14477606
640,37312,14477606
640,37344,14477606
640,37376,14477606
640,37408,14477606
640,37440,14477606
640,37472,14477606
640,37504,14477606
640,37536,14477606
640,37568,14477606
640,37600,14477606
640,37632,14477606
640,37664,14477606
640,37696,14477606
640,37728,14477606
640,37760,14477606
640,37792,14477606
640,37824,14477606
640,37856,14477606
640,37888,14477606
640,37920,14477606
640,37952,14477606
640,37984,14477606
640,38016,14477606
640,38048,14477606
640,38080,14477606
640,38112,14477606
640,38144,14477606
640,38176,14477606
640,38208,14477606
640,38240,14477606
640,38272,14477606
640,38304,14477606
640,38336,14477606
640,38368,14477606
640,38400,14477606
640,38432,14477606
640,38464,14477606
640,38496,14477606
640,38528,14477606
640,38560,14477606
640,38592,14477606
640,38624,14477606
640,38656,14477606
640,38688,14477606
640,38720,14477606
640,38752,14477606
640,38784,14477606
640,38816,14477606
640,38848,14477606
640,38880,14477606
640,38912,14477606
640,38944,14477606
640,38976,14477606
640,39008,14477606
640,39040,14477606
640,39072,14477606
640,39104,14477606
640,39136,14477606
640,39168,14477606
640,39200,14477606
640,39232,14477606
640,39264,14477606
640,39296,14477606
640,39328,14477606
640,39360,14477606
640,39392,14477606
640,39424,14477606
640,39456,14477606
640,39488,14477606
640,39520,14477606
640,39552,14477606
640,39584,14477606
640,39616,14477606
640,39648,14477606
640,39680,14477606
640,39712,14477606
640,39744,14477606
640,39776,14477606
640,39808,14477606
640,39840,14477606
640,39872,14477606
640,39904,14477606
640,39936,14477606
640,39968,14477606
640,40000,14477606
640,40032,14477606
640,40064,14477606
640,40096,14477606
640,40128,14477606
640,40160,14477606
640,40192,14477606
640,40224,14477606
640,40256,14477606
640,40288,14477606
640,40320,14477606
640,40352,14477606
640,40384,14477606
640,40416,14477606
640,40448,14477606
640,40480,14477606
640,40512,14477606
640,40544,14477606
640,40576,14477606
640,40608,14477606
640,40640,14477606
640,40672,14477606
640,40704,14477606
640,40736,14477606
640,40768,14477606
640,40800,14477606
640,40832,14477606
640,40864,14477606
640,40896,14477606
640,40928,14477606
640,40960,14477606
704,32,18624
704,64,18439
704,96,18405
704,128,18409
704,160,18409
704,192,18468
704,224,18547
704,256,18617
704,288,18618
704,320,18784
704,352,18796
704,384,18798
704,416,18907
704,448,19319
704,480,21140
704,512,23094
704,544,26670
704,576,27838
704,608,28800
704,640,29293
704,672,30129
704,704,30598
704,736,31502
704,768,31846
704,800,32508
704,832,32781
704,864,33309
704,896,33555
704,928,33927
704,960,34263
704,992,34614
704,1024,35134
704,1056,35757
704,1088,45647
704,1120,48234
704,1152,49962
704,1184,50336
704,1216,51191
704,1248,51626
704,1280,52343
704,1312,52661
704,1344,53554
704,1376,53949
704,1408,54941
704,1440,55108
704,1472,55546
704,1504,56065
704,1536,56500
704,1568,58020
704,1600,75107
704,1632,75701
704,1664,80969
704,1696,81439
704,1728,84653
704,1760,85000
704,1792,87952
704,1824,88309
704,1856,90730
704,1888,90991
704,1920,93397
704,1952,93728
704,1984,99317
704,2016,99598
704,2048,112271
704,2080,113833
704,2112,179283
704,2144,181297
704,2176,189453
704,2208,190367
704,2240,193030
704,2272,194058
704,2304,195867
704,2336,197025
704,2368,198816
704,2400,200346
704,2432,202112
704,2464,203428
704,2496,205339
704,2528,206740
704,2560,209391
704,2592,215045
704,2624,230196
704,2656,235965
704,2688,238656
704,2720,239979
704,2752,241102
704,2784,241933
704,2816,243341
704,2848,244296
704,2880,245550
704,2912,246256
704,2944,248196
704,2976,249441
704,3008,250967
704,3040,252080
704,3072,254731
704,3104,258436
704,3136,271951
704,3168,277220
704,3200,281048
704,3232,282249
704,3264,284600
704,3296,286128
704,3328,288334
704,3360,289219
704,3392,291896
704,3424,293589
704,3456,297637
704,3488,308366
704,3520,317164
704,3552,324026
704,3584,330785
704,3616,349295
704,3648,397263
704,3680,417007
704,3712,426117
704,3744,430014
704,3776,432387
704,3808,435853
704,3840,440484
704,3872,442526
704,3904,445649
704,3936,448754
704,3968,455579
704,4000,458014
704,4032,460852
704,4064,461568
704,4096,463888
704,4128,464121
704,4160,464532
704,4192,474002
704,4224,476986
704,4256,498920
704,4288,499102
704,4320,534372
704,4352,534991
704,4384,556297
704,4416,556297
704,4448,568685
704,4480,568685
704,4512,576504
704,4544,576504
704,4576,588038
704,4608,588038
704,4640,594009
704,4672,594009
704,4704,602083
704,4736,602083
704,4768,611845
704,4800,611845
704,4832,642065
704,4864,642065
704,4896,657465
704,4928,657465
704,4960,679518
704,4992,679518
704,5024,680223
704,5056,680223
704,5088,684149
704,5120,684149
704,5152,685709
704,5184,685709
704,5216,696193
704,5248,696193
704,5280,704585
704,5312,704585
704,5344,726881
704,5376,726881
704,5408,732994
704,5440,732994
704,5472,745589
704,5504,745589
704,5536,746775
704,5568,746775
704,5600,758204
704,5632,758204
704,5664,761771
704,5696,761771
704,5728,785831
704,5760,785831
704,5792,790065
704,5824,790065
704,5856,847254
704,5888,847254
704,5920,851424
704,5952,851424
704,5984,869248
704,6016,869248
704,6048,870415
704,6080,870415
704,6112,903742
704,6144,903742
704,6176,907485
704,6208,907485
704,6240,980125
704,6272,980125
704,6304,985061
704,6336,985061
704,6368,1082501
704,6400,1082501
704,6432,1088195
704,6464,1088195
704,6496,1149154
704,6528,1149154
704,6560,1152907
704,6592,1152907
704,6624,1188929
704,6656,1188929
704,6688,1194163
704,6720,1194163
704,6752,1252028
704,6784,1252028
704,6816,1265319
704,6848,1265319
704,6880,1356845
704,6912,1356845
704,6944,1366635
704,6976,1366635
704,7008,1424967
704,7040,1424967
704,7072,1428075
704,7104,1428075
704,7136,1490207
704,7168,1490207
704,7200,1495082
704,7232,1495082
704,7264,1528774
704,7296,1528774
704,7328,1549559
704,7360,1549559
704,7392,1646370
704,7424,1646370
704,7456,1663303
704,7488,1663303
704,7520,1732232
704,7552,1732232
704,7584,1736294
704,7616,1736294
704,7648,1795010
704,7680,1795010
704,7712,1802687
704,7744,1802687
704,7776,1865493
704,7808,1865493
704,7840,1888526
704,7872,1888526
704,7904,1986401
704,7936,1986401
704,7968,2003700
704,8000,2003700
704,8032,2030502
704,8064,2030502
704,8096,2038212
704,8128,2038212
704,8160,2052145
704,8192,2052145
704,8224,2058677
704,8256,2058677
704,8288,2068957
704,8320,2068957
704,8352,2072697
704,8384,2072697
704,8416,2089079
704,8448,2089079
704,8480,2113180
704,8512,2113180
704,8544,2185428
704,8576,2185428
704,8608,2217377
704,8640,2217377
704,8672,2238419
704,8704,2238419
704,8736,2245823
704,8768,2245823
704,8800,2279640
704,8832,2279640
704,8864,2291846
704,8896,2291846
704,8928,2323971
704,8960,2323971
704,8992,2356946
704,9024,2356946
704,9056,2407502
704,9088,2407502
704,9120,2429798
704,9152,2429798
704,9184,2449567
704,9216,2449567
704,9248,2458052
704,9280,2458052
704,9312,2469976
704,9344,2469976
704,9376,2483294
704,9408,2483294
704,9440,2491620
704,9472,2491620
704,9504,2525691
704,9536,2525691
704,9568,2599379
704,9600,2599379
704,9632,2632284
704,9664,2632284
704,9696,2650355
704,9728,2650355
704,9760,2661149
704,9792,2661149
704,9824,2679296
704,9856,2679296
704,9888,2692663
704,9920,2692663
704,9952,2702877
704,9984,2702877
704,10016,2725733
704,10048,2725733
704,10080,2817384
704,10112,2817384
704,10144,2859540
704,10176,2859540
704,10208,2876302
704,10240,2876302
704,10272,2884553
704,10304,2884553
704,10336,2901721
704,10368,2901721
704,10400,2913025
704,10432,2913025
704,10464,2929922
704,10496,2929922
704,10528,2974370
704,10560,2974370
704,10592,3061699
704,10624,3061699
704,10656,3092330
704,10688,3092330
704,10720,3116124
704,10752,3116124
704,10784,3135572
704,10816,3135572
704,10848,3151368
704,10880,3151368
704,10912,3167682
704,10944,3167682
704,10976,3190361
704,11008,3190361
704,11040,3215766
704,11072,3215766
704,11104,3296077
704,11136,3296077
704,11168,3328296
704,11200,3328296
704,11232,3340738
704,11264,3340738
704,11296,3343723
704,11328,3343723
704,11360,3358613
704,11392,3358613
704,11424,3374140
704,11456,3374140
704,11488,3387708
704,11520,3387708
704,11552,3419751
704,11584,3419751
704,11616,3478685
704,11648,3478685
704,11680,3498683
704,11712,3498683
704,11744,3528320
704,11776,3528320
704,11808,3533778
704,11840,3533778
704,11872,3538095
704,11904,3538095
704,11936,3549107
704,11968,3549107
704,12000,3564305
704,12032,3564305
704,12064,3580876
704,12096,3580876
704,12128,3626324
704,12160,3626324
704,12192,3647496
704,12224,3647496
704,12256,3661767
704,12288,3661767
704,12320,3665262
704,12352,3665262
704,12384,3669097
704,12416,3669097
704,12448,3673229
704,12480,3673229
704,12512,3689600
704,12544,3689600
704,12576,3693005
704,12608,3693005
704,12640,3703879
704,12672,3703879
704,12704,3713594
704,12736,3713594
704,12768,3753572
704,12800,3753572
704,12832,3759121
704,12864,3759121
704,12896,3773852
704,12928,3773852
704,12960,3774619
704,12992,3774619
704,13024,3775478
704,13056,3775478
704,13088,3782772
704,13120,3782772
704,13152,3783869
704,13184,3783869
704,13216,3796338
704,13248,3796338
704,13280,3821884
704,13312,3821884
704,13344,3826479
704,13376,3826479
704,13408,3829419
704,13440,3829419
704,13472,3833378
704,13504,3833378
704,13536,3834512
704,13568,3834512
704,13600,3839545
704,13632,3839545
704,13664,3850814
704,13696,3850814
704,13728,3869221
704,13760,3869221
704,13792,3916709
704,13824,3916709
704,13856,3929920
704,13888,3929920
704,13920,3951798
704,13952,3951798
704,13984,3972573
704,14016,3972573
704,14048,3995176
704,14080,3995176
704,14112,4002441
704,14144,4002441
704,14176,4048420
704,14208,4048420
704,14240,4087179
704,14272,4087179
704,14304,4193419
704,14336,4193419
704,14368,4230572
704,14400,4230572
704,14432,4270133
704,14464,4270133
704,14496,4296889
704,14528,4296889
704,14560,4320259
704,14592,4320259
704,14624,4339218
704,14656,4339218
704,14688,4435430
704,14720,4435430
704,14752,4464613
704,14784,4464613
704,14816,4629223
704,14848,4629223
704,14880,4643729
704,14912,4643729
704,14944,4738594
704,14976,4738594
704,15008,4774484
704,15040,4774484
704,15072,4906381
704,15104,4906381
704,15136,4933846
704,15168,4933846
704,15200,5039162
704,15232,5039162
704,15264,5143528
704,15296,5143528
704,15328,5370897
704,15360,5370897
704,15392,5436665
704,15424,5436665
704,15456,5540886
704,15488,5540886
704,15520,5563794
704,15552,5563794
704,15584,5633163
704,15616,5633163
704,15648,5673298
704,15680,5673298
704,15712,5788722
704,15744,5788722
704,15776,5894706
704,15808,5894706
704,15840,6104780
704,15872,6104780
704,15904,6198914
704,15936,6198914
704,15968,6318672
704,16000,6318672
704,16032,6380822
704,16064,6380822
704,16096,6437951
704,16128,6437951
704,16160,6508860
704,16192,6508860
704,16224,6562208
704,16256,6562208
704,16288,6662843
704,16320,6662843
704,16352,6878908
704,16384,6878908
704,16416,6882781
704,16448,6882781
704,16480,6935131
704,16512,6935131
704,16544,7009360
704,16576,7009360
704,16608,7026537
704,16640,7026537
704,16672,7137040
704,16704,7137040
704,16736,7147991
704,16768,7147991
704,16800,7242436
704,16832,7242436
704,16864,7244448
704,16896,7244448
704,16928,7452354
704,16960,7452354
704,16992,7466013
704,17024,7466013
704,17056,7866198
704,17088,7866198
704,17120,7874373
704,17152,7874373
704,17184,8117066
704,17216,8117066
704,17248,8117066
704,17280,8117066
704,17312,8415621
704,17344,8415621
704,17376,8415621
704,17408,8415621
704,17440,8524233
704,17472,8524233
704,17504,8524233
704,17536,8524233
704,17568,8693409
704,17600,8693409
704,17632,8693409
704,17664,8693409
704,17696,8833962
704,17728,8833962
704,17760,8833962
704,17792,8833962
704,17824,9001784
704,17856,9001784
704,17888,9001784
704,17920,9001784
704,17952,9119350
704,17984,9119350
704,18016,9119350
704,18048,9119350
704,18080,9384618
704,18112,9384618
704,18144,9384618
704,18176,9384618
704,18208,9508991
704,18240,9508991
704,18272,9508991
704,18304,9508991
704,18336,9785240
704,18368,9785240
704,18400,9785240
704,18432,9785240
704,18464,9941663
704,18496,9941663
704,18528,9941663
704,18560,9941663
704,18592,10197218
704,18624,10197218
704,18656,10197218
704,18688,10197218
704,18720,10294414
704,18752,10294414
704,18784,10294414
704,18816,10294414
704,18848,10541092
704,18880,10541092
704,18912,10541092
704,18944,10541092
704,18976,10673740
704,19008,10673740
704,19040,10673740
704,19072,10673740
704,19104,10918798
704,19136,10918798
704,19168,10918798
704,19200,10918798
704,19232,11034708
704,19264,11034708
704,19296,11034708
704,19328,11034708
704,19360,11153307
704,19392,11153307
704,19424,11153307
704,19456,11153307
704,19488,11289634
704,19520,11289634
704,19552,11289634
704,19584,11289634
704,19616,11582269
704,19648,11582269
704,19680,11582269
704,19712,11582269
704,19744,11659234
704,19776,11659234
704,19808,11659234
704,19840,11659234
704,19872,11853303
704,19904,11853303
704,19936,11853303
704,19968,11853303
704,20000,11953334
704,20032,11953334
704,20064,11953334
704,20096,11953334
704,20128,12181301
704,20160,12181301
704,20192,12181301
704,20224,12181301
704,20256,12304679
704,20288,12304679
704,20320,12304679
704,20352,12304679
704,20384,12424371
704,20416,12424371
704,20448,12424371
704,20480,12424371
704,20512,12482628
704,20544,12482628
704,20576,12482628
704,20608,12482628
704,20640,12623019
704,20672,12623019
704,20704,12623019
704,20736,12623019
704,20768,12684904
704,20800,12684904
704,20832,12684904
704,20864,12684904
704,20896,12762196
704,20928,12762196
704,20960,12762196
704,20992,12762196
704,21024,12840258
704,21056,12840258
704,21088,12840258
704,21120,12840258
704,21152,12962816
704,21184,12962816
704,21216,12962816
704,21248,12962816
704,21280,13081060
704,21312,13081060
704,21344,13081060
704,21376,13081060
704,21408,13218458
704,21440,13218458
704,21472,13218458
704,21504,13218458
704,21536,13287273
704,21568,13287273
704,21600,13287273
704,21632,13287273
704,21664,13326586
704,21696,13326586
704,21728,13326586
704,21760,13326586
704,21792,13371622
704,21824,13371622
704,21856,13371622
704,21888,13371622
704,21920,13425146
704,21952,13425146
704,21984,13425146
704,22016,13425146
704,22048,13445050
704,22080,13445050
704,22112,13445050
704,22144,13445050
704,22176,13519809
704,22208,13519809
704,22240,13519809
704,22272,13519809
704,22304,13544855
704,22336,13544855
704,22368,13544855
704,22400,13544855
704,22432,13623120
704,22464,13623120
704,22496,13623120
704,22528,13623120
704,22560,13700201
704,22592,13700201
704,22624,13700201
704,22656,13700201
704,22688,13806317
704,22720,13806317
704,22752,13806317
704,22784,13806317
704,22816,13840661
704,22848,13840661
704,22880,13840661
704,22912,13840661
704,22944,13870990
704,22976,13870990
704,23008,13870990
704,23040,13870990
704,23072,13896013
704,23104,13896013
704,23136,13896013
704,23168,13896013
704,23200,13941732
704,23232,13941732
704,23264,13941732
704,23296,13941732
704,23328,13998412
704,23360,13998412
704,23392,13998412
704,23424,13998412
704,23456,14039128
704,23488,14039128
704,23520,14039128
704,23552,14039128
704,23584,14095984
704,23616,14095984
704,23648,14095984
704,23680,14095984
704,23712,14119162
704,23744,14119162
704,23776,14119162
704,23808,14119162
704,23840,14134439
704,23872,14134439
704,23904,14134439
704,23936,14134439
704,23968,14167088
704,24000,14167088
704,24032,14167088
704,24064,14167088
704,24096,14184895
704,24128,14184895
704,24160,14184895
704,24192,14184895
704,24224,14204751
704,24256,14204751
704,24288,14204751
704,24320,14204751
704,24352,14214377
704,24384,14214377
704,24416,14214377
704,24448,14214377
704,24480,14244590
704,24512,14244590
704,24544,14244590
704,24576,14244590
704,24608,14260111
704,24640,14260111
704,24672,14260111
704,24704,14260111
704,24736,14283800
704,24768,14283800
704,24800,14283800
704,24832,14283800
704,24864,14288814
704,24896,14288814
704,24928,14288814
704,24960,14288814
704,24992,14327823
704,25024,14327823
704,25056,14327823
704,25088,14327823
704,25120,14358316
704,25152,14358316
704,25184,14358316
704,25216,14358316
704,25248,14369821
704,25280,14369821
704,25312,14369821
704,25344,14369821
704,25376,14392184
704,25408,14392184
704,25440,14392184
704,25472,14392184
704,25504,14395439
704,25536,14395439
704,25568,14395439
704,25600,14395439
704,25632,14403770
704,25664,14403770
704,25696,14403770
704,25728,14403770
704,25760,14417684
704,25792,14417684
704,25824,14417684
704,25856,14417684
704,25888,14427466
704,25920,14427466
704,25952,14427466
704,25984,14427466
704,26016,14438488
704,26048,14438488
704,26080,14438488
704,26112,14438488
704,26144,14446493
704,26176,14446493
704,26208,14446493
704,26240,14446493
704,26272,14447080
704,26304,14447080
704,26336,14447080
704,26368,14447080
704,26400,14448473
704,26432,14448473
704,26464,14448473
704,26496,14448473
704,26528,14457226
704,26560,14457226
704,26592,14457226
704,26624,14457226
704,26656,14457226
704,26688,14457226
704,26720,14457226
704,26752,14457226
704,26784,14457602
704,26816,14457602
704,26848,14457602
704,26880,14457602
704,26912,14457602
704,26944,14457602
704,26976,14457602
704,27008,14457602
704,27040,14460193
704,27072,14460193
704,27104,14460193
704,27136,14460193
704,27168,14463234
704,27200,14463234
704,27232,14463234
704,27264,14463234
704,27296,14464945
704,27328,14464945
704,27360,14464945
704,27392,14464945
704,27424,14464945
704,27456,14464945
704,27488,14464945
704,27520,14464945
704,27552,14464945
704,27584,14464945
704,27616,14464945
704,27648,14464945
704,27680,14464945
704,27712,14464945
704,27744,14464945
704,27776,14464945
704,27808,14464945
704,27840,14464945
704,27872,14464945
704,27904,14464945
704,27936,14472027
704,27968,14472027
704,28000,14472027
704,28032,14472027
704,28064,14472027
704,28096,14472027
704,28128,14472027
704,28160,14472027
704,28192,14472027
704,28224,14472027
704,28256,14472027
704,28288,14472027
704,28320,14472027
704,28352,14472027
704,28384,14472027
704,28416,14472027
704,28448,14472027
704,28480,14472027
704,28512,14472027
704,28544,14472027
704,28576,14472027
704,28608,14472027
704,28640,14472027
704,28672,14472027
704,28704,14472027
704,28736,14472027
704,28768,14472027
704,28800,14472027
704,28832,14472712
704,28864,14472712
704,28896,14472712
704,28928,14472712
704,28960,14472712
704,28992,14472712
704,29024,14472712
704,29056,14472712
704,29088,14472712
704,29120,14472712
704,29152,14472712
704,29184,14472712
704,29216,14477606
704,29248,14477606
704,29280,14477606
704,29312,14477606
704,29344,14477606
704,29376,14477606
704,29408,14477606
704,29440,14477606
704,29472,14477606
704,29504,14477606
704,29536,14477606
704,29568,14477606
704,29600,14477606
704,29632,14477606
704,29664,14477606
704,29696,14477606
704,29728,14477606
704,29760,14477606
704,29792,14477606
704,29824,14477606
704,29856,14477606
704,29888,14477606
704,29920,14477606
704,29952,14477606
704,29984,14477606
704,30016,14477606
704,30048,14477606
704,30080,14477606
704,30112,14477606
704,30144,14477606
704,30176,14477606
704,30208,14477606
704,30240,14477606
704,30272,14477606
704,30304,14477606
704,30336,14477606
704,30368,14477606
704,30400,14477606
704,30432,14477606
704,30464,14477606
704,30496,14477606
704,30528,14477606
704,30560,14477606
704,30592,14477606
704,30624,14477606
704,30656,14477606
704,30688,14477606
704,30720,14477606
704,30752,14477606
704,30784,14477606
704,30816,14477606
704,30848,14477606
704,30880,14477606
704,30912,14477606
704,30944,14477606
704,30976,14477606
704,31008,14477606
704,31040,14477606
704,31072,14477606
704,31104,14477606
704,31136,14477606
704,31168,14477606
704,31200,14477606
704,31232,14477606
704,31264,14477606
704,31296,14477606
704,31328,14477606
704,31360,14477606
704,31392,14477606
704,31424,14477606
704,31456,14477606
704,31488,14477606
704,31520,14477606
704,31552,14477606
704,31584,14477606
704,31616,14477606
704,31648,14477606
704,31680,14477606
704,31712,14477606
704,31744,14477606
704,31776,14477606
704,31808,14477606
704,31840,14477606
704,31872,14477606
704,31904,14477606
704,31936,14477606
704,31968,14477606
704,32000,14477606
704,32032,14477606
704,32064,14477606
704,32096,14477606
704,32128,14477606
704,32160,14477606
704,32192,14477606
704,32224,14477606
704,32256,14477606
704,32288,14477606
704,32320,14477606
704,32352,14477606
704,32384,14477606
704,32416,14477606
704,32448,14477606
704,32480,14477606
704,32512,14477606
704,32544,14477606
704,32576,14477606
704,32608,14477606
704,32640,14477606
704,32672,14477606
704,32704,14477606
704,32736,14477606
704,32768,14477606
704,32800,14477606
704,32832,14477606
704,32864,14477606
704,32896,14477606
704,32928,14477606
704,32960,14477606
704,32992,14477606
704,33024,14477606
704,33056,14477606
704,33088,14477606
704,33120,14477606
704,33152,14477606
704,33184,14477606
704,33216,14477606
704,33248,14477606
704,33280,14477606
704,33312,14477606
704,33344,14477606
704,33376,14477606
704,33408,14477606
704,33440,14477606
704,33472,14477606
704,33504,14477606
704,33536,14477606
704,33568,14477606
704,33600,14477606
704,33632,14477606
704,33664,14477606
704,33696,14477606
704,33728,14477606
704,33760,14477606
704,33792,14477606
704,33824,14477606
704,33856,14477606
704,33888,14477606
704,33920,14477606
704,33952,14477606
704,33984,14477606
704,34016,14477606
704,34048,14477606
704,34080,14477606
704,34112,14477606
704,34144,14477606
704,34176,14477606
704,34208,14477606
704,34240,14477606
704,34272,14477606
704,34304,14477606
704,34336,14477606
704,34368,14477606
704,34400,14477606
704,34432,14477606
704,34464,14477606
704,34496,14477606
704,34528,14477606
704,34560,14477606
704,34592,14477606
704,34624,14477606
704,34656,14477606
704,34688,14477606
704,34720,14477606
704,34752,14477606
704,34784,14477606
704,34816,14477606
704,34848,14477606
704,34880,14477606
704,34912,14477606
704,34944,14477606
704,34976,14477606
704,35008,14477606
704,35040,14477606
704,35072,14477606
704,35104,14477606
704,35136,14477606
704,35168,14477606
704,35200,14477606
704,35232,14477606
704,35264,14477606
704,35296,14477606
704,35328,14477606
704,35360,14477606
704,35392,14477606
704,35424,14477606
704,35456,14477606
704,35488,14477606
704,35520,14477606
704,35552,14477606
704,35584,14477606
704,35616,14477606
704,35648,14477606
704,35680,14477606
704,35712,14477606
704,35744,14477606
704,35776,14477606
704,35808,14477606
704,35840,14477606
704,35872,14477606
704,35904,14477606
704,35936,14477606
704,35968,14477606
704,36000,14477606
704,36032,14477606
704,36064,14477606
704,36096,14477606
704,36128,14477606
704,36160,14477606
704,36192,14477606
704,36224,14477606
704,36256,14477606
704,36288,14477606
704,36320,14477606
704,36352,14477606
704,36384,14477606
704,36416,14477606
704,36448,14477606
704,36480,14477606
704,36512,14477606
704,36544,14477606
704,36576,14477606
704,36608,14477606
704,36640,14477606
704,36672,14477606
704,36704,14477606
704,36736,14477606
704,36768,14477606
704,36800,14477606
704,36832,14477606
704,36864,14477606
704,36896,14477606
704,36928,14477606
704,36960,14477606
704,36992,14477606
704,37024,14477606
704,37056,14477606
704,37088,14477606
704,37120,14477606
704,37152,14477606
704,37184,14477606
704,37216,14477606
704,37248,14477606
704,37280,14477606
704,37312,14477606
704,37344,14477606
704,37376,14477606
704,37408,14477606
704,37440,14477606
704,37472,14477606
704,37504,14477606
704,37536,14477606
704,37568,14477606
704,37600,14477606
704,37632,14477606
704,37664,14477606
704,37696,14477606
704,37728,14477606
704,37760,14477606
704,37792,14477606
704,37824,14477606
704,37856,14477606
704,37888,14477606
704,37920,14477606
704,37952,14477606
704,37984,14477606
704,38016,14477606
704,38048,14477606
704,38080,14477606
704,38112,14477606
704,38144,14477606
704,38176,14477606
704,38208,14477606
704,38240,14477606
704,38272,14477606
704,38304,14477606
704,38336,14477606
704,38368,14477606
704,38400,14477606
704,38432,14477606
704,38464,14477606
704,38496,14477606
704,38528,14477606
704,38560,14477606
704,38592,14477606
704,38624,14477606
704,38656,14477606
704,38688,14477606
704,38720,14477606
704,38752,14477606
704,38784,14477606
704,38816,14477606
704,38848,14477606
704,38880,14477606
704,38912,14477606
704,38944,14477606
704,38976,14477606
704,39008,14477606
704,39040,14477606
704,39072,14477606
704,39104,14477606
704,39136,14477606
704,39168,14477606
704,39200,14477606
704,39232,14477606
704,39264,14477606
704,39296,14477606
704,39328,14477606
704,39360,14477606
704,39392,14477606
704,39424,14477606
704,39456,14477606
704,39488,14477606
704,39520,14477606
704,39552,14477606
704,39584,14477606
704,39616,14477606
704,39648,14477606
704,39680,14477606
704,39712,14477606
704,39744,14477606
704,39776,14477606
704,39808,14477606
704,39840,14477606
704,39872,14477606
704,39904,14477606
704,39936,14477606
704,39968,14477606
704,40000,14477606
704,40032,14477606
704,40064,14477606
704,40096,14477606
704,40128,14477606
704,40160,14477606
704,40192,14477606
704,40224,14477606
704,40256,14477606
704,40288,14477606
704,40320,14477606
704,40352,14477606
704,40384,14477606
704,40416,14477606
704,40448,14477606
704,40480,14477606
704,40512,14477606
704,40544,14477606
704,40576,14477606
704,40608,14477606
704,40640,14477606
704,40672,14477606
704,40704,14477606
704,40736,14477606
704,40768,14477606
704,40800,14477606
704,40832,14477606
704,40864,14477606
704,40896,14477606
704,40928,14477606
704,40960,14477606
768,32,19991
768,64,19802
768,96,19714
768,128,19814
768,160,19836
768,192,19862
768,224,19880
768,256,19900
768,288,19944
768,320,20015
768,352,20214
768,384,20215
768,416,20295
768,448,20576
768,480,22090
768,512,23990
768,544,27686
768,576,29042
768,608,30137
768,640,30654
768,672,31550
768,704,31938
768,736,32805
768,768,33163
768,800,33918
768,832,34226
768,864,34776
768,896,35003
768,928,35389
768,960,35743
768,992,36096
768,1024,36583
768,1056,37181
768,1088,46900
768,1120,49432
768,1152,51149
768,1184,51523
768,1216,52425
768,1248,52862
768,1280,53546
768,1312,53895
768,1344,54801
768,1376,55195
768,1408,56183
768,1440,56350
768,1472,56796
768,1504,57307
768,1536,57742
768,1568,59256
768,1600,76129
768,1632,76722
768,1664,81942
768,1696,82409
768,1728,85588
768,1760,85934
768,1792,88873
768,1824,89230
768,1856,91534
768,1888,91794
768,1920,94187
768,1952,94519
768,1984,100027
768,2016,100309
768,2048,112875
768,2080,114437
768,2112,179294
768,2144,181307
768,2176,189457
768,2208,190371
768,2240,193030
768,2272,194058
768,2304,195867
768,2336,197025
768,2368,198816
768,2400,200346
768,2432,202112
768,2464,203428
768,2496,205339
768,2528,206740
768,2560,209391
768,2592,215045
768,2624,230196
768,2656,235965
768,2688,238656
768,2720,239979
768,2752,241102
768,2784,241933
768,2816,243341
768,2848,244296
768,2880,245550
768,2912,246256
768,2944,248196
768,2976,249441
768,3008,250967
768,3040,252080
768,3072,254731
768,3104,258436
768,3136,271951
768,3168,277220
768,3200,281048
768,3232,282249
768,3264,284600
768,3296,286128
768,3328,288334
768,3360,289219
768,3392,291896
768,3424,293589
768,3456,297637
768,3488,308366
768,3520,317164
768,3552,324026
768,3584,330785
768,3616,349295
768,3648,397263
768,3680,417007
768,3712,426117
768,3744,430014
768,3776,432387
768,3808,435853
768,3840,440484
768,3872,442526
768,3904,445649
768,3936,448754
768,3968,455579
768,4000,458014
768,4032,460852
768,4064,461568
768,4096,463888
768,4128,464121
768,4160,464532
768,4192,474002
768,4224,476986
768,4256,498920
768,4288,499102
768,4320,534372
768,4352,534991
768,4384,556297
768,4416,556297
768,4448,568685
768,4480,568685
768,4512,576504
768,4544,576504
768,4576,588038
768,4608,588038
768,4640,594009
768,4672,594009
768,4704,602083
768,4736,602083
768,4768,611845
768,4800,611845
768,4832,642065
768,4864,642065
768,4896,657465
768,4928,657465
768,4960,679518
768,4992,679518
768,5024,680223
768,5056,680223
768,5088,684149
768,5120,684149
768,5152,685709
768,5184,685709
768,5216,696193
768,5248,696193
768,5280,704585
768,5312,704585
768,5344,726881
768,5376,726881
768,5408,732994
768,5440,732994
768,5472,745589
768,5504,745589
768,5536,746775
768,5568,746775
768,5600,758204
768,5632,758204
768,5664,761771
768,5696,761771
768,5728,785831
768,5760,785831
768,5792,790065
768,5824,790065
768,5856,847254
768,5888,847254
768,5920,851424
768,5952,851424
768,5984,869248
768,6016,869248
768,6048,870415
768,6080,870415
768,6112,903742
768,6144,903742
768,6176,907485
768,6208,907485
768,6240,980125
768,6272,980125
768,6304,985061
768,6336,985061
768,6368,1082501
768,6400,1082501
768,6432,1088195
768,6464,1088195
768,6496,1149154
768,6528,1149154
768,6560,1152907
768,6592,1152907
768,6624,1188929
768,6656,1188929
768,6688,1194163
768,6720,1194163
768,6752,1252028
768,6784,1252028
768,6816,1265319
768,6848,1265319
768,6880,1356845
768,6912,1356845
768,6944,1366635
768,6976,1366635
768,7008,1424967
768,7040,1424967
768,7072,1428075
768,7104,1428075
768,7136,1490207
768,7168,1490207
768,7200,1495082
768,7232,1495082
768,7264,1528774
768,7296,1528774
768,7328,1549559
768,7360,1549559
768,7392,1646370
768,7424,1646370
768,7456,1663303
768,7488,1663303
768,7520,1732232
768,7552,1732232
768,7584,1736294
768,7616,1736294
768,7648,1795010
768,7680,1795010
768,7712,1802687
768,7744,1802687
768,7776,1865493
768,7808,1865493
768,7840,1888526
768,7872,1888526
768,7904,1986401
768,7936,1986401
768,7968,2003700
768,8000,2003700
768,8032,2030502
768,8064,2030502
768,8096,2038212
768,8128,2038212
768,8160,2052145
768,8192,2052145
768,8224,2058677
768,8256,2058677
768,8288,2068957
768,8320,2068957
768,8352,2072697
768,8384,2072697
768,8416,2089079
768,8448,2089079
768,8480,2113180
768,8512,2113180
768,8544,2185428
768,8576,2185428
768,8608,2217377
768,8640,2217377
768,8672,2238419
768,8704,2238419
768,8736,2245823
768,8768,2245823
768,8800,2279640
768,8832,2279640
768,8864,2291846
768,8896,2291846
768,8928,2323971
768,8960,2323971
768,8992,2356946
768,9024,2356946
768,9056,2407502
768,9088,2407502
768,9120,2429798
768,9152,2429798
768,9184,2449567
768,9216,2449567
768,9248,2458052
768,9280,2458052
768,9312,2469976
768,9344,2469976
768,9376,2483294
768,9408,2483294
768,9440,2491620
768,9472,2491620
768,9504,2525691
768,9536,2525691
768,9568,2599379
768,9600,2599379
768,9632,2632284
768,9664,2632284
768,9696,2650355
768,9728,2650355
768,9760,2661149
768,9792,2661149
768,9824,2679296
768,9856,2679296
768,9888,2692663
768,9920,2692663
768,9952,2702877
768,9984,2702877
768,10016,2725733
768,10048,2725733
768,10080,2817384
768,10112,2817384
768,10144,2859540
768,10176,2859540
768,10208,2876302
768,10240,2876302
768,10272,2884553
768,10304,2884553
768,10336,2901721
768,10368,2901721
768,10400,2913025
768,10432,2913025
768,10464,2929922
768,10496,2929922
768,10528,2974370
768,10560,2974370
768,10592,3061699
768,10624,3061699
768,10656,3092330
768,10688,3092330
768,10720,3116124
768,10752,3116124
768,10784,3135572
768,10816,3135572
768,10848,3151368
768,10880,3151368
768,10912,3167682
768,10944,3167682
768,10976,3190361
768,11008,3190361
768,11040,3215766
768,11072,3215766
768,11104,3296077
768,11136,3296077
768,11168,3328296
768,11200,3328296
768,11232,3340738
768,11264,3340738
768,11296,3343723
768,11328,3343723
768,11360,3358613
768,11392,3358613
768,11424,3374140
768,11456,3374140
768,11488,3387708
768,11520,3387708
768,11552,3419751
768,11584,3419751
768,11616,3478685
768,11648,3478685
768,11680,3498683
768,11712,3498683
768,11744,3528320
768,11776,3528320
768,11808,3533778
768,11840,3533778
768,11872,3538095
768,11904,3538095
768,11936,3549107
768,11968,3549107
768,12000,3564305
768,12032,3564305
768,12064,3580876
768,12096,3580876
768,12128,3626324
768,12160,3626324
768,12192,3647496
768,12224,3647496
768,12256,3661767
768,12288,3661767
768,12320,3665262
768,12352,3665262
768,12384,3669097
768,12416,3669097
768,12448,3673229
768,12480,3673229
768,12512,3689600
768,12544,3689600
768,12576,3693005
768,12608,3693005
768,12640,3703879
768,12672,3703879
768,12704,3713594
768,12736,3713594
768,12768,3753572
768,12800,3753572
768,12832,3759121
768,12864,3759121
768,12896,3773852
768,12928,3773852
768,12960,3774619
768,12992,3774619
768,13024,3775478
768,13056,3775478
768,13088,3782772
768,13120,3782772
768,13152,3783869
768,13184,3783869
768,13216,3796338
768,13248,3796338
768,13280,3821884
768,13312,3821884
768,13344,3826479
768,13376,3826479
768,13408,3829419
768,13440,3829419
768,13472,3833378
768,13504,3833378
768,13536,3834512
768,13568,3834512
768,13600,3839545
768,13632,3839545
768,13664,3850814
768,13696,3850814
768,13728,3869221
768,13760,3869221
768,13792,3916709
768,13824,3916709
768,13856,3929920
768,13888,3929920
768,13920,3951798
768,13952,3951798
768,13984,3972573
768,14016,3972573
768,14048,3995176
768,14080,3995176
768,14112,4002441
768,14144,4002441
768,14176,4048420
768,14208,4048420
768,14240,4087179
768,14272,4087179
768,14304,4193419
768,14336,4193419
768,14368,4230572
768,14400,4230572
768,14432,4270133
768,14464,4270133
768,14496,4296889
768,14528,4296889
768,14560,4320259
768,14592,4320259
768,14624,4339218
768,14656,4339218
768,14688,4435430
768,14720,4435430
768,14752,4464613
768,14784,4464613
768,14816,4629223
768,14848,4629223
768,14880,4643729
768,14912,4643729
768,14944,4738594
768,14976,4738594
768,15008,4774484
768,15040,4774484
768,15072,4906381
768,15104,4906381
768,15136,4933846
768,15168,4933846
768,15200,5039162
768,15232,5039162
768,15264,5143528
768,15296,5143528
768,15328,5370897
768,15360,5370897
768,15392,5436665
768,15424,5436665
768,15456,5540886
768,15488,5540886
768,15520,5563794
768,15552,5563794
768,15584,5633163
768,15616,5633163
768,15648,5673298
768,15680,5673298
768,15712,5788722
768,15744,5788722
768,15776,5894706
768,15808,5894706
768,15840,6104780
768,15872,6104780
768,15904,6198914
768,15936,6198914
768,15968,6318672
768,16000,6318672
768,16032,6380822
768,16064,6380822
768,16096,6437951
768,16128,6437951
768,16160,6508860
768,16192,6508860
768,16224,6562208
768,16256,6562208
768,16288,6662843
768,16320,6662843
768,16352,6878908
768,16384,6878908
768,16416,6882781
768,16448,6882781
768,16480,6935131
768,16512,6935131
768,16544,7009360
768,16576,7009360
768,16608,7026537
768,16640,7026537
768,16672,7137040
768,16704,7137040
768,16736,7147991
768,16768,7147991
768,16800,7242436
768,16832,7242436
768,16864,7244448
768,16896,7244448
768,16928,7452354
768,16960,7452354
768,16992,7466013
768,17024,7466013
768,17056,7866198
768,17088,7866198
768,17120,7874373
768,17152,7874373
768,17184,8117066
768,17216,8117066
768,17248,8117066
768,17280,8117066
768,17312,8415621
768,17344,8415621
768,17376,8415621
768,17408,8415621
768,17440,8524233
768,17472,8524233
768,17504,8524233
768,17536,8524233
768,17568,8693409
768,17600,8693409
768,17632,8693409
768,17664,8693409
768,17696,8833962
768,17728,8833962
768,17760,8833962
768,17792,8833962
768,17824,9001784
768,17856,9001784
768,17888,9001784
768,17920,9001784
768,17952,9119350
768,17984,9119350
768,18016,9119350
768,18048,9119350
768,18080,9384618
768,18112,9384618
768,18144,9384618
768,18176,9384618
768,18208,9508991
768,18240,9508991
768,18272,9508991
768,18304,9508991
768,18336,9785240
768,18368,9785240
768,18400,9785240
768,18432,9785240
768,18464,9941663
768,18496,9941663
768,18528,9941663
768,18560,9941663
768,18592,10197218
768,18624,10197218
768,18656,10197218
768,18688,10197218
768,18720,10294414
768,18752,10294414
768,18784,10294414
768,18816,10294414
768,18848,10541092
768,18880,10541092
768,18912,10541092
768,18944,10541092
768,18976,10673740
768,19008,10673740
768,19040,10673740
768,19072,10673740
768,19104,10918798
768,19136,10918798
768,19168,10918798
768,19200,10918798
768,19232,11034708
768,19264,11034708
768,19296,11034708
768,19328,11034708
768,19360,11153307
768,19392,11153307
768,19424,11153307
768,19456,11153307
768,19488,11289634
768,19520,11289634
768,19552,11289634
768,19584,11289634
768,19616,11582269
768,19648,11582269
768,19680,11582269
768,19712,11582269
768,19744,11659234
768,19776,11659234
768,19808,11659234
768,19840,11659234
768,19872,11853303
768,19904,11853303
768,19936,11853303
768,19968,11853303
768,20000,11953334
768,20032,11953334
768,20064,11953334
768,20096,11953334
768,20128,12181301
768,20160,12181301
768,20192,12181301
768,20224,12181301
768,20256,12304679
768,20288,12304679
768,20320,12304679
768,20352,12304679
768,20384,12424371
768,20416,12424371
768,20448,12424371
768,20480,12424371
768,20512,12482628
768,20544,12482628
768,20576,12482628
768,20608,12482628
768,20640,12623019
768,20672,12623019
768,20704,12623019
768,20736,12623019
768,20768,12684904
768,20800,12684904
768,20832,12684904
768,20864,12684904
768,20896,12762196
768,20928,12762196
768,20960,12762196
768,20992,12762196
768,21024,12840258
768,21056,12840258
768,21088,12840258
768,21120,12840258
768,21152,12962816
768,21184,12962816
768,21216,12962816
768,21248,12962816
768,21280,13081060
768,21312,13081060
768,21344,13081060
768,21376,13081060
768,21408,13218458
768,21440,13218458
768,21472,13218458
768,21504,13218458
768,21536,13287273
768,21568,13287273
768,21600,13287273
768,21632,13287273
768,21664,13326586
768,21696,13326586
768,21728,13326586
768,21760,13326586
768,21792,13371622
768,21824,13371622
768,21856,13371622
768,21888,13371622
768,21920,13425146
768,21952,13425146
768,21984,13425146
768,22016,13425146
768,22048,13445050
768,22080,13445050
768,22112,13445050
768,22144,13445050
768,22176,13519809
768,22208,13519809
768,22240,13519809
768,22272,13519809
768,22304,13544855
768,22336,13544855
768,22368,13544855
768,22400,13544855
768,22432,13623120
768,22464,13623120
768,22496,13623120
768,22528,13623120
768,22560,13700201
768,22592,13700201
768,22624,13700201
768,22656,13700201
768,22688,13806317
768,22720,13806317
768,22752,13806317
768,22784,13806317
768,22816,13840661
768,22848,13840661
768,22880,13840661
768,22912,13840661
768,22944,13870990
768,22976,13870990
768,23008,13870990
768,23040,13870990
768,23072,13896013
768,23104,13896013
768,23136,13896013
768,23168,13896013
768,23200,13941732
768,23232,13941732
768,23264,13941732
768,23296,13941732
768,23328,13998412
768,23360,13998412
768,23392,13998412
768,23424,13998412
768,23456,14039128
768,23488,14039128
768,23520,14039128
768,23552,14039128
768,23584,14095984
768,23616,14095984
768,23648,14095984
768,23680,14095984
768,23712,14119162
768,23744,14119162
768,23776,14119162
768,23808,14119162
768,23840,14134439
768,23872,14134439
768,23904,14134439
768,23936,14134439
768,23968,14167088
768,24000,14167088
768,24032,14167088
768,24064,14167088
768,24096,14184895
768,24128,14184895
768,24160,14184895
768,24192,14184895
768,24224,14204751
768,24256,14204751
768,24288,14204751
768,24320,14204751
768,24352,14214377
768,24384,14214377
768,24416,14214377
768,24448,14214377
768,24480,14244590
768,24512,14244590
768,24544,14244590
768,24576,14244590
768,24608,14260111
768,24640,14260111
768,24672,14260111
768,24704,14260111
768,24736,14283800
768,24768,14283800
768,24800,14283800
768,24832,14283800
768,24864,14288814
768,24896,14288814
768,24928,14288814
768,24960,14288814
768,24992,14327823
768,25024,14327823
768,25056,14327823
768,25088,14327823
768,25120,14358316
768,25152,14358316
768,25184,14358316
768,25216,14358316
768,25248,14369821
768,25280,14369821
768,25312,14369821
768,25344,14369821
768,25376,14392184
768,25408,14392184
768,25440,14392184
768,25472,14392184
768,25504,14395439
768,25536,14395439
768,25568,14395439
768,25600,14395439
768,25632,14403770
768,25664,14403770
768,25696,14403770
768,25728,14403770
768,25760,14417684
768,25792,14417684
768,25824,14417684
768,25856,14417684
768,25888,14427466
768,25920,14427466
768,25952,14427466
768,25984,14427466
768,26016,14438488
768,26048,14438488
768,26080,14438488
768,26112,14438488
768,26144,14446493
768,26176,14446493
768,26208,14446493
768,26240,14446493
768,26272,14447080
768,26304,14447080
768,26336,14447080
768,26368,14447080
768,26400,14448473
768,26432,14448473
768,26464,14448473
768,26496,14448473
768,26528,14457226
768,26560,14457226
768,26592,14457226
768,26624,14457226
768,26656,14457226
768,26688,14457226
768,26720,14457226
768,26752,14457226
768,26784,14457602
768,26816,14457602
768,26848,14457602
768,26880,14457602
768,26912,14457602
768,26944,14457602
768,26976,14457602
768,27008,14457602
768,27040,14460193
768,27072,14460193
768,27104,14460193
768,27136,14460193
768,27168,14463234
768,27200,14463234
768,27232,14463234
768,27264,14463234
768,27296,14464945
768,27328,14464945
768,27360,14464945
768,27392,14464945
768,27424,14464945
768,27456,14464945
768,27488,14464945
768,27520,14464945
768,27552,14464945
768,27584,14464945
768,27616,14464945
768,27648,14464945
768,27680,14464945
768,27712,14464945
768,27744,14464945
768,27776,14464945
768,27808,14464945
768,27840,14464945
768,27872,14464945
768,27904,14464945
768,27936,14472027
768,27968,14472027
768,28000,14472027
768,28032,14472027
768,28064,14472027
768,28096,14472027
768,28128,14472027
768,28160,14472027
768,28192,14472027
768,28224,14472027
768,28256,14472027
768,28288,14472027
768,28320,14472027
768,28352,14472027
768,28384,14472027
768,28416,14472027
768,28448,14472027
768,28480,14472027
768,28512,14472027
768,28544,14472027
768,28576,14472027
768,28608,14472027
768,28640,14472027
768,28672,14472027
768,28704,14472027
768,28736,14472027
768,28768,14472027
768,28800,14472027
768,28832,14472712
768,28864,14472712
768,28896,14472712
768,28928,14472712
768,28960,14472712
768,28992,14472712
768,29024,14472712
768,29056,14472712
768,29088,14472712
768,29120,14472712
768,29152,14472712
768,29184,14472712
768,29216,14477606
768,29248,14477606
768,29280,14477606
768,29312,14477606
768,29344,14477606
768,29376,14477606
768,29408,14477606
768,29440,14477606
768,29472,14477606
768,29504,14477606
768,29536,14477606
768,29568,14477606
768,29600,14477606
768,29632,14477606
768,29664,14477606
768,29696,14477606
768,29728,14477606
768,29760,14477606
768,29792,14477606
768,29824,14477606
768,29856,14477606
768,29888,14477606
768,29920,14477606
768,29952,14477606
768,29984,14477606
768,30016,14477606
768,30048,14477606
768,30080,14477606
768,30112,14477606
768,30144,14477606
768,30176,14477606
768,30208,14477606
768,30240,14477606
768,30272,14477606
768,30304,14477606
768,30336,14477606
768,30368,14477606
768,30400,14477606
768,30432,14477606
768,30464,14477606
768,30496,14477606
768,30528,14477606
768,30560,14477606
768,30592,14477606
768,30624,14477606
768,30656,14477606
768,30688,14477606
768,30720,14477606
768,30752,14477606
768,30784,14477606
768,30816,14477606
768,30848,14477606
768,30880,14477606
768,30912,14477606
768,30944,14477606
768,30976,14477606
768,31008,14477606
768,31040,14477606
768,31072,14477606
768,31104,14477606
768,31136,14477606
768,31168,14477606
768,31200,14477606
768,31232,14477606
768,31264,14477606
768,31296,14477606
768,31328,14477606
768,31360,14477606
768,31392,14477606
768,31424,14477606
768,31456,14477606
768,31488,14477606
768,31520,14477606
768,31552,14477606
768,31584,14477606
768,31616,14477606
768,31648,14477606
768,31680,14477606
768,31712,14477606
768,31744,14477606
768,31776,14477606
768,31808,14477606
768,31840,14477606
768,31872,14477606
768,31904,14477606
768,31936,14477606
768,31968,14477606
768,32000,14477606
768,32032,14477606
768,32064,14477606
768,32096,14477606
768,32128,14477606
768,32160,14477606
768,32192,14477606
768,32224,14477606
768,32256,14477606
768,32288,14477606
768,32320,14477606
768,32352,14477606
768,32384,14477606
768,32416,14477606
768,32448,14477606
768,32480,14477606
768,32512,14477606
768,32544,14477606
768,32576,14477606
768,32608,14477606
768,32640,14477606
768,32672,14477606
768,32704,14477606
768,32736,14477606
768,32768,14477606
768,32800,14477606
768,32832,14477606
768,32864,14477606
768,32896,14477606
768,32928,14477606
768,32960,14477606
768,32992,14477606
768,33024,14477606
768,33056,14477606
768,33088,14477606
768,33120,14477606
768,33152,14477606
768,33184,14477606
768,33216,14477606
768,33248,14477606
768,33280,14477606
768,33312,14477606
768,33344,14477606
768,33376,14477606
768,33408,14477606
768,33440,14477606
768,33472,14477606
768,33504,14477606
768,33536,14477606
768,33568,14477606
768,33600,14477606
768,33632,14477606
768,33664,14477606
768,33696,14477606
768,33728,14477606
768,33760,14477606
768,33792,14477606
768,33824,14477606
768,33856,14477606
768,33888,14477606
768,33920,14477606
768,33952,14477606
768,33984,14477606
768,34016,14477606
768,34048,14477606
768,34080,14477606
768,34112,14477606
768,34144,14477606
768,34176,14477606
768,34208,14477606
768,34240,14477606
768,34272,14477606
768,34304,14477606
768,34336,14477606
768,34368,14477606
768,34400,14477606
768,34432,14477606
768,34464,14477606
768,34496,14477606
768,34528,14477606
768,34560,14477606
768,34592,14477606
768,34624,14477606
768,34656,14477606
768,34688,14477606
768,34720,14477606
768,34752,14477606
768,34784,14477606
768,34816,14477606
768,34848,14477606
768,34880,14477606
768,34912,14477606
768,34944,14477606
768,34976,14477606
768,35008,14477606
768,35040,14477606
768,35072,14477606
768,35104,14477606
768,35136,14477606
768,35168,14477606
768,35200,14477606
768,35232,14477606
768,35264,14477606
768,35296,14477606
768,35328,14477606
768,35360,14477606
768,35392,14477606
768,35424,14477606
768,35456,14477606
768,35488,14477606
768,35520,14477606
768,35552,14477606
768,35584,14477606
768,35616,14477606
768,35648,14477606
768,35680,14477606
768,35712,14477606
768,35744,14477606
768,35776,14477606
768,35808,14477606
768,35840,14477606
768,35872,14477606
768,35904,14477606
768,35936,14477606
768,35968,14477606
768,36000,14477606
768,36032,14477606
768,36064,14477606
768,36096,14477606
768,36128,14477606
768,36160,14477606
768,36192,14477606
768,36224,14477606
768,36256,14477606
768,36288,14477606
768,36320,14477606
768,36352,14477606
768,36384,14477606
768,36416,14477606
768,36448,14477606
768,36480,14477606
768,36512,14477606
768,36544,14477606
768,36576,14477606
768,36608,14477606
768,36640,14477606
768,36672,14477606
768,36704,14477606
768,36736,14477606
768,36768,14477606
768,36800,14477606
768,36832,14477606
768,36864,14477606
768,36896,14477606
768,36928,14477606
768,36960,14477606
768,36992,14477606
768,37024,14477606
768,37056,14477606
768,37088,14477606
768,37120,14477606
768,37152,14477606
768,37184,14477606
768,37216,14477606
768,37248,14477606
768,37280,14477606
768,37312,14477606
768,37344,14477606
768,37376,14477606
768,37408,14477606
768,37440,14477606
768,37472,14477606
768,37504,14477606
768,37536,14477606
768,37568,14477606
768,37600,14477606
768,37632,14477606
768,37664,14477606
768,37696,14477606
768,37728,14477606
768,37760,14477606
768,37792,14477606
768,37824,14477606
768,37856,14477606
768,37888,14477606
768,37920,14477606
768,37952,14477606
768,37984,14477606
768,38016,14477606
768,38048,14477606
768,38080,14477606
768,38112,14477606
768,38144,14477606
768,38176,14477606
768,38208,14477606
768,38240,14477606
768,38272,14477606
768,38304,14477606
768,38336,14477606
768,38368,14477606
768,38400,14477606
768,38432,14477606
768,38464,14477606
768,38496,14477606
768,38528,14477606
768,38560,14477606
768,38592,14477606
768,38624,14477606
768,38656,14477606
768,38688,14477606
768,38720,14477606
768,38752,14477606
768,38784,14477606
768,38816,14477606
768,38848,14477606
768,38880,14477606
768,38912,14477606
768,38944,14477606
768,38976,14477606
768,39008,14477606
768,39040,14477606
768,39072,14477606
768,39104,14477606
768,39136,14477606
768,39168,14477606
768,39200,14477606
768,39232,14477606
768,39264,14477606
768,39296,14477606
768,39328,14477606
768,39360,14477606
768,39392,14477606
768,39424,14477606
768,39456,14477606
768,39488,14477606
768,39520,14477606
768,39552,14477606
768,39584,14477606
768,39616,14477606
768,39648,14477606
768,39680,14477606
768,39712,14477606
768,39744,14477606
768,39776,14477606
768,39808,14477606
768,39840,14477606
768,39872,14477606
768,39904,14477606
768,39936,14477606
768,39968,14477606
768,40000,14477606
768,40032,14477606
768,40064,14477606
768,40096,14477606
768,40128,14477606
768,40160,14477606
768,40192,14477606
768,40224,14477606
768,40256,14477606
768,40288,14477606
768,40320,14477606
768,40352,14477606
768,40384,14477606
768,40416,14477606
768,40448,14477606
768,40480,14477606
768,40512,14477606
768,40544,14477606
768,40576,14477606
768,40608,14477606
768,40640,14477606
768,40672,14477606
768,40704,14477606
768,40736,14477606
768,40768,14477606
768,40800,14477606
768,40832,14477606
768,40864,14477606
768,40896,14477606
768,40928,14477606
768,40960,14477606
832,32,21474
832,64,21238
832,96,21245
832,128,21222
832,160,21222
832,192,21224
832,224,21224
832,256,21420
832,288,21418
832,320,21667
832,352,21674
832,384,21671
832,416,21727
832,448,21892
832,480,22399
832,512,23731
832,544,28636
832,576,30423
832,608,31739
832,640,32340
832,672,33316
832,704,33741
832,736,34440
832,768,34653
832,800,35383
832,832,35674
832,864,36330
832,896,36607
832,928,37100
832,960,37524
832,992,37858
832,1024,38321
832,1056,39013
832,1088,49327
832,1120,52238
832,1152,54273
832,1184,54798
832,1216,55743
832,1248,56261
832,1280,56959
832,1312,57363
832,1344,58315
832,1376,58773
832,1408,59743
832,1440,59954
832,1472,60502
832,1504,61083
832,1536,61518
832,1568,63031
832,1600,79439
832,1632,80030
832,1664,85096
832,1696,85559
832,1728,88639
832,1760,88985
832,1792,91880
832,1824,92237
832,1856,94474
832,1888,94735
832,1920,97108
832,1952,97440
832,1984,102887
832,2016,103168
832,2048,115258
832,2080,116820
832,2112,179450
832,2144,181463
832,2176,189463
832,2208,190377
832,2240,193030
832,2272,194058
832,2304,195867
832,2336,197025
832,2368,198816
832,2400,200346
832,2432,202112
832,2464,203428
832,2496,205339
832,2528,206740
832,2560,209391
832,2592,215045
832,2624,230196
832,2656,235965
832,2688,238656
832,2720,239979
832,2752,241102
832,2784,241933
832,2816,243341
832,2848,244296
832,2880,245550
832,2912,246256
832,2944,248196
832,2976,249441
832,3008,250967
832,3040,252080
832,3072,254731
832,3104,258436
832,3136,271951
832,3168,277220
832,3200,281048
832,3232,282249
832,3264,284600
832,3296,286128
832,3328,288334
832,3360,289219
832,3392,291896
832,3424,293589
832,3456,297637
832,3488,308366
832,3520,317164
832,3552,324026
832,3584,330785
832,3616,349295
832,3648,397263
832,3680,417007
832,3712,426117
832,3744,430014
832,3776,432387
832,3808,435853
832,3840,440484
832,3872,442526
832,3904,445649
832,3936,448754
832,3968,455579
832,4000,458014
832,4032,460852
832,4064,461568
832,4096,463888
832,4128,464121
832,4160,464532
832,4192,474002
832,4224,476986
832,4256,498920
832,4288,499102
832,4320,534372
832,4352,534991
832,4384,556297
832,4416,556297
832,4448,568685
832,4480,568685
832,4512,576504
832,4544,576504
832,4576,588038
832,4608,588038
832,4640,594009
832,4672,594009
832,4704,602083
832,4736,602083
832,4768,611845
832,4800,611845
832,4832,642065
832,4864,642065
832,4896,657465
832,4928,657465
832,4960,679518
832,4992,679518
832,5024,680223
832,5056,680223
832,5088,684149
832,5120,684149
832,5152,685709
832,5184,685709
832,5216,696193
832,5248,696193
832,5280,704585
832,5312,704585
832,5344,726881
832,5376,726881
832,5408,732994
832,5440,732994
832,5472,745589
832,5504,745589
832,5536,746775
832,5568,746775
832,5600,758204
832,5632,758204
832,5664,761771
832,5696,761771
832,5728,785831
832,5760,785831
832,5792,790065
832,5824,790065
832,5856,847254
832,5888,847254
832,5920,851424
832,5952,851424
832,5984,869248
832,6016,869248
832,6048,870415
832,6080,870415
832,6112,903742
832,6144,903742
832,6176,907485
832,6208,907485
832,6240,980125
832,6272,980125
832,6304,985061
832,6336,985061
832,6368,1082501
832,6400,1082501
832,6432,1088195
832,6464,1088195
832,6496,1149154
832,6528,1149154
832,6560,1152907
832,6592,1152907
832,6624,1188929
832,6656,1188929
832,6688,1194163
832,6720,1194163
832,6752,1252028
832,6784,1252028
832,6816,1265319
832,6848,1265319
832,6880,1356845
832,6912,1356845
832,6944,1366635
832,6976,1366635
832,7008,1424967
832,7040,1424967
832,7072,1428075
832,7104,1428075
832,7136,1490207
832,7168,1490207
832,7200,1495082
832,7232,1495082
832,7264,1528774
832,7296,1528774
832,7328,1549559
832,7360,1549559
832,7392,1646370
832,7424,1646370
832,7456,1663303
832,7488,1663303
832,7520,1732232
832,7552,1732232
832,7584,1736294
832,7616,1736294
832,7648,1795010
832,7680,1795010
832,7712,1802687
832,7744,1802687
832,7776,1865493
832,7808,1865493
832,7840,1888526
832,7872,1888526
832,7904,1986401
832,7936,1986401
832,7968,2003700
832,8000,2003700
832,8032,2030502
832,8064,2030502
832,8096,2038212
832,8128,2038212
832,8160,2052145
832,8192,2052145
832,8224,2058677
832,8256,2058677
832,8288,2068957
832,8320,2068957
832,8352,2072697
832,8384,2072697
832,8416,2089079
832,8448,2089079
832,8480,2113180
832,8512,2113180
832,8544,2185428
832,8576,2185428
832,8608,2217377
832,8640,2217377
832,8672,2238419
832,8704,2238419
832,8736,2245823
832,8768,2245823
832,8800,2279640
832,8832,2279640
832,8864,2291846
832,8896,2291846
832,8928,2323971
832,8960,2323971
832,8992,2356946
832,9024,2356946
832,9056,2407502
832,9088,2407502
832,9120,2429798
832,9152,2429798
832,9184,2449567
832,9216,2449567
832,9248,2458052
832,9280,2458052
832,9312,2469976
832,9344,2469976
832,9376,2483294
832,9408,2483294
832,9440,2491620
832,9472,2491620
832,9504,2525691
832,9536,2525691
832,9568,2599379
832,9600,2599379
832,9632,2632284
832,9664,2632284
832,9696,2650355
832,9728,2650355
832,9760,2661149
832,9792,2661149
832,9824,2679296
832,9856,2679296
832,9888,2692663
832,9920,2692663
832,9952,2702877
832,9984,2702877
832,10016,2725733
832,10048,2725733
832,10080,2817384
832,10112,2817384
832,10144,2859540
832,10176,2859540
832,10208,2876302
832,10240,2876302
832,10272,2884553
832,10304,2884553
832,10336,2901721
832,10368,2901721
832,10400,2913025
832,10432,2913025
832,10464,2929922
832,10496,2929922
832,10528,2974370
832,10560,2974370
832,10592,3061699
832,10624,3061699
832,10656,3092330
832,10688,3092330
832,10720,3116124
832,10752,3116124
832,10784,3135572
832,10816,3135572
832,10848,3151368
832,10880,3151368
832,10912,3167682
832,10944,3167682
832,10976,3190361
832,11008,3190361
832,11040,3215766
832,11072,3215766
832,11104,3296077
832,11136,3296077
832,11168,3328296
832,11200,3328296
832,11232,3340738
832,11264,3340738
832,11296,3343723
832,11328,3343723
832,11360,3358613
832,11392,3358613
832,11424,3374140
832,11456,3374140
832,11488,3387708
832,11520,3387708
832,11552,3419751
832,11584,3419751
832,11616,3478685
832,11648,3478685
832,11680,3498683
832,11712,3498683
832,11744,3528320
832,11776,3528320
832,11808,3533778
832,11840,3533778
832,11872,3538095
832,11904,3538095
832,11936,3549107
832,11968,3549107
832,12000,3564305
832,12032,3564305
832,12064,3580876
832,12096,3580876
832,12128,3626324
832,12160,3626324
832,12192,3647496
832,12224,3647496
832,12256,3661767
832,12288,3661767
832,12320,3665262
832,12352,3665262
832,12384,3669097
832,12416,3669097
832,12448,3673229
832,12480,3673229
832,12512,3689600
832,12544,3689600
832,12576,3693005
832,12608,3693005
832,12640,3703879
832,12672,3703879
832,12704,3713594
832,12736,3713594
832,12768,3753572
832,12800,3753572
832,12832,3759121
832,12864,3759121
832,12896,3773852
832,12928,3773852
832,12960,3774619
832,12992,3774619
832,13024,3775478
832,13056,3775478
832,13088,3782772
832,13120,3782772
832,13152,3783869
832,13184,3783869
832,13216,3796338
832,13248,3796338
832,13280,3821884
832,13312,3821884
832,13344,3826479
832,13376,3826479
832,13408,3829419
832,13440,3829419
832,13472,3833378
832,13504,3833378
832,13536,3834512
832,13568,3834512
832,13600,3839545
832,13632,3839545
832,13664,3850814
832,13696,3850814
832,13728,3869221
832,13760,3869221
832,13792,3916709
832,13824,3916709
832,13856,3929920
832,13888,3929920
832,13920,3951798
832,13952,3951798
832,13984,3972573
832,14016,3972573
832,14048,3995176
832,14080,3995176
832,14112,4002441
832,14144,4002441
832,14176,4048420
832,14208,4048420
832,14240,4087179
832,14272,4087179
832,14304,4193419
832,14336,4193419
832,14368,4230572
832,14400,4230572
832,14432,4270133
832,14464,4270133
832,14496,4296889
832,14528,4296889
832,14560,4320259
832,14592,4320259
832,14624,4339218
832,14656,4339218
832,14688,4435430
832,14720,4435430
832,14752,4464613
832,14784,4464613
832,14816,4629223
832,14848,4629223
832,14880,4643729
832,14912,4643729
832,14944,4738594
832,14976,4738594
832,15008,4774484
832,15040,4774484
832,15072,4906381
832,15104,4906381
832,15136,4933846
832,15168,4933846
832,15200,5039162
832,15232,5039162
832,15264,5143528
832,15296,5143528
832,15328,5370897
832,15360,5370897
832,15392,5436665
832,15424,5436665
832,15456,5540886
832,15488,5540886
832,15520,5563794
832,15552,5563794
832,15584,5633163
832,15616,5633163
832,15648,5673298
832,15680,5673298
832,15712,5788722
832,15744,5788722
832,15776,5894706
832,15808,5894706
832,15840,6104780
832,15872,6104780
832,15904,6198914
832,15936,6198914
832,15968,6318672
832,16000,6318672
832,16032,6380822
832,16064,6380822
832,16096,6437951
832,16128,6437951
832,16160,6508860
832,16192,6508860
832,16224,6562208
832,16256,6562208
832,16288,6662843
832,16320,6662843
832,16352,6878908
832,16384,6878908
832,16416,6882781
832,16448,6882781
832,16480,6935131
832,16512,6935131
832,16544,7009360
832,16576,7009360
832,16608,7026537
832,16640,7026537
832,16672,7137040
832,16704,7137040
832,16736,7147991
832,16768,7147991
832,16800,7242436
832,16832,7242436
832,16864,7244448
832,16896,7244448
832,16928,7452354
832,16960,7452354
832,16992,7466013
832,17024,7466013
832,17056,7866198
832,17088,7866198
832,17120,7874373
832,17152,7874373
832,17184,8117066
832,17216,8117066
832,17248,8117066
832,17280,8117066
832,17312,8415621
832,17344,8415621
832,17376,8415621
832,17408,8415621
832,17440,8524233
832,17472,8524233
832,17504,8524233
832,17536,8524233
832,17568,8693409
832,17600,8693409
832,17632,8693409
832,17664,8693409
832,17696,8833962
832,17728,8833962
832,17760,8833962
832,17792,8833962
832,17824,9001784
832,17856,9001784
832,17888,9001784
832,17920,9001784
832,17952,9119350
832,17984,9119350
832,18016,9119350
832,18048,9119350
832,18080,9384618
832,18112,9384618
832,18144,9384618
832,18176,9384618
832,18208,9508991
832,18240,9508991
832,18272,9508991
832,18304,9508991
832,18336,9785240
832,18368,9785240
832,18400,9785240
832,18432,9785240
832,18464,9941663
832,18496,9941663
832,18528,9941663
832,18560,9941663
832,18592,10197218
832,18624,10197218
832,18656,10197218
832,18688,10197218
832,18720,10294414
832,18752,10294414
832,18784,10294414
832,18816,10294414
832,18848,10541092
832,18880,10541092
832,18912,10541092
832,18944,10541092
832,18976,10673740
832,19008,10673740
832,19040,10673740
832,19072,10673740
832,19104,10918798
832,19136,10918798
832,19168,10918798
832,19200,10918798
832,19232,11034708
832,19264,11034708
832,19296,11034708
832,19328,11034708
832,19360,11153307
832,19392,11153307
832,19424,11153307
832,19456,11153307
832,19488,11289634
832,19520,11289634
832,19552,11289634
832,19584,11289634
832,19616,11582269
832,19648,11582269
832,19680,11582269
832,19712,11582269
832,19744,11659234
832,19776,11659234
832,19808,11659234
832,19840,11659234
832,19872,11853303
832,19904,11853303
832,19936,11853303
832,19968,11853303
832,20000,11953334
832,20032,11953334
832,20064,11953334
832,20096,11953334
832,20128,12181301
832,20160,12181301
832,20192,12181301
832,20224,12181301
832,20256,12304679
832,20288,12304679
832,20320,12304679
832,20352,12304679
832,20384,12424371
832,20416,12424371
832,20448,12424371
832,20480,12424371
832,20512,12482628
832,20544,12482628
832,20576,12482628
832,20608,12482628
832,20640,12623019
832,20672,12623019
832,20704,12623019
832,20736,12623019
832,20768,12684904
832,20800,12684904
832,20832,12684904
832,20864,12684904
832,20896,12762196
832,20928,12762196
832,20960,12762196
832,20992,12762196
832,21024,12840258
832,21056,12840258
832,21088,12840258
832,21120,12840258
832,21152,12962816
832,21184,12962816
832,21216,12962816
832,21248,12962816
832,21280,13081060
832,21312,13081060
832,21344,13081060
832,21376,13081060
832,21408,13218458
832,21440,13218458
832,21472,13218458
832,21504,13218458
832,21536,13287273
832,21568,13287273
832,21600,13287273
832,21632,13287273
832,21664,13326586
832,21696,13326586
832,21728,13326586
832,21760,13326586
832,21792,13371622
832,21824,13371622
832,21856,13371622
832,21888,13371622
832,21920,13425146
832,21952,13425146
832,21984,13425146
832,22016,13425146
832,22048,13445050
832,22080,13445050
832,22112,13445050
832,22144,13445050
832,22176,13519809
832,22208,13519809
832,22240,13519809
832,22272,13519809
832,22304,13544855
832,22336,13544855
832,22368,13544855
832,22400,13544855
832,22432,13623120
832,22464,13623120
832,22496,13623120
832,22528,13623120
832,22560,13700201
832,22592,13700201
832,22624,13700201
832,22656,13700201
832,22688,13806317
832,22720,13806317
832,22752,13806317
832,22784,13806317
832,22816,13840661
832,22848,13840661
832,22880,13840661
832,22912,13840661
832,22944,13870990
832,22976,13870990
832,23008,13870990
832,23040,13870990
832,23072,13896013
832,23104,13896013
832,23136,13896013
832,23168,13896013
832,23200,13941732
832,23232,13941732
832,23264,13941732
832,23296,13941732
832,23328,13998412
832,23360,13998412
832,23392,13998412
832,23424,13998412
832,23456,14039128
832,23488,14039128
832,23520,14039128
832,23552,14039128
832,23584,14095984
832,23616,14095984
832,23648,14095984
832,23680,14095984
832,23712,14119162
832,23744,14119162
832,23776,14119162
832,23808,14119162
832,23840,14134439
832,23872,14134439
832,23904,14134439
832,23936,14134439
832,23968,14167088
832,24000,14167088
832,24032,14167088
832,24064,14167088
832,24096,14184895
832,24128,14184895
832,24160,14184895
832,24192,14184895
832,24224,14204751
832,24256,14204751
832,24288,14204751
832,24320,14204751
832,24352,14214377
832,24384,14214377
832,24416,14214377
832,24448,14214377
832,24480,14244590
832,24512,14244590
832,24544,14244590
832,24576,14244590
832,24608,14260111
832,24640,14260111
832,24672,14260111
832,24704,14260111
832,24736,14283800
832,24768,14283800
832,24800,14283800
832,24832,14283800
832,24864,14288814
832,24896,14288814
832,24928,14288814
832,24960,14288814
832,24992,14327823
832,25024,14327823
832,25056,14327823
832,25088,14327823
832,25120,14358316
832,25152,14358316
832,25184,14358316
832,25216,14358316
832,25248,14369821
832,25280,14369821
832,25312,14369821
832,25344,14369821
832,25376,14392184
832,25408,14392184
832,25440,14392184
832,25472,14392184
832,25504,14395439
832,25536,14395439
832,25568,14395439
832,25600,14395439
832,25632,14403770
832,25664,14403770
832,25696,14403770
832,25728,14403770
832,25760,14417684
832,25792,14417684
832,25824,14417684
832,25856,14417684
832,25888,14427466
832,25920,14427466
832,25952,14427466
832,25984,14427466
832,26016,14438488
832,26048,14438488
832,26080,14438488
832,26112,14438488
832,26144,14446493
832,26176,14446493
832,26208,14446493
832,26240,14446493
832,26272,14447080
832,26304,14447080
832,26336,14447080
832,26368,14447080
832,26400,14448473
832,26432,14448473
832,26464,14448473
832,26496,14448473
832,26528,14457226
832,26560,14457226
832,26592,14457226
832,26624,14457226
832,26656,14457226
832,26688,14457226
832,26720,14457226
832,26752,14457226
832,26784,14457602
832,26816,14457602
832,26848,14457602
832,26880,14457602
832,26912,14457602
832,26944,14457602
832,26976,14457602
832,27008,14457602
832,27040,14460193
832,27072,14460193
832,27104,14460193
832,27136,14460193
832,27168,14463234
832,27200,14463234
832,27232,14463234
832,27264,14463234
832,27296,14464945
832,27328,14464945
832,27360,14464945
832,27392,14464945
832,27424,14464945
832,27456,14464945
832,27488,14464945
832,27520,14464945
832,27552,14464945
832,27584,14464945
832,27616,14464945
832,27648,14464945
832,27680,14464945
832,27712,14464945
832,27744,14464945
832,27776,14464945
832,27808,14464945
832,27840,14464945
832,27872,14464945
832,27904,14464945
832,27936,14472027
832,27968,14472027
832,28000,14472027
832,28032,14472027
832,28064,14472027
832,28096,14472027
832,28128,14472027
832,28160,14472027
832,28192,14472027
832,28224,14472027
832,28256,14472027
832,28288,14472027
832,28320,14472027
832,28352,14472027
832,28384,14472027
832,28416,14472027
832,28448,14472027
832,28480,14472027
832,28512,14472027
832,28544,14472027
832,28576,14472027
832,28608,14472027
832,28640,14472027
832,28672,14472027
832,28704,14472027
832,28736,14472027
832,28768,14472027
832,28800,14472027
832,28832,14472712
832,28864,14472712
832,28896,14472712
832,28928,14472712
832,28960,14472712
832,28992,14472712
832,29024,14472712
832,29056,14472712
832,29088,14472712
832,29120,14472712
832,29152,14472712
832,29184,14472712
832,29216,14477606
832,29248,14477606
832,29280,14477606
832,29312,14477606
832,29344,14477606
832,29376,14477606
832,29408,14477606
832,29440,14477606
832,29472,14477606
832,29504,14477606
832,29536,14477606
832,29568,14477606
832,29600,14477606
832,29632,14477606
832,29664,14477606
832,29696,14477606
832,29728,14477606
832,29760,14477606
832,29792,14477606
832,29824,14477606
832,29856,14477606
832,29888,14477606
832,29920,14477606
832,29952,14477606
832,29984,14477606
832,30016,14477606
832,30048,14477606
832,30080,14477606
832,30112,14477606
832,30144,14477606
832,30176,14477606
832,30208,14477606
832,30240,14477606
832,30272,14477606
832,30304,14477606
832,30336,14477606
832,30368,14477606
832,30400,14477606
832,30432,14477606
832,30464,14477606
832,30496,14477606
832,30528,14477606
832,30560,14477606
832,30592,14477606
832,30624,14477606
832,30656,14477606
832,30688,14477606
832,30720,14477606
832,30752,14477606
832,30784,14477606
832,30816,14477606
832,30848,14477606
832,30880,14477606
832,30912,14477606
832,30944,14477606
832,30976,14477606
832,31008,14477606
832,31040,14477606
832,31072,14477606
832,31104,14477606
832,31136,14477606
832,31168,14477606
832,31200,14477606
832,31232,14477606
832,31264,14477606
832,31296,14477606
832,31328,14477606
832,31360,14477606
832,31392,14477606
832,31424,14477606
832,31456,14477606
832,31488,14477606
832,31520,14477606
832,31552,14477606
832,31584,14477606
832,31616,14477606
832,31648,14477606
832,31680,14477606
832,31712,14477606
832,31744,14477606
832,31776,14477606
832,31808,14477606
832,31840,14477606
832,31872,14477606
832,31904,14477606
832,31936,14477606
832,31968,14477606
832,32000,14477606
832,32032,14477606
832,32064,14477606
832,32096,14477606
832,32128,14477606
832,32160,14477606
832,32192,14477606
832,32224,14477606
832,32256,14477606
832,32288,14477606
832,32320,14477606
832,32352,14477606
832,32384,14477606
832,32416,14477606
832,32448,14477606
832,32480,14477606
832,32512,14477606
832,32544,14477606
832,32576,14477606
832,32608,14477606
832,32640,14477606
832,32672,14477606
832,32704,14477606
832,32736,14477606
832,32768,14477606
832,32800,14477606
832,32832,14477606
832,32864,14477606
832,32896,14477606
832,32928,14477606
832,32960,14477606
832,32992,14477606
832,33024,14477606
832,33056,14477606
832,33088,14477606
832,33120,14477606
832,33152,14477606
832,33184,14477606
832,33216,14477606
832,33248,14477606
832,33280,14477606
832,33312,14477606
832,33344,14477606
832,33376,14477606
832,33408,14477606
832,33440,14477606
832,33472,14477606
832,33504,14477606
832,33536,14477606
832,33568,14477606
832,33600,14477606
832,33632,14477606
832,33664,14477606
832,33696,14477606
832,33728,14477606
832,33760,14477606
832,33792,14477606
832,33824,14477606
832,33856,14477606
832,33888,14477606
832,33920,14477606
832,33952,14477606
832,33984,14477606
832,34016,14477606
832,34048,14477606
832,34080,14477606
832,34112,14477606
832,34144,14477606
832,34176,14477606
832,34208,14477606
832,34240,14477606
832,34272,14477606
832,34304,14477606
832,34336,14477606
832,34368,14477606
832,34400,14477606
832,34432,14477606
832,34464,14477606
832,34496,14477606
832,34528,14477606
832,34560,14477606
832,34592,14477606
832,34624,14477606
832,34656,14477606
832,34688,14477606
832,34720,14477606
832,34752,14477606
832,34784,14477606
832,34816,14477606
832,34848,14477606
832,34880,14477606
832,34912,14477606
832,34944,14477606
832,34976,14477606
832,35008,14477606
832,35040,14477606
832,35072,14477606
832,35104,14477606
832,35136,14477606
832,35168,14477606
832,35200,14477606
832,35232,14477606
832,35264,14477606
832,35296,14477606
832,35328,14477606
832,35360,14477606
832,35392,14477606
832,35424,14477606
832,35456,14477606
832,35488,14477606
832,35520,14477606
832,35552,14477606
832,35584,14477606
832,35616,14477606
832,35648,14477606
832,35680,14477606
832,35712,14477606
832,35744,14477606
832,35776,14477606
832,35808,14477606
832,35840,14477606
832,35872,14477606
832,35904,14477606
832,35936,14477606
832,35968,14477606
832,36000,14477606
832,36032,14477606
832,36064,14477606
832,36096,14477606
832,36128,14477606
832,36160,14477606
832,36192,14477606
832,36224,14477606
832,36256,14477606
832,36288,14477606
832,36320,14477606
832,36352,14477606
832,36384,14477606
832,36416,14477606
832,36448,14477606
832,36480,14477606
832,36512,14477606
832,36544,14477606
832,36576,14477606
832,36608,14477606
832,36640,14477606
832,36672,14477606
832,36704,14477606
832,36736,14477606
832,36768,14477606
832,36800,14477606
832,36832,14477606
832,36864,14477606
832,36896,14477606
832,36928,14477606
832,36960,14477606
832,36992,14477606
832,37024,14477606
832,37056,14477606
832,37088,14477606
832,37120,14477606
832,37152,14477606
832,37184,14477606
832,37216,14477606
832,37248,14477606
832,37280,14477606
832,37312,14477606
832,37344,14477606
832,37376,14477606
832,37408,14477606
832,37440,14477606
832,37472,14477606
832,37504,14477606
832,37536,14477606
832,37568,14477606
832,37600,14477606
832,37632,14477606
832,37664,14477606
832,37696,14477606
832,37728,14477606
832,37760,14477606
832,37792,14477606
832,37824,14477606
832,37856,14477606
832,37888,14477606
832,37920,14477606
832,37952,14477606
832,37984,14477606
832,38016,14477606
832,38048,14477606
832,38080,14477606
832,38112,14477606
832,38144,14477606
832,38176,14477606
832,38208,14477606
832,38240,14477606
832,38272,14477606
832,38304,14477606
832,38336,14477606
832,38368,14477606
832,38400,14477606
832,38432,14477606
832,38464,14477606
832,38496,14477606
832,38528,14477606
832,38560,14477606
832,38592,14477606
832,38624,14477606
832,38656,14477606
832,38688,14477606
832,38720,14477606
832,38752,14477606
832,38784,14477606
832,38816,14477606
832,38848,14477606
832,38880,14477606
832,38912,14477606
832,38944,14477606
832,38976,14477606
832,39008,14477606
832,39040,14477606
832,39072,14477606
832,39104,14477606
832,39136,14477606
832,39168,14477606
832,39200,14477606
832,39232,14477606
832,39264,14477606
832,39296,14477606
832,39328,14477606
832,39360,14477606
832,39392,14477606
832,39424,14477606
832,39456,14477606
832,39488,14477606
832,39520,14477606
832,39552,14477606
832,39584,14477606
832,39616,14477606
832,39648,14477606
832,39680,14477606
832,39712,14477606
832,39744,14477606
832,39776,14477606
832,39808,14477606
832,39840,14477606
832,39872,14477606
832,39904,14477606
832,39936,14477606
832,39968,14477606
832,40000,14477606
832,40032,14477606
832,40064,14477606
832,40096,14477606
832,40128,14477606
832,40160,14477606
832,40192,14477606
832,40224,14477606
832,40256,14477606
832,40288,14477606
832,40320,14477606
832,40352,14477606
832,40384,14477606
832,40416,14477606
832,40448,14477606
832,40480,14477606
832,40512,14477606
832,40544,14477606
832,40576,14477606
832,40608,14477606
832,40640,14477606
832,40672,14477606
832,40704,14477606
832,40736,14477606
832,40768,14477606
832,40800,14477606
832,40832,14477606
832,40864,14477606
832,40896,14477606
832,40928,14477606
832,40960,14477606
896,32,22749
896,64,22530
896,96,22433
896,128,22524
896,160,22526
896,192,22574
896,224,22581
896,256,22585
896,288,22593
896,320,22659
896,352,22782
896,384,23067
896,416,23092
896,448,23197
896,480,23375
896,512,24060
896,544,29840
896,576,31775
896,608,33108
896,640,33647
896,672,34844
896,704,35418
896,736,36050
896,768,36218
896,800,36747
896,832,36989
896,864,37671
896,896,37966
896,928,38592
896,960,39027
896,992,39433
896,1024,39914
896,1056,40647
896,1088,50947
896,1120,53886
896,1152,55978
896,1184,56490
896,1216,57474
896,1248,58030
896,1280,58732
896,1312,59136
896,1344,60119
896,1376,60612
896,1408,61568
896,1440,61779
896,1472,62324
896,1504,62976
896,1536,63411
896,1568,64876
896,1600,81059
896,1632,81643
896,1664,86534
896,1696,86994
896,1728,90036
896,1760,90382
896,1792,93232
896,1824,93589
896,1856,95744
896,1888,96004
896,1920,98320
896,1952,98652
896,1984,104033
896,2016,104314
896,2048,116170
896,2080,117732
896,2112,179536
896,2144,181550
896,2176,189463
896,2208,190377
896,2240,193030
896,2272,194058
896,2304,195867
896,2336,197025
896,2368,198816
896,2400,200346
896,2432,202112
896,2464,203428
896,2496,205339
896,2528,206740
896,2560,209391
896,2592,215045
896,2624,230196
896,2656,235965
896,2688,238656
896,2720,239979
896,2752,241102
896,2784,241933
896,2816,243341
896,2848,244296
896,2880,245550
896,2912,246256
896,2944,248196
896,2976,249441
896,3008,250967
896,3040,252080
896,3072,254731
896,3104,258436
896,3136,271951
896,3168,277220
896,3200,281048
896,3232,282249
896,3264,284600
896,3296,286128
896,3328,288334
896,3360,289219
896,3392,291896
896,3424,293589
896,3456,297637
896,3488,308366
896,3520,317164
896,3552,324026
896,3584,330785
896,3616,349295
896,3648,397263
896,3680,417007
896,3712,426117
896,3744,430014
896,3776,432387
896,3808,435853
896,3840,440484
896,3872,442526
896,3904,445649
896,3936,448754
896,3968,455579
896,4000,458014
896,4032,460852
896,4064,461568
896,4096,463888
896,4128,464121
896,4160,464532
896,4192,474002
896,4224,476986
896,4256,498920
896,4288,499102
896,4320,534372
896,4352,534991
896,4384,556297
896,4416,556297
896,4448,568685
896,4480,568685
896,4512,576504
896,4544,576504
896,4576,588038
896,4608,588038
896,4640,594009
896,4672,594009
896,4704,602083
896,4736,602083
896,4768,611845
896,4800,611845
896,4832,642065
896,4864,642065
896,4896,657465
896,4928,657465
896,4960,679518
896,4992,679518
896,5024,680223
896,5056,680223
896,5088,684149
896,5120,684149
896,5152,685709
896,5184,685709
896,5216,696193
896,5248,696193
896,5280,704585
896,5312,704585
896,5344,726881
896,5376,726881
896,5408,732994
896,5440,732994
896,5472,745589
896,5504,745589
896,5536,746775
896,5568,746775
896,5600,758204
896,5632,758204
896,5664,761771
896,5696,761771
896,5728,785831
896,5760,785831
896,5792,790065
896,5824,790065
896,5856,847254
896,5888,847254
896,5920,851424
896,5952,851424
896,5984,869248
896,6016,869248
896,6048,870415
896,6080,870415
896,6112,903742
896,6144,903742
896,6176,907485
896,6208,907485
896,6240,980125
896,6272,980125
896,6304,985061
896,6336,985061
896,6368,1082501
896,6400,1082501
896,6432,1088195
896,6464,1088195
896,6496,1149154
896,6528,1149154
896,6560,1152907
896,6592,1152907
896,6624,1188929
896,6656,1188929
896,6688,1194163
896,6720,1194163
896,6752,1252028
896,6784,1252028
896,6816,1265319
896,6848,1265319
896,6880,1356845
896,6912,1356845
896,6944,1366635
896,6976,1366635
896,7008,1424967
896,7040,1424967
896,7072,1428075
896,7104,1428075
896,7136,1490207
896,7168,1490207
896,7200,1495082
896,7232,1495082
896,7264,1528774
896,7296,1528774
896,7328,1549559
896,7360,1549559
896,7392,1646370
896,7424,1646370
896,7456,1663303
896,7488,1663303
896,7520,1732232
896,7552,1732232
896,7584,1736294
896,7616,1736294
896,7648,1795010
896,7680,1795010
896,7712,1802687
896,7744,1802687
896,7776,1865493
896,7808,1865493
896,7840,1888526
896,7872,1888526
896,7904,1986401
896,7936,1986401
896,7968,2003700
896,8000,2003700
896,8032,2030502
896,8064,2030502
896,8096,2038212
896,8128,2038212
896,8160,2052145
896,8192,2052145
896,8224,2058677
896,8256,2058677
896,8288,2068957
896,8320,2068957
896,8352,2072697
896,8384,2072697
896,8416,2089079
896,8448,2089079
896,8480,2113180
896,8512,2113180
896,8544,2185428
896,8576,2185428
896,8608,2217377
896,8640,2217377
896,8672,2238419
896,8704,2238419
896,8736,2245823
896,8768,2245823
896,8800,2279640
896,8832,2279640
896,8864,2291846
896,8896,2291846
896,8928,2323971
896,8960,2323971
896,8992,2356946
896,9024,2356946
896,9056,2407502
896,9088,2407502
896,9120,2429798
896,9152,2429798
896,9184,2449567
896,9216,2449567
896,9248,2458052
896,9280,2458052
896,9312,2469976
896,9344,2469976
896,9376,2483294
896,9408,2483294
896,9440,2491620
896,9472,2491620
896,9504,2525691
896,9536,2525691
896,9568,2599379
896,9600,2599379
896,9632,2632284
896,9664,2632284
896,9696,2650355
896,9728,2650355
896,9760,2661149
896,9792,2661149
896,9824,2679296
896,9856,2679296
896,9888,2692663
896,9920,2692663
896,9952,2702877
896,9984,2702877
896,10016,2725733
896,10048,2725733
896,10080,2817384
896,10112,2817384
896,10144,2859540
896,10176,2859540
896,10208,2876302
896,10240,2876302
896,10272,2884553
896,10304,2884553
896,10336,2901721
896,10368,2901721
896,10400,2913025
896,10432,2913025
896,10464,2929922
896,10496,2929922
896,10528,2974370
896,10560,2974370
896,10592,3061699
896,10624,3061699
896,10656,3092330
896,10688,3092330
896,10720,3116124
896,10752,3116124
896,10784,3135572
896,10816,3135572
896,10848,3151368
896,10880,3151368
896,10912,3167682
896,10944,3167682
896,10976,3190361
896,11008,3190361
896,11040,3215766
896,11072,3215766
896,11104,3296077
896,11136,3296077
896,11168,3328296
896,11200,3328296
896,11232,3340738
896,11264,3340738
896,11296,3343723
896,11328,3343723
896,11360,3358613
896,11392,3358613
896,11424,3374140
896,11456,3374140
896,11488,3387708
896,11520,3387708
896,11552,3419751
896,11584,3419751
896,11616,3478685
896,11648,3478685
896,11680,3498683
896,11712,3498683
896,11744,3528320
896,11776,3528320
896,11808,3533778
896,11840,3533778
896,11872,3538095
896,11904,3538095
896,11936,3549107
896,11968,3549107
896,12000,3564305
896,12032,3564305
896,12064,3580876
896,12096,3580876
896,12128,3626324
896,12160,3626324
896,12192,3647496
896,12224,3647496
896,12256,3661767
896,12288,3661767
896,12320,3665262
896,12352,3665262
896,12384,3669097
896,12416,3669097
896,12448,3673229
896,12480,3673229
896,12512,3689600
896,12544,3689600
896,12576,3693005
896,12608,3693005
896,12640,3703879
896,12672,3703879
896,12704,3713594
896,12736,3713594
896,12768,3753572
896,12800,3753572
896,12832,3759121
896,12864,3759121
896,12896,3773852
896,12928,3773852
896,12960,3774619
896,12992,3774619
896,13024,3775478
896,13056,3775478
896,13088,3782772
896,13120,3782772
896,13152,3783869
896,13184,3783869
896,13216,3796338
896,13248,3796338
896,13280,3821884
896,13312,3821884
896,13344,3826479
896,13376,3826479
896,13408,3829419
896,13440,3829419
896,13472,3833378
896,13504,3833378
896,13536,3834512
896,13568,3834512
896,13600,3839545
896,13632,3839545
896,13664,3850814
896,13696,3850814
896,13728,3869221
896,13760,3869221
896,13792,3916709
896,13824,3916709
896,13856,3929920
896,13888,3929920
896,13920,3951798
896,13952,3951798
896,13984,3972573
896,14016,3972573
896,14048,3995176
896,14080,3995176
896,14112,4002441
896,14144,4002441
896,14176,4048420
896,14208,4048420
896,14240,4087179
896,14272,4087179
896,14304,4193419
896,14336,4193419
896,14368,4230572
896,14400,4230572
896,14432,4270133
896,14464,4270133
896,14496,4296889
896,14528,4296889
896,14560,4320259
896,14592,4320259
896,14624,4339218
896,14656,4339218
896,14688,4435430
896,14720,4435430
896,14752,4464613
896,14784,4464613
896,14816,4629223
896,14848,4629223
896,14880,4643729
896,14912,4643729
896,14944,4738594
896,14976,4738594
896,15008,4774484
896,15040,4774484
896,15072,4906381
896,15104,4906381
896,15136,4933846
896,15168,4933846
896,15200,5039162
896,15232,5039162
896,15264,5143528
896,15296,5143528
896,15328,5370897
896,15360,5370897
896,15392,5436665
896,15424,5436665
896,15456,5540886
896,15488,5540886
896,15520,5563794
896,15552,5563794
896,15584,5633163
896,15616,5633163
896,15648,5673298
896,15680,5673298
896,15712,5788722
896,15744,5788722
896,15776,5894706
896,15808,5894706
896,15840,6104780
896,15872,6104780
896,15904,6198914
896,15936,6198914
896,15968,6318672
896,16000,6318672
896,16032,6380822
896,16064,6380822
896,16096,6437951
896,16128,6437951
896,16160,6508860
896,16192,6508860
896,16224,6562208
896,16256,6562208
896,16288,6662843
896,16320,6662843
896,16352,6878908
896,16384,6878908
896,16416,6882781
896,16448,6882781
896,16480,6935131
896,16512,6935131
896,16544,7009360
896,16576,7009360
896,16608,7026537
896,16640,7026537
896,16672,7137040
896,16704,7137040
896,16736,7147991
896,16768,7147991
896,16800,7242436
896,16832,7242436
896,16864,7244448
896,16896,7244448
896,16928,7452354
896,16960,7452354
896,16992,7466013
896,17024,7466013
896,17056,7866198
896,17088,7866198
896,17120,7874373
896,17152,7874373
896,17184,8117066
896,17216,8117066
896,17248,8117066
896,17280,8117066
896,17312,8415621
896,17344,8415621
896,17376,8415621
896,17408,8415621
896,17440,8524233
896,17472,8524233
896,17504,8524233
896,17536,8524233
896,17568,8693409
896,17600,8693409
896,17632,8693409
896,17664,8693409
896,17696,8833962
896,17728,8833962
896,17760,8833962
896,17792,8833962
896,17824,9001784
896,17856,9001784
896,17888,9001784
896,17920,9001784
896,17952,9119350
896,17984,9119350
896,18016,9119350
896,18048,9119350
896,18080,9384618
896,18112,9384618
896,18144,9384618
896,18176,9384618
896,18208,9508991
896,18240,9508991
896,18272,9508991
896,18304,9508991
896,18336,9785240
896,18368,9785240
896,18400,9785240
896,18432,9785240
896,18464,9941663
896,18496,9941663
896,18528,9941663
896,18560,9941663
896,18592,10197218
896,18624,10197218
896,18656,10197218
896,18688,10197218
896,18720,10294414
896,18752,10294414
896,18784,10294414
896,18816,10294414
896,18848,10541092
896,18880,10541092
896,18912,10541092
896,18944,10541092
896,18976,10673740
896,19008,10673740
896,19040,10673740
896,19072,10673740
896,19104,10918798
896,19136,10918798
896,19168,10918798
896,19200,10918798
896,19232,11034708
896,19264,11034708
896,19296,11034708
896,19328,11034708
896,19360,11153307
896,19392,11153307
896,19424,11153307
896,19456,11153307
896,19488,11289634
896,19520,11289634
896,19552,11289634
896,19584,11289634
896,19616,11582269
896,19648,11582269
896,19680,11582269
896,19712,11582269
896,19744,11659234
896,19776,11659234
896,19808,11659234
896,19840,11659234
896,19872,11853303
896,19904,11853303
896,19936,11853303
896,19968,11853303
896,20000,11953334
896,20032,11953334
896,20064,11953334
896,20096,11953334
896,20128,12181301
896,20160,12181301
896,20192,12181301
896,20224,12181301
896,20256,12304679
896,20288,12304679
896,20320,12304679
896,20352,12304679
896,20384,12424371
896,20416,12424371
896,20448,12424371
896,20480,12424371
896,20512,12482628
896,20544,12482628
896,20576,12482628
896,20608,12482628
896,20640,12623019
896,20672,12623019
896,20704,12623019
896,20736,12623019
896,20768,12684904
896,20800,12684904
896,20832,12684904
896,20864,12684904
896,20896,12762196
896,20928,12762196
896,20960,12762196
896,20992,12762196
896,21024,12840258
896,21056,12840258
896,21088,12840258
896,21120,12840258
896,21152,12962816
896,21184,12962816
896,21216,12962816
896,21248,12962816
896,21280,13081060
896,21312,13081060
896,21344,13081060
896,21376,13081060
896,21408,13218458
896,21440,13218458
896,21472,13218458
896,21504,13218458
896,21536,13287273
896,21568,13287273
896,21600,13287273
896,21632,13287273
896,21664,13326586
896,21696,13326586
896,21728,13326586
896,21760,13326586
896,21792,13371622
896,21824,13371622
896,21856,13371622
896,21888,13371622
896,21920,13425146
896,21952,13425146
896,21984,13425146
896,22016,13425146
896,22048,13445050
896,22080,13445050
896,22112,13445050
896,22144,13445050
896,22176,13519809
896,22208,13519809
896,22240,13519809
896,22272,13519809
896,22304,13544855
896,22336,13544855
896,22368,13544855
896,22400,13544855
896,22432,13623120
896,22464,13623120
896,22496,13623120
896,22528,13623120
896,22560,13700201
896,22592,13700201
896,22624,13700201
896,22656,13700201
896,22688,13806317
896,22720,13806317
896,22752,13806317
896,22784,13806317
896,22816,13840661
896,22848,13840661
896,22880,13840661
896,22912,13840661
896,22944,13870990
896,22976,13870990
896,23008,13870990
896,23040,13870990
896,23072,13896013
896,23104,13896013
896,23136,13896013
896,23168,13896013
896,23200,13941732
896,23232,13941732
896,23264,13941732
896,23296,13941732
896,23328,13998412
896,23360,13998412
896,23392,13998412
896,23424,13998412
896,23456,14039128
896,23488,14039128
896,23520,14039128
896,23552,14039128
896,23584,14095984
896,23616,14095984
896,23648,14095984
896,23680,14095984
896,23712,14119162
896,23744,14119162
896,23776,14119162
896,23808,14119162
896,23840,14134439
896,23872,14134439
896,23904,14134439
896,23936,14134439
896,23968,14167088
896,24000,14167088
896,24032,14167088
896,24064,14167088
896,24096,14184895
896,24128,14184895
896,24160,14184895
896,24192,14184895
896,24224,14204751
896,24256,14204751
896,24288,14204751
896,24320,14204751
896,24352,14214377
896,24384,14214377
896,24416,14214377
896,24448,14214377
896,24480,14244590
896,24512,14244590
896,24544,14244590
896,24576,14244590
896,24608,14260111
896,24640,14260111
896,24672,14260111
896,24704,14260111
896,24736,14283800
896,24768,14283800
896,24800,14283800
896,24832,14283800
896,24864,14288814
896,24896,14288814
896,24928,14288814
896,24960,14288814
896,24992,14327823
896,25024,14327823
896,25056,14327823
896,25088,14327823
896,25120,14358316
896,25152,14358316
896,25184,14358316
896,25216,14358316
896,25248,14369821
896,25280,14369821
896,25312,14369821
896,25344,14369821
896,25376,14392184
896,25408,14392184
896,25440,14392184
896,25472,14392184
896,25504,14395439
896,25536,14395439
896,25568,14395439
896,25600,14395439
896,25632,14403770
896,25664,14403770
896,25696,14403770
896,25728,14403770
896,25760,14417684
896,25792,14417684
896,25824,14417684
896,25856,14417684
896,25888,14427466
896,25920,14427466
896,25952,14427466
896,25984,14427466
896,26016,14438488
896,26048,14438488
896,26080,14438488
896,26112,14438488
896,26144,14446493
896,26176,14446493
896,26208,14446493
896,26240,14446493
896,26272,14447080
896,26304,14447080
896,26336,14447080
896,26368,14447080
896,26400,14448473
896,26432,14448473
896,26464,14448473
896,26496,14448473
896,26528,14457226
896,26560,14457226
896,26592,14457226
896,26624,14457226
896,26656,14457226
896,26688,14457226
896,26720,14457226
896,26752,14457226
896,26784,14457602
896,26816,14457602
896,26848,14457602
896,26880,14457602
896,26912,14457602
896,26944,14457602
896,26976,14457602
896,27008,14457602
896,27040,14460193
896,27072,14460193
896,27104,14460193
896,27136,14460193
896,27168,14463234
896,27200,14463234
896,27232,14463234
896,27264,14463234
896,27296,14464945
896,27328,14464945
896,27360,14464945
896,27392,14464945
896,27424,14464945
896,27456,14464945
896,27488,14464945
896,27520,14464945
896,27552,14464945
896,27584,14464945
896,27616,14464945
896,27648,14464945
896,27680,14464945
896,27712,14464945
896,27744,14464945
896,27776,14464945
896,27808,14464945
896,27840,14464945
896,27872,14464945
896,27904,14464945
896,27936,14472027
896,27968,14472027
896,28000,14472027
896,28032,14472027
896,28064,14472027
896,28096,14472027
896,28128,14472027
896,28160,14472027
896,28192,14472027
896,28224,14472027
896,28256,14472027
896,28288,14472027
896,28320,14472027
896,28352,14472027
896,28384,14472027
896,28416,14472027
896,28448,14472027
896,28480,14472027
896,28512,14472027
896,28544,14472027
896,28576,14472027
896,28608,14472027
896,28640,14472027
896,28672,14472027
896,28704,14472027
896,28736,14472027
896,28768,14472027
896,28800,14472027
896,28832,14472712
896,28864,14472712
896,28896,14472712
896,28928,14472712
896,28960,14472712
896,28992,14472712
896,29024,14472712
896,29056,14472712
896,29088,14472712
896,29120,14472712
896,29152,14472712
896,29184,14472712
896,29216,14477606
896,29248,14477606
896,29280,14477606
896,29312,14477606
896,29344,14477606
896,29376,14477606
896,29408,14477606
896,29440,14477606
896,29472,14477606
896,29504,14477606
896,29536,14477606
896,29568,14477606
896,29600,14477606
896,29632,14477606
896,29664,14477606
896,29696,14477606
896,29728,14477606
896,29760,14477606
896,29792,14477606
896,29824,14477606
896,29856,14477606
896,29888,14477606
896,29920,14477606
896,29952,14477606
896,29984,14477606
896,30016,14477606
896,30048,14477606
896,30080,14477606
896,30112,14477606
896,30144,14477606
896,30176,14477606
896,30208,14477606
896,30240,14477606
896,30272,14477606
896,30304,14477606
896,30336,14477606
896,30368,14477606
896,30400,14477606
896,30432,14477606
896,30464,14477606
896,30496,14477606
896,30528,14477606
896,30560,14477606
896,30592,14477606
896,30624,14477606
896,30656,14477606
896,30688,14477606
896,30720,14477606
896,30752,14477606
896,30784,14477606
896,30816,14477606
896,30848,14477606
896,30880,14477606
896,30912,14477606
896,30944,14477606
896,30976,14477606
896,31008,14477606
896,31040,14477606
896,31072,14477606
896,31104,14477606
896,31136,14477606
896,31168,14477606
896,31200,14477606
896,31232,14477606
896,31264,14477606
896,31296,14477606
896,31328,14477606
896,31360,14477606
896,31392,14477606
896,31424,14477606
896,31456,14477606
896,31488,14477606
896,31520,14477606
896,31552,14477606
896,31584,14477606
896,31616,14477606
896,31648,14477606
896,31680,14477606
896,31712,14477606
896,31744,14477606
896,31776,14477606
896,31808,14477606
896,31840,14477606
896,31872,14477606
896,31904,14477606
896,31936,14477606
896,31968,14477606
896,32000,14477606
896,32032,14477606
896,32064,14477606
896,32096,14477606
896,32128,14477606
896,32160,14477606
896,32192,14477606
896,32224,14477606
896,32256,14477606
896,32288,14477606
896,32320,14477606
896,32352,14477606
896,32384,14477606
896,32416,14477606
896,32448,14477606
896,32480,14477606
896,32512,14477606
896,32544,14477606
896,32576,14477606
896,32608,14477606
896,32640,14477606
896,32672,14477606
896,32704,14477606
896,32736,14477606
896,32768,14477606
896,32800,14477606
896,32832,14477606
896,32864,14477606
896,32896,14477606
896,32928,14477606
896,32960,14477606
896,32992,14477606
896,33024,14477606
896,33056,14477606
896,33088,14477606
896,33120,14477606
896,33152,14477606
896,33184,14477606
896,33216,14477606
896,33248,14477606
896,33280,14477606
896,33312,14477606
896,33344,14477606
896,33376,14477606
896,33408,14477606
896,33440,14477606
896,33472,14477606
896,33504,14477606
896,33536,14477606
896,33568,14477606
896,33600,14477606
896,33632,14477606
896,33664,14477606
896,33696,14477606
896,33728,14477606
896,33760,14477606
896,33792,14477606
896,33824,14477606
896,33856,14477606
896,33888,14477606
896,33920,14477606
896,33952,14477606
896,33984,14477606
896,34016,14477606
896,34048,14477606
896,34080,14477606
896,34112,14477606
896,34144,14477606
896,34176,14477606
896,34208,14477606
896,34240,14477606
896,34272,14477606
896,34304,14477606
896,34336,14477606
896,34368,14477606
896,34400,14477606
896,34432,14477606
896,34464,14477606
896,34496,14477606
896,34528,14477606
896,34560,14477606
896,34592,14477606
896,34624,14477606
896,34656,14477606
896,34688,14477606
896,34720,14477606
896,34752,14477606
896,34784,14477606
896,34816,14477606
896,34848,14477606
896,34880,14477606
896,34912,14477606
896,34944,14477606
896,34976,14477606
896,35008,14477606
896,35040,14477606
896,35072,14477606
896,35104,14477606
896,35136,14477606
896,35168,14477606
896,35200,14477606
896,35232,14477606
896,35264,14477606
896,35296,14477606
896,35328,14477606
896,35360,14477606
896,35392,14477606
896,35424,14477606
896,35456,14477606
896,35488,14477606
896,35520,14477606
896,35552,14477606
896,35584,14477606
896,35616,14477606
896,35648,14477606
896,35680,14477606
896,35712,14477606
896,35744,14477606
896,35776,14477606
896,35808,14477606
896,35840,14477606
896,35872,14477606
896,35904,14477606
896,35936,14477606
896,35968,14477606
896,36000,14477606
896,36032,14477606
896,36064,14477606
896,36096,14477606
896,36128,14477606
896,36160,14477606
896,36192,14477606
896,36224,14477606
896,36256,14477606
896,36288,14477606
896,36320,14477606
896,36352,14477606
896,36384,14477606
896,36416,14477606
896,36448,14477606
896,36480,14477606
896,36512,14477606
896,36544,14477606
896,36576,14477606
896,36608,14477606
896,36640,14477606
896,36672,14477606
896,36704,14477606
896,36736,14477606
896,36768,14477606
896,36800,14477606
896,36832,14477606
896,36864,14477606
896,36896,14477606
896,36928,14477606
896,36960,14477606
896,36992,14477606
896,37024,14477606
896,37056,14477606
896,37088,14477606
896,37120,14477606
896,37152,14477606
896,37184,14477606
896,37216,14477606
896,37248,14477606
896,37280,14477606
896,37312,14477606
896,37344,14477606
896,37376,14477606
896,37408,14477606
896,37440,14477606
896,37472,14477606
896,37504,14477606
896,37536,14477606
896,37568,14477606
896,37600,14477606
896,37632,14477606
896,37664,14477606
896,37696,14477606
896,37728,14477606
896,37760,14477606
896,37792,14477606
896,37824,14477606
896,37856,14477606
896,37888,14477606
896,37920,14477606
896,37952,14477606
896,37984,14477606
896,38016,14477606
896,38048,14477606
896,38080,14477606
896,38112,14477606
896,38144,14477606
896,38176,14477606
896,38208,14477606
896,38240,14477606
896,38272,14477606
896,38304,14477606
896,38336,14477606
896,38368,14477606
896,38400,14477606
896,38432,14477606
896,38464,14477606
896,38496,14477606
896,38528,14477606
896,38560,14477606
896,38592,14477606
896,38624,14477606
896,38656,14477606
896,38688,14477606
896,38720,14477606
896,38752,14477606
896,38784,14477606
896,38816,14477606
896,38848,14477606
896,38880,14477606
896,38912,14477606
896,38944,14477606
896,38976,14477606
896,39008,14477606
896,39040,14477606
896,39072,14477606
896,39104,14477606
896,39136,14477606
896,39168,14477606
896,39200,14477606
896,39232,14477606
896,39264,14477606
896,39296,14477606
896,39328,14477606
896,39360,14477606
896,39392,14477606
896,39424,14477606
896,39456,14477606
896,39488,14477606
896,39520,14477606
896,39552,14477606
896,39584,14477606
896,39616,14477606
896,39648,14477606
896,39680,14477606
896,39712,14477606
896,39744,14477606
896,39776,14477606
896,39808,14477606
896,39840,14477606
896,39872,14477606
896,39904,14477606
896,39936,14477606
896,39968,14477606
896,40000,14477606
896,40032,14477606
896,40064,14477606
896,40096,14477606
896,40128,14477606
896,40160,14477606
896,40192,14477606
896,40224,14477606
896,40256,14477606
896,40288,14477606
896,40320,14477606
896,40352,14477606
896,40384,14477606
896,40416,14477606
896,40448,14477606
896,40480,14477606
896,40512,14477606
896,40544,14477606
896,40576,14477606
896,40608,14477606
896,40640,14477606
896,40672,14477606
896,40704,14477606
896,40736,14477606
896,40768,14477606
896,40800,14477606
896,40832,14477606
896,40864,14477606
896,40896,14477606
896,40928,14477606
896,40960,14477606
960,32,24087
960,64,23838
960,96,23765
960,128,23786
960,160,23932
960,192,23938
960,224,23987
960,256,24040
960,288,24180
960,320,24194
960,352,24334
960,384,24334
960,416,24486
960,448,24524
960,480,24685
960,512,25185
960,544,32493
960,576,34848
960,608,35980
960,640,36491
960,672,37680
960,704,38285
960,736,38883
960,768,38893
960,800,39036
960,832,39125
960,864,39535
960,896,39743
960,928,40405
960,960,40895
960,992,41392
960,1024,41950
960,1056,42700
960,1088,52777
960,1120,55634
960,1152,57672
960,1184,58217
960,1216,59226
960,1248,59771
960,1280,60503
960,1312,60915
960,1344,61874
960,1376,62379
960,1408,63328
960,1440,63548
960,1472,64086
960,1504,64741
960,1536,65171
960,1568,66689
960,1600,82346
960,1632,82930
960,1664,87778
960,1696,88234
960,1728,91193
960,1760,91540
960,1792,94327
960,1824,94683
960,1856,96824
960,1888,97084
960,1920,99323
960,1952,99655
960,1984,104970
960,2016,105251
960,2048,116911
960,2080,118474
960,2112,179605
960,2144,181618
960,2176,189466
960,2208,190380
960,2240,193030
960,2272,194058
960,2304,195867
960,2336,197025
960,2368,198816
960,2400,200346
960,2432,202112
960,2464,203428
960,2496,205339
960,2528,206740
960,2560,209391
960,2592,215045
960,2624,230196
960,2656,235965
960,2688,238656
960,2720,239979
960,2752,241102
960,2784,241933
960,2816,243341
960,2848,244296
960,2880,245550
960,2912,246256
960,2944,248196
960,2976,249441
960,3008,250967
960,3040,252080
960,3072,254731
960,3104,258436
960,3136,271951
960,3168,277220
960,3200,281048
960,3232,282249
960,3264,284600
960,3296,286128
960,3328,288334
960,3360,289219
960,3392,291896
960,3424,293589
960,3456,297637
960,3488,308366
960,3520,317164
960,3552,324026
960,3584,330785
960,3616,349295
960,3648,397263
960,3680,417007
960,3712,426117
960,3744,430014
960,3776,432387
960,3808,435853
960,3840,440484
960,3872,442526
960,3904,445649
960,3936,448754
960,3968,455579
960,4000,458014
960,4032,460852
960,4064,461568
960,4096,463888
960,4128,464121
960,4160,464532
960,4192,474002
960,4224,476986
960,4256,498920
960,4288,499102
960,4320,534372
960,4352,534991
960,4384,556297
960,4416,556297
960,4448,568685
960,4480,568685
960,4512,576504
960,4544,576504
960,4576,588038
960,4608,588038
960,4640,594009
960,4672,594009
960,4704,602083
960,4736,602083
960,4768,611845
960,4800,611845
960,4832,642065
960,4864,642065
960,4896,657465
960,4928,657465
960,4960,679518
960,4992,679518
960,5024,680223
960,5056,680223
960,5088,684149
960,5120,684149
960,5152,685709
960,5184,685709
960,5216,696193
960,5248,696193
960,5280,704585
960,5312,704585
960,5344,726881
960,5376,726881
960,5408,732994
960,5440,732994
960,5472,745589
960,5504,745589
960,5536,746775
960,5568,746775
960,5600,758204
960,5632,758204
960,5664,761771
960,5696,761771
960,5728,785831
960,5760,785831
960,5792,790065
960,5824,790065
960,5856,847254
960,5888,847254
960,5920,851424
960,5952,851424
960,5984,869248
960,6016,869248
960,6048,870415
960,6080,870415
960,6112,903742
960,6144,903742
960,6176,907485
960,6208,907485
960,6240,980125
960,6272,980125
960,6304,985061
960,6336,985061
960,6368,1082501
960,6400,1082501
960,6432,1088195
960,6464,1088195
960,6496,1149154
960,6528,1149154
960,6560,1152907
960,6592,1152907
960,6624,1188929
960,6656,1188929
960,6688,1194163
960,6720,1194163
960,6752,1252028
960,6784,1252028
960,6816,1265319
960,6848,1265319
960,6880,1356845
960,6912,1356845
960,6944,1366635
960,6976,1366635
960,7008,1424967
960,7040,1424967
960,7072,1428075
960,7104,1428075
960,7136,1490207
960,7168,1490207
960,7200,1495082
960,7232,1495082
960,7264,1528774
960,7296,1528774
960,7328,1549559
960,7360,1549559
960,7392,1646370
960,7424,1646370
960,7456,1663303
960,7488,1663303
960,7520,1732232
960,7552,1732232
960,7584,1736294
960,7616,1736294
960,7648,1795010
960,7680,1795010
960,7712,1802687
960,7744,1802687
960,7776,1865493
960,7808,1865493
960,7840,1888526
960,7872,1888526
960,7904,1986401
960,7936,1986401
960,7968,2003700
960,8000,2003700
960,8032,2030502
960,8064,2030502
960,8096,2038212
960,8128,2038212
960,8160,2052145
960,8192,2052145
960,8224,2058677
960,8256,2058677
960,8288,2068957
960,8320,2068957
960,8352,2072697
960,8384,2072697
960,8416,2089079
960,8448,2089079
960,8480,2113180
960,8512,2113180
960,8544,2185428
960,8576,2185428
960,8608,2217377
960,8640,2217377
960,8672,2238419
960,8704,2238419
960,8736,2245823
960,8768,2245823
960,8800,2279640
960,8832,2279640
960,8864,2291846
960,8896,2291846
960,8928,2323971
960,8960,2323971
960,8992,2356946
960,9024,2356946
960,9056,2407502
960,9088,2407502
960,9120,2429798
960,9152,2429798
960,9184,2449567
960,9216,2449567
960,9248,2458052
960,9280,2458052
960,9312,2469976
960,9344,2469976
960,9376,2483294
960,9408,2483294
960,9440,2491620
960,9472,2491620
960,9504,2525691
960,9536,2525691
960,9568,2599379
960,9600,2599379
960,9632,2632284
960,9664,2632284
960,9696,2650355
960,9728,2650355
960,9760,2661149
960,9792,2661149
960,9824,2679296
960,9856,2679296
960,9888,2692663
960,9920,2692663
960,9952,2702877
960,9984,2702877
960,10016,2725733
960,10048,2725733
960,10080,2817384
960,10112,2817384
960,10144,2859540
960,10176,2859540
960,10208,2876302
960,10240,2876302
960,10272,2884553
960,10304,2884553
960,10336,2901721
960,10368,2901721
960,10400,2913025
960,10432,2913025
960,10464,2929922
960,10496,2929922
960,10528,2974370
960,10560,2974370
960,10592,3061699
960,10624,3061699
960,10656,3092330
960,10688,3092330
960,10720,3116124
960,10752,3116124
960,10784,3135572
960,10816,3135572
960,10848,3151368
960,10880,3151368
960,10912,3167682
960,10944,3167682
960,10976,3190361
960,11008,3190361
960,11040,3215766
960,11072,3215766
960,11104,3296077
960,11136,3296077
960,11168,3328296
960,11200,3328296
960,11232,3340738
960,11264,3340738
960,11296,3343723
960,11328,3343723
960,11360,3358613
960,11392,3358613
960,11424,3374140
960,11456,3374140
960,11488,3387708
960,11520,3387708
960,11552,3419751
960,11584,3419751
960,11616,3478685
960,11648,3478685
960,11680,3498683
960,11712,3498683
960,11744,3528320
960,11776,3528320
960,11808,3533778
960,11840,3533778
960,11872,3538095
960,11904,3538095
960,11936,3549107
960,11968,3549107
960,12000,3564305
960,12032,3564305
960,12064,3580876
960,12096,3580876
960,12128,3626324
960,12160,3626324
960,12192,3647496
960,12224,3647496
960,12256,3661767
960,12288,3661767
960,12320,3665262
960,12352,3665262
960,12384,3669097
960,12416,3669097
960,12448,3673229
960,12480,3673229
960,12512,3689600
960,12544,3689600
960,12576,3693005
960,12608,3693005
960,12640,3703879
960,12672,3703879
960,12704,3713594
960,12736,3713594
960,12768,3753572
960,12800,3753572
960,12832,3759121
960,12864,3759121
960,12896,3773852
960,12928,3773852
960,12960,3774619
960,12992,3774619
960,13024,3775478
960,13056,3775478
960,13088,3782772
960,13120,3782772
960,13152,3783869
960,13184,3783869
960,13216,3796338
960,13248,3796338
960,13280,3821884
960,13312,3821884
960,13344,3826479
960,13376,3826479
960,13408,3829419
960,13440,3829419
960,13472,3833378
960,13504,3833378
960,13536,3834512
960,13568,3834512
960,13600,3839545
960,13632,3839545
960,13664,3850814
960,13696,3850814
960,13728,3869221
960,13760,3869221
960,13792,3916709
960,13824,3916709
960,13856,3929920
960,13888,3929920
960,13920,3951798
960,13952,3951798
960,13984,3972573
960,14016,3972573
960,14048,3995176
960,14080,3995176
960,14112,4002441
960,14144,4002441
960,14176,4048420
960,14208,4048420
960,14240,4087179
960,14272,4087179
960,14304,4193419
960,14336,4193419
960,14368,4230572
960,14400,4230572
960,14432,4270133
960,14464,4270133
960,14496,4296889
960,14528,4296889
960,14560,4320259
960,14592,4320259
960,14624,4339218
960,14656,4339218
960,14688,4435430
960,14720,4435430
960,14752,4464613
960,14784,4464613
960,14816,4629223
960,14848,4629223
960,14880,4643729
960,14912,4643729
960,14944,4738594
960,14976,4738594
960,15008,4774484
960,15040,4774484
960,15072,4906381
960,15104,4906381
960,15136,4933846
960,15168,4933846
960,15200,5039162
960,15232,5039162
960,15264,5143528
960,15296,5143528
960,15328,5370897
960,15360,5370897
960,15392,5436665
960,15424,5436665
960,15456,5540886
960,15488,5540886
960,15520,5563794
960,15552,5563794
960,15584,5633163
960,15616,5633163
960,15648,5673298
960,15680,5673298
960,15712,5788722
960,15744,5788722
960,15776,5894706
960,15808,5894706
960,15840,6104780
960,15872,6104780
960,15904,6198914
960,15936,6198914
960,15968,6318672
960,16000,6318672
960,16032,6380822
960,16064,6380822
960,16096,6437951
960,16128,6437951
960,16160,6508860
960,16192,6508860
960,16224,6562208
960,16256,6562208
960,16288,6662843
960,16320,6662843
960,16352,6878908
960,16384,6878908
960,16416,6882781
960,16448,6882781
960,16480,6935131
960,16512,6935131
960,16544,7009360
960,16576,7009360
960,16608,7026537
960,16640,7026537
960,16672,7137040
960,16704,7137040
960,16736,7147991
960,16768,7147991
960,16800,7242436
960,16832,7242436
960,16864,7244448
960,16896,7244448
960,16928,7452354
960,16960,7452354
960,16992,7466013
960,17024,7466013
960,17056,7866198
960,17088,7866198
960,17120,7874373
960,17152,7874373
960,17184,8117066
960,17216,8117066
960,17248,8117066
960,17280,8117066
960,17312,8415621
960,17344,8415621
960,17376,8415621
960,17408,8415621
960,17440,8524233
960,17472,8524233
960,17504,8524233
960,17536,8524233
960,17568,8693409
960,17600,8693409
960,17632,8693409
960,17664,8693409
960,17696,8833962
960,17728,8833962
960,17760,8833962
960,17792,8833962
960,17824,9001784
960,17856,9001784
960,17888,9001784
960,17920,9001784
960,17952,9119350
960,17984,9119350
960,18016,9119350
960,18048,9119350
960,18080,9384618
960,18112,9384618
960,18144,9384618
960,18176,9384618
960,18208,9508991
960,18240,9508991
960,18272,9508991
960,18304,9508991
960,18336,9785240
960,18368,9785240
960,18400,9785240
960,18432,9785240
960,18464,9941663
960,18496,9941663
960,18528,9941663
960,18560,9941663
960,18592,10197218
960,18624,10197218
960,18656,10197218
960,18688,10197218
960,18720,10294414
960,18752,10294414
960,18784,10294414
960,18816,10294414
960,18848,10541092
960,18880,10541092
960,18912,10541092
960,18944,10541092
960,18976,10673740
960,19008,10673740
960,19040,10673740
960,19072,10673740
960,19104,10918798
960,19136,10918798
960,19168,10918798
960,19200,10918798
960,19232,11034708
960,19264,11034708
960,19296,11034708
960,19328,11034708
960,19360,11153307
960,19392,11153307
960,19424,11153307
960,19456,11153307
960,19488,11289634
960,19520,11289634
960,19552,11289634
960,19584,11289634
960,19616,11582269
960,19648,11582269
960,19680,11582269
960,19712,11582269
960,19744,11659234
960,19776,11659234
960,19808,11659234
960,19840,11659234
960,19872,11853303
960,19904,11853303
960,19936,11853303
960,19968,11853303
960,20000,11953334
960,20032,11953334
960,20064,11953334
960,20096,11953334
960,20128,12181301
960,20160,12181301
960,20192,12181301
960,20224,12181301
960,20256,12304679
960,20288,12304679
960,20320,12304679
960,20352,12304679
960,20384,12424371
960,20416,12424371
960,20448,12424371
960,20480,12424371
960,20512,12482628
960,20544,12482628
960,20576,12482628
960,20608,12482628
960,20640,12623019
960,20672,12623019
960,20704,12623019
960,20736,12623019
960,20768,12684904
960,20800,12684904
960,20832,12684904
960,20864,12684904
960,20896,12762196
960,20928,12762196
960,20960,12762196
960,20992,12762196
960,21024,12840258
960,21056,12840258
960,21088,12840258
960,21120,12840258
960,21152,12962816
960,21184,12962816
960,21216,12962816
960,21248,12962816
960,21280,13081060
960,21312,13081060
960,21344,13081060
960,21376,13081060
960,21408,13218458
960,21440,13218458
960,21472,13218458
960,21504,13218458
960,21536,13287273
960,21568,13287273
960,21600,13287273
960,21632,13287273
960,21664,13326586
960,21696,13326586
960,21728,13326586
960,21760,13326586
960,21792,13371622
960,21824,13371622
960,21856,13371622
960,21888,13371622
960,21920,13425146
960,21952,13425146
960,21984,13425146
960,22016,13425146
960,22048,13445050
960,22080,13445050
960,22112,13445050
960,22144,13445050
960,22176,13519809
960,22208,13519809
960,22240,13519809
960,22272,13519809
960,22304,13544855
960,22336,13544855
960,22368,13544855
960,22400,13544855
960,22432,13623120
960,22464,13623120
960,22496,13623120
960,22528,13623120
960,22560,13700201
960,22592,13700201
960,22624,13700201
960,22656,13700201
960,22688,13806317
960,22720,13806317
960,22752,13806317
960,22784,13806317
960,22816,13840661
960,22848,13840661
960,22880,13840661
960,22912,13840661
960,22944,13870990
960,22976,13870990
960,23008,13870990
960,23040,13870990
960,23072,13896013
960,23104,13896013
960,23136,13896013
960,23168,13896013
960,23200,13941732
960,23232,13941732
960,23264,13941732
960,23296,13941732
960,23328,13998412
960,23360,13998412
960,23392,13998412
960,23424,13998412
960,23456,14039128
960,23488,14039128
960,23520,14039128
960,23552,14039128
960,23584,14095984
960,23616,14095984
960,23648,14095984
960,23680,14095984
960,23712,14119162
960,23744,14119162
960,23776,14119162
960,23808,14119162
960,23840,14134439
960,23872,14134439
960,23904,14134439
960,23936,14134439
960,23968,14167088
960,24000,14167088
960,24032,14167088
960,24064,14167088
960,24096,14184895
960,24128,14184895
960,24160,14184895
960,24192,14184895
960,24224,14204751
960,24256,14204751
960,24288,14204751
960,24320,14204751
960,24352,14214377
960,24384,14214377
960,24416,14214377
960,24448,14214377
960,24480,14244590
960,24512,14244590
960,24544,14244590
960,24576,14244590
960,24608,14260111
960,24640,14260111
960,24672,14260111
960,24704,14260111
960,24736,14283800
960,24768,14283800
960,24800,14283800
960,24832,14283800
960,24864,14288814
960,24896,14288814
960,24928,14288814
960,24960,14288814
960,24992,14327823
960,25024,14327823
960,25056,14327823
960,25088,14327823
960,25120,14358316
960,25152,14358316
960,25184,14358316
960,25216,14358316
960,25248,14369821
960,25280,14369821
960,25312,14369821
960,25344,14369821
960,25376,14392184
960,25408,14392184
960,25440,14392184
960,25472,14392184
960,25504,14395439
960,25536,14395439
960,25568,14395439
960,25600,14395439
960,25632,14403770
960,25664,14403770
960,25696,14403770
960,25728,14403770
960,25760,14417684
960,25792,14417684
960,25824,14417684
960,25856,14417684
960,25888,14427466
960,25920,14427466
960,25952,14427466
960,25984,14427466
960,26016,14438488
960,26048,14438488
960,26080,14438488
960,26112,14438488
960,26144,14446493
960,26176,14446493
960,26208,14446493
960,26240,14446493
960,26272,14447080
960,26304,14447080
960,26336,14447080
960,26368,14447080
960,26400,14448473
960,26432,14448473
960,26464,14448473
960,26496,14448473
960,26528,14457226
960,26560,14457226
960,26592,14457226
960,26624,14457226
960,26656,14457226
960,26688,14457226
960,26720,14457226
960,26752,14457226
960,26784,14457602
960,26816,14457602
960,26848,14457602
960,26880,14457602
960,26912,14457602
960,26944,14457602
960,26976,14457602
960,27008,14457602
960,27040,14460193
960,27072,14460193
960,27104,14460193
960,27136,14460193
960,27168,14463234
960,27200,14463234
960,27232,14463234
960,27264,14463234
960,27296,14464945
960,27328,14464945
960,27360,14464945
960,27392,14464945
960,27424,14464945
960,27456,14464945
960,27488,14464945
960,27520,14464945
960,27552,14464945
960,27584,14464945
960,27616,14464945
960,27648,14464945
960,27680,14464945
960,27712,14464945
960,27744,14464945
960,27776,14464945
960,27808,14464945
960,27840,14464945
960,27872,14464945
960,27904,14464945
960,27936,14472027
960,27968,14472027
960,28000,14472027
960,28032,14472027
960,28064,14472027
960,28096,14472027
960,28128,14472027
960,28160,14472027
960,28192,14472027
960,28224,14472027
960,28256,14472027
960,28288,14472027
960,28320,14472027
960,28352,14472027
960,28384,14472027
960,28416,14472027
960,28448,14472027
960,28480,14472027
960,28512,14472027
960,28544,14472027
960,28576,14472027
960,28608,14472027
960,28640,14472027
960,28672,14472027
960,28704,14472027
960,28736,14472027
960,28768,14472027
960,28800,14472027
960,28832,14472712
960,28864,14472712
960,28896,14472712
960,28928,14472712
960,28960,14472712
960,28992,14472712
960,29024,14472712
960,29056,14472712
960,29088,14472712
960,29120,14472712
960,29152,14472712
960,29184,14472712
960,29216,14477606
960,29248,14477606
960,29280,14477606
960,29312,14477606
960,29344,14477606
960,29376,14477606
960,29408,14477606
960,29440,14477606
960,29472,14477606
960,29504,14477606
960,29536,14477606
960,29568,14477606
960,29600,14477606
960,29632,14477606
960,29664,14477606
960,29696,14477606
960,29728,14477606
960,29760,14477606
960,29792,14477606
960,29824,14477606
960,29856,14477606
960,29888,14477606
960,29920,14477606
960,29952,14477606
960,29984,14477606
960,30016,14477606
960,30048,14477606
960,30080,14477606
960,30112,14477606
960,30144,14477606
960,30176,14477606
960,30208,14477606
960,30240,14477606
960,30272,14477606
960,30304,14477606
960,30336,14477606
960,30368,14477606
960,30400,14477606
960,30432,14477606
960,30464,14477606
960,30496,14477606
960,30528,14477606
960,30560,14477606
960,30592,14477606
960,30624,14477606
960,30656,14477606
960,30688,14477606
960,30720,14477606
960,30752,14477606
960,30784,14477606
960,30816,14477606
960,30848,14477606
960,30880,14477606
960,30912,14477606
960,30944,14477606
960,30976,14477606
960,31008,14477606
960,31040,14477606
960,31072,14477606
960,31104,14477606
960,31136,14477606
960,31168,14477606
960,31200,14477606
960,31232,14477606
960,31264,14477606
960,31296,14477606
960,31328,14477606
960,31360,14477606
960,31392,14477606
960,31424,14477606
960,31456,14477606
960,31488,14477606
960,31520,14477606
960,31552,14477606
960,31584,14477606
960,31616,14477606
960,31648,14477606
960,31680,14477606
960,31712,14477606
960,31744,14477606
960,31776,14477606
960,31808,14477606
960,31840,14477606
960,31872,14477606
960,31904,14477606
960,31936,14477606
960,31968,14477606
960,32000,14477606
960,32032,14477606
960,32064,14477606
960,32096,14477606
960,32128,14477606
960,32160,14477606
960,32192,14477606
960,32224,14477606
960,32256,14477606
960,32288,14477606
960,32320,14477606
960,32352,14477606
960,32384,14477606
960,32416,14477606
960,32448,14477606
960,32480,14477606
960,32512,14477606
960,32544,14477606
960,32576,14477606
960,32608,14477606
960,32640,14477606
960,32672,14477606
960,32704,14477606
960,32736,14477606
960,32768,14477606
960,32800,14477606
960,32832,14477606
960,32864,14477606
960,32896,14477606
960,32928,14477606
960,32960,14477606
960,32992,14477606
960,33024,14477606
960,33056,14477606
960,33088,14477606
960,33120,14477606
960,33152,14477606
960,33184,14477606
960,33216,14477606
960,33248,14477606
960,33280,14477606
960,33312,14477606
960,33344,14477606
960,33376,14477606
960,33408,14477606
960,33440,14477606
960,33472,14477606
960,33504,14477606
960,33536,14477606
960,33568,14477606
960,33600,14477606
960,33632,14477606
960,33664,14477606
960,33696,14477606
960,33728,14477606
960,33760,14477606
960,33792,14477606
960,33824,14477606
960,33856,14477606
960,33888,14477606
960,33920,14477606
960,33952,14477606
960,33984,14477606
960,34016,14477606
960,34048,14477606
960,34080,14477606
960,34112,14477606
960,34144,14477606
960,34176,14477606
960,34208,14477606
960,34240,14477606
960,34272,14477606
960,34304,14477606
960,34336,14477606
960,34368,14477606
960,34400,14477606
960,34432,14477606
960,34464,14477606
960,34496,14477606
960,34528,14477606
960,34560,14477606
960,34592,14477606
960,34624,14477606
960,34656,14477606
960,34688,14477606
960,34720,14477606
960,34752,14477606
960,34784,14477606
960,34816,14477606
960,34848,14477606
960,34880,14477606
960,34912,14477606
960,34944,14477606
960,34976,14477606
960,35008,14477606
960,35040,14477606
960,35072,14477606
960,35104,14477606
960,35136,14477606
960,35168,14477606
960,35200,14477606
960,35232,14477606
960,35264,14477606
960,35296,14477606
960,35328,14477606
960,35360,14477606
960,35392,14477606
960,35424,14477606
960,35456,14477606
960,35488,14477606
960,35520,14477606
960,35552,14477606
960,35584,14477606
960,35616,14477606
960,35648,14477606
960,35680,14477606
960,35712,14477606
960,35744,14477606
960,35776,14477606
960,35808,14477606
960,35840,14477606
960,35872,14477606
960,35904,14477606
960,35936,14477606
960,35968,14477606
960,36000,14477606
960,36032,14477606
960,36064,14477606
960,36096,14477606
960,36128,14477606
960,36160,14477606
960,36192,14477606
960,36224,14477606
960,36256,14477606
960,36288,14477606
960,36320,14477606
960,36352,14477606
960,36384,14477606
960,36416,14477606
960,36448,14477606
960,36480,14477606
960,36512,14477606
960,36544,14477606
960,36576,14477606
960,36608,14477606
960,36640,14477606
960,36672,14477606
960,36704,14477606
960,36736,14477606
960,36768,14477606
960,36800,14477606
960,36832,14477606
960,36864,14477606
960,36896,14477606
960,36928,14477606
960,36960,14477606
960,36992,14477606
960,37024,14477606
960,37056,14477606
960,37088,14477606
960,37120,14477606
960,37152,14477606
960,37184,14477606
960,37216,14477606
960,37248,14477606
960,37280,14477606
960,37312,14477606
960,37344,14477606
960,37376,14477606
960,37408,14477606
960,37440,14477606
960,37472,14477606
960,37504,14477606
960,37536,14477606
960,37568,14477606
960,37600,14477606
960,37632,14477606
960,37664,14477606
960,37696,14477606
960,37728,14477606
960,37760,14477606
960,37792,14477606
960,37824,14477606
960,37856,14477606
960,37888,14477606
960,37920,14477606
960,37952,14477606
960,37984,14477606
960,38016,14477606
960,38048,14477606
960,38080,14477606
960,38112,14477606
960,38144,14477606
960,38176,14477606
960,38208,14477606
960,38240,14477606
960,38272,14477606
960,38304,14477606
960,38336,14477606
960,38368,14477606
960,38400,14477606
960,38432,14477606
960,38464,14477606
960,38496,14477606
960,38528,14477606
960,38560,14477606
960,38592,14477606
960,38624,14477606
960,38656,14477606
960,38688,14477606
960,38720,14477606
960,38752,14477606
960,38784,14477606
960,38816,14477606
960,38848,14477606
960,38880,14477606
960,38912,14477606
960,38944,14477606
960,38976,14477606
960,39008,14477606
960,39040,14477606
960,39072,14477606
960,39104,14477606
960,39136,14477606
960,39168,14477606
960,39200,14477606
960,39232,14477606
960,39264,14477606
960,39296,14477606
960,39328,14477606
960,39360,14477606
960,39392,14477606
960,39424,14477606
960,39456,14477606
960,39488,14477606
960,39520,14477606
960,39552,14477606
960,39584,14477606
960,39616,14477606
960,39648,14477606
960,39680,14477606
960,39712,14477606
960,39744,14477606
960,39776,14477606
960,39808,14477606
960,39840,14477606
960,39872,14477606
960,39904,14477606
960,39936,14477606
960,39968,14477606
960,40000,14477606
960,40032,14477606
960,40064,14477606
960,40096,14477606
960,40128,14477606
960,40160,14477606
960,40192,14477606
960,40224,14477606
960,40256,14477606
960,40288,14477606
960,40320,14477606
960,40352,14477606
960,40384,14477606
960,40416,14477606
960,40448,14477606
960,40480,14477606
960,40512,14477606
960,40544,14477606
960,40576,14477606
960,40608,14477606
960,40640,14477606
960,40672,14477606
960,40704,14477606
960,40736,14477606
960,40768,14477606
960,40800,14477606
960,40832,14477606
960,40864,14477606
960,40896,14477606
960,40928,14477606
960,40960,14477606
1024,32,25502
1024,64,25271
1024,96,25190
1024,128,25248
1024,160,25244
1024,192,25253
1024,224,25309
1024,256,25320
1024,288,25322
1024,320,25338
1024,352,25515
1024,384,25515
1024,416,25911
1024,448,25939
1024,480,26132
1024,512,26932
1024,544,36289
1024,576,38745
1024,608,39444
1024,640,39861
1024,672,40757
1024,704,41239
1024,736,41592
1024,768,41515
1024,800,41240
1024,832,41215
1024,864,41526
1024,896,41701
1024,928,42179
1024,960,42555
1024,992,43058
1024,1024,43694
1024,1056,44418
1024,1088,54602
1024,1120,57611
1024,1152,59692
1024,1184,60326
1024,1216,61411
1024,1248,61997
1024,1280,62808
1024,1312,63230
1024,1344,64195
1024,1376,64711
1024,1408,65671
1024,1440,65921
1024,1472,66570
1024,1504,67241
1024,1536,67729
1024,1568,69474
1024,1600,84655
1024,1632,85299
1024,1664,89821
1024,1696,90271
1024,1728,93098
1024,1760,93445
1024,1792,96216
1024,1824,96573
1024,1856,98706
1024,1888,98967
1024,1920,101119
1024,1952,101451
1024,1984,106635
1024,2016,106916
1024,2048,118237
1024,2080,119799
1024,2112,179895
1024,2144,181909
1024,2176,189589
1024,2208,190503
1024,2240,193030
1024,2272,194058
1024,2304,195867
1024,2336,197025
1024,2368,198816
1024,2400,200346
1024,2432,202112
1024,2464,203428
1024,2496,205339
1024,2528,206740
1024,2560,209391
1024,2592,215045
1024,2624,230196
1024,2656,235965
1024,2688,238656
1024,2720,239979
1024,2752,241102
1024,2784,241933
1024,2816,243341
1024,2848,244296
1024,2880,245550
1024,2912,246256
1024,2944,248196
1024,2976,249441
1024,3008,250967
1024,3040,252080
1024,3072,254731
1024,3104,258436
1024,3136,271951
1024,3168,277220
1024,3200,281048
1024,3232,282249
1024,3264,284600
1024,3296,286128
1024,3328,288334
1024,3360,289219
1024,3392,291896
1024,3424,293589
1024,3456,297637
1024,3488,308366
1024,3520,317164
1024,3552,324026
1024,3584,330785
1024,3616,349295
1024,3648,397263
1024,3680,417007
1024,3712,426117
1024,3744,430014
1024,3776,432387
1024,3808,435853
1024,3840,440484
1024,3872,442526
1024,3904,445649
1024,3936,448754
1024,3968,455579
1024,4000,458014
1024,4032,460852
1024,4064,461568
1024,4096,463888
1024,4128,464121
1024,4160,464532
1024,4192,474002
1024,4224,476986
1024,4256,498920
1024,4288,499102
1024,4320,534372
1024,4352,534991
1024,4384,556297
1024,4416,556297
1024,4448,568685
1024,4480,568685
1024,4512,576504
1024,4544,576504
1024,4576,588038
1024,4608,588038
1024,4640,594009
1024,4672,594009
1024,4704,602083
1024,4736,602083
1024,4768,611845
1024,4800,611845
1024,4832,642065
1024,4864,642065
1024,4896,657465
1024,4928,657465
1024,4960,679518
1024,4992,679518
1024,5024,680223
1024,5056,680223
1024,5088,684149
1024,5120,684149
1024,5152,685709
1024,5184,685709
1024,5216,696193
1024,5248,696193
1024,5280,704585
1024,5312,704585
1024,5344,726881
1024,5376,726881
1024,5408,732994
1024,5440,732994
1024,5472,745589
1024,5504,745589
1024,5536,746775
1024,5568,746775
1024,5600,758204
1024,5632,758204
1024,5664,761771
1024,5696,761771
1024,5728,785831
1024,5760,785831
1024,5792,790065
1024,5824,790065
1024,5856,847254
1024,5888,847254
1024,5920,851424
1024,5952,851424
1024,5984,869248
1024,6016,869248
1024,6048,870415
1024,6080,870415
1024,6112,903742
1024,6144,903742
1024,6176,907485
1024,6208,907485
1024,6240,980125
1024,6272,980125
1024,6304,985061
1024,6336,985061
1024,6368,1082501
1024,6400,1082501
1024,6432,1088195
1024,6464,1088195
1024,6496,1149154
1024,6528,1149154
1024,6560,1152907
1024,6592,1152907
1024,6624,1188929
1024,6656,1188929
1024,6688,1194163
1024,6720,1194163
1024,6752,1252028
1024,6784,1252028
1024,6816,1265319
1024,6848,1265319
1024,6880,1356845
1024,6912,1356845
1024,6944,1366635
1024,6976,1366635
1024,7008,1424967
1024,7040,1424967
1024,7072,1428075
1024,7104,1428075
1024,7136,1490207
1024,7168,1490207
1024,7200,1495082
1024,7232,1495082
1024,7264,1528774
1024,7296,1528774
1024,7328,1549559
1024,7360,1549559
1024,7392,1646370
1024,7424,1646370
1024,7456,1663303
1024,7488,1663303
1024,7520,1732232
1024,7552,1732232
1024,7584,1736294
1024,7616,1736294
1024,7648,1795010
1024,7680,1795010
1024,7712,1802687
1024,7744,1802687
1024,7776,1865493
1024,7808,1865493
1024,7840,1888526
1024,7872,1888526
1024,7904,1986401
1024,7936,1986401
1024,7968,2003700
1024,8000,2003700
1024,8032,2030502
1024,8064,2030502
1024,8096,2038212
1024,8128,2038212
1024,8160,2052145
1024,8192,2052145
1024,8224,2058677
1024,8256,2058677
1024,8288,2068957
1024,8320,2068957
1024,8352,2072697
1024,8384,2072697
1024,8416,2089079
1024,8448,2089079
1024,8480,2113180
1024,8512,2113180
1024,8544,2185428
1024,8576,2185428
1024,8608,2217377
1024,8640,2217377
1024,8672,2238419
1024,8704,2238419
1024,8736,2245823
1024,8768,2245823
1024,8800,2279640
1024,8832,2279640
1024,8864,2291846
1024,8896,2291846
1024,8928,2323971
1024,8960,2323971
1024,8992,2356946
1024,9024,2356946
1024,9056,2407502
1024,9088,2407502
1024,9120,2429798
1024,9152,2429798
1024,9184,2449567
1024,9216,2449567
1024,9248,2458052
1024,9280,2458052
1024,9312,2469976
1024,9344,2469976
1024,9376,2483294
1024,9408,2483294
1024,9440,2491620
1024,9472,2491620
1024,9504,2525691
1024,9536,2525691
1024,9568,2599379
1024,9600,2599379
1024,9632,2632284
1024,9664,2632284
1024,9696,2650355
1024,9728,2650355
1024,9760,2661149
1024,9792,2661149
1024,9824,2679296
1024,9856,2679296
1024,9888,2692663
1024,9920,2692663
1024,9952,2702877
1024,9984,2702877
1024,10016,2725733
1024,10048,2725733
1024,10080,2817384
1024,10112,2817384
1024,10144,2859540
1024,10176,2859540
1024,10208,2876302
1024,10240,2876302
1024,10272,2884553
1024,10304,2884553
1024,10336,2901721
1024,10368,2901721
1024,10400,2913025
1024,10432,2913025
1024,10464,2929922
1024,10496,2929922
1024,10528,2974370
1024,10560,2974370
1024,10592,3061699
1024,10624,3061699
1024,10656,3092330
1024,10688,3092330
1024,10720,3116124
1024,10752,3116124
1024,10784,3135572
1024,10816,3135572
1024,10848,3151368
1024,10880,3151368
1024,10912,3167682
1024,10944,3167682
1024,10976,3190361
1024,11008,3190361
1024,11040,3215766
1024,11072,3215766
1024,11104,3296077
1024,11136,3296077
1024,11168,3328296
1024,11200,3328296
1024,11232,3340738
1024,11264,3340738
1024,11296,3343723
1024,11328,3343723
1024,11360,3358613
1024,11392,3358613
1024,11424,3374140
1024,11456,3374140
1024,11488,3387708
1024,11520,3387708
1024,11552,3419751
1024,11584,3419751
1024,11616,3478685
1024,11648,3478685
1024,11680,3498683
1024,11712,3498683
1024,11744,3528320
1024,11776,3528320
1024,11808,3533778
1024,11840,3533778
1024,11872,3538095
1024,11904,3538095
1024,11936,3549107
1024,11968,3549107
1024,12000,3564305
1024,12032,3564305
1024,12064,3580876
1024,12096,3580876
1024,12128,3626324
1024,12160,3626324
1024,12192,3647496
1024,12224,3647496
1024,12256,3661767
1024,12288,3661767
1024,12320,3665262
1024,12352,3665262
1024,12384,3669097
1024,12416,3669097
1024,12448,3673229
1024,12480,3673229
1024,12512,3689600
1024,12544,3689600
1024,12576,3693005
1024,12608,3693005
1024,12640,3703879
1024,12672,3703879
1024,12704,3713594
1024,12736,3713594
1024,12768,3753572
1024,12800,3753572
1024,12832,3759121
1024,12864,3759121
1024,12896,3773852
1024,12928,3773852
1024,12960,3774619
1024,12992,3774619
1024,13024,3775478
1024,13056,3775478
1024,13088,3782772
1024,13120,3782772
1024,13152,3783869
1024,13184,3783869
1024,13216,3796338
1024,13248,3796338
1024,13280,3821884
1024,13312,3821884
1024,13344,3826479
1024,13376,3826479
1024,13408,3829419
1024,13440,3829419
1024,13472,3833378
1024,13504,3833378
1024,13536,3834512
1024,13568,3834512
1024,13600,3839545
1024,13632,3839545
1024,13664,3850814
1024,13696,3850814
1024,13728,3869221
1024,13760,3869221
1024,13792,3916709
1024,13824,3916709
1024,13856,3929920
1024,13888,3929920
1024,13920,3951798
1024,13952,3951798
1024,13984,3972573
1024,14016,3972573
1024,14048,3995176
1024,14080,3995176
1024,14112,4002441
1024,14144,4002441
1024,14176,4048420
1024,14208,4048420
1024,14240,4087179
1024,14272,4087179
1024,14304,4193419
1024,14336,4193419
1024,14368,4230572
1024,14400,4230572
1024,14432,4270133
1024,14464,4270133
1024,14496,4296889
1024,14528,4296889
1024,14560,4320259
1024,14592,4320259
1024,14624,4339218
1024,14656,4339218
1024,14688,4435430
1024,14720,4435430
1024,14752,4464613
1024,14784,4464613
1024,14816,4629223
1024,14848,4629223
1024,14880,4643729
1024,14912,4643729
1024,14944,4738594
1024,14976,4738594
1024,15008,4774484
1024,15040,4774484
1024,15072,4906381
1024,15104,4906381
1024,15136,4933846
1024,15168,4933846
1024,15200,5039162
1024,15232,5039162
1024,15264,5143528
1024,15296,5143528
1024,15328,5370897
1024,15360,5370897
1024,15392,5436665
1024,15424,5436665
1024,15456,5540886
1024,15488,5540886
1024,15520,5563794
1024,15552,5563794
1024,15584,5633163
1024,15616,5633163
1024,15648,5673298
1024,15680,5673298
1024,15712,5788722
1024,15744,5788722
1024,15776,5894706
1024,15808,5894706
1024,15840,6104780
1024,15872,6104780
1024,15904,6198914
1024,15936,6198914
1024,15968,6318672
1024,16000,6318672
1024,16032,6380822
1024,16064,6380822
1024,16096,6437951
1024,16128,6437951
1024,16160,6508860
1024,16192,6508860
1024,16224,6562208
1024,16256,6562208
1024,16288,6662843
1024,16320,6662843
1024,16352,6878908
1024,16384,6878908
1024,16416,6882781
1024,16448,6882781
1024,16480,6935131
1024,16512,6935131
1024,16544,7009360
1024,16576,7009360
1024,16608,7026537
1024,16640,7026537
1024,16672,7137040
1024,16704,7137040
1024,16736,7147991
1024,16768,7147991
1024,16800,7242436
1024,16832,7242436
1024,16864,7244448
1024,16896,7244448
1024,16928,7452354
1024,16960,7452354
1024,16992,7466013
1024,17024,7466013
1024,17056,7866198
1024,17088,7866198
1024,17120,7874373
1024,17152,7874373
1024,17184,8117066
1024,17216,8117066
1024,17248,8117066
1024,17280,8117066
1024,17312,8415621
1024,17344,8415621
1024,17376,8415621
1024,17408,8415621
1024,17440,8524233
1024,17472,8524233
1024,17504,8524233
1024,17536,8524233
1024,17568,8693409
1024,17600,8693409
1024,17632,8693409
1024,17664,8693409
1024,17696,8833962
1024,17728,8833962
1024,17760,8833962
1024,17792,8833962
1024,17824,9001784
1024,17856,9001784
1024,17888,9001784
1024,17920,9001784
1024,17952,9119350
1024,17984,9119350
1024,18016,9119350
1024,18048,9119350
1024,18080,9384618
1024,18112,9384618
1024,18144,9384618
1024,18176,9384618
1024,18208,9508991
1024,18240,9508991
1024,18272,9508991
1024,18304,9508991
1024,18336,9785240
1024,18368,9785240
1024,18400,9785240
1024,18432,9785240
1024,18464,9941663
1024,18496,9941663
1024,18528,9941663
1024,18560,9941663
1024,18592,10197218
1024,18624,10197218
1024,18656,10197218
1024,18688,10197218
1024,18720,10294414
1024,18752,10294414
1024,18784,10294414
1024,18816,10294414
1024,18848,10541092
1024,18880,10541092
1024,18912,10541092
1024,18944,10541092
1024,18976,10673740
1024,19008,10673740
1024,19040,10673740
1024,19072,10673740
1024,19104,10918798
1024,19136,10918798
1024,19168,10918798
1024,19200,10918798
1024,19232,11034708
1024,19264,11034708
1024,19296,11034708
1024,19328,11034708
1024,19360,11153307
1024,19392,11153307
1024,19424,11153307
1024,19456,11153307
1024,19488,11289634
1024,19520,11289634
1024,19552,11289634
1024,19584,11289634
1024,19616,11582269
1024,19648,11582269
1024,19680,11582269
1024,19712,11582269
1024,19744,11659234
1024,19776,11659234
1024,19808,11659234
1024,19840,11659234
1024,19872,11853303
1024,19904,11853303
1024,19936,11853303
1024,19968,11853303
1024,20000,11953334
1024,20032,11953334
1024,20064,11953334
1024,20096,11953334
1024,20128,12181301
1024,20160,12181301
1024,20192,12181301
1024,20224,12181301
1024,20256,12304679
1024,20288,12304679
1024,20320,12304679
1024,20352,12304679
1024,20384,12424371
1024,20416,12424371
1024,20448,12424371
1024,20480,12424371
1024,20512,12482628
1024,20544,12482628
1024,20576,12482628
1024,20608,12482628
1024,20640,12623019
1024,20672,12623019
1024,20704,12623019
1024,20736,12623019
1024,20768,12684904
1024,20800,12684904
1024,20832,12684904
1024,20864,12684904
1024,20896,12762196
1024,20928,12762196
1024,20960,12762196
1024,20992,12762196
1024,21024,12840258
1024,21056,12840258
1024,21088,12840258
1024,21120,12840258
1024,21152,12962816
1024,21184,12962816
1024,21216,12962816
1024,21248,12962816
1024,21280,13081060
1024,21312,13081060
1024,21344,13081060
1024,21376,13081060
1024,21408,13218458
1024,21440,13218458
1024,21472,13218458
1024,21504,13218458
1024,21536,13287273
1024,21568,13287273
1024,21600,13287273
1024,21632,13287273
1024,21664,13326586
1024,21696,13326586
1024,21728,13326586
1024,21760,13326586
1024,21792,13371622
1024,21824,13371622
1024,21856,13371622
1024,21888,13371622
1024,21920,13425146
1024,21952,13425146
1024,21984,13425146
1024,22016,13425146
1024,22048,13445050
1024,22080,13445050
1024,22112,13445050
1024,22144,13445050
1024,22176,13519809
1024,22208,13519809
1024,22240,13519809
1024,22272,13519809
1024,22304,13544855
1024,22336,13544855
1024,22368,13544855
1024,22400,13544855
1024,22432,13623120
1024,22464,13623120
1024,22496,13623120
1024,22528,13623120
1024,22560,13700201
1024,22592,13700201
1024,22624,13700201
1024,22656,13700201
1024,22688,13806317
1024,22720,13806317
1024,22752,13806317
1024,22784,13806317
1024,22816,13840661
1024,22848,13840661
1024,22880,13840661
1024,22912,13840661
1024,22944,13870990
1024,22976,13870990
1024,23008,13870990
1024,23040,13870990
1024,23072,13896013
1024,23104,13896013
1024,23136,13896013
1024,23168,13896013
1024,23200,13941732
1024,23232,13941732
1024,23264,13941732
1024,23296,13941732
1024,23328,13998412
1024,23360,13998412
1024,23392,13998412
1024,23424,13998412
1024,23456,14039128
1024,23488,14039128
1024,23520,14039128
1024,23552,14039128
1024,23584,14095984
1024,23616,14095984
1024,23648,14095984
1024,23680,14095984
1024,23712,14119162
1024,23744,14119162
1024,23776,14119162
1024,23808,14119162
1024,23840,14134439
1024,23872,14134439
1024,23904,14134439
1024,23936,14134439
1024,23968,14167088
1024,24000,14167088
1024,24032,14167088
1024,24064,14167088
1024,24096,14184895
1024,24128,14184895
1024,24160,14184895
1024,24192,14184895
1024,24224,14204751
1024,24256,14204751
1024,24288,14204751
1024,24320,14204751
1024,24352,14214377
1024,24384,14214377
1024,24416,14214377
1024,24448,14214377
1024,24480,14244590
1024,24512,14244590
1024,24544,14244590
1024,24576,14244590
1024,24608,14260111
1024,24640,14260111
1024,24672,14260111
1024,24704,14260111
1024,24736,14283800
1024,24768,14283800
1024,24800,14283800
1024,24832,14283800
1024,24864,14288814
1024,24896,14288814
1024,24928,14288814
1024,24960,14288814
1024,24992,14327823
1024,25024,14327823
1024,25056,14327823
1024,25088,14327823
1024,25120,14358316
1024,25152,14358316
1024,25184,14358316
1024,25216,14358316
1024,25248,14369821
1024,25280,14369821
1024,25312,14369821
1024,25344,14369821
1024,25376,14392184
1024,25408,14392184
1024,25440,14392184
1024,25472,14392184
1024,25504,14395439
1024,25536,14395439
1024,25568,14395439
1024,25600,14395439
1024,25632,14403770
1024,25664,14403770
1024,25696,14403770
1024,25728,14403770
1024,25760,14417684
1024,25792,14417684
1024,25824,14417684
1024,25856,14417684
1024,25888,14427466
1024,25920,14427466
1024,25952,14427466
1024,25984,14427466
1024,26016,14438488
1024,26048,14438488
1024,26080,14438488
1024,26112,14438488
1024,26144,14446493
1024,26176,14446493
1024,26208,14446493
1024,26240,14446493
1024,26272,14447080
1024,26304,14447080
1024,26336,14447080
1024,26368,14447080
1024,26400,14448473
1024,26432,14448473
1024,26464,14448473
1024,26496,14448473
1024,26528,14457226
1024,26560,14457226
1024,26592,14457226
1024,26624,14457226
1024,26656,14457226
1024,26688,14457226
1024,26720,14457226
1024,26752,14457226
1024,26784,14457602
1024,26816,14457602
1024,26848,14457602
1024,26880,14457602
1024,26912,14457602
1024,26944,14457602
1024,26976,14457602
1024,27008,14457602
1024,27040,14460193
1024,27072,14460193
1024,27104,14460193
1024,27136,14460193
1024,27168,14463234
1024,27200,14463234
1024,27232,14463234
1024,27264,14463234
1024,27296,14464945
1024,27328,14464945
1024,27360,14464945
1024,27392,14464945
1024,27424,14464945
1024,27456,14464945
1024,27488,14464945
1024,27520,14464945
1024,27552,14464945
1024,27584,14464945
1024,27616,14464945
1024,27648,14464945
1024,27680,14464945
1024,27712,14464945
1024,27744,14464945
1024,27776,14464945
1024,27808,14464945
1024,27840,14464945
1024,27872,14464945
1024,27904,14464945
1024,27936,14472027
1024,27968,14472027
1024,28000,14472027
1024,28032,14472027
1024,28064,14472027
1024,28096,14472027
1024,28128,14472027
1024,28160,14472027
1024,28192,14472027
1024,28224,14472027
1024,28256,14472027
1024,28288,14472027
1024,28320,14472027
1024,28352,14472027
1024,28384,14472027
1024,28416,14472027
1024,28448,14472027
1024,28480,14472027
1024,28512,14472027
1024,28544,14472027
1024,28576,14472027
1024,28608,14472027
1024,28640,14472027
1024,28672,14472027
1024,28704,14472027
1024,28736,14472027
1024,28768,14472027
1024,28800,14472027
1024,28832,14472712
1024,28864,14472712
1024,28896,14472712
1024,28928,14472712
1024,28960,14472712
1024,28992,14472712
1024,29024,14472712
1024,29056,14472712
1024,29088,14472712
1024,29120,14472712
1024,29152,14472712
1024,29184,14472712
1024,29216,14477606
1024,29248,14477606
1024,29280,14477606
1024,29312,14477606
1024,29344,14477606
1024,29376,14477606
1024,29408,14477606
1024,29440,14477606
1024,29472,14477606
1024,29504,14477606
1024,29536,14477606
1024,29568,14477606
1024,29600,14477606
1024,29632,14477606
1024,29664,14477606
1024,29696,14477606
1024,29728,14477606
1024,29760,14477606
1024,29792,14477606
1024,29824,14477606
1024,29856,14477606
1024,29888,14477606
1024,29920,14477606
1024,29952,14477606
1024,29984,14477606
1024,30016,14477606
1024,30048,14477606
1024,30080,14477606
1024,30112,14477606
1024,30144,14477606
1024,30176,14477606
1024,30208,14477606
1024,30240,14477606
1024,30272,14477606
1024,30304,14477606
1024,30336,14477606
1024,30368,14477606
1024,30400,14477606
1024,30432,14477606
1024,30464,14477606
1024,30496,14477606
1024,30528,14477606
1024,30560,14477606
1024,30592,14477606
1024,30624,14477606
1024,30656,14477606
1024,30688,14477606
1024,30720,14477606
1024,30752,14477606
1024,30784,14477606
1024,30816,14477606
1024,30848,14477606
1024,30880,14477606
1024,30912,14477606
1024,30944,14477606
1024,30976,14477606
1024,31008,14477606
1024,31040,14477606
1024,31072,14477606
1024,31104,14477606
1024,31136,14477606
1024,31168,14477606
1024,31200,14477606
1024,31232,14477606
1024,31264,14477606
1024,31296,14477606
1024,31328,14477606
1024,31360,14477606
1024,31392,14477606
1024,31424,14477606
1024,31456,14477606
1024,31488,14477606
1024,31520,14477606
1024,31552,14477606
1024,31584,14477606
1024,31616,14477606
1024,31648,14477606
1024,31680,14477606
1024,31712,14477606
1024,31744,14477606
1024,31776,14477606
1024,31808,14477606
1024,31840,14477606
1024,31872,14477606
1024,31904,14477606
1024,31936,14477606
1024,31968,14477606
1024,32000,14477606
1024,32032,14477606
1024,32064,14477606
1024,32096,14477606
1024,32128,14477606
1024,32160,14477606
1024,32192,14477606
1024,32224,14477606
1024,32256,14477606
1024,32288,14477606
1024,32320,14477606
1024,32352,14477606
1024,32384,14477606
1024,32416,14477606
1024,32448,14477606
1024,32480,14477606
1024,32512,14477606
1024,32544,14477606
1024,32576,14477606
1024,32608,14477606
1024,32640,14477606
1024,32672,14477606
1024,32704,14477606
1024,32736,14477606
1024,32768,14477606
1024,32800,14477606
1024,32832,14477606
1024,32864,14477606
1024,32896,14477606
1024,32928,14477606
1024,32960,14477606
1024,32992,14477606
1024,33024,14477606
1024,33056,14477606
1024,33088,14477606
1024,33120,14477606
1024,33152,14477606
1024,33184,14477606
1024,33216,14477606
1024,33248,14477606
1024,33280,14477606
1024,33312,14477606
1024,33344,14477606
1024,33376,14477606
1024,33408,14477606
1024,33440,14477606
1024,33472,14477606
1024,33504,14477606
1024,33536,14477606
1024,33568,14477606
1024,33600,14477606
1024,33632,14477606
1024,33664,14477606
1024,33696,14477606
1024,33728,14477606
1024,33760,14477606
1024,33792,14477606
1024,33824,14477606
1024,33856,14477606
1024,33888,14477606
1024,33920,14477606
1024,33952,14477606
1024,33984,14477606
1024,34016,14477606
1024,34048,14477606
1024,34080,14477606
1024,34112,14477606
1024,34144,14477606
1024,34176,14477606
1024,34208,14477606
1024,34240,14477606
1024,34272,14477606
1024,34304,14477606
1024,34336,14477606
1024,34368,14477606
1024,34400,14477606
1024,34432,14477606
1024,34464,14477606
1024,34496,14477606
1024,34528,14477606
1024,34560,14477606
1024,34592,14477606
1024,34624,14477606
1024,34656,14477606
1024,34688,14477606
1024,34720,14477606
1024,34752,14477606
1024,34784,14477606
1024,34816,14477606
1024,34848,14477606
1024,34880,14477606
1024,34912,14477606
1024,34944,14477606
1024,34976,14477606
1024,35008,14477606
1024,35040,14477606
1024,35072,14477606
1024,35104,14477606
1024,35136,14477606
1024,35168,14477606
1024,35200,14477606
1024,35232,14477606
1024,35264,14477606
1024,35296,14477606
1024,35328,14477606
1024,35360,14477606
1024,35392,14477606
1024,35424,14477606
1024,35456,14477606
1024,35488,14477606
1024,35520,14477606
1024,35552,14477606
1024,35584,14477606
1024,35616,14477606
1024,35648,14477606
1024,35680,14477606
1024,35712,14477606
1024,35744,14477606
1024,35776,14477606
1024,35808,14477606
1024,35840,14477606
1024,35872,14477606
1024,35904,14477606
1024,35936,14477606
1024,35968,14477606
1024,36000,14477606
1024,36032,14477606
1024,36064,14477606
1024,36096,14477606
1024,36128,14477606
1024,36160,14477606
1024,36192,14477606
1024,36224,14477606
1024,36256,14477606
1024,36288,14477606
1024,36320,14477606
1024,36352,14477606
1024,36384,14477606
1024,36416,14477606
1024,36448,14477606
1024,36480,14477606
1024,36512,14477606
1024,36544,14477606
1024,36576,14477606
1024,36608,14477606
1024,36640,14477606
1024,36672,14477606
1024,36704,14477606
1024,36736,14477606
1024,36768,14477606
1024,36800,14477606
1024,36832,14477606
1024,36864,14477606
1024,36896,14477606
1024,36928,14477606
1024,36960,14477606
1024,36992,14477606
1024,37024,14477606
1024,37056,14477606
1024,37088,14477606
1024,37120,14477606
1024,37152,14477606
1024,37184,14477606
1024,37216,14477606
1024,37248,14477606
1024,37280,14477606
1024,37312,14477606
1024,37344,14477606
1024,37376,14477606
1024,37408,14477606
1024,37440,14477606
1024,37472,14477606
1024,37504,14477606
1024,37536,14477606
1024,37568,14477606
1024,37600,14477606
1024,37632,14477606
1024,37664,14477606
1024,37696,14477606
1024,37728,14477606
1024,37760,14477606
1024,37792,14477606
1024,37824,14477606
1024,37856,14477606
1024,37888,14477606
1024,37920,14477606
1024,37952,14477606
1024,37984,14477606
1024,38016,14477606
1024,38048,14477606
1024,38080,14477606
1024,38112,14477606
1024,38144,14477606
1024,38176,14477606
1024,38208,14477606
1024,38240,14477606
1024,38272,14477606
1024,38304,14477606
1024,38336,14477606
1024,38368,14477606
1024,38400,14477606
1024,38432,14477606
1024,38464,14477606
1024,38496,14477606
1024,38528,14477606
1024,38560,14477606
1024,38592,14477606
1024,38624,14477606
1024,38656,14477606
1024,38688,14477606
1024,38720,14477606
1024,38752,14477606
1024,38784,14477606
1024,38816,14477606
1024,38848,14477606
1024,38880,14477606
1024,38912,14477606
1024,38944,14477606
1024,38976,14477606
1024,39008,14477606
1024,39040,14477606
1024,39072,14477606
1024,39104,14477606
1024,39136,14477606
1024,39168,14477606
1024,39200,14477606
1024,39232,14477606
1024,39264,14477606
1024,39296,14477606
1024,39328,14477606
1024,39360,14477606
1024,39392,14477606
1024,39424,14477606
1024,39456,14477606
1024,39488,14477606
1024,39520,14477606
1024,39552,14477606
1024,39584,14477606
1024,39616,14477606
1024,39648,14477606
1024,39680,14477606
1024,39712,14477606
1024,39744,14477606
1024,39776,14477606
1024,39808,14477606
1024,39840,14477606
1024,39872,14477606
1024,39904,14477606
1024,39936,14477606
1024,39968,14477606
1024,40000,14477606
1024,40032,14477606
1024,40064,14477606
1024,40096,14477606
1024,40128,14477606
1024,40160,14477606
1024,40192,14477606
1024,40224,14477606
1024,40256,14477606
1024,40288,14477606
1024,40320,14477606
1024,40352,14477606
1024,40384,14477606
1024,40416,14477606
1024,40448,14477606
1024,40480,14477606
1024,40512,14477606
1024,40544,14477606
1024,40576,14477606
1024,40608,14477606
1024,40640,14477606
1024,40672,14477606
1024,40704,14477606
1024,40736,14477606
1024,40768,14477606
1024,40800,14477606
1024,40832,14477606
1024,40864,14477606
1024,40896,14477606
1024,40928,14477606
1024,40960,14477606
1088,32,26946
1088,64,26605
1088,96,26556
1088,128,26556
1088,160,26558
1088,192,26559
1088,224,26574
1088,256,26731
1088,288,26740
1088,320,26746
1088,352,26748
1088,384,26748
1088,416,26782
1088,448,26836
1088,480,27122
1088,512,28578
1088,544,40536
1088,576,43601
1088,608,44342
1088,640,44743
1088,672,45508
1088,704,45929
1088,736,46456
1088,768,46798
1088,800,46961
1088,832,47203
1088,864,47733
1088,896,48242
1088,928,48771
1088,960,49211
1088,992,49635
1088,1024,50176
1088,1056,50838
1088,1088,60764
1088,1120,63681
1088,1152,65601
1088,1184,66238
1088,1216,67415
1088,1248,68281
1088,1280,69231
1088,1312,69913
1088,1344,71262
1088,1376,72044
1088,1408,72913
1088,1440,73353
1088,1472,74161
1088,1504,75011
1088,1536,75612
1088,1568,77493
1088,1600,90750
1088,1632,91554
1088,1664,94792
1088,1696,95242
1088,1728,97371
1088,1760,97755
1088,1792,100224
1088,1824,100580
1088,1856,102581
1088,1888,102841
1088,1920,104420
1088,1952,104752
1088,1984,109335
1088,2016,109616
1088,2048,120499
1088,2080,122061
1088,2112,180123
1088,2144,182137
1088,2176,189589
1088,2208,190503
1088,2240,193030
1088,2272,194058
1088,2304,195867
1088,2336,197025
1088,2368,198816
1088,2400,200346
1088,2432,202112
1088,2464,203428
1088,2496,205339
1088,2528,206740
1088,2560,209391
1088,2592,215045
1088,2624,230196
1088,2656,235965
1088,2688,238656
1088,2720,239979
1088,2752,241102
1088,2784,241933
1088,2816,243341
1088,2848,244296
1088,2880,245550
1088,2912,246256
1088,2944,248196
1088,2976,249441
1088,3008,250967
1088,3040,252080
1088,3072,254731
1088,3104,258436
1088,3136,271951
1088,3168,277220
1088,3200,281048
1088,3232,282249
1088,3264,284600
1088,3296,286128
1088,3328,288334
1088,3360,289219
1088,3392,291896
1088,3424,293589
1088,3456,297637
1088,3488,308366
1088,3520,317164
1088,3552,324026
1088,3584,330785
1088,3616,349295
1088,3648,397263
1088,3680,417007
1088,3712,426117
1088,3744,430014
1088,3776,432387
1088,3808,435853
1088,3840,440484
1088,3872,442526
1088,3904,445649
1088,3936,448754
1088,3968,455579
1088,4000,458014
1088,4032,460852
1088,4064,461568
1088,4096,463888
1088,4128,464121
1088,4160,464532
1088,4192,474002
1088,4224,476986
1088,4256,498920
1088,4288,499102
1088,4320,534372
1088,4352,534991
1088,4384,556297
1088,4416,556297
1088,4448,568685
1088,4480,568685
1088,4512,576504
1088,4544,576504
1088,4576,588038
1088,4608,588038
1088,4640,594009
1088,4672,594009
1088,4704,602083
1088,4736,602083
1088,4768,611845
1088,4800,611845
1088,4832,642065
1088,4864,642065
1088,4896,657465
1088,4928,657465
1088,4960,679518
1088,4992,679518
1088,5024,680223
1088,5056,680223
1088,5088,684149
1088,5120,684149
1088,5152,685709
1088,5184,685709
1088,5216,696193
1088,5248,696193
1088,5280,704585
1088,5312,704585
1088,5344,726881
1088,5376,726881
1088,5408,732994
1088,5440,732994
1088,5472,745589
1088,5504,745589
1088,5536,746775
1088,5568,746775
1088,5600,758204
1088,5632,758204
1088,5664,761771
1088,5696,761771
1088,5728,785831
1088,5760,785831
1088,5792,790065
1088,5824,790065
1088,5856,847254
1088,5888,847254
1088,5920,851424
1088,5952,851424
1088,5984,869248
1088,6016,869248
1088,6048,870415
1088,6080,870415
1088,6112,903742
1088,6144,903742
1088,6176,907485
1088,6208,907485
1088,6240,980125
1088,6272,980125
1088,6304,985061
1088,6336,985061
1088,6368,1082501
1088,6400,1082501
1088,6432,1088195
1088,6464,1088195
1088,6496,1149154
1088,6528,1149154
1088,6560,1152907
1088,6592,1152907
1088,6624,1188929
1088,6656,1188929
1088,6688,1194163
1088,6720,1194163
1088,6752,1252028
1088,6784,1252028
1088,6816,1265319
1088,6848,1265319
1088,6880,1356845
1088,6912,1356845
1088,6944,1366635
1088,6976,1366635
1088,7008,1424967
1088,7040,1424967
1088,7072,1428075
1088,7104,1428075
1088,7136,1490207
1088,7168,1490207
1088,7200,1495082
1088,7232,1495082
1088,7264,1528774
1088,7296,1528774
1088,7328,1549559
1088,7360,1549559
1088,7392,1646370
1088,7424,1646370
1088,7456,1663303
1088,7488,1663303
1088,7520,1732232
1088,7552,1732232
1088,7584,1736294
1088,7616,1736294
1088,7648,1795010
1088,7680,1795010
1088,7712,1802687
1088,7744,1802687
1088,7776,1865493
1088,7808,1865493
1088,7840,1888526
1088,7872,1888526
1088,7904,1986401
1088,7936,1986401
1088,7968,2003700
1088,8000,2003700
1088,8032,2030502
1088,8064,2030502
1088,8096,2038212
1088,8128,2038212
1088,8160,2052145
1088,8192,2052145
1088,8224,2058677
1088,8256,2058677
1088,8288,2068957
1088,8320,2068957
1088,8352,2072697
1088,8384,2072697
1088,8416,2089079
1088,8448,2089079
1088,8480,2113180
1088,8512,2113180
1088,8544,2185428
1088,8576,2185428
1088,8608,2217377
1088,8640,2217377
1088,8672,2238419
1088,8704,2238419
1088,8736,2245823
1088,8768,2245823
1088,8800,2279640
1088,8832,2279640
1088,8864,2291846
1088,8896,2291846
1088,8928,2323971
1088,8960,2323971
1088,8992,2356946
1088,9024,2356946
1088,9056,2407502
1088,9088,2407502
1088,9120,2429798
1088,9152,2429798
1088,9184,2449567
1088,9216,2449567
1088,9248,2458052
1088,9280,2458052
1088,9312,2469976
1088,9344,2469976
1088,9376,2483294
1088,9408,2483294
1088,9440,2491620
1088,9472,2491620
1088,9504,2525691
1088,9536,2525691
1088,9568,2599379
1088,9600,2599379
1088,9632,2632284
1088,9664,2632284
1088,9696,2650355
1088,9728,2650355
1088,9760,2661149
1088,9792,2661149
1088,9824,2679296
1088,9856,2679296
1088,9888,2692663
1088,9920,2692663
1088,9952,2702877
1088,9984,2702877
1088,10016,2725733
1088,10048,2725733
1088,10080,2817384
1088,10112,2817384
1088,10144,2859540
1088,10176,2859540
1088,10208,2876302
1088,10240,2876302
1088,10272,2884553
1088,10304,2884553
1088,10336,2901721
1088,10368,2901721
1088,10400,2913025
1088,10432,2913025
1088,10464,2929922
1088,10496,2929922
1088,10528,2974370
1088,10560,2974370
1088,10592,3061699
1088,10624,3061699
1088,10656,3092330
1088,10688,3092330
1088,10720,3116124
1088,10752,3116124
1088,10784,3135572
1088,10816,3135572
1088,10848,3151368
1088,10880,3151368
1088,10912,3167682
1088,10944,3167682
1088,10976,3190361
1088,11008,3190361
1088,11040,3215766
1088,11072,3215766
1088,11104,3296077
1088,11136,3296077
1088,11168,3328296
1088,11200,3328296
1088,11232,3340738
1088,11264,3340738
1088,11296,3343723
1088,11328,3343723
1088,11360,3358613
1088,11392,3358613
1088,11424,3374140
1088,11456,3374140
1088,11488,3387708
1088,11520,3387708
1088,11552,3419751
1088,11584,3419751
1088,11616,3478685
1088,11648,3478685
1088,11680,3498683
1088,11712,3498683
1088,11744,3528320
1088,11776,3528320
1088,11808,3533778
1088,11840,3533778
1088,11872,3538095
1088,11904,3538095
1088,11936,3549107
1088,11968,3549107
1088,12000,3564305
1088,12032,3564305
1088,12064,3580876
1088,12096,3580876
1088,12128,3626324
1088,12160,3626324
1088,12192,3647496
1088,12224,3647496
1088,12256,3661767
1088,12288,3661767
1088,12320,3665262
1088,12352,3665262
1088,12384,3669097
1088,12416,3669097
1088,12448,3673229
1088,12480,3673229
1088,12512,3689600
1088,12544,3689600
1088,12576,3693005
1088,12608,3693005
1088,12640,3703879
1088,12672,3703879
1088,12704,3713594
1088,12736,3713594
1088,12768,3753572
1088,12800,3753572
1088,12832,3759121
1088,12864,3759121
1088,12896,3773852
1088,12928,3773852
1088,12960,3774619
1088,12992,3774619
1088,13024,3775478
1088,13056,3775478
1088,13088,3782772
1088,13120,3782772
1088,13152,3783869
1088,13184,3783869
1088,13216,3796338
1088,13248,3796338
1088,13280,3821884
1088,13312,3821884
1088,13344,3826479
1088,13376,3826479
1088,13408,3829419
1088,13440,3829419
1088,13472,3833378
1088,13504,3833378
1088,13536,3834512
1088,13568,3834512
1088,13600,3839545
1088,13632,3839545
1088,13664,3850814
1088,13696,3850814
1088,13728,3869221
1088,13760,3869221
1088,13792,3916709
1088,13824,3916709
1088,13856,3929920
1088,13888,3929920
1088,13920,3951798
1088,13952,3951798
1088,13984,3972573
1088,14016,3972573
1088,14048,3995176
1088,14080,3995176
1088,14112,4002441
1088,14144,4002441
1088,14176,4048420
1088,14208,4048420
1088,14240,4087179
1088,14272,4087179
1088,14304,4193419
1088,14336,4193419
1088,14368,4230572
1088,14400,4230572
1088,14432,4270133
1088,14464,4270133
1088,14496,4296889
1088,14528,4296889
1088,14560,4320259
1088,14592,4320259
1088,14624,4339218
1088,14656,4339218
1088,14688,4435430
1088,14720,4435430
1088,14752,4464613
1088,14784,4464613
1088,14816,4629223
1088,14848,4629223
1088,14880,4643729
1088,14912,4643729
1088,14944,4738594
1088,14976,4738594
1088,15008,4774484
1088,15040,4774484
1088,15072,4906381
1088,15104,4906381
1088,15136,4933846
1088,15168,4933846
1088,15200,5039162
1088,15232,5039162
1088,15264,5143528
1088,15296,5143528
1088,15328,5370897
1088,15360,5370897
1088,15392,5436665
1088,15424,5436665
1088,15456,5540886
1088,15488,5540886
1088,15520,5563794
1088,15552,5563794
1088,15584,5633163
1088,15616,5633163
1088,15648,5673298
1088,15680,5673298
1088,15712,5788722
1088,15744,5788722
1088,15776,5894706
1088,15808,5894706
1088,15840,6104780
1088,15872,6104780
1088,15904,6198914
1088,15936,6198914
1088,15968,6318672
1088,16000,6318672
1088,16032,6380822
1088,16064,6380822
1088,16096,6437951
1088,16128,6437951
1088,16160,6508860
1088,16192,6508860
1088,16224,6562208
1088,16256,6562208
1088,16288,6662843
1088,16320,6662843
1088,16352,6878908
1088,16384,6878908
1088,16416,6882781
1088,16448,6882781
1088,16480,6935131
1088,16512,6935131
1088,16544,7009360
1088,16576,7009360
1088,16608,7026537
1088,16640,7026537
1088,16672,7137040
1088,16704,7137040
1088,16736,7147991
1088,16768,7147991
1088,16800,7242436
1088,16832,7242436
1088,16864,7244448
1088,16896,7244448
1088,16928,7452354
1088,16960,7452354
1088,16992,7466013
1088,17024,7466013
1088,17056,7866198
1088,17088,7866198
1088,17120,7874373
1088,17152,7874373
1088,17184,8117066
1088,17216,8117066
1088,17248,8117066
1088,17280,8117066
1088,17312,8415621
1088,17344,8415621
1088,17376,8415621
1088,17408,8415621
1088,17440,8524233
1088,17472,8524233
1088,17504,8524233
1088,17536,8524233
1088,17568,8693409
1088,17600,8693409
1088,17632,8693409
1088,17664,8693409
1088,17696,8833962
1088,17728,8833962
1088,17760,8833962
1088,17792,8833962
1088,17824,9001784
1088,17856,9001784
1088,17888,9001784
1088,17920,9001784
1088,17952,9119350
1088,17984,9119350
1088,18016,9119350
1088,18048,9119350
1088,18080,9384618
1088,18112,9384618
1088,18144,9384618
1088,18176,9384618
1088,18208,9508991
1088,18240,9508991
1088,18272,9508991
1088,18304,9508991
1088,18336,9785240
1088,18368,9785240
1088,18400,9785240
1088,18432,9785240
1088,18464,9941663
1088,18496,9941663
1088,18528,9941663
1088,18560,9941663
1088,18592,10197218
1088,18624,10197218
1088,18656,10197218
1088,18688,10197218
1088,18720,10294414
1088,18752,10294414
1088,18784,10294414
1088,18816,10294414
1088,18848,10541092
1088,18880,10541092
1088,18912,10541092
1088,18944,10541092
1088,18976,10673740
1088,19008,10673740
1088,19040,10673740
1088,19072,10673740
1088,19104,10918798
1088,19136,10918798
1088,19168,10918798
1088,19200,10918798
1088,19232,11034708
1088,19264,11034708
1088,19296,11034708
1088,19328,11034708
1088,19360,11153307
1088,19392,11153307
1088,19424,11153307
1088,19456,11153307
1088,19488,11289634
1088,19520,11289634
1088,19552,11289634
1088,19584,11289634
1088,19616,11582269
1088,19648,11582269
1088,19680,11582269
1088,19712,11582269
1088,19744,11659234
1088,19776,11659234
1088,19808,11659234
1088,19840,11659234
1088,19872,11853303
1088,19904,11853303
1088,19936,11853303
1088,19968,11853303
1088,20000,11953334
1088,20032,11953334
1088,20064,11953334
1088,20096,11953334
1088,20128,12181301
1088,20160,12181301
1088,20192,12181301
1088,20224,12181301
1088,20256,12304679
1088,20288,12304679
1088,20320,12304679
1088,20352,12304679
1088,20384,12424371
1088,20416,12424371
1088,20448,12424371
1088,20480,12424371
1088,20512,12482628
1088,20544,12482628
1088,20576,12482628
1088,20608,12482628
1088,20640,12623019
1088,20672,12623019
1088,20704,12623019
1088,20736,12623019
1088,20768,12684904
1088,20800,12684904
1088,20832,12684904
1088,20864,12684904
1088,20896,12762196
1088,20928,12762196
1088,20960,12762196
1088,20992,12762196
1088,21024,12840258
1088,21056,12840258
1088,21088,12840258
1088,21120,12840258
1088,21152,12962816
1088,21184,12962816
1088,21216,12962816
1088,21248,12962816
1088,21280,13081060
1088,21312,13081060
1088,21344,13081060
1088,21376,13081060
1088,21408,13218458
1088,21440,13218458
1088,21472,13218458
1088,21504,13218458
1088,21536,13287273
1088,21568,13287273
1088,21600,13287273
1088,21632,13287273
1088,21664,13326586
1088,21696,13326586
1088,21728,13326586
1088,21760,13326586
1088,21792,13371622
1088,21824,13371622
1088,21856,13371622
1088,21888,13371622
1088,21920,13425146
1088,21952,13425146
1088,21984,13425146
1088,22016,13425146
1088,22048,13445050
1088,22080,13445050
1088,22112,13445050
1088,22144,13445050
1088,22176,13519809
1088,22208,13519809
1088,22240,13519809
1088,22272,13519809
1088,22304,13544855
1088,22336,13544855
1088,22368,13544855
1088,22400,13544855
1088,22432,13623120
1088,22464,13623120
1088,22496,13623120
1088,22528,13623120
1088,22560,13700201
1088,22592,13700201
1088,22624,13700201
1088,22656,13700201
1088,22688,13806317
1088,22720,13806317
1088,22752,13806317
1088,22784,13806317
1088,22816,13840661
1088,22848,13840661
1088,22880,13840661
1088,22912,13840661
1088,22944,13870990
1088,22976,13870990
1088,23008,13870990
1088,23040,13870990
1088,23072,13896013
1088,23104,13896013
1088,23136,13896013
1088,23168,13896013
1088,23200,13941732
1088,23232,13941732
1088,23264,13941732
1088,23296,13941732
1088,23328,13998412
1088,23360,13998412
1088,23392,13998412
1088,23424,13998412
1088,23456,14039128
1088,23488,14039128
1088,23520,14039128
1088,23552,14039128
1088,23584,14095984
1088,23616,14095984
1088,23648,14095984
1088,23680,14095984
1088,23712,14119162
1088,23744,14119162
1088,23776,14119162
1088,23808,14119162
1088,23840,14134439
1088,23872,14134439
1088,23904,14134439
1088,23936,14134439
1088,23968,14167088
1088,24000,14167088
1088,24032,14167088
1088,24064,14167088
1088,24096,14184895
1088,24128,14184895
1088,24160,14184895
1088,24192,14184895
1088,24224,14204751
1088,24256,14204751
1088,24288,14204751
1088,24320,14204751
1088,24352,14214377
1088,24384,14214377
1088,24416,14214377
1088,24448,14214377
1088,24480,14244590
1088,24512,14244590
1088,24544,14244590
1088,24576,14244590
1088,24608,14260111
1088,24640,14260111
1088,24672,14260111
1088,24704,14260111
1088,24736,14283800
1088,24768,14283800
1088,24800,14283800
1088,24832,14283800
1088,24864,14288814
1088,24896,14288814
1088,24928,14288814
1088,24960,14288814
1088,24992,14327823
1088,25024,14327823
1088,25056,14327823
1088,25088,14327823
1088,25120,14358316
1088,25152,14358316
1088,25184,14358316
1088,25216,14358316
1088,25248,14369821
1088,25280,14369821
1088,25312,14369821
1088,25344,14369821
1088,25376,14392184
1088,25408,14392184
1088,25440,14392184
1088,25472,14392184
1088,25504,14395439
1088,25536,14395439
1088,25568,14395439
1088,25600,14395439
1088,25632,14403770
1088,25664,14403770
1088,25696,14403770
1088,25728,14403770
1088,25760,14417684
1088,25792,14417684
1088,25824,14417684
1088,25856,14417684
1088,25888,14427466
1088,25920,14427466
1088,25952,14427466
1088,25984,14427466
1088,26016,14438488
1088,26048,14438488
1088,26080,14438488
1088,26112,14438488
1088,26144,14446493
1088,26176,14446493
1088,26208,14446493
1088,26240,14446493
1088,26272,14447080
1088,26304,14447080
1088,26336,14447080
1088,26368,14447080
1088,26400,14448473
1088,26432,14448473
1088,26464,14448473
1088,26496,14448473
1088,26528,14457226
1088,26560,14457226
1088,26592,14457226
1088,26624,14457226
1088,26656,14457226
1088,26688,14457226
1088,26720,14457226
1088,26752,14457226
1088,26784,14457602
1088,26816,14457602
1088,26848,14457602
1088,26880,14457602
1088,26912,14457602
1088,26944,14457602
1088,26976,14457602
1088,27008,14457602
1088,27040,14460193
1088,27072,14460193
1088,27104,14460193
1088,27136,14460193
1088,27168,14463234
1088,27200,14463234
1088,27232,14463234
1088,27264,14463234
1088,27296,14464945
1088,27328,14464945
1088,27360,14464945
1088,27392,14464945
1088,27424,14464945
1088,27456,14464945
1088,27488,14464945
1088,27520,14464945
1088,27552,14464945
1088,27584,14464945
1088,27616,14464945
1088,27648,14464945
1088,27680,14464945
1088,27712,14464945
1088,27744,14464945
1088,27776,14464945
1088,27808,14464945
1088,27840,14464945
1088,27872,14464945
1088,27904,14464945
1088,27936,14472027
1088,27968,14472027
1088,28000,14472027
1088,28032,14472027
1088,28064,14472027
1088,28096,14472027
1088,28128,14472027
1088,28160,14472027
1088,28192,14472027
1088,28224,14472027
1088,28256,14472027
1088,28288,14472027
1088,28320,14472027
1088,28352,14472027
1088,28384,14472027
1088,28416,14472027
1088,28448,14472027
1088,28480,14472027
1088,28512,14472027
1088,28544,14472027
1088,28576,14472027
1088,28608,14472027
1088,28640,14472027
1088,28672,14472027
1088,28704,14472027
1088,28736,14472027
1088,28768,14472027
1088,28800,14472027
1088,28832,14472712
1088,28864,14472712
1088,28896,14472712
1088,28928,14472712
1088,28960,14472712
1088,28992,14472712
1088,29024,14472712
1088,29056,14472712
1088,29088,14472712
1088,29120,14472712
1088,29152,14472712
1088,29184,14472712
1088,29216,14477606
1088,29248,14477606
1088,29280,14477606
1088,29312,14477606
1088,29344,14477606
1088,29376,14477606
1088,29408,14477606
1088,29440,14477606
1088,29472,14477606
1088,29504,14477606
1088,29536,14477606
1088,29568,14477606
1088,29600,14477606
1088,29632,14477606
1088,29664,14477606
1088,29696,14477606
1088,29728,14477606
1088,29760,14477606
1088,29792,14477606
1088,29824,14477606
1088,29856,14477606
1088,29888,14477606
1088,29920,14477606
1088,29952,14477606
1088,29984,14477606
1088,30016,14477606
1088,30048,14477606
1088,30080,14477606
1088,30112,14477606
1088,30144,14477606
1088,30176,14477606
1088,30208,14477606
1088,30240,14477606
1088,30272,14477606
1088,30304,14477606
1088,30336,14477606
1088,30368,14477606
1088,30400,14477606
1088,30432,14477606
1088,30464,14477606
1088,30496,14477606
1088,30528,14477606
1088,30560,14477606
1088,30592,14477606
1088,30624,14477606
1088,30656,14477606
1088,30688,14477606
1088,30720,14477606
1088,30752,14477606
1088,30784,14477606
1088,30816,14477606
1088,30848,14477606
1088,30880,14477606
1088,30912,14477606
1088,30944,14477606
1088,30976,14477606
1088,31008,14477606
1088,31040,14477606
1088,31072,14477606
1088,31104,14477606
1088,31136,14477606
1088,31168,14477606
1088,31200,14477606
1088,31232,14477606
1088,31264,14477606
1088,31296,14477606
1088,31328,14477606
1088,31360,14477606
1088,31392,14477606
1088,31424,14477606
1088,31456,14477606
1088,31488,14477606
1088,31520,14477606
1088,31552,14477606
1088,31584,14477606
1088,31616,14477606
1088,31648,14477606
1088,31680,14477606
1088,31712,14477606
1088,31744,14477606
1088,31776,14477606
1088,31808,14477606
1088,31840,14477606
1088,31872,14477606
1088,31904,14477606
1088,31936,14477606
1088,31968,14477606
1088,32000,14477606
1088,32032,14477606
1088,32064,14477606
1088,32096,14477606
1088,32128,14477606
1088,32160,14477606
1088,32192,14477606
1088,32224,14477606
1088,32256,14477606
1088,32288,14477606
1088,32320,14477606
1088,32352,14477606
1088,32384,14477606
1088,32416,14477606
1088,32448,14477606
1088,32480,14477606
1088,32512,14477606
1088,32544,14477606
1088,32576,14477606
1088,32608,14477606
1088,32640,14477606
1088,32672,14477606
1088,32704,14477606
1088,32736,14477606
1088,32768,14477606
1088,32800,14477606
1088,32832,14477606
1088,32864,14477606
1088,32896,14477606
1088,32928,14477606
1088,32960,14477606
1088,32992,14477606
1088,33024,14477606
1088,33056,14477606
1088,33088,14477606
1088,33120,14477606
1088,33152,14477606
1088,33184,14477606
1088,33216,14477606
1088,33248,14477606
1088,33280,14477606
1088,33312,14477606
1088,33344,14477606
1088,33376,14477606
1088,33408,14477606
1088,33440,14477606
1088,33472,14477606
1088,33504,14477606
1088,33536,14477606
1088,33568,14477606
1088,33600,14477606
1088,33632,14477606
1088,33664,14477606
1088,33696,14477606
1088,33728,14477606
1088,33760,14477606
1088,33792,14477606
1088,33824,14477606
1088,33856,14477606
1088,33888,14477606
1088,33920,14477606
1088,33952,14477606
1088,33984,14477606
1088,34016,14477606
1088,34048,14477606
1088,34080,14477606
1088,34112,14477606
1088,34144,14477606
1088,34176,14477606
1088,34208,14477606
1088,34240,14477606
1088,34272,14477606
1088,34304,14477606
1088,34336,14477606
1088,34368,14477606
1088,34400,14477606
1088,34432,14477606
1088,34464,14477606
1088,34496,14477606
1088,34528,14477606
1088,34560,14477606
1088,34592,14477606
1088,34624,14477606
1088,34656,14477606
1088,34688,14477606
1088,34720,14477606
1088,34752,14477606
1088,34784,14477606
1088,34816,14477606
1088,34848,14477606
1088,34880,14477606
1088,34912,14477606
1088,34944,14477606
1088,34976,14477606
1088,35008,14477606
1088,35040,14477606
1088,35072,14477606
1088,35104,14477606
1088,35136,14477606
1088,35168,14477606
1088,35200,14477606
1088,35232,14477606
1088,35264,14477606
1088,35296,14477606
1088,35328,14477606
1088,35360,14477606
1088,35392,14477606
1088,35424,14477606
1088,35456,14477606
1088,35488,14477606
1088,35520,14477606
1088,35552,14477606
1088,35584,14477606
1088,35616,14477606
1088,35648,14477606
1088,35680,14477606
1088,35712,14477606
1088,35744,14477606
1088,35776,14477606
1088,35808,14477606
1088,35840,14477606
1088,35872,14477606
1088,35904,14477606
1088,35936,14477606
1088,35968,14477606
1088,36000,14477606
1088,36032,14477606
1088,36064,14477606
1088,36096,14477606
1088,36128,14477606
1088,36160,14477606
1088,36192,14477606
1088,36224,14477606
1088,36256,14477606
1088,36288,14477606
1088,36320,14477606
1088,36352,14477606
1088,36384,14477606
1088,36416,14477606
1088,36448,14477606
1088,36480,14477606
1088,36512,14477606
1088,36544,14477606
1088,36576,14477606
1088,36608,14477606
1088,36640,14477606
1088,36672,14477606
1088,36704,14477606
1088,36736,14477606
1088,36768,14477606
1088,36800,14477606
1088,36832,14477606
1088,36864,14477606
1088,36896,14477606
1088,36928,14477606
1088,36960,14477606
1088,36992,14477606
1088,37024,14477606
1088,37056,14477606
1088,37088,14477606
1088,37120,14477606
1088,37152,14477606
1088,37184,14477606
1088,37216,14477606
1088,37248,14477606
1088,37280,14477606
1088,37312,14477606
1088,37344,14477606
1088,37376,14477606
1088,37408,14477606
1088,37440,14477606
1088,37472,14477606
1088,37504,14477606
1088,37536,14477606
1088,37568,14477606
1088,37600,14477606
1088,37632,14477606
1088,37664,14477606
1088,37696,14477606
1088,37728,14477606
1088,37760,14477606
1088,37792,14477606
1088,37824,14477606
1088,37856,14477606
1088,37888,14477606
1088,37920,14477606
1088,37952,14477606
1088,37984,14477606
1088,38016,14477606
1088,38048,14477606
1088,38080,14477606
1088,38112,14477606
1088,38144,14477606
1088,38176,14477606
1088,38208,14477606
1088,38240,14477606
1088,38272,14477606
1088,38304,14477606
1088,38336,14477606
1088,38368,14477606
1088,38400,14477606
1088,38432,14477606
1088,38464,14477606
1088,38496,14477606
1088,38528,14477606
1088,38560,14477606
1088,38592,14477606
1088,38624,14477606
1088,38656,14477606
1088,38688,14477606
1088,38720,14477606
1088,38752,14477606
1088,38784,14477606
1088,38816,14477606
1088,38848,14477606
1088,38880,14477606
1088,38912,14477606
1088,38944,14477606
1088,38976,14477606
1088,39008,14477606
1088,39040,14477606
1088,39072,14477606
1088,39104,14477606
1088,39136,14477606
1088,39168,14477606
1088,39200,14477606
1088,39232,14477606
1088,39264,14477606
1088,39296,14477606
1088,39328,14477606
1088,39360,14477606
1088,39392,14477606
1088,39424,14477606
1088,39456,14477606
1088,39488,14477606
1088,39520,14477606
1088,39552,14477606
1088,39584,14477606
1088,39616,14477606
1088,39648,14477606
1088,39680,14477606
1088,39712,14477606
1088,39744,14477606
1088,39776,14477606
1088,39808,14477606
1088,39840,14477606
1088,39872,14477606
1088,39904,14477606
1088,39936,14477606
1088,39968,14477606
1088,40000,14477606
1088,40032,14477606
1088,40064,14477606
1088,40096,14477606
1088,40128,14477606
1088,40160,14477606
1088,40192,14477606
1088,40224,14477606
1088,40256,14477606
1088,40288,14477606
1088,40320,14477606
1088,40352,14477606
1088,40384,14477606
1088,40416,14477606
1088,40448,14477606
1088,40480,14477606
1088,40512,14477606
1088,40544,14477606
1088,40576,14477606
1088,40608,14477606
1088,40640,14477606
1088,40672,14477606
1088,40704,14477606
1088,40736,14477606
1088,40768,14477606
1088,40800,14477606
1088,40832,14477606
1088,40864,14477606
1088,40896,14477606
1088,40928,14477606
1088,40960,14477606
1152,32,28303
1152,64,27987
1152,96,27842
1152,128,27889
1152,160,27890
1152,192,27909
1152,224,27923
1152,256,28006
1152,288,28187
1152,320,28274
1152,352,28324
1152,384,28324
1152,416,28358
1152,448,28407
1152,480,28681
1152,512,30117
1152,544,42277
1152,576,45816
1152,608,46737
1152,640,47293
1152,672,48079
1152,704,48539
1152,736,48976
1152,768,49379
1152,800,49698
1152,832,50013
1152,864,50820
1152,896,51590
1152,928,52310
1152,960,52866
1152,992,53348
1152,1024,53942
1152,1056,54610
1152,1088,63832
1152,1120,66449
1152,1152,68294
1152,1184,68948
1152,1216,69978
1152,1248,70743
1152,1280,71716
1152,1312,72391
1152,1344,73734
1152,1376,74575
1152,1408,75589
1152,1440,76072
1152,1472,76933
1152,1504,77865
1152,1536,78584
1152,1568,80507
1152,1600,93273
1152,1632,94115
1152,1664,96978
1152,1696,97393
1152,1728,99326
1152,1760,99710
1152,1792,101487
1152,1824,101844
1152,1856,103668
1152,1888,103929
1152,1920,105419
1152,1952,105751
1152,1984,110290
1152,2016,110571
1152,2048,121302
1152,2080,122865
1152,2112,180170
1152,2144,182184
1152,2176,189595
1152,2208,190509
1152,2240,193035
1152,2272,194064
1152,2304,195872
1152,2336,197031
1152,2368,198816
1152,2400,200346
1152,2432,202112
1152,2464,203428
1152,2496,205339
1152,2528,206740
1152,2560,209391
1152,2592,215045
1152,2624,230196
1152,2656,235965
1152,2688,238656
1152,2720,239979
1152,2752,241102
1152,2784,241933
1152,2816,243341
1152,2848,244296
1152,2880,245550
1152,2912,246256
1152,2944,248196
1152,2976,249441
1152,3008,250967
1152,3040,252080
1152,3072,254731
1152,3104,258436
1152,3136,271951
1152,3168,277220
1152,3200,281048
1152,3232,282249
1152,3264,284600
1152,3296,286128
1152,3328,288334
1152,3360,289219
1152,3392,291896
1152,3424,293589
1152,3456,297637
1152,3488,308366
1152,3520,317164
1152,3552,324026
1152,3584,330785
1152,3616,349295
1152,3648,397263
1152,3680,417007
1152,3712,426117
1152,3744,430014
1152,3776,432387
1152,3808,435853
1152,3840,440484
1152,3872,442526
1152,3904,445649
1152,3936,448754
1152,3968,455579
1152,4000,458014
1152,4032,460852
1152,4064,461568
1152,4096,463888
1152,4128,464121
1152,4160,464532
1152,4192,474002
1152,4224,476986
1152,4256,498920
1152,4288,499102
1152,4320,534372
1152,4352,534991
1152,4384,556297
1152,4416,556297
1152,4448,568685
1152,4480,568685
1152,4512,576504
1152,4544,576504
1152,4576,588038
1152,4608,588038
1152,4640,594009
1152,4672,594009
1152,4704,602083
1152,4736,602083
1152,4768,611845
1152,4800,611845
1152,4832,642065
1152,4864,642065
1152,4896,657465
1152,4928,657465
1152,4960,679518
1152,4992,679518
1152,5024,680223
1152,5056,680223
1152,5088,684149
1152,5120,684149
1152,5152,685709
1152,5184,685709
1152,5216,696193
1152,5248,696193
1152,5280,704585
1152,5312,704585
1152,5344,726881
1152,5376,726881
1152,5408,732994
1152,5440,732994
1152,5472,745589
1152,5504,745589
1152,5536,746775
1152,5568,746775
1152,5600,758204
1152,5632,758204
1152,5664,761771
1152,5696,761771
1152,5728,785831
1152,5760,785831
1152,5792,790065
1152,5824,790065
1152,5856,847254
1152,5888,847254
1152,5920,851424
1152,5952,851424
1152,5984,869248
1152,6016,869248
1152,6048,870415
1152,6080,870415
1152,6112,903742
1152,6144,903742
1152,6176,907485
1152,6208,907485
1152,6240,980125
1152,6272,980125
1152,6304,985061
1152,6336,985061
1152,6368,1082501
1152,6400,1082501
1152,6432,1088195
1152,6464,1088195
1152,6496,1149154
1152,6528,1149154
1152,6560,1152907
1152,6592,1152907
1152,6624,1188929
1152,6656,1188929
1152,6688,1194163
1152,6720,1194163
1152,6752,1252028
1152,6784,1252028
1152,6816,1265319
1152,6848,1265319
1152,6880,1356845
1152,6912,1356845
1152,6944,1366635
1152,6976,1366635
1152,7008,1424967
1152,7040,1424967
1152,7072,1428075
1152,7104,1428075
1152,7136,1490207
1152,7168,1490207
1152,7200,1495082
1152,7232,1495082
1152,7264,1528774
1152,7296,1528774
1152,7328,1549559
1152,7360,1549559
1152,7392,1646370
1152,7424,1646370
1152,7456,1663303
1152,7488,1663303
1152,7520,1732232
1152,7552,1732232
1152,7584,1736294
1152,7616,1736294
1152,7648,1795010
1152,7680,1795010
1152,7712,1802687
1152,7744,1802687
1152,7776,1865493
1152,7808,1865493
1152,7840,1888526
1152,7872,1888526
1152,7904,1986401
1152,7936,1986401
1152,7968,2003700
1152,8000,2003700
1152,8032,2030502
1152,8064,2030502
1152,8096,2038212
1152,8128,2038212
1152,8160,2052145
1152,8192,2052145
1152,8224,2058677
1152,8256,2058677
1152,8288,2068957
1152,8320,2068957
1152,8352,2072697
1152,8384,2072697
1152,8416,2089079
1152,8448,2089079
1152,8480,2113180
1152,8512,2113180
1152,8544,2185428
1152,8576,2185428
1152,8608,2217377
1152,8640,2217377
1152,8672,2238419
1152,8704,2238419
1152,8736,2245823
1152,8768,2245823
1152,8800,2279640
1152,8832,2279640
1152,8864,2291846
1152,8896,2291846
1152,8928,2323971
1152,8960,2323971
1152,8992,2356946
1152,9024,2356946
1152,9056,2407502
1152,9088,2407502
1152,9120,2429798
1152,9152,2429798
1152,9184,2449567
1152,9216,2449567
1152,9248,2458052
1152,9280,2458052
1152,9312,2469976
1152,9344,2469976
1152,9376,2483294
1152,9408,2483294
1152,9440,2491620
1152,9472,2491620
1152,9504,2525691
1152,9536,2525691
1152,9568,2599379
1152,9600,2599379
1152,9632,2632284
1152,9664,2632284
1152,9696,2650355
1152,9728,2650355
1152,9760,2661149
1152,9792,2661149
1152,9824,2679296
1152,9856,2679296
1152,9888,2692663
1152,9920,2692663
1152,9952,2702877
1152,9984,2702877
1152,10016,2725733
1152,10048,2725733
1152,10080,2817384
1152,10112,2817384
1152,10144,2859540
1152,10176,2859540
1152,10208,2876302
1152,10240,2876302
1152,10272,2884553
1152,10304,2884553
1152,10336,2901721
1152,10368,2901721
1152,10400,2913025
1152,10432,2913025
1152,10464,2929922
1152,10496,2929922
1152,10528,2974370
1152,10560,2974370
1152,10592,3061699
1152,10624,3061699
1152,10656,3092330
1152,10688,3092330
1152,10720,3116124
1152,10752,3116124
1152,10784,3135572
1152,10816,3135572
1152,10848,3151368
1152,10880,3151368
1152,10912,3167682
1152,10944,3167682
1152,10976,3190361
1152,11008,3190361
1152,11040,3215766
1152,11072,3215766
1152,11104,3296077
1152,11136,3296077
1152,11168,3328296
1152,11200,3328296
1152,11232,3340738
1152,11264,3340738
1152,11296,3343723
1152,11328,3343723
1152,11360,3358613
1152,11392,3358613
1152,11424,3374140
1152,11456,3374140
1152,11488,3387708
1152,11520,3387708
1152,11552,3419751
1152,11584,3419751
1152,11616,3478685
1152,11648,3478685
1152,11680,3498683
1152,11712,3498683
1152,11744,3528320
1152,11776,3528320
1152,11808,3533778
1152,11840,3533778
1152,11872,3538095
1152,11904,3538095
1152,11936,3549107
1152,11968,3549107
1152,12000,3564305
1152,12032,3564305
1152,12064,3580876
1152,12096,3580876
1152,12128,3626324
1152,12160,3626324
1152,12192,3647496
1152,12224,3647496
1152,12256,3661767
1152,12288,3661767
1152,12320,3665262
1152,12352,3665262
1152,12384,3669097
1152,12416,3669097
1152,12448,3673229
1152,12480,3673229
1152,12512,3689600
1152,12544,3689600
1152,12576,3693005
1152,12608,3693005
1152,12640,3703879
1152,12672,3703879
1152,12704,3713594
1152,12736,3713594
1152,12768,3753572
1152,12800,3753572
1152,12832,3759121
1152,12864,3759121
1152,12896,3773852
1152,12928,3773852
1152,12960,3774619
1152,12992,3774619
1152,13024,3775478
1152,13056,3775478
1152,13088,3782772
1152,13120,3782772
1152,13152,3783869
1152,13184,3783869
1152,13216,3796338
1152,13248,3796338
1152,13280,3821884
1152,13312,3821884
1152,13344,3826479
1152,13376,3826479
1152,13408,3829419
1152,13440,3829419
1152,13472,3833378
1152,13504,3833378
1152,13536,3834512
1152,13568,3834512
1152,13600,3839545
1152,13632,3839545
1152,13664,3850814
1152,13696,3850814
1152,13728,3869221
1152,13760,3869221
1152,13792,3916709
1152,13824,3916709
1152,13856,3929920
1152,13888,3929920
1152,13920,3951798
1152,13952,3951798
1152,13984,3972573
1152,14016,3972573
1152,14048,3995176
1152,14080,3995176
1152,14112,4002441
1152,14144,4002441
1152,14176,4048420
1152,14208,4048420
1152,14240,4087179
1152,14272,4087179
1152,14304,4193419
1152,14336,4193419
1152,14368,4230572
1152,14400,4230572
1152,14432,4270133
1152,14464,4270133
1152,14496,4296889
1152,14528,4296889
1152,14560,4320259
1152,14592,4320259
1152,14624,4339218
1152,14656,4339218
1152,14688,4435430
1152,14720,4435430
1152,14752,4464613
1152,14784,4464613
1152,14816,4629223
1152,14848,4629223
1152,14880,4643729
1152,14912,4643729
1152,14944,4738594
1152,14976,4738594
1152,15008,4774484
1152,15040,4774484
1152,15072,4906381
1152,15104,4906381
1152,15136,4933846
1152,15168,4933846
1152,15200,5039162
1152,15232,5039162
1152,15264,5143528
1152,15296,5143528
1152,15328,5370897
1152,15360,5370897
1152,15392,5436665
1152,15424,5436665
1152,15456,5540886
1152,15488,5540886
1152,15520,5563794
1152,15552,5563794
1152,15584,5633163
1152,15616,5633163
1152,15648,5673298
1152,15680,5673298
1152,15712,5788722
1152,15744,5788722
1152,15776,5894706
1152,15808,5894706
1152,15840,6104780
1152,15872,6104780
1152,15904,6198914
1152,15936,6198914
1152,15968,6318672
1152,16000,6318672
1152,16032,6380822
1152,16064,6380822
1152,16096,6437951
1152,16128,6437951
1152,16160,6508860
1152,16192,6508860
1152,16224,6562208
1152,16256,6562208
1152,16288,6662843
1152,16320,6662843
1152,16352,6878908
1152,16384,6878908
1152,16416,6882781
1152,16448,6882781
1152,16480,6935131
1152,16512,6935131
1152,16544,7009360
1152,16576,7009360
1152,16608,7026537
1152,16640,7026537
1152,16672,7137040
1152,16704,7137040
1152,16736,7147991
1152,16768,7147991
1152,16800,7242436
1152,16832,7242436
1152,16864,7244448
1152,16896,7244448
1152,16928,7452354
1152,16960,7452354
1152,16992,7466013
1152,17024,7466013
1152,17056,7866198
1152,17088,7866198
1152,17120,7874373
1152,17152,7874373
1152,17184,8117066
1152,17216,8117066
1152,17248,8117066
1152,17280,8117066
1152,17312,8415621
1152,17344,8415621
1152,17376,8415621
1152,17408,8415621
1152,17440,8524233
1152,17472,8524233
1152,17504,8524233
1152,17536,8524233
1152,17568,8693409
1152,17600,8693409
1152,17632,8693409
1152,17664,8693409
1152,17696,8833962
1152,17728,8833962
1152,17760,8833962
1152,17792,8833962
1152,17824,9001784
1152,17856,9001784
1152,17888,9001784
1152,17920,9001784
1152,17952,9119350
1152,17984,9119350
1152,18016,9119350
1152,18048,9119350
1152,18080,9384618
1152,18112,9384618
1152,18144,9384618
1152,18176,9384618
1152,18208,9508991
1152,18240,9508991
1152,18272,9508991
1152,18304,9508991
1152,18336,9785240
1152,18368,9785240
1152,18400,9785240
1152,18432,9785240
1152,18464,9941663
1152,18496,9941663
1152,18528,9941663
1152,18560,9941663
1152,18592,10197218
1152,18624,10197218
1152,18656,10197218
1152,18688,10197218
1152,18720,10294414
1152,18752,10294414
1152,18784,10294414
1152,18816,10294414
1152,18848,10541092
1152,18880,10541092
1152,18912,10541092
1152,18944,10541092
1152,18976,10673740
1152,19008,10673740
1152,19040,10673740
1152,19072,10673740
1152,19104,10918798
1152,19136,10918798
1152,19168,10918798
1152,19200,10918798
1152,19232,11034708
1152,19264,11034708
1152,19296,11034708
1152,19328,11034708
1152,19360,11153307
1152,19392,11153307
1152,19424,11153307
1152,19456,11153307
1152,19488,11289634
1152,19520,11289634
1152,19552,11289634
1152,19584,11289634
1152,19616,11582269
1152,19648,11582269
1152,19680,11582269
1152,19712,11582269
1152,19744,11659234
1152,19776,11659234
1152,19808,11659234
1152,19840,11659234
1152,19872,11853303
1152,19904,11853303
1152,19936,11853303
1152,19968,11853303
1152,20000,11953334
1152,20032,11953334
1152,20064,11953334
1152,20096,11953334
1152,20128,12181301
1152,20160,12181301
1152,20192,12181301
1152,20224,12181301
1152,20256,12304679
1152,20288,12304679
1152,20320,12304679
1152,20352,12304679
1152,20384,12424371
1152,20416,12424371
1152,20448,12424371
1152,20480,12424371
1152,20512,12482628
1152,20544,12482628
1152,20576,12482628
1152,20608,12482628
1152,20640,12623019
1152,20672,12623019
1152,20704,12623019
1152,20736,12623019
1152,20768,12684904
1152,20800,12684904
1152,20832,12684904
1152,20864,12684904
1152,20896,12762196
1152,20928,12762196
1152,20960,12762196
1152,20992,12762196
1152,21024,12840258
1152,21056,12840258
1152,21088,12840258
1152,21120,12840258
1152,21152,12962816
1152,21184,12962816
1152,21216,12962816
1152,21248,12962816
1152,21280,13081060
1152,21312,13081060
1152,21344,13081060
1152,21376,13081060
1152,21408,13218458
1152,21440,13218458
1152,21472,13218458
1152,21504,13218458
1152,21536,13287273
1152,21568,13287273
1152,21600,13287273
1152,21632,13287273
1152,21664,13326586
1152,21696,13326586
1152,21728,13326586
1152,21760,13326586
1152,21792,13371622
1152,21824,13371622
1152,21856,13371622
1152,21888,13371622
1152,21920,13425146
1152,21952,13425146
1152,21984,13425146
1152,22016,13425146
1152,22048,13445050
1152,22080,13445050
1152,22112,13445050
1152,22144,13445050
1152,22176,13519809
1152,22208,13519809
1152,22240,13519809
1152,22272,13519809
1152,22304,13544855
1152,22336,13544855
1152,22368,13544855
1152,22400,13544855
1152,22432,13623120
1152,22464,13623120
1152,22496,13623120
1152,22528,13623120
1152,22560,13700201
1152,22592,13700201
1152,22624,13700201
1152,22656,13700201
1152,22688,13806317
1152,22720,13806317
1152,22752,13806317
1152,22784,13806317
1152,22816,13840661
1152,22848,13840661
1152,22880,13840661
1152,22912,13840661
1152,22944,13870990
1152,22976,13870990
1152,23008,13870990
1152,23040,13870990
1152,23072,13896013
1152,23104,13896013
1152,23136,13896013
1152,23168,13896013
1152,23200,13941732
1152,23232,13941732
1152,23264,13941732
1152,23296,13941732
1152,23328,13998412
1152,23360,13998412
1152,23392,13998412
1152,23424,13998412
1152,23456,14039128
1152,23488,14039128
1152,23520,14039128
1152,23552,14039128
1152,23584,14095984
1152,23616,14095984
1152,23648,14095984
1152,23680,14095984
1152,23712,14119162
1152,23744,14119162
1152,23776,14119162
1152,23808,14119162
1152,23840,14134439
1152,23872,14134439
1152,23904,14134439
1152,23936,14134439
1152,23968,14167088
1152,24000,14167088
1152,24032,14167088
1152,24064,14167088
1152,24096,14184895
1152,24128,14184895
1152,24160,14184895
1152,24192,14184895
1152,24224,14204751
1152,24256,14204751
1152,24288,14204751
1152,24320,14204751
1152,24352,14214377
1152,24384,14214377
1152,24416,14214377
1152,24448,14214377
1152,24480,14244590
1152,24512,14244590
1152,24544,14244590
1152,24576,14244590
1152,24608,14260111
1152,24640,14260111
1152,24672,14260111
1152,24704,14260111
1152,24736,14283800
1152,24768,14283800
1152,24800,14283800
1152,24832,14283800
1152,24864,14288814
1152,24896,14288814
1152,24928,14288814
1152,24960,14288814
1152,24992,14327823
1152,25024,14327823
1152,25056,14327823
1152,25088,14327823
1152,25120,14358316
1152,25152,14358316
1152,25184,14358316
1152,25216,14358316
1152,25248,14369821
1152,25280,14369821
1152,25312,14369821
1152,25344,14369821
1152,25376,14392184
1152,25408,14392184
1152,25440,14392184
1152,25472,14392184
1152,25504,14395439
1152,25536,14395439
1152,25568,14395439
1152,25600,14395439
1152,25632,14403770
1152,25664,14403770
1152,25696,14403770
1152,25728,14403770
1152,25760,14417684
1152,25792,14417684
1152,25824,14417684
1152,25856,14417684
1152,25888,14427466
1152,25920,14427466
1152,25952,14427466
1152,25984,14427466
1152,26016,14438488
1152,26048,14438488
1152,26080,14438488
1152,26112,14438488
1152,26144,14446493
1152,26176,14446493
1152,26208,14446493
1152,26240,14446493
1152,26272,14447080
1152,26304,14447080
1152,26336,14447080
1152,26368,14447080
1152,26400,14448473
1152,26432,14448473
1152,26464,14448473
1152,26496,14448473
1152,26528,14457226
1152,26560,14457226
1152,26592,14457226
1152,26624,14457226
1152,26656,14457226
1152,26688,14457226
1152,26720,14457226
1152,26752,14457226
1152,26784,14457602
1152,26816,14457602
1152,26848,14457602
1152,26880,14457602
1152,26912,14457602
1152,26944,14457602
1152,26976,14457602
1152,27008,14457602
1152,27040,14460193
1152,27072,14460193
1152,27104,14460193
1152,27136,14460193
1152,27168,14463234
1152,27200,14463234
1152,27232,14463234
1152,27264,14463234
1152,27296,14464945
1152,27328,14464945
1152,27360,14464945
1152,27392,14464945
1152,27424,14464945
1152,27456,14464945
1152,27488,14464945
1152,27520,14464945
1152,27552,14464945
1152,27584,14464945
1152,27616,14464945
1152,27648,14464945
1152,27680,14464945
1152,27712,14464945
1152,27744,14464945
1152,27776,14464945
1152,27808,14464945
1152,27840,14464945
1152,27872,14464945
1152,27904,14464945
1152,27936,14472027
1152,27968,14472027
1152,28000,14472027
1152,28032,14472027
1152,28064,14472027
1152,28096,14472027
1152,28128,14472027
1152,28160,14472027
1152,28192,14472027
1152,28224,14472027
1152,28256,14472027
1152,28288,14472027
1152,28320,14472027
1152,28352,14472027
1152,28384,14472027
1152,28416,14472027
1152,28448,14472027
1152,28480,14472027
1152,28512,14472027
1152,28544,14472027
1152,28576,14472027
1152,28608,14472027
1152,28640,14472027
1152,28672,14472027
1152,28704,14472027
1152,28736,14472027
1152,28768,14472027
1152,28800,14472027
1152,28832,14472712
1152,28864,14472712
1152,28896,14472712
1152,28928,14472712
1152,28960,14472712
1152,28992,14472712
1152,29024,14472712
1152,29056,14472712
1152,29088,14472712
1152,29120,14472712
1152,29152,14472712
1152,29184,14472712
1152,29216,14477606
1152,29248,14477606
1152,29280,14477606
1152,29312,14477606
1152,29344,14477606
1152,29376,14477606
1152,29408,14477606
1152,29440,14477606
1152,29472,14477606
1152,29504,14477606
1152,29536,14477606
1152,29568,14477606
1152,29600,14477606
1152,29632,14477606
1152,29664,14477606
1152,29696,14477606
1152,29728,14477606
1152,29760,14477606
1152,29792,14477606
1152,29824,14477606
1152,29856,14477606
1152,29888,14477606
1152,29920,14477606
1152,29952,14477606
1152,29984,14477606
1152,30016,14477606
1152,30048,14477606
1152,30080,14477606
1152,30112,14477606
1152,30144,14477606
1152,30176,14477606
1152,30208,14477606
1152,30240,14477606
1152,30272,14477606
1152,30304,14477606
1152,30336,14477606
1152,30368,14477606
1152,30400,14477606
1152,30432,14477606
1152,30464,14477606
1152,30496,14477606
1152,30528,14477606
1152,30560,14477606
1152,30592,14477606
1152,30624,14477606
1152,30656,14477606
1152,30688,14477606
1152,30720,14477606
1152,30752,14477606
1152,30784,14477606
1152,30816,14477606
1152,30848,14477606
1152,30880,14477606
1152,30912,14477606
1152,30944,14477606
1152,30976,14477606
1152,31008,14477606
1152,31040,14477606
1152,31072,14477606
1152,31104,14477606
1152,31136,14477606
1152,31168,14477606
1152,31200,14477606
1152,31232,14477606
1152,31264,14477606
1152,31296,14477606
1152,31328,14477606
1152,31360,14477606
1152,31392,14477606
1152,31424,14477606
1152,31456,14477606
1152,31488,14477606
1152,31520,14477606
1152,31552,14477606
1152,31584,14477606
1152,31616,14477606
1152,31648,14477606
1152,31680,14477606
1152,31712,14477606
1152,31744,14477606
1152,31776,14477606
1152,31808,14477606
1152,31840,14477606
1152,31872,14477606
1152,31904,14477606
1152,31936,14477606
1152,31968,14477606
1152,32000,14477606
1152,32032,14477606
1152,32064,14477606
1152,32096,14477606
1152,32128,14477606
1152,32160,14477606
1152,32192,14477606
1152,32224,14477606
1152,32256,14477606
1152,32288,14477606
1152,32320,14477606
1152,32352,14477606
1152,32384,14477606
1152,32416,14477606
1152,32448,14477606
1152,32480,14477606
1152,32512,14477606
1152,32544,14477606
1152,32576,14477606
1152,32608,14477606
1152,32640,14477606
1152,32672,14477606
1152,32704,14477606
1152,32736,14477606
1152,32768,14477606
1152,32800,14477606
1152,32832,14477606
1152,32864,14477606
1152,32896,14477606
1152,32928,14477606
1152,32960,14477606
1152,32992,14477606
1152,33024,14477606
1152,33056,14477606
1152,33088,14477606
1152,33120,14477606
1152,33152,14477606
1152,33184,14477606
1152,33216,14477606
1152,33248,14477606
1152,33280,14477606
1152,33312,14477606
1152,33344,14477606
1152,33376,14477606
1152,33408,14477606
1152,33440,14477606
1152,33472,14477606
1152,33504,14477606
1152,33536,14477606
1152,33568,14477606
1152,33600,14477606
1152,33632,14477606
1152,33664,14477606
1152,33696,14477606
1152,33728,14477606
1152,33760,14477606
1152,33792,14477606
1152,33824,14477606
1152,33856,14477606
1152,33888,14477606
1152,33920,14477606
1152,33952,14477606
1152,33984,14477606
1152,34016,14477606
1152,34048,14477606
1152,34080,14477606
1152,34112,14477606
1152,34144,14477606
1152,34176,14477606
1152,34208,14477606
1152,34240,14477606
1152,34272,14477606
1152,34304,14477606
1152,34336,14477606
1152,34368,14477606
1152,34400,14477606
1152,34432,14477606
1152,34464,14477606
1152,34496,14477606
1152,34528,14477606
1152,34560,14477606
1152,34592,14477606
1152,34624,14477606
1152,34656,14477606
1152,34688,14477606
1152,34720,14477606
1152,34752,14477606
1152,34784,14477606
1152,34816,14477606
1152,34848,14477606
1152,34880,14477606
1152,34912,14477606
1152,34944,14477606
1152,34976,14477606
1152,35008,14477606
1152,35040,14477606
1152,35072,14477606
1152,35104,14477606
1152,35136,14477606
1152,35168,14477606
1152,35200,14477606
1152,35232,14477606
1152,35264,14477606
1152,35296,14477606
1152,35328,14477606
1152,35360,14477606
1152,35392,14477606
1152,35424,14477606
1152,35456,14477606
1152,35488,14477606
1152,35520,14477606
1152,35552,14477606
1152,35584,14477606
1152,35616,14477606
1152,35648,14477606
1152,35680,14477606
1152,35712,14477606
1152,35744,14477606
1152,35776,14477606
1152,35808,14477606
1152,35840,14477606
1152,35872,14477606
1152,35904,14477606
1152,35936,14477606
1152,35968,14477606
1152,36000,14477606
1152,36032,14477606
1152,36064,14477606
1152,36096,14477606
1152,36128,14477606
1152,36160,14477606
1152,36192,14477606
1152,36224,14477606
1152,36256,14477606
1152,36288,14477606
1152,36320,14477606
1152,36352,14477606
1152,36384,14477606
1152,36416,14477606
1152,36448,14477606
1152,36480,14477606
1152,36512,14477606
1152,36544,14477606
1152,36576,14477606
1152,36608,14477606
1152,36640,14477606
1152,36672,14477606
1152,36704,14477606
1152,36736,14477606
1152,36768,14477606
1152,36800,14477606
1152,36832,14477606
1152,36864,14477606
1152,36896,14477606
1152,36928,14477606
1152,36960,14477606
1152,36992,14477606
1152,37024,14477606
1152,37056,14477606
1152,37088,14477606
1152,37120,14477606
1152,37152,14477606
1152,37184,14477606
1152,37216,14477606
1152,37248,14477606
1152,37280,14477606
1152,37312,14477606
1152,37344,14477606
1152,37376,14477606
1152,37408,14477606
1152,37440,14477606
1152,37472,14477606
1152,37504,14477606
1152,37536,14477606
1152,37568,14477606
1152,37600,14477606
1152,37632,14477606
1152,37664,14477606
1152,37696,14477606
1152,37728,14477606
1152,37760,14477606
1152,37792,14477606
1152,37824,14477606
1152,37856,14477606
1152,37888,14477606
1152,37920,14477606
1152,37952,14477606
1152,37984,14477606
1152,38016,14477606
1152,38048,14477606
1152,38080,14477606
1152,38112,14477606
1152,38144,14477606
1152,38176,14477606
1152,38208,14477606
1152,38240,14477606
1152,38272,14477606
1152,38304,14477606
1152,38336,14477606
1152,38368,14477606
1152,38400,14477606
1152,38432,14477606
1152,38464,14477606
1152,38496,14477606
1152,38528,14477606
1152,38560,14477606
1152,38592,14477606
1152,38624,14477606
1152,38656,14477606
1152,38688,14477606
1152,38720,14477606
1152,38752,14477606
1152,38784,14477606
1152,38816,14477606
1152,38848,14477606
1152,38880,14477606
1152,38912,14477606
1152,38944,14477606
1152,38976,14477606
1152,39008,14477606
1152,39040,14477606
1152,39072,14477606
1152,39104,14477606
1152,39136,14477606
1152,39168,14477606
1152,39200,14477606
1152,39232,14477606
1152,39264,14477606
1152,39296,14477606
1152,39328,14477606
1152,39360,14477606
1152,39392,14477606
1152,39424,14477606
1152,39456,14477606
1152,39488,14477606
1152,39520,14477606
1152,39552,14477606
1152,39584,14477606
1152,39616,14477606
1152,39648,14477606
1152,39680,14477606
1152,39712,14477606
1152,39744,14477606
1152,39776,14477606
1152,39808,14477606
1152,39840,14477606
1152,39872,14477606
1152,39904,14477606
1152,39936,14477606
1152,39968,14477606
1152,40000,14477606
1152,40032,14477606
1152,40064,14477606
1152,40096,14477606
1152,40128,14477606
1152,40160,14477606
1152,40192,14477606
1152,40224,14477606
1152,40256,14477606
1152,40288,14477606
1152,40320,14477606
1152,40352,14477606
1152,40384,14477606
1152,40416,14477606
1152,40448,14477606
1152,40480,14477606
1152,40512,14477606
1152,40544,14477606
1152,40576,14477606
1152,40608,14477606
1152,40640,14477606
1152,40672,14477606
1152,40704,14477606
1152,40736,14477606
1152,40768,14477606
1152,40800,14477606
1152,40832,14477606
1152,40864,14477606
1152,40896,14477606
1152,40928,14477606
1152,40960,14477606
1216,32,29702
1216,64,29313
1216,96,29310
1216,128,29319
1216,160,29331
1216,192,29332
1216,224,29334
1216,256,29358
1216,288,29365
1216,320,29389
1216,352,29397
1216,384,29398
1216,416,29407
1216,448,29450
1216,480,29665
1216,512,30982
1216,544,44387
1216,576,48164
1216,608,49084
1216,640,49813
1216,672,50715
1216,704,51457
1216,736,51957
1216,768,52339
1216,800,52782
1216,832,53044
1216,864,53854
1216,896,54691
1216,928,56014
1216,960,56859
1216,992,57583
1216,1024,58247
1216,1056,58740
1216,1088,67414
1216,1120,69576
1216,1152,71262
1216,1184,71819
1216,1216,72848
1216,1248,73613
1216,1280,74745
1216,1312,75338
1216,1344,76724
1216,1376,77563
1216,1408,78773
1216,1440,79367
1216,1472,80321
1216,1504,81332
1216,1536,82088
1216,1568,84153
1216,1600,96382
1216,1632,97400
1216,1664,100202
1216,1696,100681
1216,1728,102082
1216,1760,102510
1216,1792,103834
1216,1824,104191
1216,1856,105728
1216,1888,106002
1216,1920,107527
1216,1952,107897
1216,1984,112275
1216,2016,112571
1216,2048,122982
1216,2080,124544
1216,2112,180296
1216,2144,182310
1216,2176,189600
1216,2208,190514
1216,2240,193040
1216,2272,194069
1216,2304,195877
1216,2336,197036
1216,2368,198816
1216,2400,200346
1216,2432,202112
1216,2464,203428
1216,2496,205339
1216,2528,206740
1216,2560,209391
1216,2592,215045
1216,2624,230196
1216,2656,235965
1216,2688,238656
1216,2720,239979
1216,2752,241102
1216,2784,241933
1216,2816,243341
1216,2848,244296
1216,2880,245550
1216,2912,246256
1216,2944,248196
1216,2976,249441
1216,3008,250967
1216,3040,252080
1216,3072,254731
1216,3104,258436
1216,3136,271951
1216,3168,277220
1216,3200,281048
1216,3232,282249
1216,3264,284600
1216,3296,286128
1216,3328,288334
1216,3360,289219
1216,3392,291896
1216,3424,293589
1216,3456,297637
1216,3488,308366
1216,3520,317164
1216,3552,324026
1216,3584,330785
1216,3616,349295
1216,3648,397263
1216,3680,417007
1216,3712,426117
1216,3744,430014
1216,3776,432387
1216,3808,435853
1216,3840,440484
1216,3872,442526
1216,3904,445649
1216,3936,448754
1216,3968,455579
1216,4000,458014
1216,4032,460852
1216,4064,461568
1216,4096,463888
1216,4128,464121
1216,4160,464532
1216,4192,474002
1216,4224,476986
1216,4256,498920
1216,4288,499102
1216,4320,534372
1216,4352,534991
1216,4384,556297
1216,4416,556297
1216,4448,568685
1216,4480,568685
1216,4512,576504
1216,4544,576504
1216,4576,588038
1216,4608,588038
1216,4640,594009
1216,4672,594009
1216,4704,602083
1216,4736,602083
1216,4768,611845
1216,4800,611845
1216,4832,642065
1216,4864,642065
1216,4896,657465
1216,4928,657465
1216,4960,679518
1216,4992,679518
1216,5024,680223
1216,5056,680223
1216,5088,684149
1216,5120,684149
1216,5152,685709
1216,5184,685709
1216,5216,696193
1216,5248,696193
1216,5280,704585
1216,5312,704585
1216,5344,726881
1216,5376,726881
1216,5408,732994
1216,5440,732994
1216,5472,745589
1216,5504,745589
1216,5536,746775
1216,5568,746775
1216,5600,758204
1216,5632,758204
1216,5664,761771
1216,5696,761771
1216,5728,785831
1216,5760,785831
1216,5792,790065
1216,5824,790065
1216,5856,847254
1216,5888,847254
1216,5920,851424
1216,5952,851424
1216,5984,869248
1216,6016,869248
1216,6048,870415
1216,6080,870415
1216,6112,903742
1216,6144,903742
1216,6176,907485
1216,6208,907485
1216,6240,980125
1216,6272,980125
1216,6304,985061
1216,6336,985061
1216,6368,1082501
1216,6400,1082501
1216,6432,1088195
1216,6464,1088195
1216,6496,1149154
1216,6528,1149154
1216,6560,1152907
1216,6592,1152907
1216,6624,1188929
1216,6656,1188929
1216,6688,1194163
1216,6720,1194163
1216,6752,1252028
1216,6784,1252028
1216,6816,1265319
1216,6848,1265319
1216,6880,1356845
1216,6912,1356845
1216,6944,1366635
1216,6976,1366635
1216,7008,1424967
1216,7040,1424967
1216,7072,1428075
1216,7104,1428075
1216,7136,1490207
1216,7168,1490207
1216,7200,1495082
1216,7232,1495082
1216,7264,1528774
1216,7296,1528774
1216,7328,1549559
1216,7360,1549559
1216,7392,1646370
1216,7424,1646370
1216,7456,1663303
1216,7488,1663303
1216,7520,1732232
1216,7552,1732232
1216,7584,1736294
1216,7616,1736294
1216,7648,1795010
1216,7680,1795010
1216,7712,1802687
1216,7744,1802687
1216,7776,1865493
1216,7808,1865493
1216,7840,1888526
1216,7872,1888526
1216,7904,1986401
1216,7936,1986401
1216,7968,2003700
1216,8000,2003700
1216,8032,2030502
1216,8064,2030502
1216,8096,2038212
1216,8128,2038212
1216,8160,2052145
1216,8192,2052145
1216,8224,2058677
1216,8256,2058677
1216,8288,2068957
1216,8320,2068957
1216,8352,2072697
1216,8384,2072697
1216,8416,2089079
1216,8448,2089079
1216,8480,2113180
1216,8512,2113180
1216,8544,2185428
1216,8576,2185428
1216,8608,2217377
1216,8640,2217377
1216,8672,2238419
1216,8704,2238419
1216,8736,2245823
1216,8768,2245823
1216,8800,2279640
1216,8832,2279640
1216,8864,2291846
1216,8896,2291846
1216,8928,2323971
1216,8960,2323971
1216,8992,2356946
1216,9024,2356946
1216,9056,2407502
1216,9088,2407502
1216,9120,2429798
1216,9152,2429798
1216,9184,2449567
1216,9216,2449567
1216,9248,2458052
1216,9280,2458052
1216,9312,2469976
1216,9344,2469976
1216,9376,2483294
1216,9408,2483294
1216,9440,2491620
1216,9472,2491620
1216,9504,2525691
1216,9536,2525691
1216,9568,2599379
1216,9600,2599379
1216,9632,2632284
1216,9664,2632284
1216,9696,2650355
1216,9728,2650355
1216,9760,2661149
1216,9792,2661149
1216,9824,2679296
1216,9856,2679296
1216,9888,2692663
1216,9920,2692663
1216,9952,2702877
1216,9984,2702877
1216,10016,2725733
1216,10048,2725733
1216,10080,2817384
1216,10112,2817384
1216,10144,2859540
1216,10176,2859540
1216,10208,2876302
1216,10240,2876302
1216,10272,2884553
1216,10304,2884553
1216,10336,2901721
1216,10368,2901721
1216,10400,2913025
1216,10432,2913025
1216,10464,2929922
1216,10496,2929922
1216,10528,2974370
1216,10560,2974370
1216,10592,3061699
1216,10624,3061699
1216,10656,3092330
1216,10688,3092330
1216,10720,3116124
1216,10752,3116124
1216,10784,3135572
1216,10816,3135572
1216,10848,3151368
1216,10880,3151368
1216,10912,3167682
1216,10944,3167682
1216,10976,3190361
1216,11008,3190361
1216,11040,3215766
1216,11072,3215766
1216,11104,3296077
1216,11136,3296077
1216,11168,3328296
1216,11200,3328296
1216,11232,3340738
1216,11264,3340738
1216,11296,3343723
1216,11328,3343723
1216,11360,3358613
1216,11392,3358613
1216,11424,3374140
1216,11456,3374140
1216,11488,3387708
1216,11520,3387708
1216,11552,3419751
1216,11584,3419751
1216,11616,3478685
1216,11648,3478685
1216,11680,3498683
1216,11712,3498683
1216,11744,3528320
1216,11776,3528320
1216,11808,3533778
1216,11840,3533778
1216,11872,3538095
1216,11904,3538095
1216,11936,3549107
1216,11968,3549107
1216,12000,3564305
1216,12032,3564305
1216,12064,3580876
1216,12096,3580876
1216,12128,3626324
1216,12160,3626324
1216,12192,3647496
1216,12224,3647496
1216,12256,3661767
1216,12288,3661767
1216,12320,3665262
1216,12352,3665262
1216,12384,3669097
1216,12416,3669097
1216,12448,3673229
1216,12480,3673229
1216,12512,3689600
1216,12544,3689600
1216,12576,3693005
1216,12608,3693005
1216,12640,3703879
1216,12672,3703879
1216,12704,3713594
1216,12736,3713594
1216,12768,3753572
1216,12800,3753572
1216,12832,3759121
1216,12864,3759121
1216,12896,3773852
1216,12928,3773852
1216,12960,3774619
1216,12992,3774619
1216,13024,3775478
1216,13056,3775478
1216,13088,3782772
1216,13120,3782772
1216,13152,3783869
1216,13184,3783869
1216,13216,3796338
1216,13248,3796338
1216,13280,3821884
1216,13312,3821884
1216,13344,3826479
1216,13376,3826479
1216,13408,3829419
1216,13440,3829419
1216,13472,3833378
1216,13504,3833378
1216,13536,3834512
1216,13568,3834512
1216,13600,3839545
1216,13632,3839545
1216,13664,3850814
1216,13696,3850814
1216,13728,3869221
1216,13760,3869221
1216,13792,3916709
1216,13824,3916709
1216,13856,3929920
1216,13888,3929920
1216,13920,3951798
1216,13952,3951798
1216,13984,3972573
1216,14016,3972573
1216,14048,3995176
1216,14080,3995176
1216,14112,4002441
1216,14144,4002441
1216,14176,4048420
1216,14208,4048420
1216,14240,4087179
1216,14272,4087179
1216,14304,4193419
1216,14336,4193419
1216,14368,4230572
1216,14400,4230572
1216,14432,4270133
1216,14464,4270133
1216,14496,4296889
1216,14528,4296889
1216,14560,4320259
1216,14592,4320259
1216,14624,4339218
1216,14656,4339218
1216,14688,4435430
1216,14720,4435430
1216,14752,4464613
1216,14784,4464613
1216,14816,4629223
1216,14848,4629223
1216,14880,4643729
1216,14912,4643729
1216,14944,4738594
1216,14976,4738594
1216,15008,4774484
1216,15040,4774484
1216,15072,4906381
1216,15104,4906381
1216,15136,4933846
1216,15168,4933846
1216,15200,5039162
1216,15232,5039162
1216,15264,5143528
1216,15296,5143528
1216,15328,5370897
1216,15360,5370897
1216,15392,5436665
1216,15424,5436665
1216,15456,5540886
1216,15488,5540886
1216,15520,5563794
1216,15552,5563794
1216,15584,5633163
1216,15616,5633163
1216,15648,5673298
1216,15680,5673298
1216,15712,5788722
1216,15744,5788722
1216,15776,5894706
1216,15808,5894706
1216,15840,6104780
1216,15872,6104780
1216,15904,6198914
1216,15936,6198914
1216,15968,6318672
1216,16000,6318672
1216,16032,6380822
1216,16064,6380822
1216,16096,6437951
1216,16128,6437951
1216,16160,6508860
1216,16192,6508860
1216,16224,6562208
1216,16256,6562208
1216,16288,6662843
1216,16320,6662843
1216,16352,6878908
1216,16384,6878908
1216,16416,6882781
1216,16448,6882781
1216,16480,6935131
1216,16512,6935131
1216,16544,7009360
1216,16576,7009360
1216,16608,7026537
1216,16640,7026537
1216,16672,7137040
1216,16704,7137040
1216,16736,7147991
1216,16768,7147991
1216,16800,7242436
1216,16832,7242436
1216,16864,7244448
1216,16896,7244448
1216,16928,7452354
1216,16960,7452354
1216,16992,7466013
1216,17024,7466013
1216,17056,7866198
1216,17088,7866198
1216,17120,7874373
1216,17152,7874373
1216,17184,8117066
1216,17216,8117066
1216,17248,8117066
1216,17280,8117066
1216,17312,8415621
1216,17344,8415621
1216,17376,8415621
1216,17408,8415621
1216,17440,8524233
1216,17472,8524233
1216,17504,8524233
1216,17536,8524233
1216,17568,8693409
1216,17600,8693409
1216,17632,8693409
1216,17664,8693409
1216,17696,8833962
1216,17728,8833962
1216,17760,8833962
1216,17792,8833962
1216,17824,9001784
1216,17856,9001784
1216,17888,9001784
1216,17920,9001784
1216,17952,9119350
1216,17984,9119350
1216,18016,9119350
1216,18048,9119350
1216,18080,9384618
1216,18112,9384618
1216,18144,9384618
1216,18176,9384618
1216,18208,9508991
1216,18240,9508991
1216,18272,9508991
1216,18304,9508991
1216,18336,9785240
1216,18368,9785240
1216,18400,9785240
1216,18432,9785240
1216,18464,9941663
1216,18496,9941663
1216,18528,9941663
1216,18560,9941663
1216,18592,10197218
1216,18624,10197218
1216,18656,10197218
1216,18688,10197218
1216,18720,10294414
1216,18752,10294414
1216,18784,10294414
1216,18816,10294414
1216,18848,10541092
1216,18880,10541092
1216,18912,10541092
1216,18944,10541092
1216,18976,10673740
1216,19008,10673740
1216,19040,10673740
1216,19072,10673740
1216,19104,10918798
1216,19136,10918798
1216,19168,10918798
1216,19200,10918798
1216,19232,11034708
1216,19264,11034708
1216,19296,11034708
1216,19328,11034708
1216,19360,11153307
1216,19392,11153307
1216,19424,11153307
1216,19456,11153307
1216,19488,11289634
1216,19520,11289634
1216,19552,11289634
1216,19584,11289634
1216,19616,11582269
1216,19648,11582269
1216,19680,11582269
1216,19712,11582269
1216,19744,11659234
1216,19776,11659234
1216,19808,11659234
1216,19840,11659234
1216,19872,11853303
1216,19904,11853303
1216,19936,11853303
1216,19968,11853303
1216,20000,11953334
1216,20032,11953334
1216,20064,11953334
1216,20096,11953334
1216,20128,12181301
1216,20160,12181301
1216,20192,12181301
1216,20224,12181301
1216,20256,12304679
1216,20288,12304679
1216,20320,12304679
1216,20352,12304679
1216,20384,12424371
1216,20416,12424371
1216,20448,12424371
1216,20480,12424371
1216,20512,12482628
1216,20544,12482628
1216,20576,12482628
1216,20608,12482628
1216,20640,12623019
1216,20672,12623019
1216,20704,12623019
1216,20736,12623019
1216,20768,12684904
1216,20800,12684904
1216,20832,12684904
1216,20864,12684904
1216,20896,12762196
1216,20928,12762196
1216,20960,12762196
1216,20992,12762196
1216,21024,12840258
1216,21056,12840258
1216,21088,12840258
1216,21120,12840258
1216,21152,12962816
1216,21184,12962816
1216,21216,12962816
1216,21248,12962816
1216,21280,13081060
1216,21312,13081060
1216,21344,13081060
1216,21376,13081060
1216,21408,13218458
1216,21440,13218458
1216,21472,13218458
1216,21504,13218458
1216,21536,13287273
1216,21568,13287273
1216,21600,13287273
1216,21632,13287273
1216,21664,13326586
1216,21696,13326586
1216,21728,13326586
1216,21760,13326586
1216,21792,13371622
1216,21824,13371622
1216,21856,13371622
1216,21888,13371622
1216,21920,13425146
1216,21952,13425146
1216,21984,13425146
1216,22016,13425146
1216,22048,13445050
1216,22080,13445050
1216,22112,13445050
1216,22144,13445050
1216,22176,13519809
1216,22208,13519809
1216,22240,13519809
1216,22272,13519809
1216,22304,13544855
1216,22336,13544855
1216,22368,13544855
1216,22400,13544855
1216,22432,13623120
1216,22464,13623120
1216,22496,13623120
1216,22528,13623120
1216,22560,13700201
1216,22592,13700201
1216,22624,13700201
1216,22656,13700201
1216,22688,13806317
1216,22720,13806317
1216,22752,13806317
1216,22784,13806317
1216,22816,13840661
1216,22848,13840661
1216,22880,13840661
1216,22912,13840661
1216,22944,13870990
1216,22976,13870990
1216,23008,13870990
1216,23040,13870990
1216,23072,13896013
1216,23104,13896013
1216,23136,13896013
1216,23168,13896013
1216,23200,13941732
1216,23232,13941732
1216,23264,13941732
1216,23296,13941732
1216,23328,13998412
1216,23360,13998412
1216,23392,13998412
1216,23424,13998412
1216,23456,14039128
1216,23488,14039128
1216,23520,14039128
1216,23552,14039128
1216,23584,14095984
1216,23616,14095984
1216,23648,14095984
1216,23680,14095984
1216,23712,14119162
1216,23744,14119162
1216,23776,14119162
1216,23808,14119162
1216,23840,14134439
1216,23872,14134439
1216,23904,14134439
1216,23936,14134439
1216,23968,14167088
1216,24000,14167088
1216,24032,14167088
1216,24064,14167088
1216,24096,14184895
1216,24128,14184895
1216,24160,14184895
1216,24192,14184895
1216,24224,14204751
1216,24256,14204751
1216,24288,14204751
1216,24320,14204751
1216,24352,14214377
1216,24384,14214377
1216,24416,14214377
1216,24448,14214377
1216,24480,14244590
1216,24512,14244590
1216,24544,14244590
1216,24576,14244590
1216,24608,14260111
1216,24640,14260111
1216,24672,14260111
1216,24704,14260111
1216,24736,14283800
1216,24768,14283800
1216,24800,14283800
1216,24832,14283800
1216,24864,14288814
1216,24896,14288814
1216,24928,14288814
1216,24960,14288814
1216,24992,14327823
1216,25024,14327823
1216,25056,14327823
1216,25088,14327823
1216,25120,14358316
1216,25152,14358316
1216,25184,14358316
1216,25216,14358316
1216,25248,14369821
1216,25280,14369821
1216,25312,14369821
1216,25344,14369821
1216,25376,14392184
1216,25408,14392184
1216,25440,14392184
1216,25472,14392184
1216,25504,14395439
1216,25536,14395439
1216,25568,14395439
1216,25600,14395439
1216,25632,14403770
1216,25664,14403770
1216,25696,14403770
1216,25728,14403770
1216,25760,14417684
1216,25792,14417684
1216,25824,14417684
1216,25856,14417684
1216,25888,14427466
1216,25920,14427466
1216,25952,14427466
1216,25984,14427466
1216,26016,14438488
1216,26048,14438488
1216,26080,14438488
1216,26112,14438488
1216,26144,14446493
1216,26176,14446493
1216,26208,14446493
1216,26240,14446493
1216,26272,14447080
1216,26304,14447080
1216,26336,14447080
1216,26368,14447080
1216,26400,14448473
1216,26432,14448473
1216,26464,14448473
1216,26496,14448473
1216,26528,14457226
1216,26560,14457226
1216,26592,14457226
1216,26624,14457226
1216,26656,14457226
1216,26688,14457226
1216,26720,14457226
1216,26752,14457226
1216,26784,14457602
1216,26816,14457602
1216,26848,14457602
1216,26880,14457602
1216,26912,14457602
1216,26944,14457602
1216,26976,14457602
1216,27008,14457602
1216,27040,14460193
1216,27072,14460193
1216,27104,14460193
1216,27136,14460193
1216,27168,14463234
1216,27200,14463234
1216,27232,14463234
1216,27264,14463234
1216,27296,14464945
1216,27328,14464945
1216,27360,14464945
1216,27392,14464945
1216,27424,14464945
1216,27456,14464945
1216,27488,14464945
1216,27520,14464945
1216,27552,14464945
1216,27584,14464945
1216,27616,14464945
1216,27648,14464945
1216,27680,14464945
1216,27712,14464945
1216,27744,14464945
1216,27776,14464945
1216,27808,14464945
1216,27840,14464945
1216,27872,14464945
1216,27904,14464945
1216,27936,14472027
1216,27968,14472027
1216,28000,14472027
1216,28032,14472027
1216,28064,14472027
1216,28096,14472027
1216,28128,14472027
1216,28160,14472027
1216,28192,14472027
1216,28224,14472027
1216,28256,14472027
1216,28288,14472027
1216,28320,14472027
1216,28352,14472027
1216,28384,14472027
1216,28416,14472027
1216,28448,14472027
1216,28480,14472027
1216,28512,14472027
1216,28544,14472027
1216,28576,14472027
1216,28608,14472027
1216,28640,14472027
1216,28672,14472027
1216,28704,14472027
1216,28736,14472027
1216,28768,14472027
1216,28800,14472027
1216,28832,14472712
1216,28864,14472712
1216,28896,14472712
1216,28928,14472712
1216,28960,14472712
1216,28992,14472712
1216,29024,14472712
1216,29056,14472712
1216,29088,14472712
1216,29120,14472712
1216,29152,14472712
1216,29184,14472712
1216,29216,14477606
1216,29248,14477606
1216,29280,14477606
1216,29312,14477606
1216,29344,14477606
1216,29376,14477606
1216,29408,14477606
1216,29440,14477606
1216,29472,14477606
1216,29504,14477606
1216,29536,14477606
1216,29568,14477606
1216,29600,14477606
1216,29632,14477606
1216,29664,14477606
1216,29696,14477606
1216,29728,14477606
1216,29760,14477606
1216,29792,14477606
1216,29824,14477606
1216,29856,14477606
1216,29888,14477606
1216,29920,14477606
1216,29952,14477606
1216,29984,14477606
1216,30016,14477606
1216,30048,14477606
1216,30080,14477606
1216,30112,14477606
1216,30144,14477606
1216,30176,14477606
1216,30208,14477606
1216,30240,14477606
1216,30272,14477606
1216,30304,14477606
1216,30336,14477606
1216,30368,14477606
1216,30400,14477606
1216,30432,14477606
1216,30464,14477606
1216,30496,14477606
1216,30528,14477606
1216,30560,14477606
1216,30592,14477606
1216,30624,14477606
1216,30656,14477606
1216,30688,14477606
1216,30720,14477606
1216,30752,14477606
1216,30784,14477606
1216,30816,14477606
1216,30848,14477606
1216,30880,14477606
1216,30912,14477606
1216,30944,14477606
1216,30976,14477606
1216,31008,14477606
1216,31040,14477606
1216,31072,14477606
1216,31104,14477606
1216,31136,14477606
1216,31168,14477606
1216,31200,14477606
1216,31232,14477606
1216,31264,14477606
1216,31296,14477606
1216,31328,14477606
1216,31360,14477606
1216,31392,14477606
1216,31424,14477606
1216,31456,14477606
1216,31488,14477606
1216,31520,14477606
1216,31552,14477606
1216,31584,14477606
1216,31616,14477606
1216,31648,14477606
1216,31680,14477606
1216,31712,14477606
1216,31744,14477606
1216,31776,14477606
1216,31808,14477606
1216,31840,14477606
1216,31872,14477606
1216,31904,14477606
1216,31936,14477606
1216,31968,14477606
1216,32000,14477606
1216,32032,14477606
1216,32064,14477606
1216,32096,14477606
1216,32128,14477606
1216,32160,14477606
1216,32192,14477606
1216,32224,14477606
1216,32256,14477606
1216,32288,14477606
1216,32320,14477606
1216,32352,14477606
1216,32384,14477606
1216,32416,14477606
1216,32448,14477606
1216,32480,14477606
1216,32512,14477606
1216,32544,14477606
1216,32576,14477606
1216,32608,14477606
1216,32640,14477606
1216,32672,14477606
1216,32704,14477606
1216,32736,14477606
1216,32768,14477606
1216,32800,14477606
1216,32832,14477606
1216,32864,14477606
1216,32896,14477606
1216,32928,14477606
1216,32960,14477606
1216,32992,14477606
1216,33024,14477606
1216,33056,14477606
1216,33088,14477606
1216,33120,14477606
1216,33152,14477606
1216,33184,14477606
1216,33216,14477606
1216,33248,14477606
1216,33280,14477606
1216,33312,14477606
1216,33344,14477606
1216,33376,14477606
1216,33408,14477606
1216,33440,14477606
1216,33472,14477606
1216,33504,14477606
1216,33536,14477606
1216,33568,14477606
1216,33600,14477606
1216,33632,14477606
1216,33664,14477606
1216,33696,14477606
1216,33728,14477606
1216,33760,14477606
1216,33792,14477606
1216,33824,14477606
1216,33856,14477606
1216,33888,14477606
1216,33920,14477606
1216,33952,14477606
1216,33984,14477606
1216,34016,14477606
1216,34048,14477606
1216,34080,14477606
1216,34112,14477606
1216,34144,14477606
1216,34176,14477606
1216,34208,14477606
1216,34240,14477606
1216,34272,14477606
1216,34304,14477606
1216,34336,14477606
1216,34368,14477606
1216,34400,14477606
1216,34432,14477606
1216,34464,14477606
1216,34496,14477606
1216,34528,14477606
1216,34560,14477606
1216,34592,14477606
1216,34624,14477606
1216,34656,14477606
1216,34688,14477606
1216,34720,14477606
1216,34752,14477606
1216,34784,14477606
1216,34816,14477606
1216,34848,14477606
1216,34880,14477606
1216,34912,14477606
1216,34944,14477606
1216,34976,14477606
1216,35008,14477606
1216,35040,14477606
1216,35072,14477606
1216,35104,14477606
1216,35136,14477606
1216,35168,14477606
1216,35200,14477606
1216,35232,14477606
1216,35264,14477606
1216,35296,14477606
1216,35328,14477606
1216,35360,14477606
1216,35392,14477606
1216,35424,14477606
1216,35456,14477606
1216,35488,14477606
1216,35520,14477606
1216,35552,14477606
1216,35584,14477606
1216,35616,14477606
1216,35648,14477606
1216,35680,14477606
1216,35712,14477606
1216,35744,14477606
1216,35776,14477606
1216,35808,14477606
1216,35840,14477606
1216,35872,14477606
1216,35904,14477606
1216,35936,14477606
1216,35968,14477606
1216,36000,14477606
1216,36032,14477606
1216,36064,14477606
1216,36096,14477606
1216,36128,14477606
1216,36160,14477606
1216,36192,14477606
1216,36224,14477606
1216,36256,14477606
1216,36288,14477606
1216,36320,14477606
1216,36352,14477606
1216,36384,14477606
1216,36416,14477606
1216,36448,14477606
1216,36480,14477606
1216,36512,14477606
1216,36544,14477606
1216,36576,14477606
1216,36608,14477606
1216,36640,14477606
1216,36672,14477606
1216,36704,14477606
1216,36736,14477606
1216,36768,14477606
1216,36800,14477606
1216,36832,14477606
1216,36864,14477606
1216,36896,14477606
1216,36928,14477606
1216,36960,14477606
1216,36992,14477606
1216,37024,14477606
1216,37056,14477606
1216,37088,14477606
1216,37120,14477606
1216,37152,14477606
1216,37184,14477606
1216,37216,14477606
1216,37248,14477606
1216,37280,14477606
1216,37312,14477606
1216,37344,14477606
1216,37376,14477606
1216,37408,14477606
1216,37440,14477606
1216,37472,14477606
1216,37504,14477606
1216,37536,14477606
1216,37568,14477606
1216,37600,14477606
1216,37632,14477606
1216,37664,14477606
1216,37696,14477606
1216,37728,14477606
1216,37760,14477606
1216,37792,14477606
1216,37824,14477606
1216,37856,14477606
1216,37888,14477606
1216,37920,14477606
1216,37952,14477606
1216,37984,14477606
1216,38016,14477606
1216,38048,14477606
1216,38080,14477606
1216,38112,14477606
1216,38144,14477606
1216,38176,14477606
1216,38208,14477606
1216,38240,14477606
1216,38272,14477606
1216,38304,14477606
1216,38336,14477606
1216,38368,14477606
1216,38400,14477606
1216,38432,14477606
1216,38464,14477606
1216,38496,14477606
1216,38528,14477606
1216,38560,14477606
1216,38592,14477606
1216,38624,14477606
1216,38656,14477606
1216,38688,14477606
1216,38720,14477606
1216,38752,14477606
1216,38784,14477606
1216,38816,14477606
1216,38848,14477606
1216,38880,14477606
1216,38912,14477606
1216,38944,14477606
1216,38976,14477606
1216,39008,14477606
1216,39040,14477606
1216,39072,14477606
1216,39104,14477606
1216,39136,14477606
1216,39168,14477606
1216,39200,14477606
1216,39232,14477606
1216,39264,14477606
1216,39296,14477606
1216,39328,14477606
1216,39360,14477606
1216,39392,14477606
1216,39424,14477606
1216,39456,14477606
1216,39488,14477606
1216,39520,14477606
1216,39552,14477606
1216,39584,14477606
1216,39616,14477606
1216,39648,14477606
1216,39680,14477606
1216,39712,14477606
1216,39744,14477606
1216,39776,14477606
1216,39808,14477606
1216,39840,14477606
1216,39872,14477606
1216,39904,14477606
1216,39936,14477606
1216,39968,14477606
1216,40000,14477606
1216,40032,14477606
1216,40064,14477606
1216,40096,14477606
1216,40128,14477606
1216,40160,14477606
1216,40192,14477606
1216,40224,14477606
1216,40256,14477606
1216,40288,14477606
1216,40320,14477606
1216,40352,14477606
1216,40384,14477606
1216,40416,14477606
1216,40448,14477606
1216,40480,14477606
1216,40512,14477606
1216,40544,14477606
1216,40576,14477606
1216,40608,14477606
1216,40640,14477606
1216,40672,14477606
1216,40704,14477606
1216,40736,14477606
1216,40768,14477606
1216,40800,14477606
1216,40832,14477606
1216,40864,14477606
1216,40896,14477606
1216,40928,14477606
1216,40960,14477606
1280,32,30990
1280,64,30685
1280,96,30547
1280,128,30607
1280,160,30673
1280,192,30677
1280,224,30698
1280,256,30787
1280,288,30800
1280,320,30983
1280,352,31039
1280,384,31054
1280,416,31055
1280,448,31096
1280,480,31291
1280,512,32460
1280,544,46097
1280,576,49826
1280,608,50644
1280,640,51319
1280,672,52266
1280,704,53098
1280,736,53696
1280,768,54177
1280,800,54665
1280,832,54972
1280,864,55698
1280,896,56529
1280,928,58079
1280,960,59202
1280,992,60169
1280,1024,60836
1280,1056,61310
1280,1088,69386
1280,1120,71484
1280,1152,73047
1280,1184,73652
1280,1216,74772
1280,1248,75537
1280,1280,76699
1280,1312,77293
1280,1344,78628
1280,1376,79466
1280,1408,80637
1280,1440,81278
1280,1472,82270
1280,1504,83299
1280,1536,84193
1280,1568,86184
1280,1600,98113
1280,1632,99281
1280,1664,101977
1280,1696,102403
1280,1728,103640
1280,1760,104081
1280,1792,105309
1280,1824,105691
1280,1856,107234
1280,1888,107526
1280,1920,109072
1280,1952,109441
1280,1984,113750
1280,2016,114047
1280,2048,123828
1280,2080,125391
1280,2112,180356
1280,2144,182369
1280,2176,189608
1280,2208,190522
1280,2240,193048
1280,2272,194077
1280,2304,195885
1280,2336,197044
1280,2368,198820
1280,2400,200350
1280,2432,202116
1280,2464,203432
1280,2496,205343
1280,2528,206745
1280,2560,209395
1280,2592,215049
1280,2624,230196
1280,2656,235965
1280,2688,238656
1280,2720,239979
1280,2752,241102
1280,2784,241933
1280,2816,243341
1280,2848,244296
1280,2880,245550
1280,2912,246256
1280,2944,248196
1280,2976,249441
1280,3008,250967
1280,3040,252080
1280,3072,254731
1280,3104,258436
1280,3136,271951
1280,3168,277220
1280,3200,281048
1280,3232,282249
1280,3264,284600
1280,3296,286128
1280,3328,288334
1280,3360,289219
1280,3392,291896
1280,3424,293589
1280,3456,297637
1280,3488,308366
1280,3520,317164
1280,3552,324026
1280,3584,330785
1280,3616,349295
1280,3648,397263
1280,3680,417007
1280,3712,426117
1280,3744,430014
1280,3776,432387
1280,3808,435853
1280,3840,440484
1280,3872,442526
1280,3904,445649
1280,3936,448754
1280,3968,455579
1280,4000,458014
1280,4032,460852
1280,4064,461568
1280,4096,463888
1280,4128,464121
1280,4160,464532
1280,4192,474002
1280,4224,476986
1280,4256,498920
1280,4288,499102
1280,4320,534372
1280,4352,534991
1280,4384,556297
1280,4416,556297
1280,4448,568685
1280,4480,568685
1280,4512,576504
1280,4544,576504
1280,4576,588038
1280,4608,588038
1280,4640,594009
1280,4672,594009
1280,4704,602083
1280,4736,602083
1280,4768,611845
1280,4800,611845
1280,4832,642065
1280,4864,642065
1280,4896,657465
1280,4928,657465
1280,4960,679518
1280,4992,679518
1280,5024,680223
1280,5056,680223
1280,5088,684149
1280,5120,684149
1280,5152,685709
1280,5184,685709
1280,5216,696193
1280,5248,696193
1280,5280,704585
1280,5312,704585
1280,5344,726881
1280,5376,726881
1280,5408,732994
1280,5440,732994
1280,5472,745589
1280,5504,745589
1280,5536,746775
1280,5568,746775
1280,5600,758204
1280,5632,758204
1280,5664,761771
1280,5696,761771
1280,5728,785831
1280,5760,785831
1280,5792,790065
1280,5824,790065
1280,5856,847254
1280,5888,847254
1280,5920,851424
1280,5952,851424
1280,5984,869248
1280,6016,869248
1280,6048,870415
1280,6080,870415
1280,6112,903742
1280,6144,903742
1280,6176,907485
1280,6208,907485
1280,6240,980125
1280,6272,980125
1280,6304,985061
1280,6336,985061
1280,6368,1082501
1280,6400,1082501
1280,6432,1088195
1280,6464,1088195
1280,6496,1149154
1280,6528,1149154
1280,6560,1152907
1280,6592,1152907
1280,6624,1188929
1280,6656,1188929
1280,6688,1194163
1280,6720,1194163
1280,6752,1252028
1280,6784,1252028
1280,6816,1265319
1280,6848,1265319
1280,6880,1356845
1280,6912,1356845
1280,6944,1366635
1280,6976,1366635
1280,7008,1424967
1280,7040,1424967
1280,7072,1428075
1280,7104,1428075
1280,7136,1490207
1280,7168,1490207
1280,7200,1495082
1280,7232,1495082
1280,7264,1528774
1280,7296,1528774
1280,7328,1549559
1280,7360,1549559
1280,7392,1646370
1280,7424,1646370
1280,7456,1663303
1280,7488,1663303
1280,7520,1732232
1280,7552,1732232
1280,7584,1736294
1280,7616,1736294
1280,7648,1795010
1280,7680,1795010
1280,7712,1802687
1280,7744,1802687
1280,7776,1865493
1280,7808,1865493
1280,7840,1888526
1280,7872,1888526
1280,7904,1986401
1280,7936,1986401
1280,7968,2003700
1280,8000,2003700
1280,8032,2030502
1280,8064,2030502
1280,8096,2038212
1280,8128,2038212
1280,8160,2052145
1280,8192,2052145
1280,8224,2058677
1280,8256,2058677
1280,8288,2068957
1280,8320,2068957
1280,8352,2072697
1280,8384,2072697
1280,8416,2089079
1280,8448,2089079
1280,8480,2113180
1280,8512,2113180
1280,8544,2185428
1280,8576,2185428
1280,8608,2217377
1280,8640,2217377
1280,8672,2238419
1280,8704,2238419
1280,8736,2245823
1280,8768,2245823
1280,8800,2279640
1280,8832,2279640
1280,8864,2291846
1280,8896,2291846
1280,8928,2323971
1280,8960,2323971
1280,8992,2356946
1280,9024,2356946
1280,9056,2407502
1280,9088,2407502
1280,9120,2429798
1280,9152,2429798
1280,9184,2449567
1280,9216,2449567
1280,9248,2458052
1280,9280,2458052
1280,9312,2469976
1280,9344,2469976
1280,9376,2483294
1280,9408,2483294
1280,9440,2491620
1280,9472,2491620
1280,9504,2525691
1280,9536,2525691
1280,9568,2599379
1280,9600,2599379
1280,9632,2632284
1280,9664,2632284
1280,9696,2650355
1280,9728,2650355
1280,9760,2661149
1280,9792,2661149
1280,9824,2679296
1280,9856,2679296
1280,9888,2692663
1280,9920,2692663
1280,9952,2702877
1280,9984,2702877
1280,10016,2725733
1280,10048,2725733
1280,10080,2817384
1280,10112,2817384
1280,10144,2859540
1280,10176,2859540
1280,10208,2876302
1280,10240,2876302
1280,10272,2884553
1280,10304,2884553
1280,10336,2901721
1280,10368,2901721
1280,10400,2913025
1280,10432,2913025
1280,10464,2929922
1280,10496,2929922
1280,10528,2974370
1280,10560,2974370
1280,10592,3061699
1280,10624,3061699
1280,10656,3092330
1280,10688,3092330
1280,10720,3116124
1280,10752,3116124
1280,10784,3135572
1280,10816,3135572
1280,10848,3151368
1280,10880,3151368
1280,10912,3167682
1280,10944,3167682
1280,10976,3190361
1280,11008,3190361
1280,11040,3215766
1280,11072,3215766
1280,11104,3296077
1280,11136,3296077
1280,11168,3328296
1280,11200,3328296
1280,11232,3340738
1280,11264,3340738
1280,11296,3343723
1280,11328,3343723
1280,11360,3358613
1280,11392,3358613
1280,11424,3374140
1280,11456,3374140
1280,11488,3387708
1280,11520,3387708
1280,11552,3419751
1280,11584,3419751
1280,11616,3478685
1280,11648,3478685
1280,11680,3498683
1280,11712,3498683
1280,11744,3528320
1280,11776,3528320
1280,11808,3533778
1280,11840,3533778
1280,11872,3538095
1280,11904,3538095
1280,11936,3549107
1280,11968,3549107
1280,12000,3564305
1280,12032,3564305
1280,12064,3580876
1280,12096,3580876
1280,12128,3626324
1280,12160,3626324
1280,12192,3647496
1280,12224,3647496
1280,12256,3661767
1280,12288,3661767
1280,12320,3665262
1280,12352,3665262
1280,12384,3669097
1280,12416,3669097
1280,12448,3673229
1280,12480,3673229
1280,12512,3689600
1280,12544,3689600
1280,12576,3693005
1280,12608,3693005
1280,12640,3703879
1280,12672,3703879
1280,12704,3713594
1280,12736,3713594
1280,12768,3753572
1280,12800,3753572
1280,12832,3759121
1280,12864,3759121
1280,12896,3773852
1280,12928,3773852
1280,12960,3774619
1280,12992,3774619
1280,13024,3775478
1280,13056,3775478
1280,13088,3782772
1280,13120,3782772
1280,13152,3783869
1280,13184,3783869
1280,13216,3796338
1280,13248,3796338
1280,13280,3821884
1280,13312,3821884
1280,13344,3826479
1280,13376,3826479
1280,13408,3829419
1280,13440,3829419
1280,13472,3833378
1280,13504,3833378
1280,13536,3834512
1280,13568,3834512
1280,13600,3839545
1280,13632,3839545
1280,13664,3850814
1280,13696,3850814
1280,13728,3869221
1280,13760,3869221
1280,13792,3916709
1280,13824,3916709
1280,13856,3929920
1280,13888,3929920
1280,13920,3951798
1280,13952,3951798
1280,13984,3972573
1280,14016,3972573
1280,14048,3995176
1280,14080,3995176
1280,14112,4002441
1280,14144,4002441
1280,14176,4048420
1280,14208,4048420
1280,14240,4087179
1280,14272,4087179
1280,14304,4193419
1280,14336,4193419
1280,14368,4230572
1280,14400,4230572
1280,14432,4270133
1280,14464,4270133
1280,14496,4296889
1280,14528,4296889
1280,14560,4320259
1280,14592,4320259
1280,14624,4339218
1280,14656,4339218
1280,14688,4435430
1280,14720,4435430
1280,14752,4464613
1280,14784,4464613
1280,14816,4629223
1280,14848,4629223
1280,14880,4643729
1280,14912,4643729
1280,14944,4738594
1280,14976,4738594
1280,15008,4774484
1280,15040,4774484
1280,15072,4906381
1280,15104,4906381
1280,15136,4933846
1280,15168,4933846
1280,15200,5039162
1280,15232,5039162
1280,15264,5143528
1280,15296,5143528
1280,15328,5370897
1280,15360,5370897
1280,15392,5436665
1280,15424,5436665
1280,15456,5540886
1280,15488,5540886
1280,15520,5563794
1280,15552,5563794
1280,15584,5633163
1280,15616,5633163
1280,15648,5673298
1280,15680,5673298
1280,15712,5788722
1280,15744,5788722
1280,15776,5894706
1280,15808,5894706
1280,15840,6104780
1280,15872,6104780
1280,15904,6198914
1280,15936,6198914
1280,15968,6318672
1280,16000,6318672
1280,16032,6380822
1280,16064,6380822
1280,16096,6437951
1280,16128,6437951
1280,16160,6508860
1280,16192,6508860
1280,16224,6562208
1280,16256,6562208
1280,16288,6662843
1280,16320,6662843
1280,16352,6878908
1280,16384,6878908
1280,16416,6882781
1280,16448,6882781
1280,16480,6935131
1280,16512,6935131
1280,16544,7009360
1280,16576,7009360
1280,16608,7026537
1280,16640,7026537
1280,16672,7137040
1280,16704,7137040
1280,16736,7147991
1280,16768,7147991
1280,16800,7242436
1280,16832,7242436
1280,16864,7244448
1280,16896,7244448
1280,16928,7452354
1280,16960,7452354
1280,16992,7466013
1280,17024,7466013
1280,17056,7866198
1280,17088,7866198
1280,17120,7874373
1280,17152,7874373
1280,17184,8117066
1280,17216,8117066
1280,17248,8117066
1280,17280,8117066
1280,17312,8415621
1280,17344,8415621
1280,17376,8415621
1280,17408,8415621
1280,17440,8524233
1280,17472,8524233
1280,17504,8524233
1280,17536,8524233
1280,17568,8693409
1280,17600,8693409
1280,17632,8693409
1280,17664,8693409
1280,17696,8833962
1280,17728,8833962
1280,17760,8833962
1280,17792,8833962
1280,17824,9001784
1280,17856,9001784
1280,17888,9001784
1280,17920,9001784
1280,17952,9119350
1280,17984,9119350
1280,18016,9119350
1280,18048,9119350
1280,18080,9384618
1280,18112,9384618
1280,18144,9384618
1280,18176,9384618
1280,18208,9508991
1280,18240,9508991
1280,18272,9508991
1280,18304,9508991
1280,18336,9785240
1280,18368,9785240
1280,18400,9785240
1280,18432,9785240
1280,18464,9941663
1280,18496,9941663
1280,18528,9941663
1280,18560,9941663
1280,18592,10197218
1280,18624,10197218
1280,18656,10197218
1280,18688,10197218
1280,18720,10294414
1280,18752,10294414
1280,18784,10294414
1280,18816,10294414
1280,18848,10541092
1280,18880,10541092
1280,18912,10541092
1280,18944,10541092
1280,18976,10673740
1280,19008,10673740
1280,19040,10673740
1280,19072,10673740
1280,19104,10918798
1280,19136,10918798
1280,19168,10918798
1280,19200,10918798
1280,19232,11034708
1280,19264,11034708
1280,19296,11034708
1280,19328,11034708
1280,19360,11153307
1280,19392,11153307
1280,19424,11153307
1280,19456,11153307
1280,19488,11289634
1280,19520,11289634
1280,19552,11289634
1280,19584,11289634
1280,19616,11582269
1280,19648,11582269
1280,19680,11582269
1280,19712,11582269
1280,19744,11659234
1280,19776,11659234
1280,19808,11659234
1280,19840,11659234
1280,19872,11853303
1280,19904,11853303
1280,19936,11853303
1280,19968,11853303
1280,20000,11953334
1280,20032,11953334
1280,20064,11953334
1280,20096,11953334
1280,20128,12181301
1280,20160,12181301
1280,20192,12181301
1280,20224,12181301
1280,20256,12304679
1280,20288,12304679
1280,20320,12304679
1280,20352,12304679
1280,20384,12424371
1280,20416,12424371
1280,20448,12424371
1280,20480,12424371
1280,20512,12482628
1280,20544,12482628
1280,20576,12482628
1280,20608,12482628
1280,20640,12623019
1280,20672,12623019
1280,20704,12623019
1280,20736,12623019
1280,20768,12684904
1280,20800,12684904
1280,20832,12684904
1280,20864,12684904
1280,20896,12762196
1280,20928,12762196
1280,20960,12762196
1280,20992,12762196
1280,21024,12840258
1280,21056,12840258
1280,21088,12840258
1280,21120,12840258
1280,21152,12962816
1280,21184,12962816
1280,21216,12962816
1280,21248,12962816
1280,21280,13081060
1280,21312,13081060
1280,21344,13081060
1280,21376,13081060
1280,21408,13218458
1280,21440,13218458
1280,21472,13218458
1280,21504,13218458
1280,21536,13287273
1280,21568,13287273
1280,21600,13287273
1280,21632,13287273
1280,21664,13326586
1280,21696,13326586
1280,21728,13326586
1280,21760,13326586
1280,21792,13371622
1280,21824,13371622
1280,21856,13371622
1280,21888,13371622
1280,21920,13425146
1280,21952,13425146
1280,21984,13425146
1280,22016,13425146
1280,22048,13445050
1280,22080,13445050
1280,22112,13445050
1280,22144,13445050
1280,22176,13519809
1280,22208,13519809
1280,22240,13519809
1280,22272,13519809
1280,22304,13544855
1280,22336,13544855
1280,22368,13544855
1280,22400,13544855
1280,22432,13623120
1280,22464,13623120
1280,22496,13623120
1280,22528,13623120
1280,22560,13700201
1280,22592,13700201
1280,22624,13700201
1280,22656,13700201
1280,22688,13806317
1280,22720,13806317
1280,22752,13806317
1280,22784,13806317
1280,22816,13840661
1280,22848,13840661
1280,22880,13840661
1280,22912,13840661
1280,22944,13870990
1280,22976,13870990
1280,23008,13870990
1280,23040,13870990
1280,23072,13896013
1280,23104,13896013
1280,23136,13896013
1280,23168,13896013
1280,23200,13941732
1280,23232,13941732
1280,23264,13941732
1280,23296,13941732
1280,23328,13998412
1280,23360,13998412
1280,23392,13998412
1280,23424,13998412
1280,23456,14039128
1280,23488,14039128
1280,23520,14039128
1280,23552,14039128
1280,23584,14095984
1280,23616,14095984
1280,23648,14095984
1280,23680,14095984
1280,23712,14119162
1280,23744,14119162
1280,23776,14119162
1280,23808,14119162
1280,23840,14134439
1280,23872,14134439
1280,23904,14134439
1280,23936,14134439
1280,23968,14167088
1280,24000,14167088
1280,24032,14167088
1280,24064,14167088
1280,24096,14184895
1280,24128,14184895
1280,24160,14184895
1280,24192,14184895
1280,24224,14204751
1280,24256,14204751
1280,24288,14204751
1280,24320,14204751
1280,24352,14214377
1280,24384,14214377
1280,24416,14214377
1280,24448,14214377
1280,24480,14244590
1280,24512,14244590
1280,24544,14244590
1280,24576,14244590
1280,24608,14260111
1280,24640,14260111
1280,24672,14260111
1280,24704,14260111
1280,24736,14283800
1280,24768,14283800
1280,24800,14283800
1280,24832,14283800
1280,24864,14288814
1280,24896,14288814
1280,24928,14288814
1280,24960,14288814
1280,24992,14327823
1280,25024,14327823
1280,25056,14327823
1280,25088,14327823
1280,25120,14358316
1280,25152,14358316
1280,25184,14358316
1280,25216,14358316
1280,25248,14369821
1280,25280,14369821
1280,25312,14369821
1280,25344,14369821
1280,25376,14392184
1280,25408,14392184
1280,25440,14392184
1280,25472,14392184
1280,25504,14395439
1280,25536,14395439
1280,25568,14395439
1280,25600,14395439
1280,25632,14403770
1280,25664,14403770
1280,25696,14403770
1280,25728,14403770
1280,25760,14417684
1280,25792,14417684
1280,25824,14417684
1280,25856,14417684
1280,25888,14427466
1280,25920,14427466
1280,25952,14427466
1280,25984,14427466
1280,26016,14438488
1280,26048,14438488
1280,26080,14438488
1280,26112,14438488
1280,26144,14446493
1280,26176,14446493
1280,26208,14446493
1280,26240,14446493
1280,26272,14447080
1280,26304,14447080
1280,26336,14447080
1280,26368,14447080
1280,26400,14448473
1280,26432,14448473
1280,26464,14448473
1280,26496,14448473
1280,26528,14457226
1280,26560,14457226
1280,26592,14457226
1280,26624,14457226
1280,26656,14457226
1280,26688,14457226
1280,26720,14457226
1280,26752,14457226
1280,26784,14457602
1280,26816,14457602
1280,26848,14457602
1280,26880,14457602
1280,26912,14457602
1280,26944,14457602
1280,26976,14457602
1280,27008,14457602
1280,27040,14460193
1280,27072,14460193
1280,27104,14460193
1280,27136,14460193
1280,27168,14463234
1280,27200,14463234
1280,27232,14463234
1280,27264,14463234
1280,27296,14464945
1280,27328,14464945
1280,27360,14464945
1280,27392,14464945
1280,27424,14464945
1280,27456,14464945
1280,27488,14464945
1280,27520,14464945
1280,27552,14464945
1280,27584,14464945
1280,27616,14464945
1280,27648,14464945
1280,27680,14464945
1280,27712,14464945
1280,27744,14464945
1280,27776,14464945
1280,27808,14464945
1280,27840,14464945
1280,27872,14464945
1280,27904,14464945
1280,27936,14472027
1280,27968,14472027
1280,28000,14472027
1280,28032,14472027
1280,28064,14472027
1280,28096,14472027
1280,28128,14472027
1280,28160,14472027
1280,28192,14472027
1280,28224,14472027
1280,28256,14472027
1280,28288,14472027
1280,28320,14472027
1280,28352,14472027
1280,28384,14472027
1280,28416,14472027
1280,28448,14472027
1280,28480,14472027
1280,28512,14472027
1280,28544,14472027
1280,28576,14472027
1280,28608,14472027
1280,28640,14472027
1280,28672,14472027
1280,28704,14472027
1280,28736,14472027
1280,28768,14472027
1280,28800,14472027
1280,28832,14472712
1280,28864,14472712
1280,28896,14472712
1280,28928,14472712
1280,28960,14472712
1280,28992,14472712
1280,29024,14472712
1280,29056,14472712
1280,29088,14472712
1280,29120,14472712
1280,29152,14472712
1280,29184,14472712
1280,29216,14477606
1280,29248,14477606
1280,29280,14477606
1280,29312,14477606
1280,29344,14477606
1280,29376,14477606
1280,29408,14477606
1280,29440,14477606
1280,29472,14477606
1280,29504,14477606
1280,29536,14477606
1280,29568,14477606
1280,29600,14477606
1280,29632,14477606
1280,29664,14477606
1280,29696,14477606
1280,29728,14477606
1280,29760,14477606
1280,29792,14477606
1280,29824,14477606
1280,29856,14477606
1280,29888,14477606
1280,29920,14477606
1280,29952,14477606
1280,29984,14477606
1280,30016,14477606
1280,30048,14477606
1280,30080,14477606
1280,30112,14477606
1280,30144,14477606
1280,30176,14477606
1280,30208,14477606
1280,30240,14477606
1280,30272,14477606
1280,30304,14477606
1280,30336,14477606
1280,30368,14477606
1280,30400,14477606
1280,30432,14477606
1280,30464,14477606
1280,30496,14477606
1280,30528,14477606
1280,30560,14477606
1280,30592,14477606
1280,30624,14477606
1280,30656,14477606
1280,30688,14477606
1280,30720,14477606
1280,30752,14477606
1280,30784,14477606
1280,30816,14477606
1280,30848,14477606
1280,30880,14477606
1280,30912,14477606
1280,30944,14477606
1280,30976,14477606
1280,31008,14477606
1280,31040,14477606
1280,31072,14477606
1280,31104,14477606
1280,31136,14477606
1280,31168,14477606
1280,31200,14477606
1280,31232,14477606
1280,31264,14477606
1280,31296,14477606
1280,31328,14477606
1280,31360,14477606
1280,31392,14477606
1280,31424,14477606
1280,31456,14477606
1280,31488,14477606
1280,31520,14477606
1280,31552,14477606
1280,31584,14477606
1280,31616,14477606
1280,31648,14477606
1280,31680,14477606
1280,31712,14477606
1280,31744,14477606
1280,31776,14477606
1280,31808,14477606
1280,31840,14477606
1280,31872,14477606
1280,31904,14477606
1280,31936,14477606
1280,31968,14477606
1280,32000,14477606
1280,32032,14477606
1280,32064,14477606
1280,32096,14477606
1280,32128,14477606
1280,32160,14477606
1280,32192,14477606
1280,32224,14477606
1280,32256,14477606
1280,32288,14477606
1280,32320,14477606
1280,32352,14477606
1280,32384,14477606
1280,32416,14477606
1280,32448,14477606
1280,32480,14477606
1280,32512,14477606
1280,32544,14477606
1280,32576,14477606
1280,32608,14477606
1280,32640,14477606
1280,32672,14477606
1280,32704,14477606
1280,32736,14477606
1280,32768,14477606
1280,32800,14477606
1280,32832,14477606
1280,32864,14477606
1280,32896,14477606
1280,32928,14477606
1280,32960,14477606
1280,32992,14477606
1280,33024,14477606
1280,33056,14477606
1280,33088,14477606
1280,33120,14477606
1280,33152,14477606
1280,33184,14477606
1280,33216,14477606
1280,33248,14477606
1280,33280,14477606
1280,33312,14477606
1280,33344,14477606
1280,33376,14477606
1280,33408,14477606
1280,33440,14477606
1280,33472,14477606
1280,33504,14477606
1280,33536,14477606
1280,33568,14477606
1280,33600,14477606
1280,33632,14477606
1280,33664,14477606
1280,33696,14477606
1280,33728,14477606
1280,33760,14477606
1280,33792,14477606
1280,33824,14477606
1280,33856,14477606
1280,33888,14477606
1280,33920,14477606
1280,33952,14477606
1280,33984,14477606
1280,34016,14477606
1280,34048,14477606
1280,34080,14477606
1280,34112,14477606
1280,34144,14477606
1280,34176,14477606
1280,34208,14477606
1280,34240,14477606
1280,34272,14477606
1280,34304,14477606
1280,34336,14477606
1280,34368,14477606
1280,34400,14477606
1280,34432,14477606
1280,34464,14477606
1280,34496,14477606
1280,34528,14477606
1280,34560,14477606
1280,34592,14477606
1280,34624,14477606
1280,34656,14477606
1280,34688,14477606
1280,34720,14477606
1280,34752,14477606
1280,34784,14477606
1280,34816,14477606
1280,34848,14477606
1280,34880,14477606
1280,34912,14477606
1280,34944,14477606
1280,34976,14477606
1280,35008,14477606
1280,35040,14477606
1280,35072,14477606
1280,35104,14477606
1280,35136,14477606
1280,35168,14477606
1280,35200,14477606
1280,35232,14477606
1280,35264,14477606
1280,35296,14477606
1280,35328,14477606
1280,35360,14477606
1280,35392,14477606
1280,35424,14477606
1280,35456,14477606
1280,35488,14477606
1280,35520,14477606
1280,35552,14477606
1280,35584,14477606
1280,35616,14477606
1280,35648,14477606
1280,35680,14477606
1280,35712,14477606
1280,35744,14477606
1280,35776,14477606
1280,35808,14477606
1280,35840,14477606
1280,35872,14477606
1280,35904,14477606
1280,35936,14477606
1280,35968,14477606
1280,36000,14477606
1280,36032,14477606
1280,36064,14477606
1280,36096,14477606
1280,36128,14477606
1280,36160,14477606
1280,36192,14477606
1280,36224,14477606
1280,36256,14477606
1280,36288,14477606
1280,36320,14477606
1280,36352,14477606
1280,36384,14477606
1280,36416,14477606
1280,36448,14477606
1280,36480,14477606
1280,36512,14477606
1280,36544,14477606
1280,36576,14477606
1280,36608,14477606
1280,36640,14477606
1280,36672,14477606
1280,36704,14477606
1280,36736,14477606
1280,36768,14477606
1280,36800,14477606
1280,36832,14477606
1280,36864,14477606
1280,36896,14477606
1280,36928,14477606
1280,36960,14477606
1280,36992,14477606
1280,37024,14477606
1280,37056,14477606
1280,37088,14477606
1280,37120,14477606
1280,37152,14477606
1280,37184,14477606
1280,37216,14477606
1280,37248,14477606
1280,37280,14477606
1280,37312,14477606
1280,37344,14477606
1280,37376,14477606
1280,37408,14477606
1280,37440,14477606
1280,37472,14477606
1280,37504,14477606
1280,37536,14477606
1280,37568,14477606
1280,37600,14477606
1280,37632,14477606
1280,37664,14477606
1280,37696,14477606
1280,37728,14477606
1280,37760,14477606
1280,37792,14477606
1280,37824,14477606
1280,37856,14477606
1280,37888,14477606
1280,37920,14477606
1280,37952,14477606
1280,37984,14477606
1280,38016,14477606
1280,38048,14477606
1280,38080,14477606
1280,38112,14477606
1280,38144,14477606
1280,38176,14477606
1280,38208,14477606
1280,38240,14477606
1280,38272,14477606
1280,38304,14477606
1280,38336,14477606
1280,38368,14477606
1280,38400,14477606
1280,38432,14477606
1280,38464,14477606
1280,38496,14477606
1280,38528,14477606
1280,38560,14477606
1280,38592,14477606
1280,38624,14477606
1280,38656,14477606
1280,38688,14477606
1280,38720,14477606
1280,38752,14477606
1280,38784,14477606
1280,38816,14477606
1280,38848,14477606
1280,38880,14477606
1280,38912,14477606
1280,38944,14477606
1280,38976,14477606
1280,39008,14477606
1280,39040,14477606
1280,39072,14477606
1280,39104,14477606
1280,39136,14477606
1280,39168,14477606
1280,39200,14477606
1280,39232,14477606
1280,39264,14477606
1280,39296,14477606
1280,39328,14477606
1280,39360,14477606
1280,39392,14477606
1280,39424,14477606
1280,39456,14477606
1280,39488,14477606
1280,39520,14477606
1280,39552,14477606
1280,39584,14477606
1280,39616,14477606
1280,39648,14477606
1280,39680,14477606
1280,39712,14477606
1280,39744,14477606
1280,39776,14477606
1280,39808,14477606
1280,39840,14477606
1280,39872,14477606
1280,39904,14477606
1280,39936,14477606
1280,39968,14477606
1280,40000,14477606
1280,40032,14477606
1280,40064,14477606
1280,40096,14477606
1280,40128,14477606
1280,40160,14477606
1280,40192,14477606
1280,40224,14477606
1280,40256,14477606
1280,40288,14477606
1280,40320,14477606
1280,40352,14477606
1280,40384,14477606
1280,40416,14477606
1280,40448,14477606
1280,40480,14477606
1280,40512,14477606
1280,40544,14477606
1280,40576,14477606
1280,40608,14477606
1280,40640,14477606
1280,40672,14477606
1280,40704,14477606
1280,40736,14477606
1280,40768,14477606
1280,40800,14477606
1280,40832,14477606
1280,40864,14477606
1280,40896,14477606
1280,40928,14477606
1280,40960,14477606
1344,32,32374
1344,64,32027
1344,96,31938
1344,128,31918
1344,160,32035
1344,192,32057
1344,224,32054
1344,256,32059
1344,288,32129
1344,320,32129
1344,352,32577
1344,384,32577
1344,416,32577
1344,448,32581
1344,480,32705
1344,512,33647
1344,544,47608
1344,576,51418
1344,608,52213
1344,640,52821
1344,672,53767
1344,704,54730
1344,736,55475
1344,768,56022
1344,800,56528
1344,832,56852
1344,864,57485
1344,896,58218
1344,928,59747
1344,960,61139
1344,992,62469
1344,1024,63332
1344,1056,63853
1344,1088,71586
1344,1120,73592
1344,1152,75134
1344,1184,75758
1344,1216,76860
1344,1248,77615
1344,1280,78775
1344,1312,79368
1344,1344,80744
1344,1376,81582
1344,1408,82793
1344,1440,83481
1344,1472,84602
1344,1504,85680
1344,1536,86586
1344,1568,88525
1344,1600,100060
1344,1632,101369
1344,1664,103933
1344,1696,104359
1344,1728,105609
1344,1760,106049
1344,1792,107239
1344,1824,107622
1344,1856,109130
1344,1888,109422
1344,1920,110918
1344,1952,111300
1344,1984,115431
1344,2016,115728
1344,2048,125178
1344,2080,126740
1344,2112,180491
1344,2144,182504
1344,2176,189623
1344,2208,190537
1344,2240,193064
1344,2272,194092
1344,2304,195901
1344,2336,197059
1344,2368,198820
1344,2400,200350
1344,2432,202116
1344,2464,203432
1344,2496,205343
1344,2528,206745
1344,2560,209395
1344,2592,215049
1344,2624,230196
1344,2656,235965
1344,2688,238656
1344,2720,239979
1344,2752,241102
1344,2784,241933
1344,2816,243341
1344,2848,244296
1344,2880,245550
1344,2912,246256
1344,2944,248196
1344,2976,249441
1344,3008,250967
1344,3040,252080
1344,3072,254731
1344,3104,258436
1344,3136,271951
1344,3168,277220
1344,3200,281048
1344,3232,282249
1344,3264,284600
1344,3296,286128
1344,3328,288334
1344,3360,289219
1344,3392,291896
1344,3424,293589
1344,3456,297637
1344,3488,308366
1344,3520,317164
1344,3552,324026
1344,3584,330785
1344,3616,349295
1344,3648,397263
1344,3680,417007
1344,3712,426117
1344,3744,430014
1344,3776,432387
1344,3808,435853
1344,3840,440484
1344,3872,442526
1344,3904,445649
1344,3936,448754
1344,3968,455579
1344,4000,458014
1344,4032,460852
1344,4064,461568
1344,4096,463888
1344,4128,464121
1344,4160,464532
1344,4192,474002
1344,4224,476986
1344,4256,498920
1344,4288,499102
1344,4320,534372
1344,4352,534991
1344,4384,556297
1344,4416,556297
1344,4448,568685
1344,4480,568685
1344,4512,576504
1344,4544,576504
1344,4576,588038
1344,4608,588038
1344,4640,594009
1344,4672,594009
1344,4704,602083
1344,4736,602083
1344,4768,611845
1344,4800,611845
1344,4832,642065
1344,4864,642065
1344,4896,657465
1344,4928,657465
1344,4960,679518
1344,4992,679518
1344,5024,680223
1344,5056,680223
1344,5088,684149
1344,5120,684149
1344,5152,685709
1344,5184,685709
1344,5216,696193
1344,5248,696193
1344,5280,704585
1344,5312,704585
1344,5344,726881
1344,5376,726881
1344,5408,732994
1344,5440,732994
1344,5472,745589
1344,5504,745589
1344,5536,746775
1344,5568,746775
1344,5600,758204
1344,5632,758204
1344,5664,761771
1344,5696,761771
1344,5728,785831
1344,5760,785831
1344,5792,790065
1344,5824,790065
1344,5856,847254
1344,5888,847254
1344,5920,851424
1344,5952,851424
1344,5984,869248
1344,6016,869248
1344,6048,870415
1344,6080,870415
1344,6112,903742
1344,6144,903742
1344,6176,907485
1344,6208,907485
1344,6240,980125
1344,6272,980125
1344,6304,985061
1344,6336,985061
1344,6368,1082501
1344,6400,1082501
1344,6432,1088195
1344,6464,1088195
1344,6496,1149154
1344,6528,1149154
1344,6560,1152907
1344,6592,1152907
1344,6624,1188929
1344,6656,1188929
1344,6688,1194163
1344,6720,1194163
1344,6752,1252028
1344,6784,1252028
1344,6816,1265319
1344,6848,1265319
1344,6880,1356845
1344,6912,1356845
1344,6944,1366635
1344,6976,1366635
1344,7008,1424967
1344,7040,1424967
1344,7072,1428075
1344,7104,1428075
1344,7136,1490207
1344,7168,1490207
1344,7200,1495082
1344,7232,1495082
1344,7264,1528774
1344,7296,1528774
1344,7328,1549559
1344,7360,1549559
1344,7392,1646370
1344,7424,1646370
1344,7456,1663303
1344,7488,1663303
1344,7520,1732232
1344,7552,1732232
1344,7584,1736294
1344,7616,1736294
1344,7648,1795010
1344,7680,1795010
1344,7712,1802687
1344,7744,1802687
1344,7776,1865493
1344,7808,1865493
1344,7840,1888526
1344,7872,1888526
1344,7904,1986401
1344,7936,1986401
1344,7968,2003700
1344,8000,2003700
1344,8032,2030502
1344,8064,2030502
1344,8096,2038212
1344,8128,2038212
1344,8160,2052145
1344,8192,2052145
1344,8224,2058677
1344,8256,2058677
1344,8288,2068957
1344,8320,2068957
1344,8352,2072697
1344,8384,2072697
1344,8416,2089079
1344,8448,2089079
1344,8480,2113180
1344,8512,2113180
1344,8544,2185428
1344,8576,2185428
1344,8608,2217377
1344,8640,2217377
1344,8672,2238419
1344,8704,2238419
1344,8736,2245823
1344,8768,2245823
1344,8800,2279640
1344,8832,2279640
1344,8864,2291846
1344,8896,2291846
1344,8928,2323971
1344,8960,2323971
1344,8992,2356946
1344,9024,2356946
1344,9056,2407502
1344,9088,2407502
1344,9120,2429798
1344,9152,2429798
1344,9184,2449567
1344,9216,2449567
1344,9248,2458052
1344,9280,2458052
1344,9312,2469976
1344,9344,2469976
1344,9376,2483294
1344,9408,2483294
1344,9440,2491620
1344,9472,2491620
1344,9504,2525691
1344,9536,2525691
1344,9568,2599379
1344,9600,2599379
1344,9632,2632284
1344,9664,2632284
1344,9696,2650355
1344,9728,2650355
1344,9760,2661149
1344,9792,2661149
1344,9824,2679296
1344,9856,2679296
1344,9888,2692663
1344,9920,2692663
1344,9952,2702877
1344,9984,2702877
1344,10016,2725733
1344,10048,2725733
1344,10080,2817384
1344,10112,2817384
1344,10144,2859540
1344,10176,2859540
1344,10208,2876302
1344,10240,2876302
1344,10272,2884553
1344,10304,2884553
1344,10336,2901721
1344,10368,2901721
1344,10400,2913025
1344,10432,2913025
1344,10464,2929922
1344,10496,2929922
1344,10528,2974370
1344,10560,2974370
1344,10592,3061699
1344,10624,3061699
1344,10656,3092330
1344,10688,3092330
1344,10720,3116124
1344,10752,3116124
1344,10784,3135572
1344,10816,3135572
1344,10848,3151368
1344,10880,3151368
1344,10912,3167682
1344,10944,3167682
1344,10976,3190361
1344,11008,3190361
1344,11040,3215766
1344,11072,3215766
1344,11104,3296077
1344,11136,3296077
1344,11168,3328296
1344,11200,3328296
1344,11232,3340738
1344,11264,3340738
1344,11296,3343723
1344,11328,3343723
1344,11360,3358613
1344,11392,3358613
1344,11424,3374140
1344,11456,3374140
1344,11488,3387708
1344,11520,3387708
1344,11552,3419751
1344,11584,3419751
1344,11616,3478685
1344,11648,3478685
1344,11680,3498683
1344,11712,3498683
1344,11744,3528320
1344,11776,3528320
1344,11808,3533778
1344,11840,3533778
1344,11872,3538095
1344,11904,3538095
1344,11936,3549107
1344,11968,3549107
1344,12000,3564305
1344,12032,3564305
1344,12064,3580876
1344,12096,3580876
1344,12128,3626324
1344,12160,3626324
1344,12192,3647496
1344,12224,3647496
1344,12256,3661767
1344,12288,3661767
1344,12320,3665262
1344,12352,3665262
1344,12384,3669097
1344,12416,3669097
1344,12448,3673229
1344,12480,3673229
1344,12512,3689600
1344,12544,3689600
1344,12576,3693005
1344,12608,3693005
1344,12640,3703879
1344,12672,3703879
1344,12704,3713594
1344,12736,3713594
1344,12768,3753572
1344,12800,3753572
1344,12832,3759121
1344,12864,3759121
1344,12896,3773852
1344,12928,3773852
1344,12960,3774619
1344,12992,3774619
1344,13024,3775478
1344,13056,3775478
1344,13088,3782772
1344,13120,3782772
1344,13152,3783869
1344,13184,3783869
1344,13216,3796338
1344,13248,3796338
1344,13280,3821884
1344,13312,3821884
1344,13344,3826479
1344,13376,3826479
1344,13408,3829419
1344,13440,3829419
1344,13472,3833378
1344,13504,3833378
1344,13536,3834512
1344,13568,3834512
1344,13600,3839545
1344,13632,3839545
1344,13664,3850814
1344,13696,3850814
1344,13728,3869221
1344,13760,3869221
1344,13792,3916709
1344,13824,3916709
1344,13856,3929920
1344,13888,3929920
1344,13920,3951798
1344,13952,3951798
1344,13984,3972573
1344,14016,3972573
1344,14048,3995176
1344,14080,3995176
1344,14112,4002441
1344,14144,4002441
1344,14176,4048420
1344,14208,4048420
1344,14240,4087179
1344,14272,4087179
1344,14304,4193419
1344,14336,4193419
1344,14368,4230572
1344,14400,4230572
1344,14432,4270133
1344,14464,4270133
1344,14496,4296889
1344,14528,4296889
1344,14560,4320259
1344,14592,4320259
1344,14624,4339218
1344,14656,4339218
1344,14688,4435430
1344,14720,4435430
1344,14752,4464613
1344,14784,4464613
1344,14816,4629223
1344,14848,4629223
1344,14880,4643729
1344,14912,4643729
1344,14944,4738594
1344,14976,4738594
1344,15008,4774484
1344,15040,4774484
1344,15072,4906381
1344,15104,4906381
1344,15136,4933846
1344,15168,4933846
1344,15200,5039162
1344,15232,5039162
1344,15264,5143528
1344,15296,5143528
1344,15328,5370897
1344,15360,5370897
1344,15392,5436665
1344,15424,5436665
1344,15456,5540886
1344,15488,5540886
1344,15520,5563794
1344,15552,5563794
1344,15584,5633163
1344,15616,5633163
1344,15648,5673298
1344,15680,5673298
1344,15712,5788722
1344,15744,5788722
1344,15776,5894706
1344,15808,5894706
1344,15840,6104780
1344,15872,6104780
1344,15904,6198914
1344,15936,6198914
1344,15968,6318672
1344,16000,6318672
1344,16032,6380822
1344,16064,6380822
1344,16096,6437951
1344,16128,6437951
1344,16160,6508860
1344,16192,6508860
1344,16224,6562208
1344,16256,6562208
1344,16288,6662843
1344,16320,6662843
1344,16352,6878908
1344,16384,6878908
1344,16416,6882781
1344,16448,6882781
1344,16480,6935131
1344,16512,6935131
1344,16544,7009360
1344,16576,7009360
1344,16608,7026537
1344,16640,7026537
1344,16672,7137040
1344,16704,7137040
1344,16736,7147991
1344,16768,7147991
1344,16800,7242436
1344,16832,7242436
1344,16864,7244448
1344,16896,7244448
1344,16928,7452354
1344,16960,7452354
1344,16992,7466013
1344,17024,7466013
1344,17056,7866198
1344,17088,7866198
1344,17120,7874373
1344,17152,7874373
1344,17184,8117066
1344,17216,8117066
1344,17248,8117066
1344,17280,8117066
1344,17312,8415621
1344,17344,8415621
1344,17376,8415621
1344,17408,8415621
1344,17440,8524233
1344,17472,8524233
1344,17504,8524233
1344,17536,8524233
1344,17568,8693409
1344,17600,8693409
1344,17632,8693409
1344,17664,8693409
1344,17696,8833962
1344,17728,8833962
1344,17760,8833962
1344,17792,8833962
1344,17824,9001784
1344,17856,9001784
1344,17888,9001784
1344,17920,9001784
1344,17952,9119350
1344,17984,9119350
1344,18016,9119350
1344,18048,9119350
1344,18080,9384618
1344,18112,9384618
1344,18144,9384618
1344,18176,9384618
1344,18208,9508991
1344,18240,9508991
1344,18272,9508991
1344,18304,9508991
1344,18336,9785240
1344,18368,9785240
1344,18400,9785240
1344,18432,9785240
1344,18464,9941663
1344,18496,9941663
1344,18528,9941663
1344,18560,9941663
1344,18592,10197218
1344,18624,10197218
1344,18656,10197218
1344,18688,10197218
1344,18720,10294414
1344,18752,10294414
1344,18784,10294414
1344,18816,10294414
1344,18848,10541092
1344,18880,10541092
1344,18912,10541092
1344,18944,10541092
1344,18976,10673740
1344,19008,10673740
1344,19040,10673740
1344,19072,10673740
1344,19104,10918798
1344,19136,10918798
1344,19168,10918798
1344,19200,10918798
1344,19232,11034708
1344,19264,11034708
1344,19296,11034708
1344,19328,11034708
1344,19360,11153307
1344,19392,11153307
1344,19424,11153307
1344,19456,11153307
1344,19488,11289634
1344,19520,11289634
1344,19552,11289634
1344,19584,11289634
1344,19616,11582269
1344,19648,11582269
1344,19680,11582269
1344,19712,11582269
1344,19744,11659234
1344,19776,11659234
1344,19808,11659234
1344,19840,11659234
1344,19872,11853303
1344,19904,11853303
1344,19936,11853303
1344,19968,11853303
1344,20000,11953334
1344,20032,11953334
1344,20064,11953334
1344,20096,11953334
1344,20128,12181301
1344,20160,12181301
1344,20192,12181301
1344,20224,12181301
1344,20256,12304679
1344,20288,12304679
1344,20320,12304679
1344,20352,12304679
1344,20384,12424371
1344,20416,12424371
1344,20448,12424371
1344,20480,12424371
1344,20512,12482628
1344,20544,12482628
1344,20576,12482628
1344,20608,12482628
1344,20640,12623019
1344,20672,12623019
1344,20704,12623019
1344,20736,12623019
1344,20768,12684904
1344,20800,12684904
1344,20832,12684904
1344,20864,12684904
1344,20896,12762196
1344,20928,12762196
1344,20960,12762196
1344,20992,12762196
1344,21024,12840258
1344,21056,12840258
1344,21088,12840258
1344,21120,12840258
1344,21152,12962816
1344,21184,12962816
1344,21216,12962816
1344,21248,12962816
1344,21280,13081060
1344,21312,13081060
1344,21344,13081060
1344,21376,13081060
1344,21408,13218458
1344,21440,13218458
1344,21472,13218458
1344,21504,13218458
1344,21536,13287273
1344,21568,13287273
1344,21600,13287273
1344,21632,13287273
1344,21664,13326586
1344,21696,13326586
1344,21728,13326586
1344,21760,13326586
1344,21792,13371622
1344,21824,13371622
1344,21856,13371622
1344,21888,13371622
1344,21920,13425146
1344,21952,13425146
1344,21984,13425146
1344,22016,13425146
1344,22048,13445050
1344,22080,13445050
1344,22112,13445050
1344,22144,13445050
1344,22176,13519809
1344,22208,13519809
1344,22240,13519809
1344,22272,13519809
1344,22304,13544855
1344,22336,13544855
1344,22368,13544855
1344,22400,13544855
1344,22432,13623120
1344,22464,13623120
1344,22496,13623120
1344,22528,13623120
1344,22560,13700201
1344,22592,13700201
1344,22624,13700201
1344,22656,13700201
1344,22688,13806317
1344,22720,13806317
1344,22752,13806317
1344,22784,13806317
1344,22816,13840661
1344,22848,13840661
1344,22880,13840661
1344,22912,13840661
1344,22944,13870990
1344,22976,13870990
1344,23008,13870990
1344,23040,13870990
1344,23072,13896013
1344,23104,13896013
1344,23136,13896013
1344,23168,13896013
1344,23200,13941732
1344,23232,13941732
1344,23264,13941732
1344,23296,13941732
1344,23328,13998412
1344,23360,13998412
1344,23392,13998412
1344,23424,13998412
1344,23456,14039128
1344,23488,14039128
1344,23520,14039128
1344,23552,14039128
1344,23584,14095984
1344,23616,14095984
1344,23648,14095984
1344,23680,14095984
1344,23712,14119162
1344,23744,14119162
1344,23776,14119162
1344,23808,14119162
1344,23840,14134439
1344,23872,14134439
1344,23904,14134439
1344,23936,14134439
1344,23968,14167088
1344,24000,14167088
1344,24032,14167088
1344,24064,14167088
1344,24096,14184895
1344,24128,14184895
1344,24160,14184895
1344,24192,14184895
1344,24224,14204751
1344,24256,14204751
1344,24288,14204751
1344,24320,14204751
1344,24352,14214377
1344,24384,14214377
1344,24416,14214377
1344,24448,14214377
1344,24480,14244590
1344,24512,14244590
1344,24544,14244590
1344,24576,14244590
1344,24608,14260111
1344,24640,14260111
1344,24672,14260111
1344,24704,14260111
1344,24736,14283800
1344,24768,14283800
1344,24800,14283800
1344,24832,14283800
1344,24864,14288814
1344,24896,14288814
1344,24928,14288814
1344,24960,14288814
1344,24992,14327823
1344,25024,14327823
1344,25056,14327823
1344,25088,14327823
1344,25120,14358316
1344,25152,14358316
1344,25184,14358316
1344,25216,14358316
1344,25248,14369821
1344,25280,14369821
1344,25312,14369821
1344,25344,14369821
1344,25376,14392184
1344,25408,14392184
1344,25440,14392184
1344,25472,14392184
1344,25504,14395439
1344,25536,14395439
1344,25568,14395439
1344,25600,14395439
1344,25632,14403770
1344,25664,14403770
1344,25696,14403770
1344,25728,14403770
1344,25760,14417684
1344,25792,14417684
1344,25824,14417684
1344,25856,14417684
1344,25888,14427466
1344,25920,14427466
1344,25952,14427466
1344,25984,14427466
1344,26016,14438488
1344,26048,14438488
1344,26080,14438488
1344,26112,14438488
1344,26144,14446493
1344,26176,14446493
1344,26208,14446493
1344,26240,14446493
1344,26272,14447080
1344,26304,14447080
1344,26336,14447080
1344,26368,14447080
1344,26400,14448473
1344,26432,14448473
1344,26464,14448473
1344,26496,14448473
1344,26528,14457226
1344,26560,14457226
1344,26592,14457226
1344,26624,14457226
1344,26656,14457226
1344,26688,14457226
1344,26720,14457226
1344,26752,14457226
1344,26784,14457602
1344,26816,14457602
1344,26848,14457602
1344,26880,14457602
1344,26912,14457602
1344,26944,14457602
1344,26976,14457602
1344,27008,14457602
1344,27040,14460193
1344,27072,14460193
1344,27104,14460193
1344,27136,14460193
1344,27168,14463234
1344,27200,14463234
1344,27232,14463234
1344,27264,14463234
1344,27296,14464945
1344,27328,14464945
1344,27360,14464945
1344,27392,14464945
1344,27424,14464945
1344,27456,14464945
1344,27488,14464945
1344,27520,14464945
1344,27552,14464945
1344,27584,14464945
1344,27616,14464945
1344,27648,14464945
1344,27680,14464945
1344,27712,14464945
1344,27744,14464945
1344,27776,14464945
1344,27808,14464945
1344,27840,14464945
1344,27872,14464945
1344,27904,14464945
1344,27936,14472027
1344,27968,14472027
1344,28000,14472027
1344,28032,14472027
1344,28064,14472027
1344,28096,14472027
1344,28128,14472027
1344,28160,14472027
1344,28192,14472027
1344,28224,14472027
1344,28256,14472027
1344,28288,14472027
1344,28320,14472027
1344,28352,14472027
1344,28384,14472027
1344,28416,14472027
1344,28448,14472027
1344,28480,14472027
1344,28512,14472027
1344,28544,14472027
1344,28576,14472027
1344,28608,14472027
1344,28640,14472027
1344,28672,14472027
1344,28704,14472027
1344,28736,14472027
1344,28768,14472027
1344,28800,14472027
1344,28832,14472712
1344,28864,14472712
1344,28896,14472712
1344,28928,14472712
1344,28960,14472712
1344,28992,14472712
1344,29024,14472712
1344,29056,14472712
1344,29088,14472712
1344,29120,14472712
1344,29152,14472712
1344,29184,14472712
1344,29216,14477606
1344,29248,14477606
1344,29280,14477606
1344,29312,14477606
1344,29344,14477606
1344,29376,14477606
1344,29408,14477606
1344,29440,14477606
1344,29472,14477606
1344,29504,14477606
1344,29536,14477606
1344,29568,14477606
1344,29600,14477606
1344,29632,14477606
1344,29664,14477606
1344,29696,14477606
1344,29728,14477606
1344,29760,14477606
1344,29792,14477606
1344,29824,14477606
1344,29856,14477606
1344,29888,14477606
1344,29920,14477606
1344,29952,14477606
1344,29984,14477606
1344,30016,14477606
1344,30048,14477606
1344,30080,14477606
1344,30112,14477606
1344,30144,14477606
1344,30176,14477606
1344,30208,14477606
1344,30240,14477606
1344,30272,14477606
1344,30304,14477606
1344,30336,14477606
1344,30368,14477606
1344,30400,14477606
1344,30432,14477606
1344,30464,14477606
1344,30496,14477606
1344,30528,14477606
1344,30560,14477606
1344,30592,14477606
1344,30624,14477606
1344,30656,14477606
1344,30688,14477606
1344,30720,14477606
1344,30752,14477606
1344,30784,14477606
1344,30816,14477606
1344,30848,14477606
1344,30880,14477606
1344,30912,14477606
1344,30944,14477606
1344,30976,14477606
1344,31008,14477606
1344,31040,14477606
1344,31072,14477606
1344,31104,14477606
1344,31136,14477606
1344,31168,14477606
1344,31200,14477606
1344,31232,14477606
1344,31264,14477606
1344,31296,14477606
1344,31328,14477606
1344,31360,14477606
1344,31392,14477606
1344,31424,14477606
1344,31456,14477606
1344,31488,14477606
1344,31520,14477606
1344,31552,14477606
1344,31584,14477606
1344,31616,14477606
1344,31648,14477606
1344,31680,14477606
1344,31712,14477606
1344,31744,14477606
1344,31776,14477606
1344,31808,14477606
1344,31840,14477606
1344,31872,14477606
1344,31904,14477606
1344,31936,14477606
1344,31968,14477606
1344,32000,14477606
1344,32032,14477606
1344,32064,14477606
1344,32096,14477606
1344,32128,14477606
1344,32160,14477606
1344,32192,14477606
1344,32224,14477606
1344,32256,14477606
1344,32288,14477606
1344,32320,14477606
1344,32352,14477606
1344,32384,14477606
1344,32416,14477606
1344,32448,14477606
1344,32480,14477606
1344,32512,14477606
1344,32544,14477606
1344,32576,14477606
1344,32608,14477606
1344,32640,14477606
1344,32672,14477606
1344,32704,14477606
1344,32736,14477606
1344,32768,14477606
1344,32800,14477606
1344,32832,14477606
1344,32864,14477606
1344,32896,14477606
1344,32928,14477606
1344,32960,14477606
1344,32992,14477606
1344,33024,14477606
1344,33056,14477606
1344,33088,14477606
1344,33120,14477606
1344,33152,14477606
1344,33184,14477606
1344,33216,14477606
1344,33248,14477606
1344,33280,14477606
1344,33312,14477606
1344,33344,14477606
1344,33376,14477606
1344,33408,14477606
1344,33440,14477606
1344,33472,14477606
1344,33504,14477606
1344,33536,14477606
1344,33568,14477606
1344,33600,14477606
1344,33632,14477606
1344,33664,14477606
1344,33696,14477606
1344,33728,14477606
1344,33760,14477606
1344,33792,14477606
1344,33824,14477606
1344,33856,14477606
1344,33888,14477606
1344,33920,14477606
1344,33952,14477606
1344,33984,14477606
1344,34016,14477606
1344,34048,14477606
1344,34080,14477606
1344,34112,14477606
1344,34144,14477606
1344,34176,14477606
1344,34208,14477606
1344,34240,14477606
1344,34272,14477606
1344,34304,14477606
1344,34336,14477606
1344,34368,14477606
1344,34400,14477606
1344,34432,14477606
1344,34464,14477606
1344,34496,14477606
1344,34528,14477606
1344,34560,14477606
1344,34592,14477606
1344,34624,14477606
1344,34656,14477606
1344,34688,14477606
1344,34720,14477606
1344,34752,14477606
1344,34784,14477606
1344,34816,14477606
1344,34848,14477606
1344,34880,14477606
1344,34912,14477606
1344,34944,14477606
1344,34976,14477606
1344,35008,14477606
1344,35040,14477606
1344,35072,14477606
1344,35104,14477606
1344,35136,14477606
1344,35168,14477606
1344,35200,14477606
1344,35232,14477606
1344,35264,14477606
1344,35296,14477606
1344,35328,14477606
1344,35360,14477606
1344,35392,14477606
1344,35424,14477606
1344,35456,14477606
1344,35488,14477606
1344,35520,14477606
1344,35552,14477606
1344,35584,14477606
1344,35616,14477606
1344,35648,14477606
1344,35680,14477606
1344,35712,14477606
1344,35744,14477606
1344,35776,14477606
1344,35808,14477606
1344,35840,14477606
1344,35872,14477606
1344,35904,14477606
1344,35936,14477606
1344,35968,14477606
1344,36000,14477606
1344,36032,14477606
1344,36064,14477606
1344,36096,14477606
1344,36128,14477606
1344,36160,14477606
1344,36192,14477606
1344,36224,14477606
1344,36256,14477606
1344,36288,14477606
1344,36320,14477606
1344,36352,14477606
1344,36384,14477606
1344,36416,14477606
1344,36448,14477606
1344,36480,14477606
1344,36512,14477606
1344,36544,14477606
1344,36576,14477606
1344,36608,14477606
1344,36640,14477606
1344,36672,14477606
1344,36704,14477606
1344,36736,14477606
1344,36768,14477606
1344,36800,14477606
1344,36832,14477606
1344,36864,14477606
1344,36896,14477606
1344,36928,14477606
1344,36960,14477606
1344,36992,14477606
1344,37024,14477606
1344,37056,14477606
1344,37088,14477606
1344,37120,14477606
1344,37152,14477606
1344,37184,14477606
1344,37216,14477606
1344,37248,14477606
1344,37280,14477606
1344,37312,14477606
1344,37344,14477606
1344,37376,14477606
1344,37408,14477606
1344,37440,14477606
1344,37472,14477606
1344,37504,14477606
1344,37536,14477606
1344,37568,14477606
1344,37600,14477606
1344,37632,14477606
1344,37664,14477606
1344,37696,14477606
1344,37728,14477606
1344,37760,14477606
1344,37792,14477606
1344,37824,14477606
1344,37856,14477606
1344,37888,14477606
1344,37920,14477606
1344,37952,14477606
1344,37984,14477606
1344,38016,14477606
1344,38048,14477606
1344,38080,14477606
1344,38112,14477606
1344,38144,14477606
1344,38176,14477606
1344,38208,14477606
1344,38240,14477606
1344,38272,14477606
1344,38304,14477606
1344,38336,14477606
1344,38368,14477606
1344,38400,14477606
1344,38432,14477606
1344,38464,14477606
1344,38496,14477606
1344,38528,14477606
1344,38560,14477606
1344,38592,14477606
1344,38624,14477606
1344,38656,14477606
1344,38688,14477606
1344,38720,14477606
1344,38752,14477606
1344,38784,14477606
1344,38816,14477606
1344,38848,14477606
1344,38880,14477606
1344,38912,14477606
1344,38944,14477606
1344,38976,14477606
1344,39008,14477606
1344,39040,14477606
1344,39072,14477606
1344,39104,14477606
1344,39136,14477606
1344,39168,14477606
1344,39200,14477606
1344,39232,14477606
1344,39264,14477606
1344,39296,14477606
1344,39328,14477606
1344,39360,14477606
1344,39392,14477606
1344,39424,14477606
1344,39456,14477606
1344,39488,14477606
1344,39520,14477606
1344,39552,14477606
1344,39584,14477606
1344,39616,14477606
1344,39648,14477606
1344,39680,14477606
1344,39712,14477606
1344,39744,14477606
1344,39776,14477606
1344,39808,14477606
1344,39840,14477606
1344,39872,14477606
1344,39904,14477606
1344,39936,14477606
1344,39968,14477606
1344,40000,14477606
1344,40032,14477606
1344,40064,14477606
1344,40096,14477606
1344,40128,14477606
1344,40160,14477606
1344,40192,14477606
1344,40224,14477606
1344,40256,14477606
1344,40288,14477606
1344,40320,14477606
1344,40352,14477606
1344,40384,14477606
1344,40416,14477606
1344,40448,14477606
1344,40480,14477606
1344,40512,14477606
1344,40544,14477606
1344,40576,14477606
1344,40608,14477606
1344,40640,14477606
1344,40672,14477606
1344,40704,14477606
1344,40736,14477606
1344,40768,14477606
1344,40800,14477606
1344,40832,14477606
1344,40864,14477606
1344,40896,14477606
1344,40928,14477606
1344,40960,14477606
1408,32,33796
1408,64,33373
1408,96,33202
1408,128,33292
1408,160,33293
1408,192,33293
1408,224,33332
1408,256,33570
1408,288,33570
1408,320,33572
1408,352,33572
1408,384,33572
1408,416,33574
1408,448,33594
1408,480,33652
1408,512,34289
1408,544,48659
1408,576,52728
1408,608,53604
1408,640,54224
1408,672,55169
1408,704,56133
1408,736,56929
1408,768,57552
1408,800,57998
1408,832,58314
1408,864,58885
1408,896,59537
1408,928,60982
1408,960,62352
1408,992,63748
1408,1024,64645
1408,1056,65178
1408,1088,72831
1408,1120,74613
1408,1152,76250
1408,1184,76847
1408,1216,78026
1408,1248,78856
1408,1280,79995
1408,1312,80663
1408,1344,82149
1408,1376,82987
1408,1408,84198
1408,1440,84886
1408,1472,86146
1408,1504,87225
1408,1536,88229
1408,1568,90098
1408,1600,101492
1408,1632,102850
1408,1664,105321
1408,1696,105747
1408,1728,106986
1408,1760,107471
1408,1792,108667
1408,1824,109049
1408,1856,110464
1408,1888,110756
1408,1920,112236
1408,1952,112618
1408,1984,116700
1408,2016,116997
1408,2048,126087
1408,2080,127650
1408,2112,180599
1408,2144,182613
1408,2176,189662
1408,2208,190576
1408,2240,193098
1408,2272,194127
1408,2304,195935
1408,2336,197094
1408,2368,198855
1408,2400,200384
1408,2432,202150
1408,2464,203466
1408,2496,205363
1408,2528,206765
1408,2560,209415
1408,2592,215069
1408,2624,230196
1408,2656,235965
1408,2688,238656
1408,2720,239979
1408,2752,241102
1408,2784,241933
1408,2816,243341
1408,2848,244296
1408,2880,245550
1408,2912,246256
1408,2944,248196
1408,2976,249441
1408,3008,250967
1408,3040,252080
1408,3072,254731
1408,3104,258436
1408,3136,271951
1408,3168,277220
1408,3200,281048
1408,3232,282249
1408,3264,284600
1408,3296,286128
1408,3328,288334
1408,3360,289219
1408,3392,291896
1408,3424,293589
1408,3456,297637
1408,3488,308366
1408,3520,317164
1408,3552,324026
1408,3584,330785
1408,3616,349295
1408,3648,397263
1408,3680,417007
1408,3712,426117
1408,3744,430014
1408,3776,432387
1408,3808,435853
1408,3840,440484
1408,3872,442526
1408,3904,445649
1408,3936,448754
1408,3968,455579
1408,4000,458014
1408,4032,460852
1408,4064,461568
1408,4096,463888
1408,4128,464121
1408,4160,464532
1408,4192,474002
1408,4224,476986
1408,4256,498920
1408,4288,499102
1408,4320,534372
1408,4352,534991
1408,4384,556297
1408,4416,556297
1408,4448,568685
1408,4480,568685
1408,4512,576504
1408,4544,576504
1408,4576,588038
1408,4608,588038
1408,4640,594009
1408,4672,594009
1408,4704,602083
1408,4736,602083
1408,4768,611845
1408,4800,611845
1408,4832,642065
1408,4864,642065
1408,4896,657465
1408,4928,657465
1408,4960,679518
1408,4992,679518
1408,5024,680223
1408,5056,680223
1408,5088,684149
1408,5120,684149
1408,5152,685709
1408,5184,685709
1408,5216,696193
1408,5248,696193
1408,5280,704585
1408,5312,704585
1408,5344,726881
1408,5376,726881
1408,5408,732994
1408,5440,732994
1408,5472,745589
1408,5504,745589
1408,5536,746775
1408,5568,746775
1408,5600,758204
1408,5632,758204
1408,5664,761771
1408,5696,761771
1408,5728,785831
1408,5760,785831
1408,5792,790065
1408,5824,790065
1408,5856,847254
1408,5888,847254
1408,5920,851424
1408,5952,851424
1408,5984,869248
1408,6016,869248
1408,6048,870415
1408,6080,870415
1408,6112,903742
1408,6144,903742
1408,6176,907485
1408,6208,907485
1408,6240,980125
1408,6272,980125
1408,6304,985061
1408,6336,985061
1408,6368,1082501
1408,6400,1082501
1408,6432,1088195
1408,6464,1088195
1408,6496,1149154
1408,6528,1149154
1408,6560,1152907
1408,6592,1152907
1408,6624,1188929
1408,6656,1188929
1408,6688,1194163
1408,6720,1194163
1408,6752,1252028
1408,6784,1252028
1408,6816,1265319
1408,6848,1265319
1408,6880,1356845
1408,6912,1356845
1408,6944,1366635
1408,6976,1366635
1408,7008,1424967
1408,7040,1424967
1408,7072,1428075
1408,7104,1428075
1408,7136,1490207
1408,7168,1490207
1408,7200,1495082
1408,7232,1495082
1408,7264,1528774
1408,7296,1528774
1408,7328,1549559
1408,7360,1549559
1408,7392,1646370
1408,7424,1646370
1408,7456,1663303
1408,7488,1663303
1408,7520,1732232
1408,7552,1732232
1408,7584,1736294
1408,7616,1736294
1408,7648,1795010
1408,7680,1795010
1408,7712,1802687
1408,7744,1802687
1408,7776,1865493
1408,7808,1865493
1408,7840,1888526
1408,7872,1888526
1408,7904,1986401
1408,7936,1986401
1408,7968,2003700
1408,8000,2003700
1408,8032,2030502
1408,8064,2030502
1408,8096,2038212
1408,8128,2038212
1408,8160,2052145
1408,8192,2052145
1408,8224,2058677
1408,8256,2058677
1408,8288,2068957
1408,8320,2068957
1408,8352,2072697
1408,8384,2072697
1408,8416,2089079
1408,8448,2089079
1408,8480,2113180
1408,8512,2113180
1408,8544,2185428
1408,8576,2185428
1408,8608,2217377
1408,8640,2217377
1408,8672,2238419
1408,8704,2238419
1408,8736,2245823
1408,8768,2245823
1408,8800,2279640
1408,8832,2279640
1408,8864,2291846
1408,8896,2291846
1408,8928,2323971
1408,8960,2323971
1408,8992,2356946
1408,9024,2356946
1408,9056,2407502
1408,9088,2407502
1408,9120,2429798
1408,9152,2429798
1408,9184,2449567
1408,9216,2449567
1408,9248,2458052
1408,9280,2458052
1408,9312,2469976
1408,9344,2469976
1408,9376,2483294
1408,9408,2483294
1408,9440,2491620
1408,9472,2491620
1408,9504,2525691
1408,9536,2525691
1408,9568,2599379
1408,9600,2599379
1408,9632,2632284
1408,9664,2632284
1408,9696,2650355
1408,9728,2650355
1408,9760,2661149
1408,9792,2661149
1408,9824,2679296
1408,9856,2679296
1408,9888,2692663
1408,9920,2692663
1408,9952,2702877
1408,9984,2702877
1408,10016,2725733
1408,10048,2725733
1408,10080,2817384
1408,10112,2817384
1408,10144,2859540
1408,10176,2859540
1408,10208,2876302
1408,10240,2876302
1408,10272,2884553
1408,10304,2884553
1408,10336,2901721
1408,10368,2901721
1408,10400,2913025
1408,10432,2913025
1408,10464,2929922
1408,10496,2929922
1408,10528,2974370
1408,10560,2974370
1408,10592,3061699
1408,10624,3061699
1408,10656,3092330
1408,10688,3092330
1408,10720,3116124
1408,10752,3116124
1408,10784,3135572
1408,10816,3135572
1408,10848,3151368
1408,10880,3151368
1408,10912,3167682
1408,10944,3167682
1408,10976,3190361
1408,11008,3190361
1408,11040,3215766
1408,11072,3215766
1408,11104,3296077
1408,11136,3296077
1408,11168,3328296
1408,11200,3328296
1408,11232,3340738
1408,11264,3340738
1408,11296,3343723
1408,11328,3343723
1408,11360,3358613
1408,11392,3358613
1408,11424,3374140
1408,11456,3374140
1408,11488,3387708
1408,11520,3387708
1408,11552,3419751
1408,11584,3419751
1408,11616,3478685
1408,11648,3478685
1408,11680,3498683
1408,11712,3498683
1408,11744,3528320
1408,11776,3528320
1408,11808,3533778
1408,11840,3533778
1408,11872,3538095
1408,11904,3538095
1408,11936,3549107
1408,11968,3549107
1408,12000,3564305
1408,12032,3564305
1408,12064,3580876
1408,12096,3580876
1408,12128,3626324
1408,12160,3626324
1408,12192,3647496
1408,12224,3647496
1408,12256,3661767
1408,12288,3661767
1408,12320,3665262
1408,12352,3665262
1408,12384,3669097
1408,12416,3669097
1408,12448,3673229
1408,12480,3673229
1408,12512,3689600
1408,12544,3689600
1408,12576,3693005
1408,12608,3693005
1408,12640,3703879
1408,12672,3703879
1408,12704,3713594
1408,12736,3713594
1408,12768,3753572
1408,12800,3753572
1408,12832,3759121
1408,12864,3759121
1408,12896,3773852
1408,12928,3773852
1408,12960,3774619
1408,12992,3774619
1408,13024,3775478
1408,13056,3775478
1408,13088,3782772
1408,13120,3782772
1408,13152,3783869
1408,13184,3783869
1408,13216,3796338
1408,13248,3796338
1408,13280,3821884
1408,13312,3821884
1408,13344,3826479
1408,13376,3826479
1408,13408,3829419
1408,13440,3829419
1408,13472,3833378
1408,13504,3833378
1408,13536,3834512
1408,13568,3834512
1408,13600,3839545
1408,13632,3839545
1408,13664,3850814
1408,13696,3850814
1408,13728,3869221
1408,13760,3869221
1408,13792,3916709
1408,13824,3916709
1408,13856,3929920
1408,13888,3929920
1408,13920,3951798
1408,13952,3951798
1408,13984,3972573
1408,14016,3972573
1408,14048,3995176
1408,14080,3995176
1408,14112,4002441
1408,14144,4002441
1408,14176,4048420
1408,14208,4048420
1408,14240,4087179
1408,14272,4087179
1408,14304,4193419
1408,14336,4193419
1408,14368,4230572
1408,14400,4230572
1408,14432,4270133
1408,14464,4270133
1408,14496,4296889
1408,14528,4296889
1408,14560,4320259
1408,14592,4320259
1408,14624,4339218
1408,14656,4339218
1408,14688,4435430
1408,14720,4435430
1408,14752,4464613
1408,14784,4464613
1408,14816,4629223
1408,14848,4629223
1408,14880,4643729
1408,14912,4643729
1408,14944,4738594
1408,14976,4738594
1408,15008,4774484
1408,15040,4774484
1408,15072,4906381
1408,15104,4906381
1408,15136,4933846
1408,15168,4933846
1408,15200,5039162
1408,15232,5039162
1408,15264,5143528
1408,15296,5143528
1408,15328,5370897
1408,15360,5370897
1408,15392,5436665
1408,15424,5436665
1408,15456,5540886
1408,15488,5540886
1408,15520,5563794
1408,15552,5563794
1408,15584,5633163
1408,15616,5633163
1408,15648,5673298
1408,15680,5673298
1408,15712,5788722
1408,15744,5788722
1408,15776,5894706
1408,15808,5894706
1408,15840,6104780
1408,15872,6104780
1408,15904,6198914
1408,15936,6198914
1408,15968,6318672
1408,16000,6318672
1408,16032,6380822
1408,16064,6380822
1408,16096,6437951
1408,16128,6437951
1408,16160,6508860
1408,16192,6508860
1408,16224,6562208
1408,16256,6562208
1408,16288,6662843
1408,16320,6662843
1408,16352,6878908
1408,16384,6878908
1408,16416,6882781
1408,16448,6882781
1408,16480,6935131
1408,16512,6935131
1408,16544,7009360
1408,16576,7009360
1408,16608,7026537
1408,16640,7026537
1408,16672,7137040
1408,16704,7137040
1408,16736,7147991
1408,16768,7147991
1408,16800,7242436
1408,16832,7242436
1408,16864,7244448
1408,16896,7244448
1408,16928,7452354
1408,16960,7452354
1408,16992,7466013
1408,17024,7466013
1408,17056,7866198
1408,17088,7866198
1408,17120,7874373
1408,17152,7874373
1408,17184,8117066
1408,17216,8117066
1408,17248,8117066
1408,17280,8117066
1408,17312,8415621
1408,17344,8415621
1408,17376,8415621
1408,17408,8415621
1408,17440,8524233
1408,17472,8524233
1408,17504,8524233
1408,17536,8524233
1408,17568,8693409
1408,17600,8693409
1408,17632,8693409
1408,17664,8693409
1408,17696,8833962
1408,17728,8833962
1408,17760,8833962
1408,17792,8833962
1408,17824,9001784
1408,17856,9001784
1408,17888,9001784
1408,17920,9001784
1408,17952,9119350
1408,17984,9119350
1408,18016,9119350
1408,18048,9119350
1408,18080,9384618
1408,18112,9384618
1408,18144,9384618
1408,18176,9384618
1408,18208,9508991
1408,18240,9508991
1408,18272,9508991
1408,18304,9508991
1408,18336,9785240
1408,18368,9785240
1408,18400,9785240
1408,18432,9785240
1408,18464,9941663
1408,18496,9941663
1408,18528,9941663
1408,18560,9941663
1408,18592,10197218
1408,18624,10197218
1408,18656,10197218
1408,18688,10197218
1408,18720,10294414
1408,18752,10294414
1408,18784,10294414
1408,18816,10294414
1408,18848,10541092
1408,18880,10541092
1408,18912,10541092
1408,18944,10541092
1408,18976,10673740
1408,19008,10673740
1408,19040,10673740
1408,19072,10673740
1408,19104,10918798
1408,19136,10918798
1408,19168,10918798
1408,19200,10918798
1408,19232,11034708
1408,19264,11034708
1408,19296,11034708
1408,19328,11034708
1408,19360,11153307
1408,19392,11153307
1408,19424,11153307
1408,19456,11153307
1408,19488,11289634
1408,19520,11289634
1408,19552,11289634
1408,19584,11289634
1408,19616,11582269
1408,19648,11582269
1408,19680,11582269
1408,19712,11582269
1408,19744,11659234
1408,19776,11659234
1408,19808,11659234
1408,19840,11659234
1408,19872,11853303
1408,19904,11853303
1408,19936,11853303
1408,19968,11853303
1408,20000,11953334
1408,20032,11953334
1408,20064,11953334
1408,20096,11953334
1408,20128,12181301
1408,20160,12181301
1408,20192,12181301
1408,20224,12181301
1408,20256,12304679
1408,20288,12304679
1408,20320,12304679
1408,20352,12304679
1408,20384,12424371
1408,20416,12424371
1408,20448,12424371
1408,20480,12424371
1408,20512,12482628
1408,20544,12482628
1408,20576,12482628
1408,20608,12482628
1408,20640,12623019
1408,20672,12623019
1408,20704,12623019
1408,20736,12623019
1408,20768,12684904
1408,20800,12684904
1408,20832,12684904
1408,20864,12684904
1408,20896,12762196
1408,20928,12762196
1408,20960,12762196
1408,20992,12762196
1408,21024,12840258
1408,21056,12840258
1408,21088,12840258
1408,21120,12840258
1408,21152,12962816
1408,21184,12962816
1408,21216,12962816
1408,21248,12962816
1408,21280,13081060
1408,21312,13081060
1408,21344,13081060
1408,21376,13081060
1408,21408,13218458
1408,21440,13218458
1408,21472,13218458
1408,21504,13218458
1408,21536,13287273
1408,21568,13287273
1408,21600,13287273
1408,21632,13287273
1408,21664,13326586
1408,21696,13326586
1408,21728,13326586
1408,21760,13326586
1408,21792,13371622
1408,21824,13371622
1408,21856,13371622
1408,21888,13371622
1408,21920,13425146
1408,21952,13425146
1408,21984,13425146
1408,22016,13425146
1408,22048,13445050
1408,22080,13445050
1408,22112,13445050
1408,22144,13445050
1408,22176,13519809
1408,22208,13519809
1408,22240,13519809
1408,22272,13519809
1408,22304,13544855
1408,22336,13544855
1408,22368,13544855
1408,22400,13544855
1408,22432,13623120
1408,22464,13623120
1408,22496,13623120
1408,22528,13623120
1408,22560,13700201
1408,22592,13700201
1408,22624,13700201
1408,22656,13700201
1408,22688,13806317
1408,22720,13806317
1408,22752,13806317
1408,22784,13806317
1408,22816,13840661
1408,22848,13840661
1408,22880,13840661
1408,22912,13840661
1408,22944,13870990
1408,22976,13870990
1408,23008,13870990
1408,23040,13870990
1408,23072,13896013
1408,23104,13896013
1408,23136,13896013
1408,23168,13896013
1408,23200,13941732
1408,23232,13941732
1408,23264,13941732
1408,23296,13941732
1408,23328,13998412
1408,23360,13998412
1408,23392,13998412
1408,23424,13998412
1408,23456,14039128
1408,23488,14039128
1408,23520,14039128
1408,23552,14039128
1408,23584,14095984
1408,23616,14095984
1408,23648,14095984
1408,23680,14095984
1408,23712,14119162
1408,23744,14119162
1408,23776,14119162
1408,23808,14119162
1408,23840,14134439
1408,23872,14134439
1408,23904,14134439
1408,23936,14134439
1408,23968,14167088
1408,24000,14167088
1408,24032,14167088
1408,24064,14167088
1408,24096,14184895
1408,24128,14184895
1408,24160,14184895
1408,24192,14184895
1408,24224,14204751
1408,24256,14204751
1408,24288,14204751
1408,24320,14204751
1408,24352,14214377
1408,24384,14214377
1408,24416,14214377
1408,24448,14214377
1408,24480,14244590
1408,24512,14244590
1408,24544,14244590
1408,24576,14244590
1408,24608,14260111
1408,24640,14260111
1408,24672,14260111
1408,24704,14260111
1408,24736,14283800
1408,24768,14283800
1408,24800,14283800
1408,24832,14283800
1408,24864,14288814
1408,24896,14288814
1408,24928,14288814
1408,24960,14288814
1408,24992,14327823
1408,25024,14327823
1408,25056,14327823
1408,25088,14327823
1408,25120,14358316
1408,25152,14358316
1408,25184,14358316
1408,25216,14358316
1408,25248,14369821
1408,25280,14369821
1408,25312,14369821
1408,25344,14369821
1408,25376,14392184
1408,25408,14392184
1408,25440,14392184
1408,25472,14392184
1408,25504,14395439
1408,25536,14395439
1408,25568,14395439
1408,25600,14395439
1408,25632,14403770
1408,25664,14403770
1408,25696,14403770
1408,25728,14403770
1408,25760,14417684
1408,25792,14417684
1408,25824,14417684
1408,25856,14417684
1408,25888,14427466
1408,25920,14427466
1408,25952,14427466
1408,25984,14427466
1408,26016,14438488
1408,26048,14438488
1408,26080,14438488
1408,26112,14438488
1408,26144,14446493
1408,26176,14446493
1408,26208,14446493
1408,26240,14446493
1408,26272,14447080
1408,26304,14447080
1408,26336,14447080
1408,26368,14447080
1408,26400,14448473
1408,26432,14448473
1408,26464,14448473
1408,26496,14448473
1408,26528,14457226
1408,26560,14457226
1408,26592,14457226
1408,26624,14457226
1408,26656,14457226
1408,26688,14457226
1408,26720,14457226
1408,26752,14457226
1408,26784,14457602
1408,26816,14457602
1408,26848,14457602
1408,26880,14457602
1408,26912,14457602
1408,26944,14457602
1408,26976,14457602
1408,27008,14457602
1408,27040,14460193
1408,27072,14460193
1408,27104,14460193
1408,27136,14460193
1408,27168,14463234
1408,27200,14463234
1408,27232,14463234
1408,27264,14463234
1408,27296,14464945
1408,27328,14464945
1408,27360,14464945
1408,27392,14464945
1408,27424,14464945
1408,27456,14464945
1408,27488,14464945
1408,27520,14464945
1408,27552,14464945
1408,27584,14464945
1408,27616,14464945
1408,27648,14464945
1408,27680,14464945
1408,27712,14464945
1408,27744,14464945
1408,27776,14464945
1408,27808,14464945
1408,27840,14464945
1408,27872,14464945
1408,27904,14464945
1408,27936,14472027
1408,27968,14472027
1408,28000,14472027
1408,28032,14472027
1408,28064,14472027
1408,28096,14472027
1408,28128,14472027
1408,28160,14472027
1408,28192,14472027
1408,28224,14472027
1408,28256,14472027
1408,28288,14472027
1408,28320,14472027
1408,28352,14472027
1408,28384,14472027
1408,28416,14472027
1408,28448,14472027
1408,28480,14472027
1408,28512,14472027
1408,28544,14472027
1408,28576,14472027
1408,28608,14472027
1408,28640,14472027
1408,28672,14472027
1408,28704,14472027
1408,28736,14472027
1408,28768,14472027
1408,28800,14472027
1408,28832,14472712
1408,28864,14472712
1408,28896,14472712
1408,28928,14472712
1408,28960,14472712
1408,28992,14472712
1408,29024,14472712
1408,29056,14472712
1408,29088,14472712
1408,29120,14472712
1408,29152,14472712
1408,29184,14472712
1408,29216,14477606
1408,29248,14477606
1408,29280,14477606
1408,29312,14477606
1408,29344,14477606
1408,29376,14477606
1408,29408,14477606
1408,29440,14477606
1408,29472,14477606
1408,29504,14477606
1408,29536,14477606
1408,29568,14477606
1408,29600,14477606
1408,29632,14477606
1408,29664,14477606
1408,29696,14477606
1408,29728,14477606
1408,29760,14477606
1408,29792,14477606
1408,29824,14477606
1408,29856,14477606
1408,29888,14477606
1408,29920,14477606
1408,29952,14477606
1408,29984,14477606
1408,30016,14477606
1408,30048,14477606
1408,30080,14477606
1408,30112,14477606
1408,30144,14477606
1408,30176,14477606
1408,30208,14477606
1408,30240,14477606
1408,30272,14477606
1408,30304,14477606
1408,30336,14477606
1408,30368,14477606
1408,30400,14477606
1408,30432,14477606
1408,30464,14477606
1408,30496,14477606
1408,30528,14477606
1408,30560,14477606
1408,30592,14477606
1408,30624,14477606
1408,30656,14477606
1408,30688,14477606
1408,30720,14477606
1408,30752,14477606
1408,30784,14477606
1408,30816,14477606
1408,30848,14477606
1408,30880,14477606
1408,30912,14477606
1408,30944,14477606
1408,30976,14477606
1408,31008,14477606
1408,31040,14477606
1408,31072,14477606
1408,31104,14477606
1408,31136,14477606
1408,31168,14477606
1408,31200,14477606
1408,31232,14477606
1408,31264,14477606
1408,31296,14477606
1408,31328,14477606
1408,31360,14477606
1408,31392,14477606
1408,31424,14477606
1408,31456,14477606
1408,31488,14477606
1408,31520,14477606
1408,31552,14477606
1408,31584,14477606
1408,31616,14477606
1408,31648,14477606
1408,31680,14477606
1408,31712,14477606
1408,31744,14477606
1408,31776,14477606
1408,31808,14477606
1408,31840,14477606
1408,31872,14477606
1408,31904,14477606
1408,31936,14477606
1408,31968,14477606
1408,32000,14477606
1408,32032,14477606
1408,32064,14477606
1408,32096,14477606
1408,32128,14477606
1408,32160,14477606
1408,32192,14477606
1408,32224,14477606
1408,32256,14477606
1408,32288,14477606
1408,32320,14477606
1408,32352,14477606
1408,32384,14477606
1408,32416,14477606
1408,32448,14477606
1408,32480,14477606
1408,32512,14477606
1408,32544,14477606
1408,32576,14477606
1408,32608,14477606
1408,32640,14477606
1408,32672,14477606
1408,32704,14477606
1408,32736,14477606
1408,32768,14477606
1408,32800,14477606
1408,32832,14477606
1408,32864,14477606
1408,32896,14477606
1408,32928,14477606
1408,32960,14477606
1408,32992,14477606
1408,33024,14477606
1408,33056,14477606
1408,33088,14477606
1408,33120,14477606
1408,33152,14477606
1408,33184,14477606
1408,33216,14477606
1408,33248,14477606
1408,33280,14477606
1408,33312,14477606
1408,33344,14477606
1408,33376,14477606
1408,33408,14477606
1408,33440,14477606
1408,33472,14477606
1408,33504,14477606
1408,33536,14477606
1408,33568,14477606
1408,33600,14477606
1408,33632,14477606
1408,33664,14477606
1408,33696,14477606
1408,33728,14477606
1408,33760,14477606
1408,33792,14477606
1408,33824,14477606
1408,33856,14477606
1408,33888,14477606
1408,33920,14477606
1408,33952,14477606
1408,33984,14477606
1408,34016,14477606
1408,34048,14477606
1408,34080,14477606
1408,34112,14477606
1408,34144,14477606
1408,34176,14477606
1408,34208,14477606
1408,34240,14477606
1408,34272,14477606
1408,34304,14477606
1408,34336,14477606
1408,34368,14477606
1408,34400,14477606
1408,34432,14477606
1408,34464,14477606
1408,34496,14477606
1408,34528,14477606
1408,34560,14477606
1408,34592,14477606
1408,34624,14477606
1408,34656,14477606
1408,34688,14477606
1408,34720,14477606
1408,34752,14477606
1408,34784,14477606
1408,34816,14477606
1408,34848,14477606
1408,34880,14477606
1408,34912,14477606
1408,34944,14477606
1408,34976,14477606
1408,35008,14477606
1408,35040,14477606
1408,35072,14477606
1408,35104,14477606
1408,35136,14477606
1408,35168,14477606
1408,35200,14477606
1408,35232,14477606
1408,35264,14477606
1408,35296,14477606
1408,35328,14477606
1408,35360,14477606
1408,35392,14477606
1408,35424,14477606
1408,35456,14477606
1408,35488,14477606
1408,35520,14477606
1408,35552,14477606
1408,35584,14477606
1408,35616,14477606
1408,35648,14477606
1408,35680,14477606
1408,35712,14477606
1408,35744,14477606
1408,35776,14477606
1408,35808,14477606
1408,35840,14477606
1408,35872,14477606
1408,35904,14477606
1408,35936,14477606
1408,35968,14477606
1408,36000,14477606
1408,36032,14477606
1408,36064,14477606
1408,36096,14477606
1408,36128,14477606
1408,36160,14477606
1408,36192,14477606
1408,36224,14477606
1408,36256,14477606
1408,36288,14477606
1408,36320,14477606
1408,36352,14477606
1408,36384,14477606
1408,36416,14477606
1408,36448,14477606
1408,36480,14477606
1408,36512,14477606
1408,36544,14477606
1408,36576,14477606
1408,36608,14477606
1408,36640,14477606
1408,36672,14477606
1408,36704,14477606
1408,36736,14477606
1408,36768,14477606
1408,36800,14477606
1408,36832,14477606
1408,36864,14477606
1408,36896,14477606
1408,36928,14477606
1408,36960,14477606
1408,36992,14477606
1408,37024,14477606
1408,37056,14477606
1408,37088,14477606
1408,37120,14477606
1408,37152,14477606
1408,37184,14477606
1408,37216,14477606
1408,37248,14477606
1408,37280,14477606
1408,37312,14477606
1408,37344,14477606
1408,37376,14477606
1408,37408,14477606
1408,37440,14477606
1408,37472,14477606
1408,37504,14477606
1408,37536,14477606
1408,37568,14477606
1408,37600,14477606
1408,37632,14477606
1408,37664,14477606
1408,37696,14477606
1408,37728,14477606
1408,37760,14477606
1408,37792,14477606
1408,37824,14477606
1408,37856,14477606
1408,37888,14477606
1408,37920,14477606
1408,37952,14477606
1408,37984,14477606
1408,38016,14477606
1408,38048,14477606
1408,38080,14477606
1408,38112,14477606
1408,38144,14477606
1408,38176,14477606
1408,38208,14477606
1408,38240,14477606
1408,38272,14477606
1408,38304,14477606
1408,38336,14477606
1408,38368,14477606
1408,38400,14477606
1408,38432,14477606
1408,38464,14477606
1408,38496,14477606
1408,38528,14477606
1408,38560,14477606
1408,38592,14477606
1408,38624,14477606
1408,38656,14477606
1408,38688,14477606
1408,38720,14477606
1408,38752,14477606
1408,38784,14477606
1408,38816,14477606
1408,38848,14477606
1408,38880,14477606
1408,38912,14477606
1408,38944,14477606
1408,38976,14477606
1408,39008,14477606
1408,39040,14477606
1408,39072,14477606
1408,39104,14477606
1408,39136,14477606
1408,39168,14477606
1408,39200,14477606
1408,39232,14477606
1408,39264,14477606
1408,39296,14477606
1408,39328,14477606
1408,39360,14477606
1408,39392,14477606
1408,39424,14477606
1408,39456,14477606
1408,39488,14477606
1408,39520,14477606
1408,39552,14477606
1408,39584,14477606
1408,39616,14477606
1408,39648,14477606
1408,39680,14477606
1408,39712,14477606
1408,39744,14477606
1408,39776,14477606
1408,39808,14477606
1408,39840,14477606
1408,39872,14477606
1408,39904,14477606
1408,39936,14477606
1408,39968,14477606
1408,40000,14477606
1408,40032,14477606
1408,40064,14477606
1408,40096,14477606
1408,40128,14477606
1408,40160,14477606
1408,40192,14477606
1408,40224,14477606
1408,40256,14477606
1408,40288,14477606
1408,40320,14477606
1408,40352,14477606
1408,40384,14477606
1408,40416,14477606
1408,40448,14477606
1408,40480,14477606
1408,40512,14477606
1408,40544,14477606
1408,40576,14477606
1408,40608,14477606
1408,40640,14477606
1408,40672,14477606
1408,40704,14477606
1408,40736,14477606
1408,40768,14477606
1408,40800,14477606
1408,40832,14477606
1408,40864,14477606
1408,40896,14477606
1408,40928,14477606
1408,40960,14477606
1472,32,35257
1472,64,34715
1472,96,34585
1472,128,34544
1472,160,34586
1472,192,34588
1472,224,34618
1472,256,34655
1472,288,34657
1472,320,34708
1472,352,34814
1472,384,34818
1472,416,35051
1472,448,35057
1472,480,35097
1472,512,35601
1472,544,50770
1472,576,54658
1472,608,55542
1472,640,56028
1472,672,56876
1472,704,57764
1472,736,58645
1472,768,59406
1472,800,59852
1472,832,60247
1472,864,60794
1472,896,61334
1472,928,62655
1472,960,64089
1472,992,65446
1472,1024,66338
1472,1056,66756
1472,1088,74372
1472,1120,76208
1472,1152,77927
1472,1184,78343
1472,1216,79513
1472,1248,80459
1472,1280,81715
1472,1312,82486
1472,1344,84099
1472,1376,85033
1472,1408,86272
1472,1440,86961
1472,1472,88221
1472,1504,89300
1472,1536,90463
1472,1568,92286
1472,1600,103354
1472,1632,104741
1472,1664,106997
1472,1696,107423
1472,1728,108638
1472,1760,109122
1472,1792,110237
1472,1824,110639
1472,1856,112031
1472,1888,112323
1472,1920,113793
1472,1952,114187
1472,1984,118192
1472,2016,118488
1472,2048,127134
1472,2080,128692
1472,2112,180804
1472,2144,182817
1472,2176,189686
1472,2208,190600
1472,2240,193112
1472,2272,194141
1472,2304,195945
1472,2336,197103
1472,2368,198864
1472,2400,200394
1472,2432,202160
1472,2464,203476
1472,2496,205373
1472,2528,206774
1472,2560,209425
1472,2592,215078
1472,2624,230206
1472,2656,235975
1472,2688,238666
1472,2720,239989
1472,2752,241111
1472,2784,241943
1472,2816,243341
1472,2848,244296
1472,2880,245550
1472,2912,246256
1472,2944,248196
1472,2976,249441
1472,3008,250967
1472,3040,252080
1472,3072,254731
1472,3104,258436
1472,3136,271951
1472,3168,277220
1472,3200,281048
1472,3232,282249
1472,3264,284600
1472,3296,286128
1472,3328,288334
1472,3360,289219
1472,3392,291896
1472,3424,293589
1472,3456,297637
1472,3488,308366
1472,3520,317164
1472,3552,324026
1472,3584,330785
1472,3616,349295
1472,3648,397263
1472,3680,417007
1472,3712,426117
1472,3744,430014
1472,3776,432387
1472,3808,435853
1472,3840,440484
1472,3872,442526
1472,3904,445649
1472,3936,448754
1472,3968,455579
1472,4000,458014
1472,4032,460852
1472,4064,461568
1472,4096,463888
1472,4128,464121
1472,4160,464532
1472,4192,474002
1472,4224,476986
1472,4256,498920
1472,4288,499102
1472,4320,534372
1472,4352,534991
1472,4384,556297
1472,4416,556297
1472,4448,568685
1472,4480,568685
1472,4512,576504
1472,4544,576504
1472,4576,588038
1472,4608,588038
1472,4640,594009
1472,4672,594009
1472,4704,602083
1472,4736,602083
1472,4768,611845
1472,4800,611845
1472,4832,642065
1472,4864,642065
1472,4896,657465
1472,4928,657465
1472,4960,679518
1472,4992,679518
1472,5024,680223
1472,5056,680223
1472,5088,684149
1472,5120,684149
1472,5152,685709
1472,5184,685709
1472,5216,696193
1472,5248,696193
1472,5280,704585
1472,5312,704585
1472,5344,726881
1472,5376,726881
1472,5408,732994
1472,5440,732994
1472,5472,745589
1472,5504,745589
1472,5536,746775
1472,5568,746775
1472,5600,758204
1472,5632,758204
1472,5664,761771
1472,5696,761771
1472,5728,785831
1472,5760,785831
1472,5792,790065
1472,5824,790065
1472,5856,847254
1472,5888,847254
1472,5920,851424
1472,5952,851424
1472,5984,869248
1472,6016,869248
1472,6048,870415
1472,6080,870415
1472,6112,903742
1472,6144,903742
1472,6176,907485
1472,6208,907485
1472,6240,980125
1472,6272,980125
1472,6304,985061
1472,6336,985061
1472,6368,1082501
1472,6400,1082501
1472,6432,1088195
1472,6464,1088195
1472,6496,1149154
1472,6528,1149154
1472,6560,1152907
1472,6592,1152907
1472,6624,1188929
1472,6656,1188929
1472,6688,1194163
1472,6720,1194163
1472,6752,1252028
1472,6784,1252028
1472,6816,1265319
1472,6848,1265319
1472,6880,1356845
1472,6912,1356845
1472,6944,1366635
1472,6976,1366635
1472,7008,1424967
1472,7040,1424967
1472,7072,1428075
1472,7104,1428075
1472,7136,1490207
1472,7168,1490207
1472,7200,1495082
1472,7232,1495082
1472,7264,1528774
1472,7296,1528774
1472,7328,1549559
1472,7360,1549559
1472,7392,1646370
1472,7424,1646370
1472,7456,1663303
1472,7488,1663303
1472,7520,1732232
1472,7552,1732232
1472,7584,1736294
1472,7616,1736294
1472,7648,1795010
1472,7680,1795010
1472,7712,1802687
1472,7744,1802687
1472,7776,1865493
1472,7808,1865493
1472,7840,1888526
1472,7872,1888526
1472,7904,1986401
1472,7936,1986401
1472,7968,2003700
1472,8000,2003700
1472,8032,2030502
1472,8064,2030502
1472,8096,2038212
1472,8128,2038212
1472,8160,2052145
1472,8192,2052145
1472,8224,2058677
1472,8256,2058677
1472,8288,2068957
1472,8320,2068957
1472,8352,2072697
1472,8384,2072697
1472,8416,2089079
1472,8448,2089079
1472,8480,2113180
1472,8512,2113180
1472,8544,2185428
1472,8576,2185428
1472,8608,2217377
1472,8640,2217377
1472,8672,2238419
1472,8704,2238419
1472,8736,2245823
1472,8768,2245823
1472,8800,2279640
1472,8832,2279640
1472,8864,2291846
1472,8896,2291846
1472,8928,2323971
1472,8960,2323971
1472,8992,2356946
1472,9024,2356946
1472,9056,2407502
1472,9088,2407502
1472,9120,2429798
1472,9152,2429798
1472,9184,2449567
1472,9216,2449567
1472,9248,2458052
1472,9280,2458052
1472,9312,2469976
1472,9344,2469976
1472,9376,2483294
1472,9408,2483294
1472,9440,2491620
1472,9472,2491620
1472,9504,2525691
1472,9536,2525691
1472,9568,2599379
1472,9600,2599379
1472,9632,2632284
1472,9664,2632284
1472,9696,2650355
1472,9728,2650355
1472,9760,2661149
1472,9792,2661149
1472,9824,2679296
1472,9856,2679296
1472,9888,2692663
1472,9920,2692663
1472,9952,2702877
1472,9984,2702877
1472,10016,2725733
1472,10048,2725733
1472,10080,2817384
1472,10112,2817384
1472,10144,2859540
1472,10176,2859540
1472,10208,2876302
1472,10240,2876302
1472,10272,2884553
1472,10304,2884553
1472,10336,2901721
1472,10368,2901721
1472,10400,2913025
1472,10432,2913025
1472,10464,2929922
1472,10496,2929922
1472,10528,2974370
1472,10560,2974370
1472,10592,3061699
1472,10624,3061699
1472,10656,3092330
1472,10688,3092330
1472,10720,3116124
1472,10752,3116124
1472,10784,3135572
1472,10816,3135572
1472,10848,3151368
1472,10880,3151368
1472,10912,3167682
1472,10944,3167682
1472,10976,3190361
1472,11008,3190361
1472,11040,3215766
1472,11072,3215766
1472,11104,3296077
1472,11136,3296077
1472,11168,3328296
1472,11200,3328296
1472,11232,3340738
1472,11264,3340738
1472,11296,3343723
1472,11328,3343723
1472,11360,3358613
1472,11392,3358613
1472,11424,3374140
1472,11456,3374140
1472,11488,3387708
1472,11520,3387708
1472,11552,3419751
1472,11584,3419751
1472,11616,3478685
1472,11648,3478685
1472,11680,3498683
1472,11712,3498683
1472,11744,3528320
1472,11776,3528320
1472,11808,3533778
1472,11840,3533778
1472,11872,3538095
1472,11904,3538095
1472,11936,3549107
1472,11968,3549107
1472,12000,3564305
1472,12032,3564305
1472,12064,3580876
1472,12096,3580876
1472,12128,3626324
1472,12160,3626324
1472,12192,3647496
1472,12224,3647496
1472,12256,3661767
1472,12288,3661767
1472,12320,3665262
1472,12352,3665262
1472,12384,3669097
1472,12416,3669097
1472,12448,3673229
1472,12480,3673229
1472,12512,3689600
1472,12544,3689600
1472,12576,3693005
1472,12608,3693005
1472,12640,3703879
1472,12672,3703879
1472,12704,3713594
1472,12736,3713594
1472,12768,3753572
1472,12800,3753572
1472,12832,3759121
1472,12864,3759121
1472,12896,3773852
1472,12928,3773852
1472,12960,3774619
1472,12992,3774619
1472,13024,3775478
1472,13056,3775478
1472,13088,3782772
1472,13120,3782772
1472,13152,3783869
1472,13184,3783869
1472,13216,3796338
1472,13248,3796338
1472,13280,3821884
1472,13312,3821884
1472,13344,3826479
1472,13376,3826479
1472,13408,3829419
1472,13440,3829419
1472,13472,3833378
1472,13504,3833378
1472,13536,3834512
1472,13568,3834512
1472,13600,3839545
1472,13632,3839545
1472,13664,3850814
1472,13696,3850814
1472,13728,3869221
1472,13760,3869221
1472,13792,3916709
1472,13824,3916709
1472,13856,3929920
1472,13888,3929920
1472,13920,3951798
1472,13952,3951798
1472,13984,3972573
1472,14016,3972573
1472,14048,3995176
1472,14080,3995176
1472,14112,4002441
1472,14144,4002441
1472,14176,4048420
1472,14208,4048420
1472,14240,4087179
1472,14272,4087179
1472,14304,4193419
1472,14336,4193419
1472,14368,4230572
1472,14400,4230572
1472,14432,4270133
1472,14464,4270133
1472,14496,4296889
1472,14528,4296889
1472,14560,4320259
1472,14592,4320259
1472,14624,4339218
1472,14656,4339218
1472,14688,4435430
1472,14720,4435430
1472,14752,4464613
1472,14784,4464613
1472,14816,4629223
1472,14848,4629223
1472,14880,4643729
1472,14912,4643729
1472,14944,4738594
1472,14976,4738594
1472,15008,4774484
1472,15040,4774484
1472,15072,4906381
1472,15104,4906381
1472,15136,4933846
1472,15168,4933846
1472,15200,5039162
1472,15232,5039162
1472,15264,5143528
1472,15296,5143528
1472,15328,5370897
1472,15360,5370897
1472,15392,5436665
1472,15424,5436665
1472,15456,5540886
1472,15488,5540886
1472,15520,5563794
1472,15552,5563794
1472,15584,5633163
1472,15616,5633163
1472,15648,5673298
1472,15680,5673298
1472,15712,5788722
1472,15744,5788722
1472,15776,5894706
1472,15808,5894706
1472,15840,6104780
1472,15872,6104780
1472,15904,6198914
1472,15936,6198914
1472,15968,6318672
1472,16000,6318672
1472,16032,6380822
1472,16064,6380822
1472,16096,6437951
1472,16128,6437951
1472,16160,6508860
1472,16192,6508860
1472,16224,6562208
1472,16256,6562208
1472,16288,6662843
1472,16320,6662843
1472,16352,6878908
1472,16384,6878908
1472,16416,6882781
1472,16448,6882781
1472,16480,6935131
1472,16512,6935131
1472,16544,7009360
1472,16576,7009360
1472,16608,7026537
1472,16640,7026537
1472,16672,7137040
1472,16704,7137040
1472,16736,7147991
1472,16768,7147991
1472,16800,7242436
1472,16832,7242436
1472,16864,7244448
1472,16896,7244448
1472,16928,7452354
1472,16960,7452354
1472,16992,7466013
1472,17024,7466013
1472,17056,7866198
1472,17088,7866198
1472,17120,7874373
1472,17152,7874373
1472,17184,8117066
1472,17216,8117066
1472,17248,8117066
1472,17280,8117066
1472,17312,8415621
1472,17344,8415621
1472,17376,8415621
1472,17408,8415621
1472,17440,8524233
1472,17472,8524233
1472,17504,8524233
1472,17536,8524233
1472,17568,8693409
1472,17600,8693409
1472,17632,8693409
1472,17664,8693409
1472,17696,8833962
1472,17728,8833962
1472,17760,8833962
1472,17792,8833962
1472,17824,9001784
1472,17856,9001784
1472,17888,9001784
1472,17920,9001784
1472,17952,9119350
1472,17984,9119350
1472,18016,9119350
1472,18048,9119350
1472,18080,9384618
1472,18112,9384618
1472,18144,9384618
1472,18176,9384618
1472,18208,9508991
1472,18240,9508991
1472,18272,9508991
1472,18304,9508991
1472,18336,9785240
1472,18368,9785240
1472,18400,9785240
1472,18432,9785240
1472,18464,9941663
1472,18496,9941663
1472,18528,9941663
1472,18560,9941663
1472,18592,10197218
1472,18624,10197218
1472,18656,10197218
1472,18688,10197218
1472,18720,10294414
1472,18752,10294414
1472,18784,10294414
1472,18816,10294414
1472,18848,10541092
1472,18880,10541092
1472,18912,10541092
1472,18944,10541092
1472,18976,10673740
1472,19008,10673740
1472,19040,10673740
1472,19072,10673740
1472,19104,10918798
1472,19136,10918798
1472,19168,10918798
1472,19200,10918798
1472,19232,11034708
1472,19264,11034708
1472,19296,11034708
1472,19328,11034708
1472,19360,11153307
1472,19392,11153307
1472,19424,11153307
1472,19456,11153307
1472,19488,11289634
1472,19520,11289634
1472,19552,11289634
1472,19584,11289634
1472,19616,11582269
1472,19648,11582269
1472,19680,11582269
1472,19712,11582269
1472,19744,11659234
1472,19776,11659234
1472,19808,11659234
1472,19840,11659234
1472,19872,11853303
1472,19904,11853303
1472,19936,11853303
1472,19968,11853303
1472,20000,11953334
1472,20032,11953334
1472,20064,11953334
1472,20096,11953334
1472,20128,12181301
1472,20160,12181301
1472,20192,12181301
1472,20224,12181301
1472,20256,12304679
1472,20288,12304679
1472,20320,12304679
1472,20352,12304679
1472,20384,12424371
1472,20416,12424371
1472,20448,12424371
1472,20480,12424371
1472,20512,12482628
1472,20544,12482628
1472,20576,12482628
1472,20608,12482628
1472,20640,12623019
1472,20672,12623019
1472,20704,12623019
1472,20736,12623019
1472,20768,12684904
1472,20800,12684904
1472,20832,12684904
1472,20864,12684904
1472,20896,12762196
1472,20928,12762196
1472,20960,12762196
1472,20992,12762196
1472,21024,12840258
1472,21056,12840258
1472,21088,12840258
1472,21120,12840258
1472,21152,12962816
1472,21184,12962816
1472,21216,12962816
1472,21248,12962816
1472,21280,13081060
1472,21312,13081060
1472,21344,13081060
1472,21376,13081060
1472,21408,13218458
1472,21440,13218458
1472,21472,13218458
1472,21504,13218458
1472,21536,13287273
1472,21568,13287273
1472,21600,13287273
1472,21632,13287273
1472,21664,13326586
1472,21696,13326586
1472,21728,13326586
1472,21760,13326586
1472,21792,13371622
1472,21824,13371622
1472,21856,13371622
1472,21888,13371622
1472,21920,13425146
1472,21952,13425146
1472,21984,13425146
1472,22016,13425146
1472,22048,13445050
1472,22080,13445050
1472,22112,13445050
1472,22144,13445050
1472,22176,13519809
1472,22208,13519809
1472,22240,13519809
1472,22272,13519809
1472,22304,13544855
1472,22336,13544855
1472,22368,13544855
1472,22400,13544855
1472,22432,13623120
1472,22464,13623120
1472,22496,13623120
1472,22528,13623120
1472,22560,13700201
1472,22592,13700201
1472,22624,13700201
1472,22656,13700201
1472,22688,13806317
1472,22720,13806317
1472,22752,13806317
1472,22784,13806317
1472,22816,13840661
1472,22848,13840661
1472,22880,13840661
1472,22912,13840661
1472,22944,13870990
1472,22976,13870990
1472,23008,13870990
1472,23040,13870990
1472,23072,13896013
1472,23104,13896013
1472,23136,13896013
1472,23168,13896013
1472,23200,13941732
1472,23232,13941732
1472,23264,13941732
1472,23296,13941732
1472,23328,13998412
1472,23360,13998412
1472,23392,13998412
1472,23424,13998412
1472,23456,14039128
1472,23488,14039128
1472,23520,14039128
1472,23552,14039128
1472,23584,14095984
1472,23616,14095984
1472,23648,14095984
1472,23680,14095984
1472,23712,14119162
1472,23744,14119162
1472,23776,14119162
1472,23808,14119162
1472,23840,14134439
1472,23872,14134439
1472,23904,14134439
1472,23936,14134439
1472,23968,14167088
1472,24000,14167088
1472,24032,14167088
1472,24064,14167088
1472,24096,14184895
1472,24128,14184895
1472,24160,14184895
1472,24192,14184895
1472,24224,14204751
1472,24256,14204751
1472,24288,14204751
1472,24320,14204751
1472,24352,14214377
1472,24384,14214377
1472,24416,14214377
1472,24448,14214377
1472,24480,14244590
1472,24512,14244590
1472,24544,14244590
1472,24576,14244590
1472,24608,14260111
1472,24640,14260111
1472,24672,14260111
1472,24704,14260111
1472,24736,14283800
1472,24768,14283800
1472,24800,14283800
1472,24832,14283800
1472,24864,14288814
1472,24896,14288814
1472,24928,14288814
1472,24960,14288814
1472,24992,14327823
1472,25024,14327823
1472,25056,14327823
1472,25088,14327823
1472,25120,14358316
1472,25152,14358316
1472,25184,14358316
1472,25216,14358316
1472,25248,14369821
1472,25280,14369821
1472,25312,14369821
1472,25344,14369821
1472,25376,14392184
1472,25408,14392184
1472,25440,14392184
1472,25472,14392184
1472,25504,14395439
1472,25536,14395439
1472,25568,14395439
1472,25600,14395439
1472,25632,14403770
1472,25664,14403770
1472,25696,14403770
1472,25728,14403770
1472,25760,14417684
1472,25792,14417684
1472,25824,14417684
1472,25856,14417684
1472,25888,14427466
1472,25920,14427466
1472,25952,14427466
1472,25984,14427466
1472,26016,14438488
1472,26048,14438488
1472,26080,14438488
1472,26112,14438488
1472,26144,14446493
1472,26176,14446493
1472,26208,14446493
1472,26240,14446493
1472,26272,14447080
1472,26304,14447080
1472,26336,14447080
1472,26368,14447080
1472,26400,14448473
1472,26432,14448473
1472,26464,14448473
1472,26496,14448473
1472,26528,14457226
1472,26560,14457226
1472,26592,14457226
1472,26624,14457226
1472,26656,14457226
1472,26688,14457226
1472,26720,14457226
1472,26752,14457226
1472,26784,14457602
1472,26816,14457602
1472,26848,14457602
1472,26880,14457602
1472,26912,14457602
1472,26944,14457602
1472,26976,14457602
1472,27008,14457602
1472,27040,14460193
1472,27072,14460193
1472,27104,14460193
1472,27136,14460193
1472,27168,14463234
1472,27200,14463234
1472,27232,14463234
1472,27264,14463234
1472,27296,14464945
1472,27328,14464945
1472,27360,14464945
1472,27392,14464945
1472,27424,14464945
1472,27456,14464945
1472,27488,14464945
1472,27520,14464945
1472,27552,14464945
1472,27584,14464945
1472,27616,14464945
1472,27648,14464945
1472,27680,14464945
1472,27712,14464945
1472,27744,14464945
1472,27776,14464945
1472,27808,14464945
1472,27840,14464945
1472,27872,14464945
1472,27904,14464945
1472,27936,14472027
1472,27968,14472027
1472,28000,14472027
1472,28032,14472027
1472,28064,14472027
1472,28096,14472027
1472,28128,14472027
1472,28160,14472027
1472,28192,14472027
1472,28224,14472027
1472,28256,14472027
1472,28288,14472027
1472,28320,14472027
1472,28352,14472027
1472,28384,14472027
1472,28416,14472027
1472,28448,14472027
1472,28480,14472027
1472,28512,14472027
1472,28544,14472027
1472,28576,14472027
1472,28608,14472027
1472,28640,14472027
1472,28672,14472027
1472,28704,14472027
1472,28736,14472027
1472,28768,14472027
1472,28800,14472027
1472,28832,14472712
1472,28864,14472712
1472,28896,14472712
1472,28928,14472712
1472,28960,14472712
1472,28992,14472712
1472,29024,14472712
1472,29056,14472712
1472,29088,14472712
1472,29120,14472712
1472,29152,14472712
1472,29184,14472712
1472,29216,14477606
1472,29248,14477606
1472,29280,14477606
1472,29312,14477606
1472,29344,14477606
1472,29376,14477606
1472,29408,14477606
1472,29440,14477606
1472,29472,14477606
1472,29504,14477606
1472,29536,14477606
1472,29568,14477606
1472,29600,14477606
1472,29632,14477606
1472,29664,14477606
1472,29696,14477606
1472,29728,14477606
1472,29760,14477606
1472,29792,14477606
1472,29824,14477606
1472,29856,14477606
1472,29888,14477606
1472,29920,14477606
1472,29952,14477606
1472,29984,14477606
1472,30016,14477606
1472,30048,14477606
1472,30080,14477606
1472,30112,14477606
1472,30144,14477606
1472,30176,14477606
1472,30208,14477606
1472,30240,14477606
1472,30272,14477606
1472,30304,14477606
1472,30336,14477606
1472,30368,14477606
1472,30400,14477606
1472,30432,14477606
1472,30464,14477606
1472,30496,14477606
1472,30528,14477606
1472,30560,14477606
1472,30592,14477606
1472,30624,14477606
1472,30656,14477606
1472,30688,14477606
1472,30720,14477606
1472,30752,14477606
1472,30784,14477606
1472,30816,14477606
1472,30848,14477606
1472,30880,14477606
1472,30912,14477606
1472,30944,14477606
1472,30976,14477606
1472,31008,14477606
1472,31040,14477606
1472,31072,14477606
1472,31104,14477606
1472,31136,14477606
1472,31168,14477606
1472,31200,14477606
1472,31232,14477606
1472,31264,14477606
1472,31296,14477606
1472,31328,14477606
1472,31360,14477606
1472,31392,14477606
1472,31424,14477606
1472,31456,14477606
1472,31488,14477606
1472,31520,14477606
1472,31552,14477606
1472,31584,14477606
1472,31616,14477606
1472,31648,14477606
1472,31680,14477606
1472,31712,14477606
1472,31744,14477606
1472,31776,14477606
1472,31808,14477606
1472,31840,14477606
1472,31872,14477606
1472,31904,14477606
1472,31936,14477606
1472,31968,14477606
1472,32000,14477606
1472,32032,14477606
1472,32064,14477606
1472,32096,14477606
1472,32128,14477606
1472,32160,14477606
1472,32192,14477606
1472,32224,14477606
1472,32256,14477606
1472,32288,14477606
1472,32320,14477606
1472,32352,14477606
1472,32384,14477606
1472,32416,14477606
1472,32448,14477606
1472,32480,14477606
1472,32512,14477606
1472,32544,14477606
1472,32576,14477606
1472,32608,14477606
1472,32640,14477606
1472,32672,14477606
1472,32704,14477606
1472,32736,14477606
1472,32768,14477606
1472,32800,14477606
1472,32832,14477606
1472,32864,14477606
1472,32896,14477606
1472,32928,14477606
1472,32960,14477606
1472,32992,14477606
1472,33024,14477606
1472,33056,14477606
1472,33088,14477606
1472,33120,14477606
1472,33152,14477606
1472,33184,14477606
1472,33216,14477606
1472,33248,14477606
1472,33280,14477606
1472,33312,14477606
1472,33344,14477606
1472,33376,14477606
1472,33408,14477606
1472,33440,14477606
1472,33472,14477606
1472,33504,14477606
1472,33536,14477606
1472,33568,14477606
1472,33600,14477606
1472,33632,14477606
1472,33664,14477606
1472,33696,14477606
1472,33728,14477606
1472,33760,14477606
1472,33792,14477606
1472,33824,14477606
1472,33856,14477606
1472,33888,14477606
1472,33920,14477606
1472,33952,14477606
1472,33984,14477606
1472,34016,14477606
1472,34048,14477606
1472,34080,14477606
1472,34112,14477606
1472,34144,14477606
1472,34176,14477606
1472,34208,14477606
1472,34240,14477606
1472,34272,14477606
1472,34304,14477606
1472,34336,14477606
1472,34368,14477606
1472,34400,14477606
1472,34432,14477606
1472,34464,14477606
1472,34496,14477606
1472,34528,14477606
1472,34560,14477606
1472,34592,14477606
1472,34624,14477606
1472,34656,14477606
1472,34688,14477606
1472,34720,14477606
1472,34752,14477606
1472,34784,14477606
1472,34816,14477606
1472,34848,14477606
1472,34880,14477606
1472,34912,14477606
1472,34944,14477606
1472,34976,14477606
1472,35008,14477606
1472,35040,14477606
1472,35072,14477606
1472,35104,14477606
1472,35136,14477606
1472,35168,14477606
1472,35200,14477606
1472,35232,14477606
1472,35264,14477606
1472,35296,14477606
1472,35328,14477606
1472,35360,14477606
1472,35392,14477606
1472,35424,14477606
1472,35456,14477606
1472,35488,14477606
1472,35520,14477606
1472,35552,14477606
1472,35584,14477606
1472,35616,14477606
1472,35648,14477606
1472,35680,14477606
1472,35712,14477606
1472,35744,14477606
1472,35776,14477606
1472,35808,14477606
1472,35840,14477606
1472,35872,14477606
1472,35904,14477606
1472,35936,14477606
1472,35968,14477606
1472,36000,14477606
1472,36032,14477606
1472,36064,14477606
1472,36096,14477606
1472,36128,14477606
1472,36160,14477606
1472,36192,14477606
1472,36224,14477606
1472,36256,14477606
1472,36288,14477606
1472,36320,14477606
1472,36352,14477606
1472,36384,14477606
1472,36416,14477606
1472,36448,14477606
1472,36480,14477606
1472,36512,14477606
1472,36544,14477606
1472,36576,14477606
1472,36608,14477606
1472,36640,14477606
1472,36672,14477606
1472,36704,14477606
1472,36736,14477606
1472,36768,14477606
1472,36800,14477606
1472,36832,14477606
1472,36864,14477606
1472,36896,14477606
1472,36928,14477606
1472,36960,14477606
1472,36992,14477606
1472,37024,14477606
1472,37056,14477606
1472,37088,14477606
1472,37120,14477606
1472,37152,14477606
1472,37184,14477606
1472,37216,14477606
1472,37248,14477606
1472,37280,14477606
1472,37312,14477606
1472,37344,14477606
1472,37376,14477606
1472,37408,14477606
1472,37440,14477606
1472,37472,14477606
1472,37504,14477606
1472,37536,14477606
1472,37568,14477606
1472,37600,14477606
1472,37632,14477606
1472,37664,14477606
1472,37696,14477606
1472,37728,14477606
1472,37760,14477606
1472,37792,14477606
1472,37824,14477606
1472,37856,14477606
1472,37888,14477606
1472,37920,14477606
1472,37952,14477606
1472,37984,14477606
1472,38016,14477606
1472,38048,14477606
1472,38080,14477606
1472,38112,14477606
1472,38144,14477606
1472,38176,14477606
1472,38208,14477606
1472,38240,14477606
1472,38272,14477606
1472,38304,14477606
1472,38336,14477606
1472,38368,14477606
1472,38400,14477606
1472,38432,14477606
1472,38464,14477606
1472,38496,14477606
1472,38528,14477606
1472,38560,14477606
1472,38592,14477606
1472,38624,14477606
1472,38656,14477606
1472,38688,14477606
1472,38720,14477606
1472,38752,14477606
1472,38784,14477606
1472,38816,14477606
1472,38848,14477606
1472,38880,14477606
1472,38912,14477606
1472,38944,14477606
1472,38976,14477606
1472,39008,14477606
1472,39040,14477606
1472,39072,14477606
1472,39104,14477606
1472,39136,14477606
1472,39168,14477606
1472,39200,14477606
1472,39232,14477606
1472,39264,14477606
1472,39296,14477606
1472,39328,14477606
1472,39360,14477606
1472,39392,14477606
1472,39424,14477606
1472,39456,14477606
1472,39488,14477606
1472,39520,14477606
1472,39552,14477606
1472,39584,14477606
1472,39616,14477606
1472,39648,14477606
1472,39680,14477606
1472,39712,14477606
1472,39744,14477606
1472,39776,14477606
1472,39808,14477606
1472,39840,14477606
1472,39872,14477606
1472,39904,14477606
1472,39936,14477606
1472,39968,14477606
1472,40000,14477606
1472,40032,14477606
1472,40064,14477606
1472,40096,14477606
1472,40128,14477606
1472,40160,14477606
1472,40192,14477606
1472,40224,14477606
1472,40256,14477606
1472,40288,14477606
1472,40320,14477606
1472,40352,14477606
1472,40384,14477606
1472,40416,14477606
1472,40448,14477606
1472,40480,14477606
1472,40512,14477606
1472,40544,14477606
1472,40576,14477606
1472,40608,14477606
1472,40640,14477606
1472,40672,14477606
1472,40704,14477606
1472,40736,14477606
1472,40768,14477606
1472,40800,14477606
1472,40832,14477606
1472,40864,14477606
1472,40896,14477606
1472,40928,14477606
1472,40960,14477606
1536,32,36574
1536,64,36226
1536,96,36078
1536,128,36085
1536,160,36093
1536,192,36189
1536,224,36212
1536,256,36209
1536,288,36230
1536,320,36261
1536,352,36444
1536,384,36494
1536,416,36625
1536,448,36625
1536,480,36847
1536,512,37195
1536,544,53079
1536,576,56972
1536,608,57779
1536,640,58207
1536,672,58954
1536,704,59606
1536,736,60376
1536,768,61118
1536,800,61583
1536,832,61911
1536,864,62389
1536,896,62845
1536,928,64007
1536,960,65269
1536,992,66505
1536,1024,67425
1536,1056,67861
1536,1088,75675
1536,1120,77764
1536,1152,79541
1536,1184,79912
1536,1216,81075
1536,1248,82026
1536,1280,83341
1536,1312,84189
1536,1344,85870
1536,1376,86988
1536,1408,88351
1536,1440,89114
1536,1472,90422
1536,1504,91501
1536,1536,92664
1536,1568,94487
1536,1600,105176
1536,1632,106535
1536,1664,108734
1536,1696,109155
1536,1728,110341
1536,1760,110826
1536,1792,111916
1536,1824,112317
1536,1856,113700
1536,1888,114048
1536,1920,115463
1536,1952,115876
1536,1984,119700
1536,2016,120012
1536,2048,128482
1536,2080,130039
1536,2112,181122
1536,2144,183135
1536,2176,189723
1536,2208,190637
1536,2240,193126
1536,2272,194155
1536,2304,195959
1536,2336,197117
1536,2368,198873
1536,2400,200403
1536,2432,202169
1536,2464,203485
1536,2496,205382
1536,2528,206784
1536,2560,209434
1536,2592,215088
1536,2624,230211
1536,2656,235979
1536,2688,238670
1536,2720,239994
1536,2752,241116
1536,2784,241947
1536,2816,243341
1536,2848,244296
1536,2880,245550
1536,2912,246256
1536,2944,248196
1536,2976,249441
1536,3008,250967
1536,3040,252080
1536,3072,254731
1536,3104,258436
1536,3136,271951
1536,3168,277220
1536,3200,281048
1536,3232,282249
1536,3264,284600
1536,3296,286128
1536,3328,288334
1536,3360,289219
1536,3392,291896
1536,3424,293589
1536,3456,297637
1536,3488,308366
1536,3520,317164
1536,3552,324026
1536,3584,330785
1536,3616,349295
1536,3648,397263
1536,3680,417007
1536,3712,426117
1536,3744,430014
1536,3776,432387
1536,3808,435853
1536,3840,440484
1536,3872,442526
1536,3904,445649
1536,3936,448754
1536,3968,455579
1536,4000,458014
1536,4032,460852
1536,4064,461568
1536,4096,463888
1536,4128,464121
1536,4160,464532
1536,4192,474002
1536,4224,476986
1536,4256,498920
1536,4288,499102
1536,4320,534372
1536,4352,534991
1536,4384,556297
1536,4416,556297
1536,4448,568685
1536,4480,568685
1536,4512,576504
1536,4544,576504
1536,4576,588038
1536,4608,588038
1536,4640,594009
1536,4672,594009
1536,4704,602083
1536,4736,602083
1536,4768,611845
1536,4800,611845
1536,4832,642065
1536,4864,642065
1536,4896,657465
1536,4928,657465
1536,4960,679518
1536,4992,679518
1536,5024,680223
1536,5056,680223
1536,5088,684149
1536,5120,684149
1536,5152,685709
1536,5184,685709
1536,5216,696193
1536,5248,696193
1536,5280,704585
1536,5312,704585
1536,5344,726881
1536,5376,726881
1536,5408,732994
1536,5440,732994
1536,5472,745589
1536,5504,745589
1536,5536,746775
1536,5568,746775
1536,5600,758204
1536,5632,758204
1536,5664,761771
1536,5696,761771
1536,5728,785831
1536,5760,785831
1536,5792,790065
1536,5824,790065
1536,5856,847254
1536,5888,847254
1536,5920,851424
1536,5952,851424
1536,5984,869248
1536,6016,869248
1536,6048,870415
1536,6080,870415
1536,6112,903742
1536,6144,903742
1536,6176,907485
1536,6208,907485
1536,6240,980125
1536,6272,980125
1536,6304,985061
1536,6336,985061
1536,6368,1082501
1536,6400,1082501
1536,6432,1088195
1536,6464,1088195
1536,6496,1149154
1536,6528,1149154
1536,6560,1152907
1536,6592,1152907
1536,6624,1188929
1536,6656,1188929
1536,6688,1194163
1536,6720,1194163
1536,6752,1252028
1536,6784,1252028
1536,6816,1265319
1536,6848,1265319
1536,6880,1356845
1536,6912,1356845
1536,6944,1366635
1536,6976,1366635
1536,7008,1424967
1536,7040,1424967
1536,7072,1428075
1536,7104,1428075
1536,7136,1490207
1536,7168,1490207
1536,7200,1495082
1536,7232,1495082
1536,7264,1528774
1536,7296,1528774
1536,7328,1549559
1536,7360,1549559
1536,7392,1646370
1536,7424,1646370
1536,7456,1663303
1536,7488,1663303
1536,7520,1732232
1536,7552,1732232
1536,7584,1736294
1536,7616,1736294
1536,7648,1795010
1536,7680,1795010
1536,7712,1802687
1536,7744,1802687
1536,7776,1865493
1536,7808,1865493
1536,7840,1888526
1536,7872,1888526
1536,7904,1986401
1536,7936,1986401
1536,7968,2003700
1536,8000,2003700
1536,8032,2030502
1536,8064,2030502
1536,8096,2038212
1536,8128,2038212
1536,8160,2052145
1536,8192,2052145
1536,8224,2058677
1536,8256,2058677
1536,8288,2068957
1536,8320,2068957
1536,8352,2072697
1536,8384,2072697
1536,8416,2089079
1536,8448,2089079
1536,8480,2113180
1536,8512,2113180
1536,8544,2185428
1536,8576,2185428
1536,8608,2217377
1536,8640,2217377
1536,8672,2238419
1536,8704,2238419
1536,8736,2245823
1536,8768,2245823
1536,8800,2279640
1536,8832,2279640
1536,8864,2291846
1536,8896,2291846
1536,8928,2323971
1536,8960,2323971
1536,8992,2356946
1536,9024,2356946
1536,9056,2407502
1536,9088,2407502
1536,9120,2429798
1536,9152,2429798
1536,9184,2449567
1536,9216,2449567
1536,9248,2458052
1536,9280,2458052
1536,9312,2469976
1536,9344,2469976
1536,9376,2483294
1536,9408,2483294
1536,9440,2491620
1536,9472,2491620
1536,9504,2525691
1536,9536,2525691
1536,9568,2599379
1536,9600,2599379
1536,9632,2632284
1536,9664,2632284
1536,9696,2650355
1536,9728,2650355
1536,9760,2661149
1536,9792,2661149
1536,9824,2679296
1536,9856,2679296
1536,9888,2692663
1536,9920,2692663
1536,9952,2702877
1536,9984,2702877
1536,10016,2725733
1536,10048,2725733
1536,10080,2817384
1536,10112,2817384
1536,10144,2859540
1536,10176,2859540
1536,10208,2876302
1536,10240,2876302
1536,10272,2884553
1536,10304,2884553
1536,10336,2901721
1536,10368,2901721
1536,10400,2913025
1536,10432,2913025
1536,10464,2929922
1536,10496,2929922
1536,10528,2974370
1536,10560,2974370
1536,10592,3061699
1536,10624,3061699
1536,10656,3092330
1536,10688,3092330
1536,10720,3116124
1536,10752,3116124
1536,10784,3135572
1536,10816,3135572
1536,10848,3151368
1536,10880,3151368
1536,10912,3167682
1536,10944,3167682
1536,10976,3190361
1536,11008,3190361
1536,11040,3215766
1536,11072,3215766
1536,11104,3296077
1536,11136,3296077
1536,11168,3328296
1536,11200,3328296
1536,11232,3340738
1536,11264,3340738
1536,11296,3343723
1536,11328,3343723
1536,11360,3358613
1536,11392,3358613
1536,11424,3374140
1536,11456,3374140
1536,11488,3387708
1536,11520,3387708
1536,11552,3419751
1536,11584,3419751
1536,11616,3478685
1536,11648,3478685
1536,11680,3498683
1536,11712,3498683
1536,11744,3528320
1536,11776,3528320
1536,11808,3533778
1536,11840,3533778
1536,11872,3538095
1536,11904,3538095
1536,11936,3549107
1536,11968,3549107
1536,12000,3564305
1536,12032,3564305
1536,12064,3580876
1536,12096,3580876
1536,12128,3626324
1536,12160,3626324
1536,12192,3647496
1536,12224,3647496
1536,12256,3661767
1536,12288,3661767
1536,12320,3665262
1536,12352,3665262
1536,12384,3669097
1536,12416,3669097
1536,12448,3673229
1536,12480,3673229
1536,12512,3689600
1536,12544,3689600
1536,12576,3693005
1536,12608,3693005
1536,12640,3703879
1536,12672,3703879
1536,12704,3713594
1536,12736,3713594
1536,12768,3753572
1536,12800,3753572
1536,12832,3759121
1536,12864,3759121
1536,12896,3773852
1536,12928,3773852
1536,12960,3774619
1536,12992,3774619
1536,13024,3775478
1536,13056,3775478
1536,13088,3782772
1536,13120,3782772
1536,13152,3783869
1536,13184,3783869
1536,13216,3796338
1536,13248,3796338
1536,13280,3821884
1536,13312,3821884
1536,13344,3826479
1536,13376,3826479
1536,13408,3829419
1536,13440,3829419
1536,13472,3833378
1536,13504,3833378
1536,13536,3834512
1536,13568,3834512
1536,13600,3839545
1536,13632,3839545
1536,13664,3850814
1536,13696,3850814
1536,13728,3869221
1536,13760,3869221
1536,13792,3916709
1536,13824,3916709
1536,13856,3929920
1536,13888,3929920
1536,13920,3951798
1536,13952,3951798
1536,13984,3972573
1536,14016,3972573
1536,14048,3995176
1536,14080,3995176
1536,14112,4002441
1536,14144,4002441
1536,14176,4048420
1536,14208,4048420
1536,14240,4087179
1536,14272,4087179
1536,14304,4193419
1536,14336,4193419
1536,14368,4230572
1536,14400,4230572
1536,14432,4270133
1536,14464,4270133
1536,14496,4296889
1536,14528,4296889
1536,14560,4320259
1536,14592,4320259
1536,14624,4339218
1536,14656,4339218
1536,14688,4435430
1536,14720,4435430
1536,14752,4464613
1536,14784,4464613
1536,14816,4629223
1536,14848,4629223
1536,14880,4643729
1536,14912,4643729
1536,14944,4738594
1536,14976,4738594
1536,15008,4774484
1536,15040,4774484
1536,15072,4906381
1536,15104,4906381
1536,15136,4933846
1536,15168,4933846
1536,15200,5039162
1536,15232,5039162
1536,15264,5143528
1536,15296,5143528
1536,15328,5370897
1536,15360,5370897
1536,15392,5436665
1536,15424,5436665
1536,15456,5540886
1536,15488,5540886
1536,15520,5563794
1536,15552,5563794
1536,15584,5633163
1536,15616,5633163
1536,15648,5673298
1536,15680,5673298
1536,15712,5788722
1536,15744,5788722
1536,15776,5894706
1536,15808,5894706
1536,15840,6104780
1536,15872,6104780
1536,15904,6198914
1536,15936,6198914
1536,15968,6318672
1536,16000,6318672
1536,16032,6380822
1536,16064,6380822
1536,16096,6437951
1536,16128,6437951
1536,16160,6508860
1536,16192,6508860
1536,16224,6562208
1536,16256,6562208
1536,16288,6662843
1536,16320,6662843
1536,16352,6878908
1536,16384,6878908
1536,16416,6882781
1536,16448,6882781
1536,16480,6935131
1536,16512,6935131
1536,16544,7009360
1536,16576,7009360
1536,16608,7026537
1536,16640,7026537
1536,16672,7137040
1536,16704,7137040
1536,16736,7147991
1536,16768,7147991
1536,16800,7242436
1536,16832,7242436
1536,16864,7244448
1536,16896,7244448
1536,16928,7452354
1536,16960,7452354
1536,16992,7466013
1536,17024,7466013
1536,17056,7866198
1536,17088,7866198
1536,17120,7874373
1536,17152,7874373
1536,17184,8117066
1536,17216,8117066
1536,17248,8117066
1536,17280,8117066
1536,17312,8415621
1536,17344,8415621
1536,17376,8415621
1536,17408,8415621
1536,17440,8524233
1536,17472,8524233
1536,17504,8524233
1536,17536,8524233
1536,17568,8693409
1536,17600,8693409
1536,17632,8693409
1536,17664,8693409
1536,17696,8833962
1536,17728,8833962
1536,17760,8833962
1536,17792,8833962
1536,17824,9001784
1536,17856,9001784
1536,17888,9001784
1536,17920,9001784
1536,17952,9119350
1536,17984,9119350
1536,18016,9119350
1536,18048,9119350
1536,18080,9384618
1536,18112,9384618
1536,18144,9384618
1536,18176,9384618
1536,18208,9508991
1536,18240,9508991
1536,18272,9508991
1536,18304,9508991
1536,18336,9785240
1536,18368,9785240
1536,18400,9785240
1536,18432,9785240
1536,18464,9941663
1536,18496,9941663
1536,18528,9941663
1536,18560,9941663
1536,18592,10197218
1536,18624,10197218
1536,18656,10197218
1536,18688,10197218
1536,18720,10294414
1536,18752,10294414
1536,18784,10294414
1536,18816,10294414
1536,18848,10541092
1536,18880,10541092
1536,18912,10541092
1536,18944,10541092
1536,18976,10673740
1536,19008,10673740
1536,19040,10673740
1536,19072,10673740
1536,19104,10918798
1536,19136,10918798
1536,19168,10918798
1536,19200,10918798
1536,19232,11034708
1536,19264,11034708
1536,19296,11034708
1536,19328,11034708
1536,19360,11153307
1536,19392,11153307
1536,19424,11153307
1536,19456,11153307
1536,19488,11289634
1536,19520,11289634
1536,19552,11289634
1536,19584,11289634
1536,19616,11582269
1536,19648,11582269
1536,19680,11582269
1536,19712,11582269
1536,19744,11659234
1536,19776,11659234
1536,19808,11659234
1536,19840,11659234
1536,19872,11853303
1536,19904,11853303
1536,19936,11853303
1536,19968,11853303
1536,20000,11953334
1536,20032,11953334
1536,20064,11953334
1536,20096,11953334
1536,20128,12181301
1536,20160,12181301
1536,20192,12181301
1536,20224,12181301
1536,20256,12304679
1536,20288,12304679
1536,20320,12304679
1536,20352,12304679
1536,20384,12424371
1536,20416,12424371
1536,20448,12424371
1536,20480,12424371
1536,20512,12482628
1536,20544,12482628
1536,20576,12482628
1536,20608,12482628
1536,20640,12623019
1536,20672,12623019
1536,20704,12623019
1536,20736,12623019
1536,20768,12684904
1536,20800,12684904
1536,20832,12684904
1536,20864,12684904
1536,20896,12762196
1536,20928,12762196
1536,20960,12762196
1536,20992,12762196
1536,21024,12840258
1536,21056,12840258
1536,21088,12840258
1536,21120,12840258
1536,21152,12962816
1536,21184,12962816
1536,21216,12962816
1536,21248,12962816
1536,21280,13081060
1536,21312,13081060
1536,21344,13081060
1536,21376,13081060
1536,21408,13218458
1536,21440,13218458
1536,21472,13218458
1536,21504,13218458
1536,21536,13287273
1536,21568,13287273
1536,21600,13287273
1536,21632,13287273
1536,21664,13326586
1536,21696,13326586
1536,21728,13326586
1536,21760,13326586
1536,21792,13371622
1536,21824,13371622
1536,21856,13371622
1536,21888,13371622
1536,21920,13425146
1536,21952,13425146
1536,21984,13425146
1536,22016,13425146
1536,22048,13445050
1536,22080,13445050
1536,22112,13445050
1536,22144,13445050
1536,22176,13519809
1536,22208,13519809
1536,22240,13519809
1536,22272,13519809
1536,22304,13544855
1536,22336,13544855
1536,22368,13544855
1536,22400,13544855
1536,22432,13623120
1536,22464,13623120
1536,22496,13623120
1536,22528,13623120
1536,22560,13700201
1536,22592,13700201
1536,22624,13700201
1536,22656,13700201
1536,22688,13806317
1536,22720,13806317
1536,22752,13806317
1536,22784,13806317
1536,22816,13840661
1536,22848,13840661
1536,22880,13840661
1536,22912,13840661
1536,22944,13870990
1536,22976,13870990
1536,23008,13870990
1536,23040,13870990
1536,23072,13896013
1536,23104,13896013
1536,23136,13896013
1536,23168,13896013
1536,23200,13941732
1536,23232,13941732
1536,23264,13941732
1536,23296,13941732
1536,23328,13998412
1536,23360,13998412
1536,23392,13998412
1536,23424,13998412
1536,23456,14039128
1536,23488,14039128
1536,23520,14039128
1536,23552,14039128
1536,23584,14095984
1536,23616,14095984
1536,23648,14095984
1536,23680,14095984
1536,23712,14119162
1536,23744,14119162
1536,23776,14119162
1536,23808,14119162
1536,23840,14134439
1536,23872,14134439
1536,23904,14134439
1536,23936,14134439
1536,23968,14167088
1536,24000,14167088
1536,24032,14167088
1536,24064,14167088
1536,24096,14184895
1536,24128,14184895
1536,24160,14184895
1536,24192,14184895
1536,24224,14204751
1536,24256,14204751
1536,24288,14204751
1536,24320,14204751
1536,24352,14214377
1536,24384,14214377
1536,24416,14214377
1536,24448,14214377
1536,24480,14244590
1536,24512,14244590
1536,24544,14244590
1536,24576,14244590
1536,24608,14260111
1536,24640,14260111
1536,24672,14260111
1536,24704,14260111
1536,24736,14283800
1536,24768,14283800
1536,24800,14283800
1536,24832,14283800
1536,24864,14288814
1536,24896,14288814
1536,24928,14288814
1536,24960,14288814
1536,24992,14327823
1536,25024,14327823
1536,25056,14327823
1536,25088,14327823
1536,25120,14358316
1536,25152,14358316
1536,25184,14358316
1536,25216,14358316
1536,25248,14369821
1536,25280,14369821
1536,25312,14369821
1536,25344,14369821
1536,25376,14392184
1536,25408,14392184
1536,25440,14392184
1536,25472,14392184
1536,25504,14395439
1536,25536,14395439
1536,25568,14395439
1536,25600,14395439
1536,25632,14403770
1536,25664,14403770
1536,25696,14403770
1536,25728,14403770
1536,25760,14417684
1536,25792,14417684
1536,25824,14417684
1536,25856,14417684
1536,25888,14427466
1536,25920,14427466
1536,25952,14427466
1536,25984,14427466
1536,26016,14438488
1536,26048,14438488
1536,26080,14438488
1536,26112,14438488
1536,26144,14446493
1536,26176,14446493
1536,26208,14446493
1536,26240,14446493
1536,26272,14447080
1536,26304,14447080
1536,26336,14447080
1536,26368,14447080
1536,26400,14448473
1536,26432,14448473
1536,26464,14448473
1536,26496,14448473
1536,26528,14457226
1536,26560,14457226
1536,26592,14457226
1536,26624,14457226
1536,26656,14457226
1536,26688,14457226
1536,26720,14457226
1536,26752,14457226
1536,26784,14457602
1536,26816,14457602
1536,26848,14457602
1536,26880,14457602
1536,26912,14457602
1536,26944,14457602
1536,26976,14457602
1536,27008,14457602
1536,27040,14460193
1536,27072,14460193
1536,27104,14460193
1536,27136,14460193
1536,27168,14463234
1536,27200,14463234
1536,27232,14463234
1536,27264,14463234
1536,27296,14464945
1536,27328,14464945
1536,27360,14464945
1536,27392,14464945
1536,27424,14464945
1536,27456,14464945
1536,27488,14464945
1536,27520,14464945
1536,27552,14464945
1536,27584,14464945
1536,27616,14464945
1536,27648,14464945
1536,27680,14464945
1536,27712,14464945
1536,27744,14464945
1536,27776,14464945
1536,27808,14464945
1536,27840,14464945
1536,27872,14464945
1536,27904,14464945
1536,27936,14472027
1536,27968,14472027
1536,28000,14472027
1536,28032,14472027
1536,28064,14472027
1536,28096,14472027
1536,28128,14472027
1536,28160,14472027
1536,28192,14472027
1536,28224,14472027
1536,28256,14472027
1536,28288,14472027
1536,28320,14472027
1536,28352,14472027
1536,28384,14472027
1536,28416,14472027
1536,28448,14472027
1536,28480,14472027
1536,28512,14472027
1536,28544,14472027
1536,28576,14472027
1536,28608,14472027
1536,28640,14472027
1536,28672,14472027
1536,28704,14472027
1536,28736,14472027
1536,28768,14472027
1536,28800,14472027
1536,28832,14472712
1536,28864,14472712
1536,28896,14472712
1536,28928,14472712
1536,28960,14472712
1536,28992,14472712
1536,29024,14472712
1536,29056,14472712
1536,29088,14472712
1536,29120,14472712
1536,29152,14472712
1536,29184,14472712
1536,29216,14477606
1536,29248,14477606
1536,29280,14477606
1536,29312,14477606
1536,29344,14477606
1536,29376,14477606
1536,29408,14477606
1536,29440,14477606
1536,29472,14477606
1536,29504,14477606
1536,29536,14477606
1536,29568,14477606
1536,29600,14477606
1536,29632,14477606
1536,29664,14477606
1536,29696,14477606
1536,29728,14477606
1536,29760,14477606
1536,29792,14477606
1536,29824,14477606
1536,29856,14477606
1536,29888,14477606
1536,29920,14477606
1536,29952,14477606
1536,29984,14477606
1536,30016,14477606
1536,30048,14477606
1536,30080,14477606
1536,30112,14477606
1536,30144,14477606
1536,30176,14477606
1536,30208,14477606
1536,30240,14477606
1536,30272,14477606
1536,30304,14477606
1536,30336,14477606
1536,30368,14477606
1536,30400,14477606
1536,30432,14477606
1536,30464,14477606
1536,30496,14477606
1536,30528,14477606
1536,30560,14477606
1536,30592,14477606
1536,30624,14477606
1536,30656,14477606
1536,30688,14477606
1536,30720,14477606
1536,30752,14477606
1536,30784,14477606
1536,30816,14477606
1536,30848,14477606
1536,30880,14477606
1536,30912,14477606
1536,30944,14477606
1536,30976,14477606
1536,31008,14477606
1536,31040,14477606
1536,31072,14477606
1536,31104,14477606
1536,31136,14477606
1536,31168,14477606
1536,31200,14477606
1536,31232,14477606
1536,31264,14477606
1536,31296,14477606
1536,31328,14477606
1536,31360,14477606
1536,31392,14477606
1536,31424,14477606
1536,31456,14477606
1536,31488,14477606
1536,31520,14477606
1536,31552,14477606
1536,31584,14477606
1536,31616,14477606
1536,31648,14477606
1536,31680,14477606
1536,31712,14477606
1536,31744,14477606
1536,31776,14477606
1536,31808,14477606
1536,31840,14477606
1536,31872,14477606
1536,31904,14477606
1536,31936,14477606
1536,31968,14477606
1536,32000,14477606
1536,32032,14477606
1536,32064,14477606
1536,32096,14477606
1536,32128,14477606
1536,32160,14477606
1536,32192,14477606
1536,32224,14477606
1536,32256,14477606
1536,32288,14477606
1536,32320,14477606
1536,32352,14477606
1536,32384,14477606
1536,32416,14477606
1536,32448,14477606
1536,32480,14477606
1536,32512,14477606
1536,32544,14477606
1536,32576,14477606
1536,32608,14477606
1536,32640,14477606
1536,32672,14477606
1536,32704,14477606
1536,32736,14477606
1536,32768,14477606
1536,32800,14477606
1536,32832,14477606
1536,32864,14477606
1536,32896,14477606
1536,32928,14477606
1536,32960,14477606
1536,32992,14477606
1536,33024,14477606
1536,33056,14477606
1536,33088,14477606
1536,33120,14477606
1536,33152,14477606
1536,33184,14477606
1536,33216,14477606
1536,33248,14477606
1536,33280,14477606
1536,33312,14477606
1536,33344,14477606
1536,33376,14477606
1536,33408,14477606
1536,33440,14477606
1536,33472,14477606
1536,33504,14477606
1536,33536,14477606
1536,33568,14477606
1536,33600,14477606
1536,33632,14477606
1536,33664,14477606
1536,33696,14477606
1536,33728,14477606
1536,33760,14477606
1536,33792,14477606
1536,33824,14477606
1536,33856,14477606
1536,33888,14477606
1536,33920,14477606
1536,33952,14477606
1536,33984,14477606
1536,34016,14477606
1536,34048,14477606
1536,34080,14477606
1536,34112,14477606
1536,34144,14477606
1536,34176,14477606
1536,34208,14477606
1536,34240,14477606
1536,34272,14477606
1536,34304,14477606
1536,34336,14477606
1536,34368,14477606
1536,34400,14477606
1536,34432,14477606
1536,34464,14477606
1536,34496,14477606
1536,34528,14477606
1536,34560,14477606
1536,34592,14477606
1536,34624,14477606
1536,34656,14477606
1536,34688,14477606
1536,34720,14477606
1536,34752,14477606
1536,34784,14477606
1536,34816,14477606
1536,34848,14477606
1536,34880,14477606
1536,34912,14477606
1536,34944,14477606
1536,34976,14477606
1536,35008,14477606
1536,35040,14477606
1536,35072,14477606
1536,35104,14477606
1536,35136,14477606
1536,35168,14477606
1536,35200,14477606
1536,35232,14477606
1536,35264,14477606
1536,35296,14477606
1536,35328,14477606
1536,35360,14477606
1536,35392,14477606
1536,35424,14477606
1536,35456,14477606
1536,35488,14477606
1536,35520,14477606
1536,35552,14477606
1536,35584,14477606
1536,35616,14477606
1536,35648,14477606
1536,35680,14477606
1536,35712,14477606
1536,35744,14477606
1536,35776,14477606
1536,35808,14477606
1536,35840,14477606
1536,35872,14477606
1536,35904,14477606
1536,35936,14477606
1536,35968,14477606
1536,36000,14477606
1536,36032,14477606
1536,36064,14477606
1536,36096,14477606
1536,36128,14477606
1536,36160,14477606
1536,36192,14477606
1536,36224,14477606
1536,36256,14477606
1536,36288,14477606
1536,36320,14477606
1536,36352,14477606
1536,36384,14477606
1536,36416,14477606
1536,36448,14477606
1536,36480,14477606
1536,36512,14477606
1536,36544,14477606
1536,36576,14477606
1536,36608,14477606
1536,36640,14477606
1536,36672,14477606
1536,36704,14477606
1536,36736,14477606
1536,36768,14477606
1536,36800,14477606
1536,36832,14477606
1536,36864,14477606
1536,36896,14477606
1536,36928,14477606
1536,36960,14477606
1536,36992,14477606
1536,37024,14477606
1536,37056,14477606
1536,37088,14477606
1536,37120,14477606
1536,37152,14477606
1536,37184,14477606
1536,37216,14477606
1536,37248,14477606
1536,37280,14477606
1536,37312,14477606
1536,37344,14477606
1536,37376,14477606
1536,37408,14477606
1536,37440,14477606
1536,37472,14477606
1536,37504,14477606
1536,37536,14477606
1536,37568,14477606
1536,37600,14477606
1536,37632,14477606
1536,37664,14477606
1536,37696,14477606
1536,37728,14477606
1536,37760,14477606
1536,37792,14477606
1536,37824,14477606
1536,37856,14477606
1536,37888,14477606
1536,37920,14477606
1536,37952,14477606
1536,37984,14477606
1536,38016,14477606
1536,38048,14477606
1536,38080,14477606
1536,38112,14477606
1536,38144,14477606
1536,38176,14477606
1536,38208,14477606
1536,38240,14477606
1536,38272,14477606
1536,38304,14477606
1536,38336,14477606
1536,38368,14477606
1536,38400,14477606
1536,38432,14477606
1536,38464,14477606
1536,38496,14477606
1536,38528,14477606
1536,38560,14477606
1536,38592,14477606
1536,38624,14477606
1536,38656,14477606
1536,38688,14477606
1536,38720,14477606
1536,38752,14477606
1536,38784,14477606
1536,38816,14477606
1536,38848,14477606
1536,38880,14477606
1536,38912,14477606
1536,38944,14477606
1536,38976,14477606
1536,39008,14477606
1536,39040,14477606
1536,39072,14477606
1536,39104,14477606
1536,39136,14477606
1536,39168,14477606
1536,39200,14477606
1536,39232,14477606
1536,39264,14477606
1536,39296,14477606
1536,39328,14477606
1536,39360,14477606
1536,39392,14477606
1536,39424,14477606
1536,39456,14477606
1536,39488,14477606
1536,39520,14477606
1536,39552,14477606
1536,39584,14477606
1536,39616,14477606
1536,39648,14477606
1536,39680,14477606
1536,39712,14477606
1536,39744,14477606
1536,39776,14477606
1536,39808,14477606
1536,39840,14477606
1536,39872,14477606
1536,39904,14477606
1536,39936,14477606
1536,39968,14477606
1536,40000,14477606
1536,40032,14477606
1536,40064,14477606
1536,40096,14477606
1536,40128,14477606
1536,40160,14477606
1536,40192,14477606
1536,40224,14477606
1536,40256,14477606
1536,40288,14477606
1536,40320,14477606
1536,40352,14477606
1536,40384,14477606
1536,40416,14477606
1536,40448,14477606
1536,40480,14477606
1536,40512,14477606
1536,40544,14477606
1536,40576,14477606
1536,40608,14477606
1536,40640,14477606
1536,40672,14477606
1536,40704,14477606
1536,40736,14477606
1536,40768,14477606
1536,40800,14477606
1536,40832,14477606
1536,40864,14477606
1536,40896,14477606
1536,40928,14477606
1536,40960,14477606
1600,32,37957
1600,64,37461
1600,96,37460
1600,128,37447
1600,160,37430
1600,192,37428
1600,224,37484
1600,256,37590
1600,288,37798
1600,320,37798
1600,352,37798
1600,384,37818
1600,416,37818
1600,448,37818
1600,480,37833
1600,512,38454
1600,544,57626
1600,576,61640
1600,608,62365
1600,640,62636
1600,672,62962
1600,704,63141
1600,736,63458
1600,768,63889
1600,800,64387
1600,832,64756
1600,864,65299
1600,896,65720
1600,928,66665
1600,960,67817
1600,992,69063
1600,1024,70206
1600,1056,70989
1600,1088,87166
1600,1120,90723
1600,1152,93000
1600,1184,93461
1600,1216,94957
1600,1248,95904
1600,1280,96968
1600,1312,97752
1600,1344,99270
1600,1376,100067
1600,1408,101383
1600,1440,101978
1600,1472,102973
1600,1504,103884
1600,1536,104877
1600,1568,106700
1600,1600,117444
1600,1632,118803
1600,1664,120868
1600,1696,121599
1600,1728,123184
1600,1760,123942
1600,1792,125232
1600,1824,126044
1600,1856,127715
1600,1888,128389
1600,1920,129874
1600,1952,130551
1600,1984,133696
1600,2016,134117
1600,2048,140650
1600,2080,142459
1600,2112,184097
1600,2144,186184
1600,2176,190499
1600,2208,191540
1600,2240,193744
1600,2272,194772
1600,2304,196424
1600,2336,197582
1600,2368,199172
1600,2400,200701
1600,2432,202467
1600,2464,203783
1600,2496,205680
1600,2528,207082
1600,2560,209645
1600,2592,215299
1600,2624,230362
1600,2656,236131
1600,2688,238822
1600,2720,240145
1600,2752,241267
1600,2784,242099
1600,2816,243341
1600,2848,244296
1600,2880,245550
1600,2912,246256
1600,2944,248196
1600,2976,249441
1600,3008,250967
1600,3040,252080
1600,3072,254731
1600,3104,258436
1600,3136,271951
1600,3168,277220
1600,3200,281048
1600,3232,282249
1600,3264,284600
1600,3296,286128
1600,3328,288334
1600,3360,289219
1600,3392,291896
1600,3424,293589
1600,3456,297637
1600,3488,308366
1600,3520,317164
1600,3552,324026
1600,3584,330785
1600,3616,349295
1600,3648,397263
1600,3680,417007
1600,3712,426117
1600,3744,430014
1600,3776,432387
1600,3808,435853
1600,3840,440484
1600,3872,442526
1600,3904,445649
1600,3936,448754
1600,3968,455579
1600,4000,458014
1600,4032,460852
1600,4064,461568
1600,4096,463888
1600,4128,464121
1600,4160,464532
1600,4192,474002
1600,4224,476986
1600,4256,498920
1600,4288,499102
1600,4320,534372
1600,4352,534991
1600,4384,556297
1600,4416,556297
1600,4448,568685
1600,4480,568685
1600,4512,576504
1600,4544,576504
1600,4576,588038
1600,4608,588038
1600,4640,594009
1600,4672,594009
1600,4704,602083
1600,4736,602083
1600,4768,611845
1600,4800,611845
1600,4832,642065
1600,4864,642065
1600,4896,657465
1600,4928,657465
1600,4960,679518
1600,4992,679518
1600,5024,680223
1600,5056,680223
1600,5088,684149
1600,5120,684149
1600,5152,685709
1600,5184,685709
1600,5216,696193
1600,5248,696193
1600,5280,704585
1600,5312,704585
1600,5344,726881
1600,5376,726881
1600,5408,732994
1600,5440,732994
1600,5472,745589
1600,5504,745589
1600,5536,746775
1600,5568,746775
1600,5600,758204
1600,5632,758204
1600,5664,761771
1600,5696,761771
1600,5728,785831
1600,5760,785831
1600,5792,790065
1600,5824,790065
1600,5856,847254
1600,5888,847254
1600,5920,851424
1600,5952,851424
1600,5984,869248
1600,6016,869248
1600,6048,870415
1600,6080,870415
1600,6112,903742
1600,6144,903742
1600,6176,907485
1600,6208,907485
1600,6240,980125
1600,6272,980125
1600,6304,985061
1600,6336,985061
1600,6368,1082501
1600,6400,1082501
1600,6432,1088195
1600,6464,1088195
1600,6496,1149154
1600,6528,1149154
1600,6560,1152907
1600,6592,1152907
1600,6624,1188929
1600,6656,1188929
1600,6688,1194163
1600,6720,1194163
1600,6752,1252028
1600,6784,1252028
1600,6816,1265319
1600,6848,1265319
1600,6880,1356845
1600,6912,1356845
1600,6944,1366635
1600,6976,1366635
1600,7008,1424967
1600,7040,1424967
1600,7072,1428075
1600,7104,1428075
1600,7136,1490207
1600,7168,1490207
1600,7200,1495082
1600,7232,1495082
1600,7264,1528774
1600,7296,1528774
1600,7328,1549559
1600,7360,1549559
1600,7392,1646370
1600,7424,1646370
1600,7456,1663303
1600,7488,1663303
1600,7520,1732232
1600,7552,1732232
1600,7584,1736294
1600,7616,1736294
1600,7648,1795010
1600,7680,1795010
1600,7712,1802687
1600,7744,1802687
1600,7776,1865493
1600,7808,1865493
1600,7840,1888526
1600,7872,1888526
1600,7904,1986401
1600,7936,1986401
1600,7968,2003700
1600,8000,2003700
1600,8032,2030502
1600,8064,2030502
1600,8096,2038212
1600,8128,2038212
1600,8160,2052145
1600,8192,2052145
1600,8224,2058677
1600,8256,2058677
1600,8288,2068957
1600,8320,2068957
1600,8352,2072697
1600,8384,2072697
1600,8416,2089079
1600,8448,2089079
1600,8480,2113180
1600,8512,2113180
1600,8544,2185428
1600,8576,2185428
1600,8608,2217377
1600,8640,2217377
1600,8672,2238419
1600,8704,2238419
1600,8736,2245823
1600,8768,2245823
1600,8800,2279640
1600,8832,2279640
1600,8864,2291846
1600,8896,2291846
1600,8928,2323971
1600,8960,2323971
1600,8992,2356946
1600,9024,2356946
1600,9056,2407502
1600,9088,2407502
1600,9120,2429798
1600,9152,2429798
1600,9184,2449567
1600,9216,2449567
1600,9248,2458052
1600,9280,2458052
1600,9312,2469976
1600,9344,2469976
1600,9376,2483294
1600,9408,2483294
1600,9440,2491620
1600,9472,2491620
1600,9504,2525691
1600,9536,2525691
1600,9568,2599379
1600,9600,2599379
1600,9632,2632284
1600,9664,2632284
1600,9696,2650355
1600,9728,2650355
1600,9760,2661149
1600,9792,2661149
1600,9824,2679296
1600,9856,2679296
1600,9888,2692663
1600,9920,2692663
1600,9952,2702877
1600,9984,2702877
1600,10016,2725733
1600,10048,2725733
1600,10080,2817384
1600,10112,2817384
1600,10144,2859540
1600,10176,2859540
1600,10208,2876302
1600,10240,2876302
1600,10272,2884553
1600,10304,2884553
1600,10336,2901721
1600,10368,2901721
1600,10400,2913025
1600,10432,2913025
1600,10464,2929922
1600,10496,2929922
1600,10528,2974370
1600,10560,2974370
1600,10592,3061699
1600,10624,3061699
1600,10656,3092330
1600,10688,3092330
1600,10720,3116124
1600,10752,3116124
1600,10784,3135572
1600,10816,3135572
1600,10848,3151368
1600,10880,3151368
1600,10912,3167682
1600,10944,3167682
1600,10976,3190361
1600,11008,3190361
1600,11040,3215766
1600,11072,3215766
1600,11104,3296077
1600,11136,3296077
1600,11168,3328296
1600,11200,3328296
1600,11232,3340738
1600,11264,3340738
1600,11296,3343723
1600,11328,3343723
1600,11360,3358613
1600,11392,3358613
1600,11424,3374140
1600,11456,3374140
1600,11488,3387708
1600,11520,3387708
1600,11552,3419751
1600,11584,3419751
1600,11616,3478685
1600,11648,3478685
1600,11680,3498683
1600,11712,3498683
1600,11744,3528320
1600,11776,3528320
1600,11808,3533778
1600,11840,3533778
1600,11872,3538095
1600,11904,3538095
1600,11936,3549107
1600,11968,3549107
1600,12000,3564305
1600,12032,3564305
1600,12064,3580876
1600,12096,3580876
1600,12128,3626324
1600,12160,3626324
1600,12192,3647496
1600,12224,3647496
1600,12256,3661767
1600,12288,3661767
1600,12320,3665262
1600,12352,3665262
1600,12384,3669097
1600,12416,3669097
1600,12448,3673229
1600,12480,3673229
1600,12512,3689600
1600,12544,3689600
1600,12576,3693005
1600,12608,3693005
1600,12640,3703879
1600,12672,3703879
1600,12704,3713594
1600,12736,3713594
1600,12768,3753572
1600,12800,3753572
1600,12832,3759121
1600,12864,3759121
1600,12896,3773852
1600,12928,3773852
1600,12960,3774619
1600,12992,3774619
1600,13024,3775478
1600,13056,3775478
1600,13088,3782772
1600,13120,3782772
1600,13152,3783869
1600,13184,3783869
1600,13216,3796338
1600,13248,3796338
1600,13280,3821884
1600,13312,3821884
1600,13344,3826479
1600,13376,3826479
1600,13408,3829419
1600,13440,3829419
1600,13472,3833378
1600,13504,3833378
1600,13536,3834512
1600,13568,3834512
1600,13600,3839545
1600,13632,3839545
1600,13664,3850814
1600,13696,3850814
1600,13728,3869221
1600,13760,3869221
1600,13792,3916709
1600,13824,3916709
1600,13856,3929920
1600,13888,3929920
1600,13920,3951798
1600,13952,3951798
1600,13984,3972573
1600,14016,3972573
1600,14048,3995176
1600,14080,3995176
1600,14112,4002441
1600,14144,4002441
1600,14176,4048420
1600,14208,4048420
1600,14240,4087179
1600,14272,4087179
1600,14304,4193419
1600,14336,4193419
1600,14368,4230572
1600,14400,4230572
1600,14432,4270133
1600,14464,4270133
1600,14496,4296889
1600,14528,4296889
1600,14560,4320259
1600,14592,4320259
1600,14624,4339218
1600,14656,4339218
1600,14688,4435430
1600,14720,4435430
1600,14752,4464613
1600,14784,4464613
1600,14816,4629223
1600,14848,4629223
1600,14880,4643729
1600,14912,4643729
1600,14944,4738594
1600,14976,4738594
1600,15008,4774484
1600,15040,4774484
1600,15072,4906381
1600,15104,4906381
1600,15136,4933846
1600,15168,4933846
1600,15200,5039162
1600,15232,5039162
1600,15264,5143528
1600,15296,5143528
1600,15328,5370897
1600,15360,5370897
1600,15392,5436665
1600,15424,5436665
1600,15456,5540886
1600,15488,5540886
1600,15520,5563794
1600,15552,5563794
1600,15584,5633163
1600,15616,5633163
1600,15648,5673298
1600,15680,5673298
1600,15712,5788722
1600,15744,5788722
1600,15776,5894706
1600,15808,5894706
1600,15840,6104780
1600,15872,6104780
1600,15904,6198914
1600,15936,6198914
1600,15968,6318672
1600,16000,6318672
1600,16032,6380822
1600,16064,6380822
1600,16096,6437951
1600,16128,6437951
1600,16160,6508860
1600,16192,6508860
1600,16224,6562208
1600,16256,6562208
1600,16288,6662843
1600,16320,6662843
1600,16352,6878908
1600,16384,6878908
1600,16416,6882781
1600,16448,6882781
1600,16480,6935131
1600,16512,6935131
1600,16544,7009360
1600,16576,7009360
1600,16608,7026537
1600,16640,7026537
1600,16672,7137040
1600,16704,7137040
1600,16736,7147991
1600,16768,7147991
1600,16800,7242436
1600,16832,7242436
1600,16864,7244448
1600,16896,7244448
1600,16928,7452354
1600,16960,7452354
1600,16992,7466013
1600,17024,7466013
1600,17056,7866198
1600,17088,7866198
1600,17120,7874373
1600,17152,7874373
1600,17184,8117066
1600,17216,8117066
1600,17248,8117066
1600,17280,8117066
1600,17312,8415621
1600,17344,8415621
1600,17376,8415621
1600,17408,8415621
1600,17440,8524233
1600,17472,8524233
1600,17504,8524233
1600,17536,8524233
1600,17568,8693409
1600,17600,8693409
1600,17632,8693409
1600,17664,8693409
1600,17696,8833962
1600,17728,8833962
1600,17760,8833962
1600,17792,8833962
1600,17824,9001784
1600,17856,9001784
1600,17888,9001784
1600,17920,9001784
1600,17952,9119350
1600,17984,9119350
1600,18016,9119350
1600,18048,9119350
1600,18080,9384618
1600,18112,9384618
1600,18144,9384618
1600,18176,9384618
1600,18208,9508991
1600,18240,9508991
1600,18272,9508991
1600,18304,9508991
1600,18336,9785240
1600,18368,9785240
1600,18400,9785240
1600,18432,9785240
1600,18464,9941663
1600,18496,9941663
1600,18528,9941663
1600,18560,9941663
1600,18592,10197218
1600,18624,10197218
1600,18656,10197218
1600,18688,10197218
1600,18720,10294414
1600,18752,10294414
1600,18784,10294414
1600,18816,10294414
1600,18848,10541092
1600,18880,10541092
1600,18912,10541092
1600,18944,10541092
1600,18976,10673740
1600,19008,10673740
1600,19040,10673740
1600,19072,10673740
1600,19104,10918798
1600,19136,10918798
1600,19168,10918798
1600,19200,10918798
1600,19232,11034708
1600,19264,11034708
1600,19296,11034708
1600,19328,11034708
1600,19360,11153307
1600,19392,11153307
1600,19424,11153307
1600,19456,11153307
1600,19488,11289634
1600,19520,11289634
1600,19552,11289634
1600,19584,11289634
1600,19616,11582269
1600,19648,11582269
1600,19680,11582269
1600,19712,11582269
1600,19744,11659234
1600,19776,11659234
1600,19808,11659234
1600,19840,11659234
1600,19872,11853303
1600,19904,11853303
1600,19936,11853303
1600,19968,11853303
1600,20000,11953334
1600,20032,11953334
1600,20064,11953334
1600,20096,11953334
1600,20128,12181301
1600,20160,12181301
1600,20192,12181301
1600,20224,12181301
1600,20256,12304679
1600,20288,12304679
1600,20320,12304679
1600,20352,12304679
1600,20384,12424371
1600,20416,12424371
1600,20448,12424371
1600,20480,12424371
1600,20512,12482628
1600,20544,12482628
1600,20576,12482628
1600,20608,12482628
1600,20640,12623019
1600,20672,12623019
1600,20704,12623019
1600,20736,12623019
1600,20768,12684904
1600,20800,12684904
1600,20832,12684904
1600,20864,12684904
1600,20896,12762196
1600,20928,12762196
1600,20960,12762196
1600,20992,12762196
1600,21024,12840258
1600,21056,12840258
1600,21088,12840258
1600,21120,12840258
1600,21152,12962816
1600,21184,12962816
1600,21216,12962816
1600,21248,12962816
1600,21280,13081060
1600,21312,13081060
1600,21344,13081060
1600,21376,13081060
1600,21408,13218458
1600,21440,13218458
1600,21472,13218458
1600,21504,13218458
1600,21536,13287273
1600,21568,13287273
1600,21600,13287273
1600,21632,13287273
1600,21664,13326586
1600,21696,13326586
1600,21728,13326586
1600,21760,13326586
1600,21792,13371622
1600,21824,13371622
1600,21856,13371622
1600,21888,13371622
1600,21920,13425146
1600,21952,13425146
1600,21984,13425146
1600,22016,13425146
1600,22048,13445050
1600,22080,13445050
1600,22112,13445050
1600,22144,13445050
1600,22176,13519809
1600,22208,13519809
1600,22240,13519809
1600,22272,13519809
1600,22304,13544855
1600,22336,13544855
1600,22368,13544855
1600,22400,13544855
1600,22432,13623120
1600,22464,13623120
1600,22496,13623120
1600,22528,13623120
1600,22560,13700201
1600,22592,13700201
1600,22624,13700201
1600,22656,13700201
1600,22688,13806317
1600,22720,13806317
1600,22752,13806317
1600,22784,13806317
1600,22816,13840661
1600,22848,13840661
1600,22880,13840661
1600,22912,13840661
1600,22944,13870990
1600,22976,13870990
1600,23008,13870990
1600,23040,13870990
1600,23072,13896013
1600,23104,13896013
1600,23136,13896013
1600,23168,13896013
1600,23200,13941732
1600,23232,13941732
1600,23264,13941732
1600,23296,13941732
1600,23328,13998412
1600,23360,13998412
1600,23392,13998412
1600,23424,13998412
1600,23456,14039128
1600,23488,14039128
1600,23520,14039128
1600,23552,14039128
1600,23584,14095984
1600,23616,14095984
1600,23648,14095984
1600,23680,14095984
1600,23712,14119162
1600,23744,14119162
1600,23776,14119162
1600,23808,14119162
1600,23840,14134439
1600,23872,14134439
1600,23904,14134439
1600,23936,14134439
1600,23968,14167088
1600,24000,14167088
1600,24032,14167088
1600,24064,14167088
1600,24096,14184895
1600,24128,14184895
1600,24160,14184895
1600,24192,14184895
1600,24224,14204751
1600,24256,14204751
1600,24288,14204751
1600,24320,14204751
1600,24352,14214377
1600,24384,14214377
1600,24416,14214377
1600,24448,14214377
1600,24480,14244590
1600,24512,14244590
1600,24544,14244590
1600,24576,14244590
1600,24608,14260111
1600,24640,14260111
1600,24672,14260111
1600,24704,14260111
1600,24736,14283800
1600,24768,14283800
1600,24800,14283800
1600,24832,14283800
1600,24864,14288814
1600,24896,14288814
1600,24928,14288814
1600,24960,14288814
1600,24992,14327823
1600,25024,14327823
1600,25056,14327823
1600,25088,14327823
1600,25120,14358316
1600,25152,14358316
1600,25184,14358316
1600,25216,14358316
1600,25248,14369821
1600,25280,14369821
1600,25312,14369821
1600,25344,14369821
1600,25376,14392184
1600,25408,14392184
1600,25440,14392184
1600,25472,14392184
1600,25504,14395439
1600,25536,14395439
1600,25568,14395439
1600,25600,14395439
1600,25632,14403770
1600,25664,14403770
1600,25696,14403770
1600,25728,14403770
1600,25760,14417684
1600,25792,14417684
1600,25824,14417684
1600,25856,14417684
1600,25888,14427466
1600,25920,14427466
1600,25952,14427466
1600,25984,14427466
1600,26016,14438488
1600,26048,14438488
1600,26080,14438488
1600,26112,14438488
1600,26144,14446493
1600,26176,14446493
1600,26208,14446493
1600,26240,14446493
1600,26272,14447080
1600,26304,14447080
1600,26336,14447080
1600,26368,14447080
1600,26400,14448473
1600,26432,14448473
1600,26464,14448473
1600,26496,14448473
1600,26528,14457226
1600,26560,14457226
1600,26592,14457226
1600,26624,14457226
1600,26656,14457226
1600,26688,14457226
1600,26720,14457226
1600,26752,14457226
1600,26784,14457602
1600,26816,14457602
1600,26848,14457602
1600,26880,14457602
1600,26912,14457602
1600,26944,14457602
1600,26976,14457602
1600,27008,14457602
1600,27040,14460193
1600,27072,14460193
1600,27104,14460193
1600,27136,14460193
1600,27168,14463234
1600,27200,14463234
1600,27232,14463234
1600,27264,14463234
1600,27296,14464945
1600,27328,14464945
1600,27360,14464945
1600,27392,14464945
1600,27424,14464945
1600,27456,14464945
1600,27488,14464945
1600,27520,14464945
1600,27552,14464945
1600,27584,14464945
1600,27616,14464945
1600,27648,14464945
1600,27680,14464945
1600,27712,14464945
1600,27744,14464945
1600,27776,14464945
1600,27808,14464945
1600,27840,14464945
1600,27872,14464945
1600,27904,14464945
1600,27936,14472027
1600,27968,14472027
1600,28000,14472027
1600,28032,14472027
1600,28064,14472027
1600,28096,14472027
1600,28128,14472027
1600,28160,14472027
1600,28192,14472027
1600,28224,14472027
1600,28256,14472027
1600,28288,14472027
1600,28320,14472027
1600,28352,14472027
1600,28384,14472027
1600,28416,14472027
1600,28448,14472027
1600,28480,14472027
1600,28512,14472027
1600,28544,14472027
1600,28576,14472027
1600,28608,14472027
1600,28640,14472027
1600,28672,14472027
1600,28704,14472027
1600,28736,14472027
1600,28768,14472027
1600,28800,14472027
1600,28832,14472712
1600,28864,14472712
1600,28896,14472712
1600,28928,14472712
1600,28960,14472712
1600,28992,14472712
1600,29024,14472712
1600,29056,14472712
1600,29088,14472712
1600,29120,14472712
1600,29152,14472712
1600,29184,14472712
1600,29216,14477606
1600,29248,14477606
1600,29280,14477606
1600,29312,14477606
1600,29344,14477606
1600,29376,14477606
1600,29408,14477606
1600,29440,14477606
1600,29472,14477606
1600,29504,14477606
1600,29536,14477606
1600,29568,14477606
1600,29600,14477606
1600,29632,14477606
1600,29664,14477606
1600,29696,14477606
1600,29728,14477606
1600,29760,14477606
1600,29792,14477606
1600,29824,14477606
1600,29856,14477606
1600,29888,14477606
1600,29920,14477606
1600,29952,14477606
1600,29984,14477606
1600,30016,14477606
1600,30048,14477606
1600,30080,14477606
1600,30112,14477606
1600,30144,14477606
1600,30176,14477606
1600,30208,14477606
1600,30240,14477606
1600,30272,14477606
1600,30304,14477606
1600,30336,14477606
1600,30368,14477606
1600,30400,14477606
1600,30432,14477606
1600,30464,14477606
1600,30496,14477606
1600,30528,14477606
1600,30560,14477606
1600,30592,14477606
1600,30624,14477606
1600,30656,14477606
1600,30688,14477606
1600,30720,14477606
1600,30752,14477606
1600,30784,14477606
1600,30816,14477606
1600,30848,14477606
1600,30880,14477606
1600,30912,14477606
1600,30944,14477606
1600,30976,14477606
1600,31008,14477606
1600,31040,14477606
1600,31072,14477606
1600,31104,14477606
1600,31136,14477606
1600,31168,14477606
1600,31200,14477606
1600,31232,14477606
1600,31264,14477606
1600,31296,14477606
1600,31328,14477606
1600,31360,14477606
1600,31392,14477606
1600,31424,14477606
1600,31456,14477606
1600,31488,14477606
1600,31520,14477606
1600,31552,14477606
1600,31584,14477606
1600,31616,14477606
1600,31648,14477606
1600,31680,14477606
1600,31712,14477606
1600,31744,14477606
1600,31776,14477606
1600,31808,14477606
1600,31840,14477606
1600,31872,14477606
1600,31904,14477606
1600,31936,14477606
1600,31968,14477606
1600,32000,14477606
1600,32032,14477606
1600,32064,14477606
1600,32096,14477606
1600,32128,14477606
1600,32160,14477606
1600,32192,14477606
1600,32224,14477606
1600,32256,14477606
1600,32288,14477606
1600,32320,14477606
1600,32352,14477606
1600,32384,14477606
1600,32416,14477606
1600,32448,14477606
1600,32480,14477606
1600,32512,14477606
1600,32544,14477606
1600,32576,14477606
1600,32608,14477606
1600,32640,14477606
1600,32672,14477606
1600,32704,14477606
1600,32736,14477606
1600,32768,14477606
1600,32800,14477606
1600,32832,14477606
1600,32864,14477606
1600,32896,14477606
1600,32928,14477606
1600,32960,14477606
1600,32992,14477606
1600,33024,14477606
1600,33056,14477606
1600,33088,14477606
1600,33120,14477606
1600,33152,14477606
1600,33184,14477606
1600,33216,14477606
1600,33248,14477606
1600,33280,14477606
1600,33312,14477606
1600,33344,14477606
1600,33376,14477606
1600,33408,14477606
1600,33440,14477606
1600,33472,14477606
1600,33504,14477606
1600,33536,14477606
1600,33568,14477606
1600,33600,14477606
1600,33632,14477606
1600,33664,14477606
1600,33696,14477606
1600,33728,14477606
1600,33760,14477606
1600,33792,14477606
1600,33824,14477606
1600,33856,14477606
1600,33888,14477606
1600,33920,14477606
1600,33952,14477606
1600,33984,14477606
1600,34016,14477606
1600,34048,14477606
1600,34080,14477606
1600,34112,14477606
1600,34144,14477606
1600,34176,14477606
1600,34208,14477606
1600,34240,14477606
1600,34272,14477606
1600,34304,14477606
1600,34336,14477606
1600,34368,14477606
1600,34400,14477606
1600,34432,14477606
1600,34464,14477606
1600,34496,14477606
1600,34528,14477606
1600,34560,14477606
1600,34592,14477606
1600,34624,14477606
1600,34656,14477606
1600,34688,14477606
1600,34720,14477606
1600,34752,14477606
1600,34784,14477606
1600,34816,14477606
1600,34848,14477606
1600,34880,14477606
1600,34912,14477606
1600,34944,14477606
1600,34976,14477606
1600,35008,14477606
1600,35040,14477606
1600,35072,14477606
1600,35104,14477606
1600,35136,14477606
1600,35168,14477606
1600,35200,14477606
1600,35232,14477606
1600,35264,14477606
1600,35296,14477606
1600,35328,14477606
1600,35360,14477606
1600,35392,14477606
1600,35424,14477606
1600,35456,14477606
1600,35488,14477606
1600,35520,14477606
1600,35552,14477606
1600,35584,14477606
1600,35616,14477606
1600,35648,14477606
1600,35680,14477606
1600,35712,14477606
1600,35744,14477606
1600,35776,14477606
1600,35808,14477606
1600,35840,14477606
1600,35872,14477606
1600,35904,14477606
1600,35936,14477606
1600,35968,14477606
1600,36000,14477606
1600,36032,14477606
1600,36064,14477606
1600,36096,14477606
1600,36128,14477606
1600,36160,14477606
1600,36192,14477606
1600,36224,14477606
1600,36256,14477606
1600,36288,14477606
1600,36320,14477606
1600,36352,14477606
1600,36384,14477606
1600,36416,14477606
1600,36448,14477606
1600,36480,14477606
1600,36512,14477606
1600,36544,14477606
1600,36576,14477606
1600,36608,14477606
1600,36640,14477606
1600,36672,14477606
1600,36704,14477606
1600,36736,14477606
1600,36768,14477606
1600,36800,14477606
1600,36832,14477606
1600,36864,14477606
1600,36896,14477606
1600,36928,14477606
1600,36960,14477606
1600,36992,14477606
1600,37024,14477606
1600,37056,14477606
1600,37088,14477606
1600,37120,14477606
1600,37152,14477606
1600,37184,14477606
1600,37216,14477606
1600,37248,14477606
1600,37280,14477606
1600,37312,14477606
1600,37344,14477606
1600,37376,14477606
1600,37408,14477606
1600,37440,14477606
1600,37472,14477606
1600,37504,14477606
1600,37536,14477606
1600,37568,14477606
1600,37600,14477606
1600,37632,14477606
1600,37664,14477606
1600,37696,14477606
1600,37728,14477606
1600,37760,14477606
1600,37792,14477606
1600,37824,14477606
1600,37856,14477606
1600,37888,14477606
1600,37920,14477606
1600,37952,14477606
1600,37984,14477606
1600,38016,14477606
1600,38048,14477606
1600,38080,14477606
1600,38112,14477606
1600,38144,14477606
1600,38176,14477606
1600,38208,14477606
1600,38240,14477606
1600,38272,14477606
1600,38304,14477606
1600,38336,14477606
1600,38368,14477606
1600,38400,14477606
1600,38432,14477606
1600,38464,14477606
1600,38496,14477606
1600,38528,14477606
1600,38560,14477606
1600,38592,14477606
1600,38624,14477606
1600,38656,14477606
1600,38688,14477606
1600,38720,14477606
1600,38752,14477606
1600,38784,14477606
1600,38816,14477606
1600,38848,14477606
1600,38880,14477606
1600,38912,14477606
1600,38944,14477606
1600,38976,14477606
1600,39008,14477606
1600,39040,14477606
1600,39072,14477606
1600,39104,14477606
1600,39136,14477606
1600,39168,14477606
1600,39200,14477606
1600,39232,14477606
1600,39264,14477606
1600,39296,14477606
1600,39328,14477606
1600,39360,14477606
1600,39392,14477606
1600,39424,14477606
1600,39456,14477606
1600,39488,14477606
1600,39520,14477606
1600,39552,14477606
1600,39584,14477606
1600,39616,14477606
1600,39648,14477606
1600,39680,14477606
1600,39712,14477606
1600,39744,14477606
1600,39776,14477606
1600,39808,14477606
1600,39840,14477606
1600,39872,14477606
1600,39904,14477606
1600,39936,14477606
1600,39968,14477606
1600,40000,14477606
1600,40032,14477606
1600,40064,14477606
1600,40096,14477606
1600,40128,14477606
1600,40160,14477606
1600,40192,14477606
1600,40224,14477606
1600,40256,14477606
1600,40288,14477606
1600,40320,14477606
1600,40352,14477606
1600,40384,14477606
1600,40416,14477606
1600,40448,14477606
1600,40480,14477606
1600,40512,14477606
1600,40544,14477606
1600,40576,14477606
1600,40608,14477606
1600,40640,14477606
1600,40672,14477606
1600,40704,14477606
1600,40736,14477606
1600,40768,14477606
1600,40800,14477606
1600,40832,14477606
1600,40864,14477606
1600,40896,14477606
1600,40928,14477606
1600,40960,14477606
1664,32,39376
1664,64,38877
1664,96,38737
1664,128,38753
1664,160,38746
1664,192,38746
1664,224,38746
1664,256,38766
1664,288,39250
1664,320,39250
1664,352,39250
1664,384,39266
1664,416,39266
1664,448,39266
1664,480,39316
1664,512,40252
1664,544,60465
1664,576,64203
1664,608,64557
1664,640,64549
1664,672,64607
1664,704,64672
1664,736,64881
1664,768,65196
1664,800,65641
1664,832,65997
1664,864,66460
1664,896,66878
1664,928,67684
1664,960,68739
1664,992,69885
1664,1024,71012
1664,1056,71835
1664,1088,91288
1664,1120,95638
1664,1152,98290
1664,1184,98794
1664,1216,100282
1664,1248,101168
1664,1280,102296
1664,1312,103040
1664,1344,104428
1664,1376,105240
1664,1408,106516
1664,1440,107025
1664,1472,107927
1664,1504,108762
1664,1536,109575
1664,1568,111457
1664,1600,122427
1664,1632,123786
1664,1664,125852
1664,1696,126582
1664,1728,128226
1664,1760,128876
1664,1792,130142
1664,1824,131021
1664,1856,132746
1664,1888,133461
1664,1920,134879
1664,1952,135598
1664,1984,138531
1664,2016,139023
1664,2048,144927
1664,2080,147050
1664,2112,185364
1664,2144,187548
1664,2176,191438
1664,2208,192472
1664,2240,194263
1664,2272,195310
1664,2304,196942
1664,2336,198101
1664,2368,199690
1664,2400,201219
1664,2432,203004
1664,2464,204320
1664,2496,206058
1664,2528,207460
1664,2560,210023
1664,2592,215677
1664,2624,230382
1664,2656,236151
1664,2688,238842
1664,2720,240165
1664,2752,241287
1664,2784,242119
1664,2816,243361
1664,2848,244316
1664,2880,245570
1664,2912,246276
1664,2944,248216
1664,2976,249461
1664,3008,250987
1664,3040,252100
1664,3072,254750
1664,3104,258455
1664,3136,271971
1664,3168,277240
1664,3200,281068
1664,3232,282269
1664,3264,284620
1664,3296,286148
1664,3328,288354
1664,3360,289239
1664,3392,291916
1664,3424,293609
1664,3456,297657
1664,3488,308373
1664,3520,317170
1664,3552,324032
1664,3584,330792
1664,3616,349301
1664,3648,397269
1664,3680,417007
1664,3712,426117
1664,3744,430014
1664,3776,432387
1664,3808,435853
1664,3840,440484
1664,3872,442526
1664,3904,445649
1664,3936,448754
1664,3968,455579
1664,4000,458014
1664,4032,460852
1664,4064,461568
1664,4096,463888
1664,4128,464121
1664,4160,464532
1664,4192,474002
1664,4224,476986
1664,4256,498920
1664,4288,499102
1664,4320,534372
1664,4352,534991
1664,4384,556297
1664,4416,556297
1664,4448,568685
1664,4480,568685
1664,4512,576504
1664,4544,576504
1664,4576,588038
1664,4608,588038
1664,4640,594009
1664,4672,594009
1664,4704,602083
1664,4736,602083
1664,4768,611845
1664,4800,611845
1664,4832,642065
1664,4864,642065
1664,4896,657465
1664,4928,657465
1664,4960,679518
1664,4992,679518
1664,5024,680223
1664,5056,680223
1664,5088,684149
1664,5120,684149
1664,5152,685709
1664,5184,685709
1664,5216,696193
1664,5248,696193
1664,5280,704585
1664,5312,704585
1664,5344,726881
1664,5376,726881
1664,5408,732994
1664,5440,732994
1664,5472,745589
1664,5504,745589
1664,5536,746775
1664,5568,746775
1664,5600,758204
1664,5632,758204
1664,5664,761771
1664,5696,761771
1664,5728,785831
1664,5760,785831
1664,5792,790065
1664,5824,790065
1664,5856,847254
1664,5888,847254
1664,5920,851424
1664,5952,851424
1664,5984,869248
1664,6016,869248
1664,6048,870415
1664,6080,870415
1664,6112,903742
1664,6144,903742
1664,6176,907485
1664,6208,907485
1664,6240,980125
1664,6272,980125
1664,6304,985061
1664,6336,985061
1664,6368,1082501
1664,6400,1082501
1664,6432,1088195
1664,6464,1088195
1664,6496,1149154
1664,6528,1149154
1664,6560,1152907
1664,6592,1152907
1664,6624,1188929
1664,6656,1188929
1664,6688,1194163
1664,6720,1194163
1664,6752,1252028
1664,6784,1252028
1664,6816,1265319
1664,6848,1265319
1664,6880,1356845
1664,6912,1356845
1664,6944,1366635
1664,6976,1366635
1664,7008,1424967
1664,7040,1424967
1664,7072,1428075
1664,7104,1428075
1664,7136,1490207
1664,7168,1490207
1664,7200,1495082
1664,7232,1495082
1664,7264,1528774
1664,7296,1528774
1664,7328,1549559
1664,7360,1549559
1664,7392,1646370
1664,7424,1646370
1664,7456,1663303
1664,7488,1663303
1664,7520,1732232
1664,7552,1732232
1664,7584,1736294
1664,7616,1736294
1664,7648,1795010
1664,7680,1795010
1664,7712,1802687
1664,7744,1802687
1664,7776,1865493
1664,7808,1865493
1664,7840,1888526
1664,7872,1888526
1664,7904,1986401
1664,7936,1986401
1664,7968,2003700
1664,8000,2003700
1664,8032,2030502
1664,8064,2030502
1664,8096,2038212
1664,8128,2038212
1664,8160,2052145
1664,8192,2052145
1664,8224,2058677
1664,8256,2058677
1664,8288,2068957
1664,8320,2068957
1664,8352,2072697
1664,8384,2072697
1664,8416,2089079
1664,8448,2089079
1664,8480,2113180
1664,8512,2113180
1664,8544,2185428
1664,8576,2185428
1664,8608,2217377
1664,8640,2217377
1664,8672,2238419
1664,8704,2238419
1664,8736,2245823
1664,8768,2245823
1664,8800,2279640
1664,8832,2279640
1664,8864,2291846
1664,8896,2291846
1664,8928,2323971
1664,8960,2323971
1664,8992,2356946
1664,9024,2356946
1664,9056,2407502
1664,9088,2407502
1664,9120,2429798
1664,9152,2429798
1664,9184,2449567
1664,9216,2449567
1664,9248,2458052
1664,9280,2458052
1664,9312,2469976
1664,9344,2469976
1664,9376,2483294
1664,9408,2483294
1664,9440,2491620
1664,9472,2491620
1664,9504,2525691
1664,9536,2525691
1664,9568,2599379
1664,9600,2599379
1664,9632,2632284
1664,9664,2632284
1664,9696,2650355
1664,9728,2650355
1664,9760,2661149
1664,9792,2661149
1664,9824,2679296
1664,9856,2679296
1664,9888,2692663
1664,9920,2692663
1664,9952,2702877
1664,9984,2702877
1664,10016,2725733
1664,10048,2725733
1664,10080,2817384
1664,10112,2817384
1664,10144,2859540
1664,10176,2859540
1664,10208,2876302
1664,10240,2876302
1664,10272,2884553
1664,10304,2884553
1664,10336,2901721
1664,10368,2901721
1664,10400,2913025
1664,10432,2913025
1664,10464,2929922
1664,10496,2929922
1664,10528,2974370
1664,10560,2974370
1664,10592,3061699
1664,10624,3061699
1664,10656,3092330
1664,10688,3092330
1664,10720,3116124
1664,10752,3116124
1664,10784,3135572
1664,10816,3135572
1664,10848,3151368
1664,10880,3151368
1664,10912,3167682
1664,10944,3167682
1664,10976,3190361
1664,11008,3190361
1664,11040,3215766
1664,11072,3215766
1664,11104,3296077
1664,11136,3296077
1664,11168,3328296
1664,11200,3328296
1664,11232,3340738
1664,11264,3340738
1664,11296,3343723
1664,11328,3343723
1664,11360,3358613
1664,11392,3358613
1664,11424,3374140
1664,11456,3374140
1664,11488,3387708
1664,11520,3387708
1664,11552,3419751
1664,11584,3419751
1664,11616,3478685
1664,11648,3478685
1664,11680,3498683
1664,11712,3498683
1664,11744,3528320
1664,11776,3528320
1664,11808,3533778
1664,11840,3533778
1664,11872,3538095
1664,11904,3538095
1664,11936,3549107
1664,11968,3549107
1664,12000,3564305
1664,12032,3564305
1664,12064,3580876
1664,12096,3580876
1664,12128,3626324
1664,12160,3626324
1664,12192,3647496
1664,12224,3647496
1664,12256,3661767
1664,12288,3661767
1664,12320,3665262
1664,12352,3665262
1664,12384,3669097
1664,12416,3669097
1664,12448,3673229
1664,12480,3673229
1664,12512,3689600
1664,12544,3689600
1664,12576,3693005
1664,12608,3693005
1664,12640,3703879
1664,12672,3703879
1664,12704,3713594
1664,12736,3713594
1664,12768,3753572
1664,12800,3753572
1664,12832,3759121
1664,12864,3759121
1664,12896,3773852
1664,12928,3773852
1664,12960,3774619
1664,12992,3774619
1664,13024,3775478
1664,13056,3775478
1664,13088,3782772
1664,13120,3782772
1664,13152,3783869
1664,13184,3783869
1664,13216,3796338
1664,13248,3796338
1664,13280,3821884
1664,13312,3821884
1664,13344,3826479
1664,13376,3826479
1664,13408,3829419
1664,13440,3829419
1664,13472,3833378
1664,13504,3833378
1664,13536,3834512
1664,13568,3834512
1664,13600,3839545
1664,13632,3839545
1664,13664,3850814
1664,13696,3850814
1664,13728,3869221
1664,13760,3869221
1664,13792,3916709
1664,13824,3916709
1664,13856,3929920
1664,13888,3929920
1664,13920,3951798
1664,13952,3951798
1664,13984,3972573
1664,14016,3972573
1664,14048,3995176
1664,14080,3995176
1664,14112,4002441
1664,14144,4002441
1664,14176,4048420
1664,14208,4048420
1664,14240,4087179
1664,14272,4087179
1664,14304,4193419
1664,14336,4193419
1664,14368,4230572
1664,14400,4230572
1664,14432,4270133
1664,14464,4270133
1664,14496,4296889
1664,14528,4296889
1664,14560,4320259
1664,14592,4320259
1664,14624,4339218
1664,14656,4339218
1664,14688,4435430
1664,14720,4435430
1664,14752,4464613
1664,14784,4464613
1664,14816,4629223
1664,14848,4629223
1664,14880,4643729
1664,14912,4643729
1664,14944,4738594
1664,14976,4738594
1664,15008,4774484
1664,15040,4774484
1664,15072,4906381
1664,15104,4906381
1664,15136,4933846
1664,15168,4933846
1664,15200,5039162
1664,15232,5039162
1664,15264,5143528
1664,15296,5143528
1664,15328,5370897
1664,15360,5370897
1664,15392,5436665
1664,15424,5436665
1664,15456,5540886
1664,15488,5540886
1664,15520,5563794
1664,15552,5563794
1664,15584,5633163
1664,15616,5633163
1664,15648,5673298
1664,15680,5673298
1664,15712,5788722
1664,15744,5788722
1664,15776,5894706
1664,15808,5894706
1664,15840,6104780
1664,15872,6104780
1664,15904,6198914
1664,15936,6198914
1664,15968,6318672
1664,16000,6318672
1664,16032,6380822
1664,16064,6380822
1664,16096,6437951
1664,16128,6437951
1664,16160,6508860
1664,16192,6508860
1664,16224,6562208
1664,16256,6562208
1664,16288,6662843
1664,16320,6662843
1664,16352,6878908
1664,16384,6878908
1664,16416,6882781
1664,16448,6882781
1664,16480,6935131
1664,16512,6935131
1664,16544,7009360
1664,16576,7009360
1664,16608,7026537
1664,16640,7026537
1664,16672,7137040
1664,16704,7137040
1664,16736,7147991
1664,16768,7147991
1664,16800,7242436
1664,16832,7242436
1664,16864,7244448
1664,16896,7244448
1664,16928,7452354
1664,16960,7452354
1664,16992,7466013
1664,17024,7466013
1664,17056,7866198
1664,17088,7866198
1664,17120,7874373
1664,17152,7874373
1664,17184,8117066
1664,17216,8117066
1664,17248,8117066
1664,17280,8117066
1664,17312,8415621
1664,17344,8415621
1664,17376,8415621
1664,17408,8415621
1664,17440,8524233
1664,17472,8524233
1664,17504,8524233
1664,17536,8524233
1664,17568,8693409
1664,17600,8693409
1664,17632,8693409
1664,17664,8693409
1664,17696,8833962
1664,17728,8833962
1664,17760,8833962
1664,17792,8833962
1664,17824,9001784
1664,17856,9001784
1664,17888,9001784
1664,17920,9001784
1664,17952,9119350
1664,17984,9119350
1664,18016,9119350
1664,18048,9119350
1664,18080,9384618
1664,18112,9384618
1664,18144,9384618
1664,18176,9384618
1664,18208,9508991
1664,18240,9508991
1664,18272,9508991
1664,18304,9508991
1664,18336,9785240
1664,18368,9785240
1664,18400,9785240
1664,18432,9785240
1664,18464,9941663
1664,18496,9941663
1664,18528,9941663
1664,18560,9941663
1664,18592,10197218
1664,18624,10197218
1664,18656,10197218
1664,18688,10197218
1664,18720,10294414
1664,18752,10294414
1664,18784,10294414
1664,18816,10294414
1664,18848,10541092
1664,18880,10541092
1664,18912,10541092
1664,18944,10541092
1664,18976,10673740
1664,19008,10673740
1664,19040,10673740
1664,19072,10673740
1664,19104,10918798
1664,19136,10918798
1664,19168,10918798
1664,19200,10918798
1664,19232,11034708
1664,19264,11034708
1664,19296,11034708
1664,19328,11034708
1664,19360,11153307
1664,19392,11153307
1664,19424,11153307
1664,19456,11153307
1664,19488,11289634
1664,19520,11289634
1664,19552,11289634
1664,19584,11289634
1664,19616,11582269
1664,19648,11582269
1664,19680,11582269
1664,19712,11582269
1664,19744,11659234
1664,19776,11659234
1664,19808,11659234
1664,19840,11659234
1664,19872,11853303
1664,19904,11853303
1664,19936,11853303
1664,19968,11853303
1664,20000,11953334
1664,20032,11953334
1664,20064,11953334
1664,20096,11953334
1664,20128,12181301
1664,20160,12181301
1664,20192,12181301
1664,20224,12181301
1664,20256,12304679
1664,20288,12304679
1664,20320,12304679
1664,20352,12304679
1664,20384,12424371
1664,20416,12424371
1664,20448,12424371
1664,20480,12424371
1664,20512,12482628
1664,20544,12482628
1664,20576,12482628
1664,20608,12482628
1664,20640,12623019
1664,20672,12623019
1664,20704,12623019
1664,20736,12623019
1664,20768,12684904
1664,20800,12684904
1664,20832,12684904
1664,20864,12684904
1664,20896,12762196
1664,20928,12762196
1664,20960,12762196
1664,20992,12762196
1664,21024,12840258
1664,21056,12840258
1664,21088,12840258
1664,21120,12840258
1664,21152,12962816
1664,21184,12962816
1664,21216,12962816
1664,21248,12962816
1664,21280,13081060
1664,21312,13081060
1664,21344,13081060
1664,21376,13081060
1664,21408,13218458
1664,21440,13218458
1664,21472,13218458
1664,21504,13218458
1664,21536,13287273
1664,21568,13287273
1664,21600,13287273
1664,21632,13287273
1664,21664,13326586
1664,21696,13326586
1664,21728,13326586
1664,21760,13326586
1664,21792,13371622
1664,21824,13371622
1664,21856,13371622
1664,21888,13371622
1664,21920,13425146
1664,21952,13425146
1664,21984,13425146
1664,22016,13425146
1664,22048,13445050
1664,22080,13445050
1664,22112,13445050
1664,22144,13445050
1664,22176,13519809
1664,22208,13519809
1664,22240,13519809
1664,22272,13519809
1664,22304,13544855
1664,22336,13544855
1664,22368,13544855
1664,22400,13544855
1664,22432,13623120
1664,22464,13623120
1664,22496,13623120
1664,22528,13623120
1664,22560,13700201
1664,22592,13700201
1664,22624,13700201
1664,22656,13700201
1664,22688,13806317
1664,22720,13806317
1664,22752,13806317
1664,22784,13806317
1664,22816,13840661
1664,22848,13840661
1664,22880,13840661
1664,22912,13840661
1664,22944,13870990
1664,22976,13870990
1664,23008,13870990
1664,23040,13870990
1664,23072,13896013
1664,23104,13896013
1664,23136,13896013
1664,23168,13896013
1664,23200,13941732
1664,23232,13941732
1664,23264,13941732
1664,23296,13941732
1664,23328,13998412
1664,23360,13998412
1664,23392,13998412
1664,23424,13998412
1664,23456,14039128
1664,23488,14039128
1664,23520,14039128
1664,23552,14039128
1664,23584,14095984
1664,23616,14095984
1664,23648,14095984
1664,23680,14095984
1664,23712,14119162
1664,23744,14119162
1664,23776,14119162
1664,23808,14119162
1664,23840,14134439
1664,23872,14134439
1664,23904,14134439
1664,23936,14134439
1664,23968,14167088
1664,24000,14167088
1664,24032,14167088
1664,24064,14167088
1664,24096,14184895
1664,24128,14184895
1664,24160,14184895
1664,24192,14184895
1664,24224,14204751
1664,24256,14204751
1664,24288,14204751
1664,24320,14204751
1664,24352,14214377
1664,24384,14214377
1664,24416,14214377
1664,24448,14214377
1664,24480,14244590
1664,24512,14244590
1664,24544,14244590
1664,24576,14244590
1664,24608,14260111
1664,24640,14260111
1664,24672,14260111
1664,24704,14260111
1664,24736,14283800
1664,24768,14283800
1664,24800,14283800
1664,24832,14283800
1664,24864,14288814
1664,24896,14288814
1664,24928,14288814
1664,24960,14288814
1664,24992,14327823
1664,25024,14327823
1664,25056,14327823
1664,25088,14327823
1664,25120,14358316
1664,25152,14358316
1664,25184,14358316
1664,25216,14358316
1664,25248,14369821
1664,25280,14369821
1664,25312,14369821
1664,25344,14369821
1664,25376,14392184
1664,25408,14392184
1664,25440,14392184
1664,25472,14392184
1664,25504,14395439
1664,25536,14395439
1664,25568,14395439
1664,25600,14395439
1664,25632,14403770
1664,25664,14403770
1664,25696,14403770
1664,25728,14403770
1664,25760,14417684
1664,25792,14417684
1664,25824,14417684
1664,25856,14417684
1664,25888,14427466
1664,25920,14427466
1664,25952,14427466
1664,25984,14427466
1664,26016,14438488
1664,26048,14438488
1664,26080,14438488
1664,26112,14438488
1664,26144,14446493
1664,26176,14446493
1664,26208,14446493
1664,26240,14446493
1664,26272,14447080
1664,26304,14447080
1664,26336,14447080
1664,26368,14447080
1664,26400,14448473
1664,26432,14448473
1664,26464,14448473
1664,26496,14448473
1664,26528,14457226
1664,26560,14457226
1664,26592,14457226
1664,26624,14457226
1664,26656,14457226
1664,26688,14457226
1664,26720,14457226
1664,26752,14457226
1664,26784,14457602
1664,26816,14457602
1664,26848,14457602
1664,26880,14457602
1664,26912,14457602
1664,26944,14457602
1664,26976,14457602
1664,27008,14457602
1664,27040,14460193
1664,27072,14460193
1664,27104,14460193
1664,27136,14460193
1664,27168,14463234
1664,27200,14463234
1664,27232,14463234
1664,27264,14463234
1664,27296,14464945
1664,27328,14464945
1664,27360,14464945
1664,27392,14464945
1664,27424,14464945
1664,27456,14464945
1664,27488,14464945
1664,27520,14464945
1664,27552,14464945
1664,27584,14464945
1664,27616,14464945
1664,27648,14464945
1664,27680,14464945
1664,27712,14464945
1664,27744,14464945
1664,27776,14464945
1664,27808,14464945
1664,27840,14464945
1664,27872,14464945
1664,27904,14464945
1664,27936,14472027
1664,27968,14472027
1664,28000,14472027
1664,28032,14472027
1664,28064,14472027
1664,28096,14472027
1664,28128,14472027
1664,28160,14472027
1664,28192,14472027
1664,28224,14472027
1664,28256,14472027
1664,28288,14472027
1664,28320,14472027
1664,28352,14472027
1664,28384,14472027
1664,28416,14472027
1664,28448,14472027
1664,28480,14472027
1664,28512,14472027
1664,28544,14472027
1664,28576,14472027
1664,28608,14472027
1664,28640,14472027
1664,28672,14472027
1664,28704,14472027
1664,28736,14472027
1664,28768,14472027
1664,28800,14472027
1664,28832,14472712
1664,28864,14472712
1664,28896,14472712
1664,28928,14472712
1664,28960,14472712
1664,28992,14472712
1664,29024,14472712
1664,29056,14472712
1664,29088,14472712
1664,29120,14472712
1664,29152,14472712
1664,29184,14472712
1664,29216,14477606
1664,29248,14477606
1664,29280,14477606
1664,29312,14477606
1664,29344,14477606
1664,29376,14477606
1664,29408,14477606
1664,29440,14477606
1664,29472,14477606
1664,29504,14477606
1664,29536,14477606
1664,29568,14477606
1664,29600,14477606
1664,29632,14477606
1664,29664,14477606
1664,29696,14477606
1664,29728,14477606
1664,29760,14477606
1664,29792,14477606
1664,29824,14477606
1664,29856,14477606
1664,29888,14477606
1664,29920,14477606
1664,29952,14477606
1664,29984,14477606
1664,30016,14477606
1664,30048,14477606
1664,30080,14477606
1664,30112,14477606
1664,30144,14477606
1664,30176,14477606
1664,30208,14477606
1664,30240,14477606
1664,30272,14477606
1664,30304,14477606
1664,30336,14477606
1664,30368,14477606
1664,30400,14477606
1664,30432,14477606
1664,30464,14477606
1664,30496,14477606
1664,30528,14477606
1664,30560,14477606
1664,30592,14477606
1664,30624,14477606
1664,30656,14477606
1664,30688,14477606
1664,30720,14477606
1664,30752,14477606
1664,30784,14477606
1664,30816,14477606
1664,30848,14477606
1664,30880,14477606
1664,30912,14477606
1664,30944,14477606
1664,30976,14477606
1664,31008,14477606
1664,31040,14477606
1664,31072,14477606
1664,31104,14477606
1664,31136,14477606
1664,31168,14477606
1664,31200,14477606
1664,31232,14477606
1664,31264,14477606
1664,31296,14477606
1664,31328,14477606
1664,31360,14477606
1664,31392,14477606
1664,31424,14477606
1664,31456,14477606
1664,31488,14477606
1664,31520,14477606
1664,31552,14477606
1664,31584,14477606
1664,31616,14477606
1664,31648,14477606
1664,31680,14477606
1664,31712,14477606
1664,31744,14477606
1664,31776,14477606
1664,31808,14477606
1664,31840,14477606
1664,31872,14477606
1664,31904,14477606
1664,31936,14477606
1664,31968,14477606
1664,32000,14477606
1664,32032,14477606
1664,32064,14477606
1664,32096,14477606
1664,32128,14477606
1664,32160,14477606
1664,32192,14477606
1664,32224,14477606
1664,32256,14477606
1664,32288,14477606
1664,32320,14477606
1664,32352,14477606
1664,32384,14477606
1664,32416,14477606
1664,32448,14477606
1664,32480,14477606
1664,32512,14477606
1664,32544,14477606
1664,32576,14477606
1664,32608,14477606
1664,32640,14477606
1664,32672,14477606
1664,32704,14477606
1664,32736,14477606
1664,32768,14477606
1664,32800,14477606
1664,32832,14477606
1664,32864,14477606
1664,32896,14477606
1664,32928,14477606
1664,32960,14477606
1664,32992,14477606
1664,33024,14477606
1664,33056,14477606
1664,33088,14477606
1664,33120,14477606
1664,33152,14477606
1664,33184,14477606
1664,33216,14477606
1664,33248,14477606
1664,33280,14477606
1664,33312,14477606
1664,33344,14477606
1664,33376,14477606
1664,33408,14477606
1664,33440,14477606
1664,33472,14477606
1664,33504,14477606
1664,33536,14477606
1664,33568,14477606
1664,33600,14477606
1664,33632,14477606
1664,33664,14477606
1664,33696,14477606
1664,33728,14477606
1664,33760,14477606
1664,33792,14477606
1664,33824,14477606
1664,33856,14477606
1664,33888,14477606
1664,33920,14477606
1664,33952,14477606
1664,33984,14477606
1664,34016,14477606
1664,34048,14477606
1664,34080,14477606
1664,34112,14477606
1664,34144,14477606
1664,34176,14477606
1664,34208,14477606
1664,34240,14477606
1664,34272,14477606
1664,34304,14477606
1664,34336,14477606
1664,34368,14477606
1664,34400,14477606
1664,34432,14477606
1664,34464,14477606
1664,34496,14477606
1664,34528,14477606
1664,34560,14477606
1664,34592,14477606
1664,34624,14477606
1664,34656,14477606
1664,34688,14477606
1664,34720,14477606
1664,34752,14477606
1664,34784,14477606
1664,34816,14477606
1664,34848,14477606
1664,34880,14477606
1664,34912,14477606
1664,34944,14477606
1664,34976,14477606
1664,35008,14477606
1664,35040,14477606
1664,35072,14477606
1664,35104,14477606
1664,35136,14477606
1664,35168,14477606
1664,35200,14477606
1664,35232,14477606
1664,35264,14477606
1664,35296,14477606
1664,35328,14477606
1664,35360,14477606
1664,35392,14477606
1664,35424,14477606
1664,35456,14477606
1664,35488,14477606
1664,35520,14477606
1664,35552,14477606
1664,35584,14477606
1664,35616,14477606
1664,35648,14477606
1664,35680,14477606
1664,35712,14477606
1664,35744,14477606
1664,35776,14477606
1664,35808,14477606
1664,35840,14477606
1664,35872,14477606
1664,35904,14477606
1664,35936,14477606
1664,35968,14477606
1664,36000,14477606
1664,36032,14477606
1664,36064,14477606
1664,36096,14477606
1664,36128,14477606
1664,36160,14477606
1664,36192,14477606
1664,36224,14477606
1664,36256,14477606
1664,36288,14477606
1664,36320,14477606
1664,36352,14477606
1664,36384,14477606
1664,36416,14477606
1664,36448,14477606
1664,36480,14477606
1664,36512,14477606
1664,36544,14477606
1664,36576,14477606
1664,36608,14477606
1664,36640,14477606
1664,36672,14477606
1664,36704,14477606
1664,36736,14477606
1664,36768,14477606
1664,36800,14477606
1664,36832,14477606
1664,36864,14477606
1664,36896,14477606
1664,36928,14477606
1664,36960,14477606
1664,36992,14477606
1664,37024,14477606
1664,37056,14477606
1664,37088,14477606
1664,37120,14477606
1664,37152,14477606
1664,37184,14477606
1664,37216,14477606
1664,37248,14477606
1664,37280,14477606
1664,37312,14477606
1664,37344,14477606
1664,37376,14477606
1664,37408,14477606
1664,37440,14477606
1664,37472,14477606
1664,37504,14477606
1664,37536,14477606
1664,37568,14477606
1664,37600,14477606
1664,37632,14477606
1664,37664,14477606
1664,37696,14477606
1664,37728,14477606
1664,37760,14477606
1664,37792,14477606
1664,37824,14477606
1664,37856,14477606
1664,37888,14477606
1664,37920,14477606
1664,37952,14477606
1664,37984,14477606
1664,38016,14477606
1664,38048,14477606
1664,38080,14477606
1664,38112,14477606
1664,38144,14477606
1664,38176,14477606
1664,38208,14477606
1664,38240,14477606
1664,38272,14477606
1664,38304,14477606
1664,38336,14477606
1664,38368,14477606
1664,38400,14477606
1664,38432,14477606
1664,38464,14477606
1664,38496,14477606
1664,38528,14477606
1664,38560,14477606
1664,38592,14477606
1664,38624,14477606
1664,38656,14477606
1664,38688,14477606
1664,38720,14477606
1664,38752,14477606
1664,38784,14477606
1664,38816,14477606
1664,38848,14477606
1664,38880,14477606
1664,38912,14477606
1664,38944,14477606
1664,38976,14477606
1664,39008,14477606
1664,39040,14477606
1664,39072,14477606
1664,39104,14477606
1664,39136,14477606
1664,39168,14477606
1664,39200,14477606
1664,39232,14477606
1664,39264,14477606
1664,39296,14477606
1664,39328,14477606
1664,39360,14477606
1664,39392,14477606
1664,39424,14477606
1664,39456,14477606
1664,39488,14477606
1664,39520,14477606
1664,39552,14477606
1664,39584,14477606
1664,39616,14477606
1664,39648,14477606
1664,39680,14477606
1664,39712,14477606
1664,39744,14477606
1664,39776,14477606
1664,39808,14477606
1664,39840,14477606
1664,39872,14477606
1664,39904,14477606
1664,39936,14477606
1664,39968,14477606
1664,40000,14477606
1664,40032,14477606
1664,40064,14477606
1664,40096,14477606
1664,40128,14477606
1664,40160,14477606
1664,40192,14477606
1664,40224,14477606
1664,40256,14477606
1664,40288,14477606
1664,40320,14477606
1664,40352,14477606
1664,40384,14477606
1664,40416,14477606
1664,40448,14477606
1664,40480,14477606
1664,40512,14477606
1664,40544,14477606
1664,40576,14477606
1664,40608,14477606
1664,40640,14477606
1664,40672,14477606
1664,40704,14477606
1664,40736,14477606
1664,40768,14477606
1664,40800,14477606
1664,40832,14477606
1664,40864,14477606
1664,40896,14477606
1664,40928,14477606
1664,40960,14477606
1728,32,40650
1728,64,40170
1728,96,40186
1728,128,40147
1728,160,40274
1728,192,40279
1728,224,40297
1728,256,40288
1728,288,40290
1728,320,40290
1728,352,40298
1728,384,40311
1728,416,40327
1728,448,40327
1728,480,40372
1728,512,41249
1728,544,62731
1728,576,66998
1728,608,67461
1728,640,67440
1728,672,67511
1728,704,67485
1728,736,67811
1728,768,67923
1728,800,68164
1728,832,68389
1728,864,68742
1728,896,69143
1728,928,69766
1728,960,70600
1728,992,71635
1728,1024,72633
1728,1056,73426
1728,1088,93626
1728,1120,98274
1728,1152,101207
1728,1184,101773
1728,1216,103216
1728,1248,104025
1728,1280,105103
1728,1312,105775
1728,1344,107176
1728,1376,107945
1728,1408,109248
1728,1440,109768
1728,1472,110487
1728,1504,111352
1728,1536,112117
1728,1568,114011
1728,1600,125143
1728,1632,126539
1728,1664,128533
1728,1696,129263
1728,1728,130907
1728,1760,131557
1728,1792,132936
1728,1824,133739
1728,1856,135380
1728,1888,136068
1728,1920,137377
1728,1952,138045
1728,1984,140808
1728,2016,141376
1728,2048,146990
1728,2080,149183
1728,2112,185762
1728,2144,187914
1728,2176,191538
1728,2208,192560
1728,2240,194351
1728,2272,195398
1728,2304,197030
1728,2336,198189
1728,2368,199778
1728,2400,201308
1728,2432,203093
1728,2464,204409
1728,2496,206146
1728,2528,207535
1728,2560,210098
1728,2592,215752
1728,2624,230445
1728,2656,236213
1728,2688,238904
1728,2720,240228
1728,2752,241350
1728,2784,242182
1728,2816,243424
1728,2848,244379
1728,2880,245632
1728,2912,246338
1728,2944,248278
1728,2976,249524
1728,3008,251050
1728,3040,252163
1728,3072,254813
1728,3104,258518
1728,3136,272021
1728,3168,277283
1728,3200,281099
1728,3232,282300
1728,3264,284651
1728,3296,286179
1728,3328,288379
1728,3360,289264
1728,3392,291940
1728,3424,293634
1728,3456,297682
1728,3488,308373
1728,3520,317170
1728,3552,324032
1728,3584,330792
1728,3616,349301
1728,3648,397269
1728,3680,417007
1728,3712,426117
1728,3744,430014
1728,3776,432387
1728,3808,435853
1728,3840,440484
1728,3872,442526
1728,3904,445649
1728,3936,448754
1728,3968,455579
1728,4000,458014
1728,4032,460852
1728,4064,461568
1728,4096,463888
1728,4128,464121
1728,4160,464532
1728,4192,474002
1728,4224,476986
1728,4256,498920
1728,4288,499102
1728,4320,534372
1728,4352,534991
1728,4384,556297
1728,4416,556297
1728,4448,568685
1728,4480,568685
1728,4512,576504
1728,4544,576504
1728,4576,588038
1728,4608,588038
1728,4640,594009
1728,4672,594009
1728,4704,602083
1728,4736,602083
1728,4768,611845
1728,4800,611845
1728,4832,642065
1728,4864,642065
1728,4896,657465
1728,4928,657465
1728,4960,679518
1728,4992,679518
1728,5024,680223
1728,5056,680223
1728,5088,684149
1728,5120,684149
1728,5152,685709
1728,5184,685709
1728,5216,696193
1728,5248,696193
1728,5280,704585
1728,5312,704585
1728,5344,726881
1728,5376,726881
1728,5408,732994
1728,5440,732994
1728,5472,745589
1728,5504,745589
1728,5536,746775
1728,5568,746775
1728,5600,758204
1728,5632,758204
1728,5664,761771
1728,5696,761771
1728,5728,785831
1728,5760,785831
1728,5792,790065
1728,5824,790065
1728,5856,847254
1728,5888,847254
1728,5920,851424
1728,5952,851424
1728,5984,869248
1728,6016,869248
1728,6048,870415
1728,6080,870415
1728,6112,903742
1728,6144,903742
1728,6176,907485
1728,6208,907485
1728,6240,980125
1728,6272,980125
1728,6304,985061
1728,6336,985061
1728,6368,1082501
1728,6400,1082501
1728,6432,1088195
1728,6464,1088195
1728,6496,1149154
1728,6528,1149154
1728,6560,1152907
1728,6592,1152907
1728,6624,1188929
1728,6656,1188929
1728,6688,1194163
1728,6720,1194163
1728,6752,1252028
1728,6784,1252028
1728,6816,1265319
1728,6848,1265319
1728,6880,1356845
1728,6912,1356845
1728,6944,1366635
1728,6976,1366635
1728,7008,1424967
1728,7040,1424967
1728,7072,1428075
1728,7104,1428075
1728,7136,1490207
1728,7168,1490207
1728,7200,1495082
1728,7232,1495082
1728,7264,1528774
1728,7296,1528774
1728,7328,1549559
1728,7360,1549559
1728,7392,1646370
1728,7424,1646370
1728,7456,1663303
1728,7488,1663303
1728,7520,1732232
1728,7552,1732232
1728,7584,1736294
1728,7616,1736294
1728,7648,1795010
1728,7680,1795010
1728,7712,1802687
1728,7744,1802687
1728,7776,1865493
1728,7808,1865493
1728,7840,1888526
1728,7872,1888526
1728,7904,1986401
1728,7936,1986401
1728,7968,2003700
1728,8000,2003700
1728,8032,2030502
1728,8064,2030502
1728,8096,2038212
1728,8128,2038212
1728,8160,2052145
1728,8192,2052145
1728,8224,2058677
1728,8256,2058677
1728,8288,2068957
1728,8320,2068957
1728,8352,2072697
1728,8384,2072697
1728,8416,2089079
1728,8448,2089079
1728,8480,2113180
1728,8512,2113180
1728,8544,2185428
1728,8576,2185428
1728,8608,2217377
1728,8640,2217377
1728,8672,2238419
1728,8704,2238419
1728,8736,2245823
1728,8768,2245823
1728,8800,2279640
1728,8832,2279640
1728,8864,2291846
1728,8896,2291846
1728,8928,2323971
1728,8960,2323971
1728,8992,2356946
1728,9024,2356946
1728,9056,2407502
1728,9088,2407502
1728,9120,2429798
1728,9152,2429798
1728,9184,2449567
1728,9216,2449567
1728,9248,2458052
1728,9280,2458052
1728,9312,2469976
1728,9344,2469976
1728,9376,2483294
1728,9408,2483294
1728,9440,2491620
1728,9472,2491620
1728,9504,2525691
1728,9536,2525691
1728,9568,2599379
1728,9600,2599379
1728,9632,2632284
1728,9664,2632284
1728,9696,2650355
1728,9728,2650355
1728,9760,2661149
1728,9792,2661149
1728,9824,2679296
1728,9856,2679296
1728,9888,2692663
1728,9920,2692663
1728,9952,2702877
1728,9984,2702877
1728,10016,2725733
1728,10048,2725733
1728,10080,2817384
1728,10112,2817384
1728,10144,2859540
1728,10176,2859540
1728,10208,2876302
1728,10240,2876302
1728,10272,2884553
1728,10304,2884553
1728,10336,2901721
1728,10368,2901721
1728,10400,2913025
1728,10432,2913025
1728,10464,2929922
1728,10496,2929922
1728,10528,2974370
1728,10560,2974370
1728,10592,3061699
1728,10624,3061699
1728,10656,3092330
1728,10688,3092330
1728,10720,3116124
1728,10752,3116124
1728,10784,3135572
1728,10816,3135572
1728,10848,3151368
1728,10880,3151368
1728,10912,3167682
1728,10944,3167682
1728,10976,3190361
1728,11008,3190361
1728,11040,3215766
1728,11072,3215766
1728,11104,3296077
1728,11136,3296077
1728,11168,3328296
1728,11200,3328296
1728,11232,3340738
1728,11264,3340738
1728,11296,3343723
1728,11328,3343723
1728,11360,3358613
1728,11392,3358613
1728,11424,3374140
1728,11456,3374140
1728,11488,3387708
1728,11520,3387708
1728,11552,3419751
1728,11584,3419751
1728,11616,3478685
1728,11648,3478685
1728,11680,3498683
1728,11712,3498683
1728,11744,3528320
1728,11776,3528320
1728,11808,3533778
1728,11840,3533778
1728,11872,3538095
1728,11904,3538095
1728,11936,3549107
1728,11968,3549107
1728,12000,3564305
1728,12032,3564305
1728,12064,3580876
1728,12096,3580876
1728,12128,3626324
1728,12160,3626324
1728,12192,3647496
1728,12224,3647496
1728,12256,3661767
1728,12288,3661767
1728,12320,3665262
1728,12352,3665262
1728,12384,3669097
1728,12416,3669097
1728,12448,3673229
1728,12480,3673229
1728,12512,3689600
1728,12544,3689600
1728,12576,3693005
1728,12608,3693005
1728,12640,3703879
1728,12672,3703879
1728,12704,3713594
1728,12736,3713594
1728,12768,3753572
1728,12800,3753572
1728,12832,3759121
1728,12864,3759121
1728,12896,3773852
1728,12928,3773852
1728,12960,3774619
1728,12992,3774619
1728,13024,3775478
1728,13056,3775478
1728,13088,3782772
1728,13120,3782772
1728,13152,3783869
1728,13184,3783869
1728,13216,3796338
1728,13248,3796338
1728,13280,3821884
1728,13312,3821884
1728,13344,3826479
1728,13376,3826479
1728,13408,3829419
1728,13440,3829419
1728,13472,3833378
1728,13504,3833378
1728,13536,3834512
1728,13568,3834512
1728,13600,3839545
1728,13632,3839545
1728,13664,3850814
1728,13696,3850814
1728,13728,3869221
1728,13760,3869221
1728,13792,3916709
1728,13824,3916709
1728,13856,3929920
1728,13888,3929920
1728,13920,3951798
1728,13952,3951798
1728,13984,3972573
1728,14016,3972573
1728,14048,3995176
1728,14080,3995176
1728,14112,4002441
1728,14144,4002441
1728,14176,4048420
1728,14208,4048420
1728,14240,4087179
1728,14272,4087179
1728,14304,4193419
1728,14336,4193419
1728,14368,4230572
1728,14400,4230572
1728,14432,4270133
1728,14464,4270133
1728,14496,4296889
1728,14528,4296889
1728,14560,4320259
1728,14592,4320259
1728,14624,4339218
1728,14656,4339218
1728,14688,4435430
1728,14720,4435430
1728,14752,4464613
1728,14784,4464613
1728,14816,4629223
1728,14848,4629223
1728,14880,4643729
1728,14912,4643729
1728,14944,4738594
1728,14976,4738594
1728,15008,4774484
1728,15040,4774484
1728,15072,4906381
1728,15104,4906381
1728,15136,4933846
1728,15168,4933846
1728,15200,5039162
1728,15232,5039162
1728,15264,5143528
1728,15296,5143528
1728,15328,5370897
1728,15360,5370897
1728,15392,5436665
1728,15424,5436665
1728,15456,5540886
1728,15488,5540886
1728,15520,5563794
1728,15552,5563794
1728,15584,5633163
1728,15616,5633163
1728,15648,5673298
1728,15680,5673298
1728,15712,5788722
1728,15744,5788722
1728,15776,5894706
1728,15808,5894706
1728,15840,6104780
1728,15872,6104780
1728,15904,6198914
1728,15936,6198914
1728,15968,6318672
1728,16000,6318672
1728,16032,6380822
1728,16064,6380822
1728,16096,6437951
1728,16128,6437951
1728,16160,6508860
1728,16192,6508860
1728,16224,6562208
1728,16256,6562208
1728,16288,6662843
1728,16320,6662843
1728,16352,6878908
1728,16384,6878908
1728,16416,6882781
1728,16448,6882781
1728,16480,6935131
1728,16512,6935131
1728,16544,7009360
1728,16576,7009360
1728,16608,7026537
1728,16640,7026537
1728,16672,7137040
1728,16704,7137040
1728,16736,7147991
1728,16768,7147991
1728,16800,7242436
1728,16832,7242436
1728,16864,7244448
1728,16896,7244448
1728,16928,7452354
1728,16960,7452354
1728,16992,7466013
1728,17024,7466013
1728,17056,7866198
1728,17088,7866198
1728,17120,7874373
1728,17152,7874373
1728,17184,8117066
1728,17216,8117066
1728,17248,8117066
1728,17280,8117066
1728,17312,8415621
1728,17344,8415621
1728,17376,8415621
1728,17408,8415621
1728,17440,8524233
1728,17472,8524233
1728,17504,8524233
1728,17536,8524233
1728,17568,8693409
1728,17600,8693409
1728,17632,8693409
1728,17664,8693409
1728,17696,8833962
1728,17728,8833962
1728,17760,8833962
1728,17792,8833962
1728,17824,9001784
1728,17856,9001784
1728,17888,9001784
1728,17920,9001784
1728,17952,9119350
1728,17984,9119350
1728,18016,9119350
1728,18048,9119350
1728,18080,9384618
1728,18112,9384618
1728,18144,9384618
1728,18176,9384618
1728,18208,9508991
1728,18240,9508991
1728,18272,9508991
1728,18304,9508991
1728,18336,9785240
1728,18368,9785240
1728,18400,9785240
1728,18432,9785240
1728,18464,9941663
1728,18496,9941663
1728,18528,9941663
1728,18560,9941663
1728,18592,10197218
1728,18624,10197218
1728,18656,10197218
1728,18688,10197218
1728,18720,10294414
1728,18752,10294414
1728,18784,10294414
1728,18816,10294414
1728,18848,10541092
1728,18880,10541092
1728,18912,10541092
1728,18944,10541092
1728,18976,10673740
1728,19008,10673740
1728,19040,10673740
1728,19072,10673740
1728,19104,10918798
1728,19136,10918798
1728,19168,10918798
1728,19200,10918798
1728,19232,11034708
1728,19264,11034708
1728,19296,11034708
1728,19328,11034708
1728,19360,11153307
1728,19392,11153307
1728,19424,11153307
1728,19456,11153307
1728,19488,11289634
1728,19520,11289634
1728,19552,11289634
1728,19584,11289634
1728,19616,11582269
1728,19648,11582269
1728,19680,11582269
1728,19712,11582269
1728,19744,11659234
1728,19776,11659234
1728,19808,11659234
1728,19840,11659234
1728,19872,11853303
1728,19904,11853303
1728,19936,11853303
1728,19968,11853303
1728,20000,11953334
1728,20032,11953334
1728,20064,11953334
1728,20096,11953334
1728,20128,12181301
1728,20160,12181301
1728,20192,12181301
1728,20224,12181301
1728,20256,12304679
1728,20288,12304679
1728,20320,12304679
1728,20352,12304679
1728,20384,12424371
1728,20416,12424371
1728,20448,12424371
1728,20480,12424371
1728,20512,12482628
1728,20544,12482628
1728,20576,12482628
1728,20608,12482628
1728,20640,12623019
1728,20672,12623019
1728,20704,12623019
1728,20736,12623019
1728,20768,12684904
1728,20800,12684904
1728,20832,12684904
1728,20864,12684904
1728,20896,12762196
1728,20928,12762196
1728,20960,12762196
1728,20992,12762196
1728,21024,12840258
1728,21056,12840258
1728,21088,12840258
1728,21120,12840258
1728,21152,12962816
1728,21184,12962816
1728,21216,12962816
1728,21248,12962816
1728,21280,13081060
1728,21312,13081060
1728,21344,13081060
1728,21376,13081060
1728,21408,13218458
1728,21440,13218458
1728,21472,13218458
1728,21504,13218458
1728,21536,13287273
1728,21568,13287273
1728,21600,13287273
1728,21632,13287273
1728,21664,13326586
1728,21696,13326586
1728,21728,13326586
1728,21760,13326586
1728,21792,13371622
1728,21824,13371622
1728,21856,13371622
1728,21888,13371622
1728,21920,13425146
1728,21952,13425146
1728,21984,13425146
1728,22016,13425146
1728,22048,13445050
1728,22080,13445050
1728,22112,13445050
1728,22144,13445050
1728,22176,13519809
1728,22208,13519809
1728,22240,13519809
1728,22272,13519809
1728,22304,13544855
1728,22336,13544855
1728,22368,13544855
1728,22400,13544855
1728,22432,13623120
1728,22464,13623120
1728,22496,13623120
1728,22528,13623120
1728,22560,13700201
1728,22592,13700201
1728,22624,13700201
1728,22656,13700201
1728,22688,13806317
1728,22720,13806317
1728,22752,13806317
1728,22784,13806317
1728,22816,13840661
1728,22848,13840661
1728,22880,13840661
1728,22912,13840661
1728,22944,13870990
1728,22976,13870990
1728,23008,13870990
1728,23040,13870990
1728,23072,13896013
1728,23104,13896013
1728,23136,13896013
1728,23168,13896013
1728,23200,13941732
1728,23232,13941732
1728,23264,13941732
1728,23296,13941732
1728,23328,13998412
1728,23360,13998412
1728,23392,13998412
1728,23424,13998412
1728,23456,14039128
1728,23488,14039128
1728,23520,14039128
1728,23552,14039128
1728,23584,14095984
1728,23616,14095984
1728,23648,14095984
1728,23680,14095984
1728,23712,14119162
1728,23744,14119162
1728,23776,14119162
1728,23808,14119162
1728,23840,14134439
1728,23872,14134439
1728,23904,14134439
1728,23936,14134439
1728,23968,14167088
1728,24000,14167088
1728,24032,14167088
1728,24064,14167088
1728,24096,14184895
1728,24128,14184895
1728,24160,14184895
1728,24192,14184895
1728,24224,14204751
1728,24256,14204751
1728,24288,14204751
1728,24320,14204751
1728,24352,14214377
1728,24384,14214377
1728,24416,14214377
1728,24448,14214377
1728,24480,14244590
1728,24512,14244590
1728,24544,14244590
1728,24576,14244590
1728,24608,14260111
1728,24640,14260111
1728,24672,14260111
1728,24704,14260111
1728,24736,14283800
1728,24768,14283800
1728,24800,14283800
1728,24832,14283800
1728,24864,14288814
1728,24896,14288814
1728,24928,14288814
1728,24960,14288814
1728,24992,14327823
1728,25024,14327823
1728,25056,14327823
1728,25088,14327823
1728,25120,14358316
1728,25152,14358316
1728,25184,14358316
1728,25216,14358316
1728,25248,14369821
1728,25280,14369821
1728,25312,14369821
1728,25344,14369821
1728,25376,14392184
1728,25408,14392184
1728,25440,14392184
1728,25472,14392184
1728,25504,14395439
1728,25536,14395439
1728,25568,14395439
1728,25600,14395439
1728,25632,14403770
1728,25664,14403770
1728,25696,14403770
1728,25728,14403770
1728,25760,14417684
1728,25792,14417684
1728,25824,14417684
1728,25856,14417684
1728,25888,14427466
1728,25920,14427466
1728,25952,14427466
1728,25984,14427466
1728,26016,14438488
1728,26048,14438488
1728,26080,14438488
1728,26112,14438488
1728,26144,14446493
1728,26176,14446493
1728,26208,14446493
1728,26240,14446493
1728,26272,14447080
1728,26304,14447080
1728,26336,14447080
1728,26368,14447080
1728,26400,14448473
1728,26432,14448473
1728,26464,14448473
1728,26496,14448473
1728,26528,14457226
1728,26560,14457226
1728,26592,14457226
1728,26624,14457226
1728,26656,14457226
1728,26688,14457226
1728,26720,14457226
1728,26752,14457226
1728,26784,14457602
1728,26816,14457602
1728,26848,14457602
1728,26880,14457602
1728,26912,14457602
1728,26944,14457602
1728,26976,14457602
1728,27008,14457602
1728,27040,14460193
1728,27072,14460193
1728,27104,14460193
1728,27136,14460193
1728,27168,14463234
1728,27200,14463234
1728,27232,14463234
1728,27264,14463234
1728,27296,14464945
1728,27328,14464945
1728,27360,14464945
1728,27392,14464945
1728,27424,14464945
1728,27456,14464945
1728,27488,14464945
1728,27520,14464945
1728,27552,14464945
1728,27584,14464945
1728,27616,14464945
1728,27648,14464945
1728,27680,14464945
1728,27712,14464945
1728,27744,14464945
1728,27776,14464945
1728,27808,14464945
1728,27840,14464945
1728,27872,14464945
1728,27904,14464945
1728,27936,14472027
1728,27968,14472027
1728,28000,14472027
1728,28032,14472027
1728,28064,14472027
1728,28096,14472027
1728,28128,14472027
1728,28160,14472027
1728,28192,14472027
1728,28224,14472027
1728,28256,14472027
1728,28288,14472027
1728,28320,14472027
1728,28352,14472027
1728,28384,14472027
1728,28416,14472027
1728,28448,14472027
1728,28480,14472027
1728,28512,14472027
1728,28544,14472027
1728,28576,14472027
1728,28608,14472027
1728,28640,14472027
1728,28672,14472027
1728,28704,14472027
1728,28736,14472027
1728,28768,14472027
1728,28800,14472027
1728,28832,14472712
1728,28864,14472712
1728,28896,14472712
1728,28928,14472712
1728,28960,14472712
1728,28992,14472712
1728,29024,14472712
1728,29056,14472712
1728,29088,14472712
1728,29120,14472712
1728,29152,14472712
1728,29184,14472712
1728,29216,14477606
1728,29248,14477606
1728,29280,14477606
1728,29312,14477606
1728,29344,14477606
1728,29376,14477606
1728,29408,14477606
1728,29440,14477606
1728,29472,14477606
1728,29504,14477606
1728,29536,14477606
1728,29568,14477606
1728,29600,14477606
1728,29632,14477606
1728,29664,14477606
1728,29696,14477606
1728,29728,14477606
1728,29760,14477606
1728,29792,14477606
1728,29824,14477606
1728,29856,14477606
1728,29888,14477606
1728,29920,14477606
1728,29952,14477606
1728,29984,14477606
1728,30016,14477606
1728,30048,14477606
1728,30080,14477606
1728,30112,14477606
1728,30144,14477606
1728,30176,14477606
1728,30208,14477606
1728,30240,14477606
1728,30272,14477606
1728,30304,14477606
1728,30336,14477606
1728,30368,14477606
1728,30400,14477606
1728,30432,14477606
1728,30464,14477606
1728,30496,14477606
1728,30528,14477606
1728,30560,14477606
1728,30592,14477606
1728,30624,14477606
1728,30656,14477606
1728,30688,14477606
1728,30720,14477606
1728,30752,14477606
1728,30784,14477606
1728,30816,14477606
1728,30848,14477606
1728,30880,14477606
1728,30912,14477606
1728,30944,14477606
1728,30976,14477606
1728,31008,14477606
1728,31040,14477606
1728,31072,14477606
1728,31104,14477606
1728,31136,14477606
1728,31168,14477606
1728,31200,14477606
1728,31232,14477606
1728,31264,14477606
1728,31296,14477606
1728,31328,14477606
1728,31360,14477606
1728,31392,14477606
1728,31424,14477606
1728,31456,14477606
1728,31488,14477606
1728,31520,14477606
1728,31552,14477606
1728,31584,14477606
1728,31616,14477606
1728,31648,14477606
1728,31680,14477606
1728,31712,14477606
1728,31744,14477606
1728,31776,14477606
1728,31808,14477606
1728,31840,14477606
1728,31872,14477606
1728,31904,14477606
1728,31936,14477606
1728,31968,14477606
1728,32000,14477606
1728,32032,14477606
1728,32064,14477606
1728,32096,14477606
1728,32128,14477606
1728,32160,14477606
1728,32192,14477606
1728,32224,14477606
1728,32256,14477606
1728,32288,14477606
1728,32320,14477606
1728,32352,14477606
1728,32384,14477606
1728,32416,14477606
1728,32448,14477606
1728,32480,14477606
1728,32512,14477606
1728,32544,14477606
1728,32576,14477606
1728,32608,14477606
1728,32640,14477606
1728,32672,14477606
1728,32704,14477606
1728,32736,14477606
1728,32768,14477606
1728,32800,14477606
1728,32832,14477606
1728,32864,14477606
1728,32896,14477606
1728,32928,14477606
1728,32960,14477606
1728,32992,14477606
1728,33024,14477606
1728,33056,14477606
1728,33088,14477606
1728,33120,14477606
1728,33152,14477606
1728,33184,14477606
1728,33216,14477606
1728,33248,14477606
1728,33280,14477606
1728,33312,14477606
1728,33344,14477606
1728,33376,14477606
1728,33408,14477606
1728,33440,14477606
1728,33472,14477606
1728,33504,14477606
1728,33536,14477606
1728,33568,14477606
1728,33600,14477606
1728,33632,14477606
1728,33664,14477606
1728,33696,14477606
1728,33728,14477606
1728,33760,14477606
1728,33792,14477606
1728,33824,14477606
1728,33856,14477606
1728,33888,14477606
1728,33920,14477606
1728,33952,14477606
1728,33984,14477606
1728,34016,14477606
1728,34048,14477606
1728,34080,14477606
1728,34112,14477606
1728,34144,14477606
1728,34176,14477606
1728,34208,14477606
1728,34240,14477606
1728,34272,14477606
1728,34304,14477606
1728,34336,14477606
1728,34368,14477606
1728,34400,14477606
1728,34432,14477606
1728,34464,14477606
1728,34496,14477606
1728,34528,14477606
1728,34560,14477606
1728,34592,14477606
1728,34624,14477606
1728,34656,14477606
1728,34688,14477606
1728,34720,14477606
1728,34752,14477606
1728,34784,14477606
1728,34816,14477606
1728,34848,14477606
1728,34880,14477606
1728,34912,14477606
1728,34944,14477606
1728,34976,14477606
1728,35008,14477606
1728,35040,14477606
1728,35072,14477606
1728,35104,14477606
1728,35136,14477606
1728,35168,14477606
1728,35200,14477606
1728,35232,14477606
1728,35264,14477606
1728,35296,14477606
1728,35328,14477606
1728,35360,14477606
1728,35392,14477606
1728,35424,14477606
1728,35456,14477606
1728,35488,14477606
1728,35520,14477606
1728,35552,14477606
1728,35584,14477606
1728,35616,14477606
1728,35648,14477606
1728,35680,14477606
1728,35712,14477606
1728,35744,14477606
1728,35776,14477606
1728,35808,14477606
1728,35840,14477606
1728,35872,14477606
1728,35904,14477606
1728,35936,14477606
1728,35968,14477606
1728,36000,14477606
1728,36032,14477606
1728,36064,14477606
1728,36096,14477606
1728,36128,14477606
1728,36160,14477606
1728,36192,14477606
1728,36224,14477606
1728,36256,14477606
1728,36288,14477606
1728,36320,14477606
1728,36352,14477606
1728,36384,14477606
1728,36416,14477606
1728,36448,14477606
1728,36480,14477606
1728,36512,14477606
1728,36544,14477606
1728,36576,14477606
1728,36608,14477606
1728,36640,14477606
1728,36672,14477606
1728,36704,14477606
1728,36736,14477606
1728,36768,14477606
1728,36800,14477606
1728,36832,14477606
1728,36864,14477606
1728,36896,14477606
1728,36928,14477606
1728,36960,14477606
1728,36992,14477606
1728,37024,14477606
1728,37056,14477606
1728,37088,14477606
1728,37120,14477606
1728,37152,14477606
1728,37184,14477606
1728,37216,14477606
1728,37248,14477606
1728,37280,14477606
1728,37312,14477606
1728,37344,14477606
1728,37376,14477606
1728,37408,14477606
1728,37440,14477606
1728,37472,14477606
1728,37504,14477606
1728,37536,14477606
1728,37568,14477606
1728,37600,14477606
1728,37632,14477606
1728,37664,14477606
1728,37696,14477606
1728,37728,14477606
1728,37760,14477606
1728,37792,14477606
1728,37824,14477606
1728,37856,14477606
1728,37888,14477606
1728,37920,14477606
1728,37952,14477606
1728,37984,14477606
1728,38016,14477606
1728,38048,14477606
1728,38080,14477606
1728,38112,14477606
1728,38144,14477606
1728,38176,14477606
1728,38208,14477606
1728,38240,14477606
1728,38272,14477606
1728,38304,14477606
1728,38336,14477606
1728,38368,14477606
1728,38400,14477606
1728,38432,14477606
1728,38464,14477606
1728,38496,14477606
1728,38528,14477606
1728,38560,14477606
1728,38592,14477606
1728,38624,14477606
1728,38656,14477606
1728,38688,14477606
1728,38720,14477606
1728,38752,14477606
1728,38784,14477606
1728,38816,14477606
1728,38848,14477606
1728,38880,14477606
1728,38912,14477606
1728,38944,14477606
1728,38976,14477606
1728,39008,14477606
1728,39040,14477606
1728,39072,14477606
1728,39104,14477606
1728,39136,14477606
1728,39168,14477606
1728,39200,14477606
1728,39232,14477606
1728,39264,14477606
1728,39296,14477606
1728,39328,14477606
1728,39360,14477606
1728,39392,14477606
1728,39424,14477606
1728,39456,14477606
1728,39488,14477606
1728,39520,14477606
1728,39552,14477606
1728,39584,14477606
1728,39616,14477606
1728,39648,14477606
1728,39680,14477606
1728,39712,14477606
1728,39744,14477606
1728,39776,14477606
1728,39808,14477606
1728,39840,14477606
1728,39872,14477606
1728,39904,14477606
1728,39936,14477606
1728,39968,14477606
1728,40000,14477606
1728,40032,14477606
1728,40064,14477606
1728,40096,14477606
1728,40128,14477606
1728,40160,14477606
1728,40192,14477606
1728,40224,14477606
1728,40256,14477606
1728,40288,14477606
1728,40320,14477606
1728,40352,14477606
1728,40384,14477606
1728,40416,14477606
1728,40448,14477606
1728,40480,14477606
1728,40512,14477606
1728,40544,14477606
1728,40576,14477606
1728,40608,14477606
1728,40640,14477606
1728,40672,14477606
1728,40704,14477606
1728,40736,14477606
1728,40768,14477606
1728,40800,14477606
1728,40832,14477606
1728,40864,14477606
1728,40896,14477606
1728,40928,14477606
1728,40960,14477606
1792,32,42183
1792,64,41646
1792,96,41515
1792,128,41424
1792,160,41407
1792,192,41432
1792,224,41527
1792,256,41527
1792,288,41540
1792,320,41560
1792,352,41618
1792,384,41779
1792,416,42122
1792,448,42122
1792,480,42154
1792,512,42977
1792,544,65141
1792,576,69544
1792,608,70272
1792,640,70425
1792,672,70517
1792,704,70538
1792,736,70700
1792,768,70641
1792,800,70790
1792,832,70948
1792,864,71128
1792,896,71404
1792,928,71884
1792,960,72578
1792,992,73490
1792,1024,74360
1792,1056,75065
1792,1088,95660
1792,1120,100719
1792,1152,104228
1792,1184,104885
1792,1216,106468
1792,1248,107228
1792,1280,108232
1792,1312,108803
1792,1344,110170
1792,1376,110949
1792,1408,112279
1792,1440,112724
1792,1472,113480
1792,1504,114384
1792,1536,115084
1792,1568,116899
1792,1600,128187
1792,1632,129614
1792,1664,131432
1792,1696,132121
1792,1728,133762
1792,1760,134412
1792,1792,135792
1792,1824,136595
1792,1856,138229
1792,1888,138852
1792,1920,140301
1792,1952,141004
1792,1984,143559
1792,2016,144228
1792,2048,149631
1792,2080,151731
1792,2112,186346
1792,2144,188530
1792,2176,191999
1792,2208,193021
1792,2240,194757
1792,2272,195804
1792,2304,197218
1792,2336,198377
1792,2368,199966
1792,2400,201495
1792,2432,203280
1792,2464,204596
1792,2496,206334
1792,2528,207723
1792,2560,210280
1792,2592,215934
1792,2624,230567
1792,2656,236335
1792,2688,239026
1792,2720,240350
1792,2752,241472
1792,2784,242303
1792,2816,243546
1792,2848,244501
1792,2880,245754
1792,2912,246460
1792,2944,248400
1792,2976,249646
1792,3008,251172
1792,3040,252285
1792,3072,254935
1792,3104,258640
1792,3136,272137
1792,3168,277346
1792,3200,281162
1792,3232,282363
1792,3264,284714
1792,3296,286242
1792,3328,288435
1792,3360,289320
1792,3392,291997
1792,3424,293690
1792,3456,297738
1792,3488,308423
1792,3520,317221
1792,3552,324083
1792,3584,330811
1792,3616,349320
1792,3648,397282
1792,3680,417020
1792,3712,426130
1792,3744,430027
1792,3776,432400
1792,3808,435866
1792,3840,440497
1792,3872,442539
1792,3904,445662
1792,3936,448767
1792,3968,455592
1792,4000,458027
1792,4032,460865
1792,4064,461581
1792,4096,463901
1792,4128,464133
1792,4160,464545
1792,4192,474015
1792,4224,476999
1792,4256,498933
1792,4288,499115
1792,4320,534385
1792,4352,535004
1792,4384,556310
1792,4416,556310
1792,4448,568698
1792,4480,568698
1792,4512,576504
1792,4544,576504
1792,4576,588038
1792,4608,588038
1792,4640,594009
1792,4672,594009
1792,4704,602083
1792,4736,602083
1792,4768,611845
1792,4800,611845
1792,4832,642065
1792,4864,642065
1792,4896,657465
1792,4928,657465
1792,4960,679518
1792,4992,679518
1792,5024,680223
1792,5056,680223
1792,5088,684149
1792,5120,684149
1792,5152,685709
1792,5184,685709
1792,5216,696193
1792,5248,696193
1792,5280,704585
1792,5312,704585
1792,5344,726881
1792,5376,726881
1792,5408,732994
1792,5440,732994
1792,5472,745589
1792,5504,745589
1792,5536,746775
1792,5568,746775
1792,5600,758204
1792,5632,758204
1792,5664,761771
1792,5696,761771
1792,5728,785831
1792,5760,785831
1792,5792,790065
1792,5824,790065
1792,5856,847254
1792,5888,847254
1792,5920,851424
1792,5952,851424
1792,5984,869248
1792,6016,869248
1792,6048,870415
1792,6080,870415
1792,6112,903742
1792,6144,903742
1792,6176,907485
1792,6208,907485
1792,6240,980125
1792,6272,980125
1792,6304,985061
1792,6336,985061
1792,6368,1082501
1792,6400,1082501
1792,6432,1088195
1792,6464,1088195
1792,6496,1149154
1792,6528,1149154
1792,6560,1152907
1792,6592,1152907
1792,6624,1188929
1792,6656,1188929
1792,6688,1194163
1792,6720,1194163
1792,6752,1252028
1792,6784,1252028
1792,6816,1265319
1792,6848,1265319
1792,6880,1356845
1792,6912,1356845
1792,6944,1366635
1792,6976,1366635
1792,7008,1424967
1792,7040,1424967
1792,7072,1428075
1792,7104,1428075
1792,7136,1490207
1792,7168,1490207
1792,7200,1495082
1792,7232,1495082
1792,7264,1528774
1792,7296,1528774
1792,7328,1549559
1792,7360,1549559
1792,7392,1646370
1792,7424,1646370
1792,7456,1663303
1792,7488,1663303
1792,7520,1732232
1792,7552,1732232
1792,7584,1736294
1792,7616,1736294
1792,7648,1795010
1792,7680,1795010
1792,7712,1802687
1792,7744,1802687
1792,7776,1865493
1792,7808,1865493
1792,7840,1888526
1792,7872,1888526
1792,7904,1986401
1792,7936,1986401
1792,7968,2003700
1792,8000,2003700
1792,8032,2030502
1792,8064,2030502
1792,8096,2038212
1792,8128,2038212
1792,8160,2052145
1792,8192,2052145
1792,8224,2058677
1792,8256,2058677
1792,8288,2068957
1792,8320,2068957
1792,8352,2072697
1792,8384,2072697
1792,8416,2089079
1792,8448,2089079
1792,8480,2113180
1792,8512,2113180
1792,8544,2185428
1792,8576,2185428
1792,8608,2217377
1792,8640,2217377
1792,8672,2238419
1792,8704,2238419
1792,8736,2245823
1792,8768,2245823
1792,8800,2279640
1792,8832,2279640
1792,8864,2291846
1792,8896,2291846
1792,8928,2323971
1792,8960,2323971
1792,8992,2356946
1792,9024,2356946
1792,9056,2407502
1792,9088,2407502
1792,9120,2429798
1792,9152,2429798
1792,9184,2449567
1792,9216,2449567
1792,9248,2458052
1792,9280,2458052
1792,9312,2469976
1792,9344,2469976
1792,9376,2483294
1792,9408,2483294
1792,9440,2491620
1792,9472,2491620
1792,9504,2525691
1792,9536,2525691
1792,9568,2599379
1792,9600,2599379
1792,9632,2632284
1792,9664,2632284
1792,9696,2650355
1792,9728,2650355
1792,9760,2661149
1792,9792,2661149
1792,9824,2679296
1792,9856,2679296
1792,9888,2692663
1792,9920,2692663
1792,9952,2702877
1792,9984,2702877
1792,10016,2725733
1792,10048,2725733
1792,10080,2817384
1792,10112,2817384
1792,10144,2859540
1792,10176,2859540
1792,10208,2876302
1792,10240,2876302
1792,10272,2884553
1792,10304,2884553
1792,10336,2901721
1792,10368,2901721
1792,10400,2913025
1792,10432,2913025
1792,10464,2929922
1792,10496,2929922
1792,10528,2974370
1792,10560,2974370
1792,10592,3061699
1792,10624,3061699
1792,10656,3092330
1792,10688,3092330
1792,10720,3116124
1792,10752,3116124
1792,10784,3135572
1792,10816,3135572
1792,10848,3151368
1792,10880,3151368
1792,10912,3167682
1792,10944,3167682
1792,10976,3190361
1792,11008,3190361
1792,11040,3215766
1792,11072,3215766
1792,11104,3296077
1792,11136,3296077
1792,11168,3328296
1792,11200,3328296
1792,11232,3340738
1792,11264,3340738
1792,11296,3343723
1792,11328,3343723
1792,11360,3358613
1792,11392,3358613
1792,11424,3374140
1792,11456,3374140
1792,11488,3387708
1792,11520,3387708
1792,11552,3419751
1792,11584,3419751
1792,11616,3478685
1792,11648,3478685
1792,11680,3498683
1792,11712,3498683
1792,11744,3528320
1792,11776,3528320
1792,11808,3533778
1792,11840,3533778
1792,11872,3538095
1792,11904,3538095
1792,11936,3549107
1792,11968,3549107
1792,12000,3564305
1792,12032,3564305
1792,12064,3580876
1792,12096,3580876
1792,12128,3626324
1792,12160,3626324
1792,12192,3647496
1792,12224,3647496
1792,12256,3661767
1792,12288,3661767
1792,12320,3665262
1792,12352,3665262
1792,12384,3669097
1792,12416,3669097
1792,12448,3673229
1792,12480,3673229
1792,12512,3689600
1792,12544,3689600
1792,12576,3693005
1792,12608,3693005
1792,12640,3703879
1792,12672,3703879
1792,12704,3713594
1792,12736,3713594
1792,12768,3753572
1792,12800,3753572
1792,12832,3759121
1792,12864,3759121
1792,12896,3773852
1792,12928,3773852
1792,12960,3774619
1792,12992,3774619
1792,13024,3775478
1792,13056,3775478
1792,13088,3782772
1792,13120,3782772
1792,13152,3783869
1792,13184,3783869
1792,13216,3796338
1792,13248,3796338
1792,13280,3821884
1792,13312,3821884
1792,13344,3826479
1792,13376,3826479
1792,13408,3829419
1792,13440,3829419
1792,13472,3833378
1792,13504,3833378
1792,13536,3834512
1792,13568,3834512
1792,13600,3839545
1792,13632,3839545
1792,13664,3850814
1792,13696,3850814
1792,13728,3869221
1792,13760,3869221
1792,13792,3916709
1792,13824,3916709
1792,13856,3929920
1792,13888,3929920
1792,13920,3951798
1792,13952,3951798
1792,13984,3972573
1792,14016,3972573
1792,14048,3995176
1792,14080,3995176
1792,14112,4002441
1792,14144,4002441
1792,14176,4048420
1792,14208,4048420
1792,14240,4087179
1792,14272,4087179
1792,14304,4193419
1792,14336,4193419
1792,14368,4230572
1792,14400,4230572
1792,14432,4270133
1792,14464,4270133
1792,14496,4296889
1792,14528,4296889
1792,14560,4320259
1792,14592,4320259
1792,14624,4339218
1792,14656,4339218
1792,14688,4435430
1792,14720,4435430
1792,14752,4464613
1792,14784,4464613
1792,14816,4629223
1792,14848,4629223
1792,14880,4643729
1792,14912,4643729
1792,14944,4738594
1792,14976,4738594
1792,15008,4774484
1792,15040,4774484
1792,15072,4906381
1792,15104,4906381
1792,15136,4933846
1792,15168,4933846
1792,15200,5039162
1792,15232,5039162
1792,15264,5143528
1792,15296,5143528
1792,15328,5370897
1792,15360,5370897
1792,15392,5436665
1792,15424,5436665
1792,15456,5540886
1792,15488,5540886
1792,15520,5563794
1792,15552,5563794
1792,15584,5633163
1792,15616,5633163
1792,15648,5673298
1792,15680,5673298
1792,15712,5788722
1792,15744,5788722
1792,15776,5894706
1792,15808,5894706
1792,15840,6104780
1792,15872,6104780
1792,15904,6198914
1792,15936,6198914
1792,15968,6318672
1792,16000,6318672
1792,16032,6380822
1792,16064,6380822
1792,16096,6437951
1792,16128,6437951
1792,16160,6508860
1792,16192,6508860
1792,16224,6562208
1792,16256,6562208
1792,16288,6662843
1792,16320,6662843
1792,16352,6878908
1792,16384,6878908
1792,16416,6882781
1792,16448,6882781
1792,16480,6935131
1792,16512,6935131
1792,16544,7009360
1792,16576,7009360
1792,16608,7026537
1792,16640,7026537
1792,16672,7137040
1792,16704,7137040
1792,16736,7147991
1792,16768,7147991
1792,16800,7242436
1792,16832,7242436
1792,16864,7244448
1792,16896,7244448
1792,16928,7452354
1792,16960,7452354
1792,16992,7466013
1792,17024,7466013
1792,17056,7866198
1792,17088,7866198
1792,17120,7874373
1792,17152,7874373
1792,17184,8117066
1792,17216,8117066
1792,17248,8117066
1792,17280,8117066
1792,17312,8415621
1792,17344,8415621
1792,17376,8415621
1792,17408,8415621
1792,17440,8524233
1792,17472,8524233
1792,17504,8524233
1792,17536,8524233
1792,17568,8693409
1792,17600,8693409
1792,17632,8693409
1792,17664,8693409
1792,17696,8833962
1792,17728,8833962
1792,17760,8833962
1792,17792,8833962
1792,17824,9001784
1792,17856,9001784
1792,17888,9001784
1792,17920,9001784
1792,17952,9119350
1792,17984,9119350
1792,18016,9119350
1792,18048,9119350
1792,18080,9384618
1792,18112,9384618
1792,18144,9384618
1792,18176,9384618
1792,18208,9508991
1792,18240,9508991
1792,18272,9508991
1792,18304,9508991
1792,18336,9785240
1792,18368,9785240
1792,18400,9785240
1792,18432,9785240
1792,18464,9941663
1792,18496,9941663
1792,18528,9941663
1792,18560,9941663
1792,18592,10197218
1792,18624,10197218
1792,18656,10197218
1792,18688,10197218
1792,18720,10294414
1792,18752,10294414
1792,18784,10294414
1792,18816,10294414
1792,18848,10541092
1792,18880,10541092
1792,18912,10541092
1792,18944,10541092
1792,18976,10673740
1792,19008,10673740
1792,19040,10673740
1792,19072,10673740
1792,19104,10918798
1792,19136,10918798
1792,19168,10918798
1792,19200,10918798
1792,19232,11034708
1792,19264,11034708
1792,19296,11034708
1792,19328,11034708
1792,19360,11153307
1792,19392,11153307
1792,19424,11153307
1792,19456,11153307
1792,19488,11289634
1792,19520,11289634
1792,19552,11289634
1792,19584,11289634
1792,19616,11582269
1792,19648,11582269
1792,19680,11582269
1792,19712,11582269
1792,19744,11659234
1792,19776,11659234
1792,19808,11659234
1792,19840,11659234
1792,19872,11853303
1792,19904,11853303
1792,19936,11853303
1792,19968,11853303
1792,20000,11953334
1792,20032,11953334
1792,20064,11953334
1792,20096,11953334
1792,20128,12181301
1792,20160,12181301
1792,20192,12181301
1792,20224,12181301
1792,20256,12304679
1792,20288,12304679
1792,20320,12304679
1792,20352,12304679
1792,20384,12424371
1792,20416,12424371
1792,20448,12424371
1792,20480,12424371
1792,20512,12482628
1792,20544,12482628
1792,20576,12482628
1792,20608,12482628
1792,20640,12623019
1792,20672,12623019
1792,20704,12623019
1792,20736,12623019
1792,20768,12684904
1792,20800,12684904
1792,20832,12684904
1792,20864,12684904
1792,20896,12762196
1792,20928,12762196
1792,20960,12762196
1792,20992,12762196
1792,21024,12840258
1792,21056,12840258
1792,21088,12840258
1792,21120,12840258
1792,21152,12962816
1792,21184,12962816
1792,21216,12962816
1792,21248,12962816
1792,21280,13081060
1792,21312,13081060
1792,21344,13081060
1792,21376,13081060
1792,21408,13218458
1792,21440,13218458
1792,21472,13218458
1792,21504,13218458
1792,21536,13287273
1792,21568,13287273
1792,21600,13287273
1792,21632,13287273
1792,21664,13326586
1792,21696,13326586
1792,21728,13326586
1792,21760,13326586
1792,21792,13371622
1792,21824,13371622
1792,21856,13371622
1792,21888,13371622
1792,21920,13425146
1792,21952,13425146
1792,21984,13425146
1792,22016,13425146
1792,22048,13445050
1792,22080,13445050
1792,22112,13445050
1792,22144,13445050
1792,22176,13519809
1792,22208,13519809
1792,22240,13519809
1792,22272,13519809
1792,22304,13544855
1792,22336,13544855
1792,22368,13544855
1792,22400,13544855
1792,22432,13623120
1792,22464,13623120
1792,22496,13623120
1792,22528,13623120
1792,22560,13700201
1792,22592,13700201
1792,22624,13700201
1792,22656,13700201
1792,22688,13806317
1792,22720,13806317
1792,22752,13806317
1792,22784,13806317
1792,22816,13840661
1792,22848,13840661
1792,22880,13840661
1792,22912,13840661
1792,22944,13870990
1792,22976,13870990
1792,23008,13870990
1792,23040,13870990
1792,23072,13896013
1792,23104,13896013
1792,23136,13896013
1792,23168,13896013
1792,23200,13941732
1792,23232,13941732
1792,23264,13941732
1792,23296,13941732
1792,23328,13998412
1792,23360,13998412
1792,23392,13998412
1792,23424,13998412
1792,23456,14039128
1792,23488,14039128
1792,23520,14039128
1792,23552,14039128
1792,23584,14095984
1792,23616,14095984
1792,23648,14095984
1792,23680,14095984
1792,23712,14119162
1792,23744,14119162
1792,23776,14119162
1792,23808,14119162
1792,23840,14134439
1792,23872,14134439
1792,23904,14134439
1792,23936,14134439
1792,23968,14167088
1792,24000,14167088
1792,24032,14167088
1792,24064,14167088
1792,24096,14184895
1792,24128,14184895
1792,24160,14184895
1792,24192,14184895
1792,24224,14204751
1792,24256,14204751
1792,24288,14204751
1792,24320,14204751
1792,24352,14214377
1792,24384,14214377
1792,24416,14214377
1792,24448,14214377
1792,24480,14244590
1792,24512,14244590
1792,24544,14244590
1792,24576,14244590
1792,24608,14260111
1792,24640,14260111
1792,24672,14260111
1792,24704,14260111
1792,24736,14283800
1792,24768,14283800
1792,24800,14283800
1792,24832,14283800
1792,24864,14288814
1792,24896,14288814
1792,24928,14288814
1792,24960,14288814
1792,24992,14327823
1792,25024,14327823
1792,25056,14327823
1792,25088,14327823
1792,25120,14358316
1792,25152,14358316
1792,25184,14358316
1792,25216,14358316
1792,25248,14369821
1792,25280,14369821
1792,25312,14369821
1792,25344,14369821
1792,25376,14392184
1792,25408,14392184
1792,25440,14392184
1792,25472,14392184
1792,25504,14395439
1792,25536,14395439
1792,25568,14395439
1792,25600,14395439
1792,25632,14403770
1792,25664,14403770
1792,25696,14403770
1792,25728,14403770
1792,25760,14417684
1792,25792,14417684
1792,25824,14417684
1792,25856,14417684
1792,25888,14427466
1792,25920,14427466
1792,25952,14427466
1792,25984,14427466
1792,26016,14438488
1792,26048,14438488
1792,26080,14438488
1792,26112,14438488
1792,26144,14446493
1792,26176,14446493
1792,26208,14446493
1792,26240,14446493
1792,26272,14447080
1792,26304,14447080
1792,26336,14447080
1792,26368,14447080
1792,26400,14448473
1792,26432,14448473
1792,26464,14448473
1792,26496,14448473
1792,26528,14457226
1792,26560,14457226
1792,26592,14457226
1792,26624,14457226
1792,26656,14457226
1792,26688,14457226
1792,26720,14457226
1792,26752,14457226
1792,26784,14457602
1792,26816,14457602
1792,26848,14457602
1792,26880,14457602
1792,26912,14457602
1792,26944,14457602
1792,26976,14457602
1792,27008,14457602
1792,27040,14460193
1792,27072,14460193
1792,27104,14460193
1792,27136,14460193
1792,27168,14463234
1792,27200,14463234
1792,27232,14463234
1792,27264,14463234
1792,27296,14464945
1792,27328,14464945
1792,27360,14464945
1792,27392,14464945
1792,27424,14464945
1792,27456,14464945
1792,27488,14464945
1792,27520,14464945
1792,27552,14464945
1792,27584,14464945
1792,27616,14464945
1792,27648,14464945
1792,27680,14464945
1792,27712,14464945
1792,27744,14464945
1792,27776,14464945
1792,27808,14464945
1792,27840,14464945
1792,27872,14464945
1792,27904,14464945
1792,27936,14472027
1792,27968,14472027
1792,28000,14472027
1792,28032,14472027
1792,28064,14472027
1792,28096,14472027
1792,28128,14472027
1792,28160,14472027
1792,28192,14472027
1792,28224,14472027
1792,28256,14472027
1792,28288,14472027
1792,28320,14472027
1792,28352,14472027
1792,28384,14472027
1792,28416,14472027
1792,28448,14472027
1792,28480,14472027
1792,28512,14472027
1792,28544,14472027
1792,28576,14472027
1792,28608,14472027
1792,28640,14472027
1792,28672,14472027
1792,28704,14472027
1792,28736,14472027
1792,28768,14472027
1792,28800,14472027
1792,28832,14472712
1792,28864,14472712
1792,28896,14472712
1792,28928,14472712
1792,28960,14472712
1792,28992,14472712
1792,29024,14472712
1792,29056,14472712
1792,29088,14472712
1792,29120,14472712
1792,29152,14472712
1792,29184,14472712
1792,29216,14477606
1792,29248,14477606
1792,29280,14477606
1792,29312,14477606
1792,29344,14477606
1792,29376,14477606
1792,29408,14477606
1792,29440,14477606
1792,29472,14477606
1792,29504,14477606
1792,29536,14477606
1792,29568,14477606
1792,29600,14477606
1792,29632,14477606
1792,29664,14477606
1792,29696,14477606
1792,29728,14477606
1792,29760,14477606
1792,29792,14477606
1792,29824,14477606
1792,29856,14477606
1792,29888,14477606
1792,29920,14477606
1792,29952,14477606
1792,29984,14477606
1792,30016,14477606
1792,30048,14477606
1792,30080,14477606
1792,30112,14477606
1792,30144,14477606
1792,30176,14477606
1792,30208,14477606
1792,30240,14477606
1792,30272,14477606
1792,30304,14477606
1792,30336,14477606
1792,30368,14477606
1792,30400,14477606
1792,30432,14477606
1792,30464,14477606
1792,30496,14477606
1792,30528,14477606
1792,30560,14477606
1792,30592,14477606
1792,30624,14477606
1792,30656,14477606
1792,30688,14477606
1792,30720,14477606
1792,30752,14477606
1792,30784,14477606
1792,30816,14477606
1792,30848,14477606
1792,30880,14477606
1792,30912,14477606
1792,30944,14477606
1792,30976,14477606
1792,31008,14477606
1792,31040,14477606
1792,31072,14477606
1792,31104,14477606
1792,31136,14477606
1792,31168,14477606
1792,31200,14477606
1792,31232,14477606
1792,31264,14477606
1792,31296,14477606
1792,31328,14477606
1792,31360,14477606
1792,31392,14477606
1792,31424,14477606
1792,31456,14477606
1792,31488,14477606
1792,31520,14477606
1792,31552,14477606
1792,31584,14477606
1792,31616,14477606
1792,31648,14477606
1792,31680,14477606
1792,31712,14477606
1792,31744,14477606
1792,31776,14477606
1792,31808,14477606
1792,31840,14477606
1792,31872,14477606
1792,31904,14477606
1792,31936,14477606
1792,31968,14477606
1792,32000,14477606
1792,32032,14477606
1792,32064,14477606
1792,32096,14477606
1792,32128,14477606
1792,32160,14477606
1792,32192,14477606
1792,32224,14477606
1792,32256,14477606
1792,32288,14477606
1792,32320,14477606
1792,32352,14477606
1792,32384,14477606
1792,32416,14477606
1792,32448,14477606
1792,32480,14477606
1792,32512,14477606
1792,32544,14477606
1792,32576,14477606
1792,32608,14477606
1792,32640,14477606
1792,32672,14477606
1792,32704,14477606
1792,32736,14477606
1792,32768,14477606
1792,32800,14477606
1792,32832,14477606
1792,32864,14477606
1792,32896,14477606
1792,32928,14477606
1792,32960,14477606
1792,32992,14477606
1792,33024,14477606
1792,33056,14477606
1792,33088,14477606
1792,33120,14477606
1792,33152,14477606
1792,33184,14477606
1792,33216,14477606
1792,33248,14477606
1792,33280,14477606
1792,33312,14477606
1792,33344,14477606
1792,33376,14477606
1792,33408,14477606
1792,33440,14477606
1792,33472,14477606
1792,33504,14477606
1792,33536,14477606
1792,33568,14477606
1792,33600,14477606
1792,33632,14477606
1792,33664,14477606
1792,33696,14477606
1792,33728,14477606
1792,33760,14477606
1792,33792,14477606
1792,33824,14477606
1792,33856,14477606
1792,33888,14477606
1792,33920,14477606
1792,33952,14477606
1792,33984,14477606
1792,34016,14477606
1792,34048,14477606
1792,34080,14477606
1792,34112,14477606
1792,34144,14477606
1792,34176,14477606
1792,34208,14477606
1792,34240,14477606
1792,34272,14477606
1792,34304,14477606
1792,34336,14477606
1792,34368,14477606
1792,34400,14477606
1792,34432,14477606
1792,34464,14477606
1792,34496,14477606
1792,34528,14477606
1792,34560,14477606
1792,34592,14477606
1792,34624,14477606
1792,34656,14477606
1792,34688,14477606
1792,34720,14477606
1792,34752,14477606
1792,34784,14477606
1792,34816,14477606
1792,34848,14477606
1792,34880,14477606
1792,34912,14477606
1792,34944,14477606
1792,34976,14477606
1792,35008,14477606
1792,35040,14477606
1792,35072,14477606
1792,35104,14477606
1792,35136,14477606
1792,35168,14477606
1792,35200,14477606
1792,35232,14477606
1792,35264,14477606
1792,35296,14477606
1792,35328,14477606
1792,35360,14477606
1792,35392,14477606
1792,35424,14477606
1792,35456,14477606
1792,35488,14477606
1792,35520,14477606
1792,35552,14477606
1792,35584,14477606
1792,35616,14477606
1792,35648,14477606
1792,35680,14477606
1792,35712,14477606
1792,35744,14477606
1792,35776,14477606
1792,35808,14477606
1792,35840,14477606
1792,35872,14477606
1792,35904,14477606
1792,35936,14477606
1792,35968,14477606
1792,36000,14477606
1792,36032,14477606
1792,36064,14477606
1792,36096,14477606
1792,36128,14477606
1792,36160,14477606
1792,36192,14477606
1792,36224,14477606
1792,36256,14477606
1792,36288,14477606
1792,36320,14477606
1792,36352,14477606
1792,36384,14477606
1792,36416,14477606
1792,36448,14477606
1792,36480,14477606
1792,36512,14477606
1792,36544,14477606
1792,36576,14477606
1792,36608,14477606
1792,36640,14477606
1792,36672,14477606
1792,36704,14477606
1792,36736,14477606
1792,36768,14477606
1792,36800,14477606
1792,36832,14477606
1792,36864,14477606
1792,36896,14477606
1792,36928,14477606
1792,36960,14477606
1792,36992,14477606
1792,37024,14477606
1792,37056,14477606
1792,37088,14477606
1792,37120,14477606
1792,37152,14477606
1792,37184,14477606
1792,37216,14477606
1792,37248,14477606
1792,37280,14477606
1792,37312,14477606
1792,37344,14477606
1792,37376,14477606
1792,37408,14477606
1792,37440,14477606
1792,37472,14477606
1792,37504,14477606
1792,37536,14477606
1792,37568,14477606
1792,37600,14477606
1792,37632,14477606
1792,37664,14477606
1792,37696,14477606
1792,37728,14477606
1792,37760,14477606
1792,37792,14477606
1792,37824,14477606
1792,37856,14477606
1792,37888,14477606
1792,37920,14477606
1792,37952,14477606
1792,37984,14477606
1792,38016,14477606
1792,38048,14477606
1792,38080,14477606
1792,38112,14477606
1792,38144,14477606
1792,38176,14477606
1792,38208,14477606
1792,38240,14477606
1792,38272,14477606
1792,38304,14477606
1792,38336,14477606
1792,38368,14477606
1792,38400,14477606
1792,38432,14477606
1792,38464,14477606
1792,38496,14477606
1792,38528,14477606
1792,38560,14477606
1792,38592,14477606
1792,38624,14477606
1792,38656,14477606
1792,38688,14477606
1792,38720,14477606
1792,38752,14477606
1792,38784,14477606
1792,38816,14477606
1792,38848,14477606
1792,38880,14477606
1792,38912,14477606
1792,38944,14477606
1792,38976,14477606
1792,39008,14477606
1792,39040,14477606
1792,39072,14477606
1792,39104,14477606
1792,39136,14477606
1792,39168,14477606
1792,39200,14477606
1792,39232,14477606
1792,39264,14477606
1792,39296,14477606
1792,39328,14477606
1792,39360,14477606
1792,39392,14477606
1792,39424,14477606
1792,39456,14477606
1792,39488,14477606
1792,39520,14477606
1792,39552,14477606
1792,39584,14477606
1792,39616,14477606
1792,39648,14477606
1792,39680,14477606
1792,39712,14477606
1792,39744,14477606
1792,39776,14477606
1792,39808,14477606
1792,39840,14477606
1792,39872,14477606
1792,39904,14477606
1792,39936,14477606
1792,39968,14477606
1792,40000,14477606
1792,40032,14477606
1792,40064,14477606
1792,40096,14477606
1792,40128,14477606
1792,40160,14477606
1792,40192,14477606
1792,40224,14477606
1792,40256,14477606
1792,40288,14477606
1792,40320,14477606
1792,40352,14477606
1792,40384,14477606
1792,40416,14477606
1792,40448,14477606
1792,40480,14477606
1792,40512,14477606
1792,40544,14477606
1792,40576,14477606
1792,40608,14477606
1792,40640,14477606
1792,40672,14477606
1792,40704,14477606
1792,40736,14477606
1792,40768,14477606
1792,40800,14477606
1792,40832,14477606
1792,40864,14477606
1792,40896,14477606
1792,40928,14477606
1792,40960,14477606
1856,32,43602
1856,64,42947
1856,96,42884
1856,128,42804
1856,160,42806
1856,192,42840
1856,224,42853
1856,256,42871
1856,288,42888
1856,320,42889
1856,352,42901
1856,384,42919
1856,416,42959
1856,448,42994
1856,480,43025
1856,512,43762
1856,544,66803
1856,576,71307
1856,608,72136
1856,640,72507
1856,672,72615
1856,704,72637
1856,736,72713
1856,768,72615
1856,800,72707
1856,832,72828
1856,864,72901
1856,896,73040
1856,928,73465
1856,960,74092
1856,992,74906
1856,1024,75697
1856,1056,76372
1856,1088,98018
1856,1120,103092
1856,1152,107275
1856,1184,108177
1856,1216,110114
1856,1248,110919
1856,1280,111947
1856,1312,112445
1856,1344,113709
1856,1376,114465
1856,1408,115561
1856,1440,116007
1856,1472,116716
1856,1504,117567
1856,1536,118259
1856,1568,120062
1856,1600,131533
1856,1632,132931
1856,1664,134699
1856,1696,135266
1856,1728,136698
1856,1760,137370
1856,1792,138694
1856,1824,139497
1856,1856,141131
1856,1888,141754
1856,1920,143327
1856,1952,144003
1856,1984,146631
1856,2016,147552
1856,2048,152895
1856,2080,155045
1856,2112,187440
1856,2144,189579
1856,2176,192443
1856,2208,193394
1856,2240,195111
1856,2272,196158
1856,2304,197572
1856,2336,198730
1856,2368,200320
1856,2400,201849
1856,2432,203634
1856,2464,204950
1856,2496,206688
1856,2528,208058
1856,2560,210590
1856,2592,216243
1856,2624,230857
1856,2656,236626
1856,2688,239304
1856,2720,240628
1856,2752,241750
1856,2784,242582
1856,2816,243824
1856,2848,244779
1856,2880,246032
1856,2912,246738
1856,2944,248678
1856,2976,249924
1856,3008,251450
1856,3040,252563
1856,3072,255213
1856,3104,258905
1856,3136,272355
1856,3168,277565
1856,3200,281381
1856,3232,282582
1856,3264,284933
1856,3296,286461
1856,3328,288654
1856,3360,289539
1856,3392,292216
1856,3424,293909
1856,3456,297950
1856,3488,308556
1856,3520,317354
1856,3552,324216
1856,3584,330937
1856,3616,349447
1856,3648,397389
1856,3680,417045
1856,3712,426130
1856,3744,430027
1856,3776,432400
1856,3808,435866
1856,3840,440497
1856,3872,442539
1856,3904,445662
1856,3936,448767
1856,3968,455592
1856,4000,458027
1856,4032,460865
1856,4064,461581
1856,4096,463901
1856,4128,464133
1856,4160,464545
1856,4192,474015
1856,4224,476999
1856,4256,498933
1856,4288,499115
1856,4320,534385
1856,4352,535004
1856,4384,556310
1856,4416,556310
1856,4448,568698
1856,4480,568698
1856,4512,576504
1856,4544,576504
1856,4576,588038
1856,4608,588038
1856,4640,594009
1856,4672,594009
1856,4704,602083
1856,4736,602083
1856,4768,611845
1856,4800,611845
1856,4832,642065
1856,4864,642065
1856,4896,657465
1856,4928,657465
1856,4960,679518
1856,4992,679518
1856,5024,680223
1856,5056,680223
1856,5088,684149
1856,5120,684149
1856,5152,685709
1856,5184,685709
1856,5216,696193
1856,5248,696193
1856,5280,704585
1856,5312,704585
1856,5344,726881
1856,5376,726881
1856,5408,732994
1856,5440,732994
1856,5472,745589
1856,5504,745589
1856,5536,746775
1856,5568,746775
1856,5600,758204
1856,5632,758204
1856,5664,761771
1856,5696,761771
1856,5728,785831
1856,5760,785831
1856,5792,790065
1856,5824,790065
1856,5856,847254
1856,5888,847254
1856,5920,851424
1856,5952,851424
1856,5984,869248
1856,6016,869248
1856,6048,870415
1856,6080,870415
1856,6112,903742
1856,6144,903742
1856,6176,907485
1856,6208,907485
1856,6240,980125
1856,6272,980125
1856,6304,985061
1856,6336,985061
1856,6368,1082501
1856,6400,1082501
1856,6432,1088195
1856,6464,1088195
1856,6496,1149154
1856,6528,1149154
1856,6560,1152907
1856,6592,1152907
1856,6624,1188929
1856,6656,1188929
1856,6688,1194163
1856,6720,1194163
1856,6752,1252028
1856,6784,1252028
1856,6816,1265319
1856,6848,1265319
1856,6880,1356845
1856,6912,1356845
1856,6944,1366635
1856,6976,1366635
1856,7008,1424967
1856,7040,1424967
1856,7072,1428075
1856,7104,1428075
1856,7136,1490207
1856,7168,1490207
1856,7200,1495082
1856,7232,1495082
1856,7264,1528774
1856,7296,1528774
1856,7328,1549559
1856,7360,1549559
1856,7392,1646370
1856,7424,1646370
1856,7456,1663303
1856,7488,1663303
1856,7520,1732232
1856,7552,1732232
1856,7584,1736294
1856,7616,1736294
1856,7648,1795010
1856,7680,1795010
1856,7712,1802687
1856,7744,1802687
1856,7776,1865493
1856,7808,1865493
1856,7840,1888526
1856,7872,1888526
1856,7904,1986401
1856,7936,1986401
1856,7968,2003700
1856,8000,2003700
1856,8032,2030502
1856,8064,2030502
1856,8096,2038212
1856,8128,2038212
1856,8160,2052145
1856,8192,2052145
1856,8224,2058677
1856,8256,2058677
1856,8288,2068957
1856,8320,2068957
1856,8352,2072697
1856,8384,2072697
1856,8416,2089079
1856,8448,2089079
1856,8480,2113180
1856,8512,2113180
1856,8544,2185428
1856,8576,2185428
1856,8608,2217377
1856,8640,2217377
1856,8672,2238419
1856,8704,2238419
1856,8736,2245823
1856,8768,2245823
1856,8800,2279640
1856,8832,2279640
1856,8864,2291846
1856,8896,2291846
1856,8928,2323971
1856,8960,2323971
1856,8992,2356946
1856,9024,2356946
1856,9056,2407502
1856,9088,2407502
1856,9120,2429798
1856,9152,2429798
1856,9184,2449567
1856,9216,2449567
1856,9248,2458052
1856,9280,2458052
1856,9312,2469976
1856,9344,2469976
1856,9376,2483294
1856,9408,2483294
1856,9440,2491620
1856,9472,2491620
1856,9504,2525691
1856,9536,2525691
1856,9568,2599379
1856,9600,2599379
1856,9632,2632284
1856,9664,2632284
1856,9696,2650355
1856,9728,2650355
1856,9760,2661149
1856,9792,2661149
1856,9824,2679296
1856,9856,2679296
1856,9888,2692663
1856,9920,2692663
1856,9952,2702877
1856,9984,2702877
1856,10016,2725733
1856,10048,2725733
1856,10080,2817384
1856,10112,2817384
1856,10144,2859540
1856,10176,2859540
1856,10208,2876302
1856,10240,2876302
1856,10272,2884553
1856,10304,2884553
1856,10336,2901721
1856,10368,2901721
1856,10400,2913025
1856,10432,2913025
1856,10464,2929922
1856,10496,2929922
1856,10528,2974370
1856,10560,2974370
1856,10592,3061699
1856,10624,3061699
1856,10656,3092330
1856,10688,3092330
1856,10720,3116124
1856,10752,3116124
1856,10784,3135572
1856,10816,3135572
1856,10848,3151368
1856,10880,3151368
1856,10912,3167682
1856,10944,3167682
1856,10976,3190361
1856,11008,3190361
1856,11040,3215766
1856,11072,3215766
1856,11104,3296077
1856,11136,3296077
1856,11168,3328296
1856,11200,3328296
1856,11232,3340738
1856,11264,3340738
1856,11296,3343723
1856,11328,3343723
1856,11360,3358613
1856,11392,3358613
1856,11424,3374140
1856,11456,3374140
1856,11488,3387708
1856,11520,3387708
1856,11552,3419751
1856,11584,3419751
1856,11616,3478685
1856,11648,3478685
1856,11680,3498683
1856,11712,3498683
1856,11744,3528320
1856,11776,3528320
1856,11808,3533778
1856,11840,3533778
1856,11872,3538095
1856,11904,3538095
1856,11936,3549107
1856,11968,3549107
1856,12000,3564305
1856,12032,3564305
1856,12064,3580876
1856,12096,3580876
1856,12128,3626324
1856,12160,3626324
1856,12192,3647496
1856,12224,3647496
1856,12256,3661767
1856,12288,3661767
1856,12320,3665262
1856,12352,3665262
1856,12384,3669097
1856,12416,3669097
1856,12448,3673229
1856,12480,3673229
1856,12512,3689600
1856,12544,3689600
1856,12576,3693005
1856,12608,3693005
1856,12640,3703879
1856,12672,3703879
1856,12704,3713594
1856,12736,3713594
1856,12768,3753572
1856,12800,3753572
1856,12832,3759121
1856,12864,3759121
1856,12896,3773852
1856,12928,3773852
1856,12960,3774619
1856,12992,3774619
1856,13024,3775478
1856,13056,3775478
1856,13088,3782772
1856,13120,3782772
1856,13152,3783869
1856,13184,3783869
1856,13216,3796338
1856,13248,3796338
1856,13280,3821884
1856,13312,3821884
1856,13344,3826479
1856,13376,3826479
1856,13408,3829419
1856,13440,3829419
1856,13472,3833378
1856,13504,3833378
1856,13536,3834512
1856,13568,3834512
1856,13600,3839545
1856,13632,3839545
1856,13664,3850814
1856,13696,3850814
1856,13728,3869221
1856,13760,3869221
1856,13792,3916709
1856,13824,3916709
1856,13856,3929920
1856,13888,3929920
1856,13920,3951798
1856,13952,3951798
1856,13984,3972573
1856,14016,3972573
1856,14048,3995176
1856,14080,3995176
1856,14112,4002441
1856,14144,4002441
1856,14176,4048420
1856,14208,4048420
1856,14240,4087179
1856,14272,4087179
1856,14304,4193419
1856,14336,4193419
1856,14368,4230572
1856,14400,4230572
1856,14432,4270133
1856,14464,4270133
1856,14496,4296889
1856,14528,4296889
1856,14560,4320259
1856,14592,4320259
1856,14624,4339218
1856,14656,4339218
1856,14688,4435430
1856,14720,4435430
1856,14752,4464613
1856,14784,4464613
1856,14816,4629223
1856,14848,4629223
1856,14880,4643729
1856,14912,4643729
1856,14944,4738594
1856,14976,4738594
1856,15008,4774484
1856,15040,4774484
1856,15072,4906381
1856,15104,4906381
1856,15136,4933846
1856,15168,4933846
1856,15200,5039162
1856,15232,5039162
1856,15264,5143528
1856,15296,5143528
1856,15328,5370897
1856,15360,5370897
1856,15392,5436665
1856,15424,5436665
1856,15456,5540886
1856,15488,5540886
1856,15520,5563794
1856,15552,5563794
1856,15584,5633163
1856,15616,5633163
1856,15648,5673298
1856,15680,5673298
1856,15712,5788722
1856,15744,5788722
1856,15776,5894706
1856,15808,5894706
1856,15840,6104780
1856,15872,6104780
1856,15904,6198914
1856,15936,6198914
1856,15968,6318672
1856,16000,6318672
1856,16032,6380822
1856,16064,6380822
1856,16096,6437951
1856,16128,6437951
1856,16160,6508860
1856,16192,6508860
1856,16224,6562208
1856,16256,6562208
1856,16288,6662843
1856,16320,6662843
1856,16352,6878908
1856,16384,6878908
1856,16416,6882781
1856,16448,6882781
1856,16480,6935131
1856,16512,6935131
1856,16544,7009360
1856,16576,7009360
1856,16608,7026537
1856,16640,7026537
1856,16672,7137040
1856,16704,7137040
1856,16736,7147991
1856,16768,7147991
1856,16800,7242436
1856,16832,7242436
1856,16864,7244448
1856,16896,7244448
1856,16928,7452354
1856,16960,7452354
1856,16992,7466013
1856,17024,7466013
1856,17056,7866198
1856,17088,7866198
1856,17120,7874373
1856,17152,7874373
1856,17184,8117066
1856,17216,8117066
1856,17248,8117066
1856,17280,8117066
1856,17312,8415621
1856,17344,8415621
1856,17376,8415621
1856,17408,8415621
1856,17440,8524233
1856,17472,8524233
1856,17504,8524233
1856,17536,8524233
1856,17568,8693409
1856,17600,8693409
1856,17632,8693409
1856,17664,8693409
1856,17696,8833962
1856,17728,8833962
1856,17760,8833962
1856,17792,8833962
1856,17824,9001784
1856,17856,9001784
1856,17888,9001784
1856,17920,9001784
1856,17952,9119350
1856,17984,9119350
1856,18016,9119350
1856,18048,9119350
1856,18080,9384618
1856,18112,9384618
1856,18144,9384618
1856,18176,9384618
1856,18208,9508991
1856,18240,9508991
1856,18272,9508991
1856,18304,9508991
1856,18336,9785240
1856,18368,9785240
1856,18400,9785240
1856,18432,9785240
1856,18464,9941663
1856,18496,9941663
1856,18528,9941663
1856,18560,9941663
1856,18592,10197218
1856,18624,10197218
1856,18656,10197218
1856,18688,10197218
1856,18720,10294414
1856,18752,10294414
1856,18784,10294414
1856,18816,10294414
1856,18848,10541092
1856,18880,10541092
1856,18912,10541092
1856,18944,10541092
1856,18976,10673740
1856,19008,10673740
1856,19040,10673740
1856,19072,10673740
1856,19104,10918798
1856,19136,10918798
1856,19168,10918798
1856,19200,10918798
1856,19232,11034708
1856,19264,11034708
1856,19296,11034708
1856,19328,11034708
1856,19360,11153307
1856,19392,11153307
1856,19424,11153307
1856,19456,11153307
1856,19488,11289634
1856,19520,11289634
1856,19552,11289634
1856,19584,11289634
1856,19616,11582269
1856,19648,11582269
1856,19680,11582269
1856,19712,11582269
1856,19744,11659234
1856,19776,11659234
1856,19808,11659234
1856,19840,11659234
1856,19872,11853303
1856,19904,11853303
1856,19936,11853303
1856,19968,11853303
1856,20000,11953334
1856,20032,11953334
1856,20064,11953334
1856,20096,11953334
1856,20128,12181301
1856,20160,12181301
1856,20192,12181301
1856,20224,12181301
1856,20256,12304679
1856,20288,12304679
1856,20320,12304679
1856,20352,12304679
1856,20384,12424371
1856,20416,12424371
1856,20448,12424371
1856,20480,12424371
1856,20512,12482628
1856,20544,12482628
1856,20576,12482628
1856,20608,12482628
1856,20640,12623019
1856,20672,12623019
1856,20704,12623019
1856,20736,12623019
1856,20768,12684904
1856,20800,12684904
1856,20832,12684904
1856,20864,12684904
1856,20896,12762196
1856,20928,12762196
1856,20960,12762196
1856,20992,12762196
1856,21024,12840258
1856,21056,12840258
1856,21088,12840258
1856,21120,12840258
1856,21152,12962816
1856,21184,12962816
1856,21216,12962816
1856,21248,12962816
1856,21280,13081060
1856,21312,13081060
1856,21344,13081060
1856,21376,13081060
1856,21408,13218458
1856,21440,13218458
1856,21472,13218458
1856,21504,13218458
1856,21536,13287273
1856,21568,13287273
1856,21600,13287273
1856,21632,13287273
1856,21664,13326586
1856,21696,13326586
1856,21728,13326586
1856,21760,13326586
1856,21792,13371622
1856,21824,13371622
1856,21856,13371622
1856,21888,13371622
1856,21920,13425146
1856,21952,13425146
1856,21984,13425146
1856,22016,13425146
1856,22048,13445050
1856,22080,13445050
1856,22112,13445050
1856,22144,13445050
1856,22176,13519809
1856,22208,13519809
1856,22240,13519809
1856,22272,13519809
1856,22304,13544855
1856,22336,13544855
1856,22368,13544855
1856,22400,13544855
1856,22432,13623120
1856,22464,13623120
1856,22496,13623120
1856,22528,13623120
1856,22560,13700201
1856,22592,13700201
1856,22624,13700201
1856,22656,13700201
1856,22688,13806317
1856,22720,13806317
1856,22752,13806317
1856,22784,13806317
1856,22816,13840661
1856,22848,13840661
1856,22880,13840661
1856,22912,13840661
1856,22944,13870990
1856,22976,13870990
1856,23008,13870990
1856,23040,13870990
1856,23072,13896013
1856,23104,13896013
1856,23136,13896013
1856,23168,13896013
1856,23200,13941732
1856,23232,13941732
1856,23264,13941732
1856,23296,13941732
1856,23328,13998412
1856,23360,13998412
1856,23392,13998412
1856,23424,13998412
1856,23456,14039128
1856,23488,14039128
1856,23520,14039128
1856,23552,14039128
1856,23584,14095984
1856,23616,14095984
1856,23648,14095984
1856,23680,14095984
1856,23712,14119162
1856,23744,14119162
1856,23776,14119162
1856,23808,14119162
1856,23840,14134439
1856,23872,14134439
1856,23904,14134439
1856,23936,14134439
1856,23968,14167088
1856,24000,14167088
1856,24032,14167088
1856,24064,14167088
1856,24096,14184895
1856,24128,14184895
1856,24160,14184895
1856,24192,14184895
1856,24224,14204751
1856,24256,14204751
1856,24288,14204751
1856,24320,14204751
1856,24352,14214377
1856,24384,14214377
1856,24416,14214377
1856,24448,14214377
1856,24480,14244590
1856,24512,14244590
1856,24544,14244590
1856,24576,14244590
1856,24608,14260111
1856,24640,14260111
1856,24672,14260111
1856,24704,14260111
1856,24736,14283800
1856,24768,14283800
1856,24800,14283800
1856,24832,14283800
1856,24864,14288814
1856,24896,14288814
1856,24928,14288814
1856,24960,14288814
1856,24992,14327823
1856,25024,14327823
1856,25056,14327823
1856,25088,14327823
1856,25120,14358316
1856,25152,14358316
1856,25184,14358316
1856,25216,14358316
1856,25248,14369821
1856,25280,14369821
1856,25312,14369821
1856,25344,14369821
1856,25376,14392184
1856,25408,14392184
1856,25440,14392184
1856,25472,14392184
1856,25504,14395439
1856,25536,14395439
1856,25568,14395439
1856,25600,14395439
1856,25632,14403770
1856,25664,14403770
1856,25696,14403770
1856,25728,14403770
1856,25760,14417684
1856,25792,14417684
1856,25824,14417684
1856,25856,14417684
1856,25888,14427466
1856,25920,14427466
1856,25952,14427466
1856,25984,14427466
1856,26016,14438488
1856,26048,14438488
1856,26080,14438488
1856,26112,14438488
1856,26144,14446493
1856,26176,14446493
1856,26208,14446493
1856,26240,14446493
1856,26272,14447080
1856,26304,14447080
1856,26336,14447080
1856,26368,14447080
1856,26400,14448473
1856,26432,14448473
1856,26464,14448473
1856,26496,14448473
1856,26528,14457226
1856,26560,14457226
1856,26592,14457226
1856,26624,14457226
1856,26656,14457226
1856,26688,14457226
1856,26720,14457226
1856,26752,14457226
1856,26784,14457602
1856,26816,14457602
1856,26848,14457602
1856,26880,14457602
1856,26912,14457602
1856,26944,14457602
1856,26976,14457602
1856,27008,14457602
1856,27040,14460193
1856,27072,14460193
1856,27104,14460193
1856,27136,14460193
1856,27168,14463234
1856,27200,14463234
1856,27232,14463234
1856,27264,14463234
1856,27296,14464945
1856,27328,14464945
1856,27360,14464945
1856,27392,14464945
1856,27424,14464945
1856,27456,14464945
1856,27488,14464945
1856,27520,14464945
1856,27552,14464945
1856,27584,14464945
1856,27616,14464945
1856,27648,14464945
1856,27680,14464945
1856,27712,14464945
1856,27744,14464945
1856,27776,14464945
1856,27808,14464945
1856,27840,14464945
1856,27872,14464945
1856,27904,14464945
1856,27936,14472027
1856,27968,14472027
1856,28000,14472027
1856,28032,14472027
1856,28064,14472027
1856,28096,14472027
1856,28128,14472027
1856,28160,14472027
1856,28192,14472027
1856,28224,14472027
1856,28256,14472027
1856,28288,14472027
1856,28320,14472027
1856,28352,14472027
1856,28384,14472027
1856,28416,14472027
1856,28448,14472027
1856,28480,14472027
1856,28512,14472027
1856,28544,14472027
1856,28576,14472027
1856,28608,14472027
1856,28640,14472027
1856,28672,14472027
1856,28704,14472027
1856,28736,14472027
1856,28768,14472027
1856,28800,14472027
1856,28832,14472712
1856,28864,14472712
1856,28896,14472712
1856,28928,14472712
1856,28960,14472712
1856,28992,14472712
1856,29024,14472712
1856,29056,14472712
1856,29088,14472712
1856,29120,14472712
1856,29152,14472712
1856,29184,14472712
1856,29216,14477606
1856,29248,14477606
1856,29280,14477606
1856,29312,14477606
1856,29344,14477606
1856,29376,14477606
1856,29408,14477606
1856,29440,14477606
1856,29472,14477606
1856,29504,14477606
1856,29536,14477606
1856,29568,14477606
1856,29600,14477606
1856,29632,14477606
1856,29664,14477606
1856,29696,14477606
1856,29728,14477606
1856,29760,14477606
1856,29792,14477606
1856,29824,14477606
1856,29856,14477606
1856,29888,14477606
1856,29920,14477606
1856,29952,14477606
1856,29984,14477606
1856,30016,14477606
1856,30048,14477606
1856,30080,14477606
1856,30112,14477606
1856,30144,14477606
1856,30176,14477606
1856,30208,14477606
1856,30240,14477606
1856,30272,14477606
1856,30304,14477606
1856,30336,14477606
1856,30368,14477606
1856,30400,14477606
1856,30432,14477606
1856,30464,14477606
1856,30496,14477606
1856,30528,14477606
1856,30560,14477606
1856,30592,14477606
1856,30624,14477606
1856,30656,14477606
1856,30688,14477606
1856,30720,14477606
1856,30752,14477606
1856,30784,14477606
1856,30816,14477606
1856,30848,14477606
1856,30880,14477606
1856,30912,14477606
1856,30944,14477606
1856,30976,14477606
1856,31008,14477606
1856,31040,14477606
1856,31072,14477606
1856,31104,14477606
1856,31136,14477606
1856,31168,14477606
1856,31200,14477606
1856,31232,14477606
1856,31264,14477606
1856,31296,14477606
1856,31328,14477606
1856,31360,14477606
1856,31392,14477606
1856,31424,14477606
1856,31456,14477606
1856,31488,14477606
1856,31520,14477606
1856,31552,14477606
1856,31584,14477606
1856,31616,14477606
1856,31648,14477606
1856,31680,14477606
1856,31712,14477606
1856,31744,14477606
1856,31776,14477606
1856,31808,14477606
1856,31840,14477606
1856,31872,14477606
1856,31904,14477606
1856,31936,14477606
1856,31968,14477606
1856,32000,14477606
1856,32032,14477606
1856,32064,14477606
1856,32096,14477606
1856,32128,14477606
1856,32160,14477606
1856,32192,14477606
1856,32224,14477606
1856,32256,14477606
1856,32288,14477606
1856,32320,14477606
1856,32352,14477606
1856,32384,14477606
1856,32416,14477606
1856,32448,14477606
1856,32480,14477606
1856,32512,14477606
1856,32544,14477606
1856,32576,14477606
1856,32608,14477606
1856,32640,14477606
1856,32672,14477606
1856,32704,14477606
1856,32736,14477606
1856,32768,14477606
1856,32800,14477606
1856,32832,14477606
1856,32864,14477606
1856,32896,14477606
1856,32928,14477606
1856,32960,14477606
1856,32992,14477606
1856,33024,14477606
1856,33056,14477606
1856,33088,14477606
1856,33120,14477606
1856,33152,14477606
1856,33184,14477606
1856,33216,14477606
1856,33248,14477606
1856,33280,14477606
1856,33312,14477606
1856,33344,14477606
1856,33376,14477606
1856,33408,14477606
1856,33440,14477606
1856,33472,14477606
1856,33504,14477606
1856,33536,14477606
1856,33568,14477606
1856,33600,14477606
1856,33632,14477606
1856,33664,14477606
1856,33696,14477606
1856,33728,14477606
1856,33760,14477606
1856,33792,14477606
1856,33824,14477606
1856,33856,14477606
1856,33888,14477606
1856,33920,14477606
1856,33952,14477606
1856,33984,14477606
1856,34016,14477606
1856,34048,14477606
1856,34080,14477606
1856,34112,14477606
1856,34144,14477606
1856,34176,14477606
1856,34208,14477606
1856,34240,14477606
1856,34272,14477606
1856,34304,14477606
1856,34336,14477606
1856,34368,14477606
1856,34400,14477606
1856,34432,14477606
1856,34464,14477606
1856,34496,14477606
1856,34528,14477606
1856,34560,14477606
1856,34592,14477606
1856,34624,14477606
1856,34656,14477606
1856,34688,14477606
1856,34720,14477606
1856,34752,14477606
1856,34784,14477606
1856,34816,14477606
1856,34848,14477606
1856,34880,14477606
1856,34912,14477606
1856,34944,14477606
1856,34976,14477606
1856,35008,14477606
1856,35040,14477606
1856,35072,14477606
1856,35104,14477606
1856,35136,14477606
1856,35168,14477606
1856,35200,14477606
1856,35232,14477606
1856,35264,14477606
1856,35296,14477606
1856,35328,14477606
1856,35360,14477606
1856,35392,14477606
1856,35424,14477606
1856,35456,14477606
1856,35488,14477606
1856,35520,14477606
1856,35552,14477606
1856,35584,14477606
1856,35616,14477606
1856,35648,14477606
1856,35680,14477606
1856,35712,14477606
1856,35744,14477606
1856,35776,14477606
1856,35808,14477606
1856,35840,14477606
1856,35872,14477606
1856,35904,14477606
1856,35936,14477606
1856,35968,14477606
1856,36000,14477606
1856,36032,14477606
1856,36064,14477606
1856,36096,14477606
1856,36128,14477606
1856,36160,14477606
1856,36192,14477606
1856,36224,14477606
1856,36256,14477606
1856,36288,14477606
1856,36320,14477606
1856,36352,14477606
1856,36384,14477606
1856,36416,14477606
1856,36448,14477606
1856,36480,14477606
1856,36512,14477606
1856,36544,14477606
1856,36576,14477606
1856,36608,14477606
1856,36640,14477606
1856,36672,14477606
1856,36704,14477606
1856,36736,14477606
1856,36768,14477606
1856,36800,14477606
1856,36832,14477606
1856,36864,14477606
1856,36896,14477606
1856,36928,14477606
1856,36960,14477606
1856,36992,14477606
1856,37024,14477606
1856,37056,14477606
1856,37088,14477606
1856,37120,14477606
1856,37152,14477606
1856,37184,14477606
1856,37216,14477606
1856,37248,14477606
1856,37280,14477606
1856,37312,14477606
1856,37344,14477606
1856,37376,14477606
1856,37408,14477606
1856,37440,14477606
1856,37472,14477606
1856,37504,14477606
1856,37536,14477606
1856,37568,14477606
1856,37600,14477606
1856,37632,14477606
1856,37664,14477606
1856,37696,14477606
1856,37728,14477606
1856,37760,14477606
1856,37792,14477606
1856,37824,14477606
1856,37856,14477606
1856,37888,14477606
1856,37920,14477606
1856,37952,14477606
1856,37984,14477606
1856,38016,14477606
1856,38048,14477606
1856,38080,14477606
1856,38112,14477606
1856,38144,14477606
1856,38176,14477606
1856,38208,14477606
1856,38240,14477606
1856,38272,14477606
1856,38304,14477606
1856,38336,14477606
1856,38368,14477606
1856,38400,14477606
1856,38432,14477606
1856,38464,14477606
1856,38496,14477606
1856,38528,14477606
1856,38560,14477606
1856,38592,14477606
1856,38624,14477606
1856,38656,14477606
1856,38688,14477606
1856,38720,14477606
1856,38752,14477606
1856,38784,14477606
1856,38816,14477606
1856,38848,14477606
1856,38880,14477606
1856,38912,14477606
1856,38944,14477606
1856,38976,14477606
1856,39008,14477606
1856,39040,14477606
1856,39072,14477606
1856,39104,14477606
1856,39136,14477606
1856,39168,14477606
1856,39200,14477606
1856,39232,14477606
1856,39264,14477606
1856,39296,14477606
1856,39328,14477606
1856,39360,14477606
1856,39392,14477606
1856,39424,14477606
1856,39456,14477606
1856,39488,14477606
1856,39520,14477606
1856,39552,14477606
1856,39584,14477606
1856,39616,14477606
1856,39648,14477606
1856,39680,14477606
1856,39712,14477606
1856,39744,14477606
1856,39776,14477606
1856,39808,14477606
1856,39840,14477606
1856,39872,14477606
1856,39904,14477606
1856,39936,14477606
1856,39968,14477606
1856,40000,14477606
1856,40032,14477606
1856,40064,14477606
1856,40096,14477606
1856,40128,14477606
1856,40160,14477606
1856,40192,14477606
1856,40224,14477606
1856,40256,14477606
1856,40288,14477606
1856,40320,14477606
1856,40352,14477606
1856,40384,14477606
1856,40416,14477606
1856,40448,14477606
1856,40480,14477606
1856,40512,14477606
1856,40544,14477606
1856,40576,14477606
1856,40608,14477606
1856,40640,14477606
1856,40672,14477606
1856,40704,14477606
1856,40736,14477606
1856,40768,14477606
1856,40800,14477606
1856,40832,14477606
1856,40864,14477606
1856,40896,14477606
1856,40928,14477606
1856,40960,14477606
1920,32,44854
1920,64,44290
1920,96,44115
1920,128,44131
1920,160,44171
1920,192,44386
1920,224,44394
1920,256,44505
1920,288,44559
1920,320,44575
1920,352,44613
1920,384,44612
1920,416,44671
1920,448,44815
1920,480,44843
1920,512,45420
1920,544,68875
1920,576,73479
1920,608,74526
1920,640,74965
1920,672,75274
1920,704,75354
1920,736,75399
1920,768,75300
1920,800,75232
1920,832,75662
1920,864,75618
1920,896,75625
1920,928,75854
1920,960,76374
1920,992,77113
1920,1024,77906
1920,1056,78555
1920,1088,99621
1920,1120,104540
1920,1152,108839
1920,1184,109858
1920,1216,111772
1920,1248,112590
1920,1280,113805
1920,1312,114235
1920,1344,115305
1920,1376,115996
1920,1408,117091
1920,1440,117544
1920,1472,118232
1920,1504,119009
1920,1536,119809
1920,1568,121676
1920,1600,133659
1920,1632,135136
1920,1664,136806
1920,1696,137313
1920,1728,138642
1920,1760,139282
1920,1792,140572
1920,1824,141483
1920,1856,143194
1920,1888,143817
1920,1920,145390
1920,1952,146066
1920,1984,148565
1920,2016,149440
1920,2048,154863
1920,2080,156909
1920,2112,188147
1920,2144,190172
1920,2176,192922
1920,2208,193873
1920,2240,195458
1920,2272,196506
1920,2304,197919
1920,2336,199078
1920,2368,200667
1920,2400,202197
1920,2432,203982
1920,2464,205298
1920,2496,207035
1920,2528,208405
1920,2560,210932
1920,2592,216548
1920,2624,231080
1920,2656,236848
1920,2688,239514
1920,2720,240838
1920,2752,241960
1920,2784,242791
1920,2816,244034
1920,2848,244989
1920,2880,246242
1920,2912,246948
1920,2944,248869
1920,2976,250115
1920,3008,251641
1920,3040,252754
1920,3072,255398
1920,3104,259085
1920,3136,272535
1920,3168,277704
1920,3200,281508
1920,3232,282709
1920,3264,285060
1920,3296,286588
1920,3328,288769
1920,3360,289654
1920,3392,292331
1920,3424,294024
1920,3456,298065
1920,3488,308659
1920,3520,317451
1920,3552,324313
1920,3584,331034
1920,3616,349525
1920,3648,397437
1920,3680,417074
1920,3712,426148
1920,3744,430045
1920,3776,432417
1920,3808,435884
1920,3840,440515
1920,3872,442557
1920,3904,445680
1920,3936,448785
1920,3968,455610
1920,4000,458045
1920,4032,460883
1920,4064,461599
1920,4096,463919
1920,4128,464151
1920,4160,464562
1920,4192,474033
1920,4224,477016
1920,4256,498951
1920,4288,499133
1920,4320,534403
1920,4352,535022
1920,4384,556322
1920,4416,556322
1920,4448,568710
1920,4480,568710
1920,4512,576504
1920,4544,576504
1920,4576,588038
1920,4608,588038
1920,4640,594009
1920,4672,594009
1920,4704,602083
1920,4736,602083
1920,4768,611845
1920,4800,611845
1920,4832,642065
1920,4864,642065
1920,4896,657465
1920,4928,657465
1920,4960,679518
1920,4992,679518
1920,5024,680223
1920,5056,680223
1920,5088,684149
1920,5120,684149
1920,5152,685709
1920,5184,685709
1920,5216,696193
1920,5248,696193
1920,5280,704585
1920,5312,704585
1920,5344,726881
1920,5376,726881
1920,5408,732994
1920,5440,732994
1920,5472,745589
1920,5504,745589
1920,5536,746775
1920,5568,746775
1920,5600,758204
1920,5632,758204
1920,5664,761771
1920,5696,761771
1920,5728,785831
1920,5760,785831
1920,5792,790065
1920,5824,790065
1920,5856,847254
1920,5888,847254
1920,5920,851424
1920,5952,851424
1920,5984,869248
1920,6016,869248
1920,6048,870415
1920,6080,870415
1920,6112,903742
1920,6144,903742
1920,6176,907485
1920,6208,907485
1920,6240,980125
1920,6272,980125
1920,6304,985061
1920,6336,985061
1920,6368,1082501
1920,6400,1082501
1920,6432,1088195
1920,6464,1088195
1920,6496,1149154
1920,6528,1149154
1920,6560,1152907
1920,6592,1152907
1920,6624,1188929
1920,6656,1188929
1920,6688,1194163
1920,6720,1194163
1920,6752,1252028
1920,6784,1252028
1920,6816,1265319
1920,6848,1265319
1920,6880,1356845
1920,6912,1356845
1920,6944,1366635
1920,6976,1366635
1920,7008,1424967
1920,7040,1424967
1920,7072,1428075
1920,7104,1428075
1920,7136,1490207
1920,7168,1490207
1920,7200,1495082
1920,7232,1495082
1920,7264,1528774
1920,7296,1528774
1920,7328,1549559
1920,7360,1549559
1920,7392,1646370
1920,7424,1646370
1920,7456,1663303
1920,7488,1663303
1920,7520,1732232
1920,7552,1732232
1920,7584,1736294
1920,7616,1736294
1920,7648,1795010
1920,7680,1795010
1920,7712,1802687
1920,7744,1802687
1920,7776,1865493
1920,7808,1865493
1920,7840,1888526
1920,7872,1888526
1920,7904,1986401
1920,7936,1986401
1920,7968,2003700
1920,8000,2003700
1920,8032,2030502
1920,8064,2030502
1920,8096,2038212
1920,8128,2038212
1920,8160,2052145
1920,8192,2052145
1920,8224,2058677
1920,8256,2058677
1920,8288,2068957
1920,8320,2068957
1920,8352,2072697
1920,8384,2072697
1920,8416,2089079
1920,8448,2089079
1920,8480,2113180
1920,8512,2113180
1920,8544,2185428
1920,8576,2185428
1920,8608,2217377
1920,8640,2217377
1920,8672,2238419
1920,8704,2238419
1920,8736,2245823
1920,8768,2245823
1920,8800,2279640
1920,8832,2279640
1920,8864,2291846
1920,8896,2291846
1920,8928,2323971
1920,8960,2323971
1920,8992,2356946
1920,9024,2356946
1920,9056,2407502
1920,9088,2407502
1920,9120,2429798
1920,9152,2429798
1920,9184,2449567
1920,9216,2449567
1920,9248,2458052
1920,9280,2458052
1920,9312,2469976
1920,9344,2469976
1920,9376,2483294
1920,9408,2483294
1920,9440,2491620
1920,9472,2491620
1920,9504,2525691
1920,9536,2525691
1920,9568,2599379
1920,9600,2599379
1920,9632,2632284
1920,9664,2632284
1920,9696,2650355
1920,9728,2650355
1920,9760,2661149
1920,9792,2661149
1920,9824,2679296
1920,9856,2679296
1920,9888,2692663
1920,9920,2692663
1920,9952,2702877
1920,9984,2702877
1920,10016,2725733
1920,10048,2725733
1920,10080,2817384
1920,10112,2817384
1920,10144,2859540
1920,10176,2859540
1920,10208,2876302
1920,10240,2876302
1920,10272,2884553
1920,10304,2884553
1920,10336,2901721
1920,10368,2901721
1920,10400,2913025
1920,10432,2913025
1920,10464,2929922
1920,10496,2929922
1920,10528,2974370
1920,10560,2974370
1920,10592,3061699
1920,10624,3061699
1920,10656,3092330
1920,10688,3092330
1920,10720,3116124
1920,10752,3116124
1920,10784,3135572
1920,10816,3135572
1920,10848,3151368
1920,10880,3151368
1920,10912,3167682
1920,10944,3167682
1920,10976,3190361
1920,11008,3190361
1920,11040,3215766
1920,11072,3215766
1920,11104,3296077
1920,11136,3296077
1920,11168,3328296
1920,11200,3328296
1920,11232,3340738
1920,11264,3340738
1920,11296,3343723
1920,11328,3343723
1920,11360,3358613
1920,11392,3358613
1920,11424,3374140
1920,11456,3374140
1920,11488,3387708
1920,11520,3387708
1920,11552,3419751
1920,11584,3419751
1920,11616,3478685
1920,11648,3478685
1920,11680,3498683
1920,11712,3498683
1920,11744,3528320
1920,11776,3528320
1920,11808,3533778
1920,11840,3533778
1920,11872,3538095
1920,11904,3538095
1920,11936,3549107
1920,11968,3549107
1920,12000,3564305
1920,12032,3564305
1920,12064,3580876
1920,12096,3580876
1920,12128,3626324
1920,12160,3626324
1920,12192,3647496
1920,12224,3647496
1920,12256,3661767
1920,12288,3661767
1920,12320,3665262
1920,12352,3665262
1920,12384,3669097
1920,12416,3669097
1920,12448,3673229
1920,12480,3673229
1920,12512,3689600
1920,12544,3689600
1920,12576,3693005
1920,12608,3693005
1920,12640,3703879
1920,12672,3703879
1920,12704,3713594
1920,12736,3713594
1920,12768,3753572
1920,12800,3753572
1920,12832,3759121
1920,12864,3759121
1920,12896,3773852
1920,12928,3773852
1920,12960,3774619
1920,12992,3774619
1920,13024,3775478
1920,13056,3775478
1920,13088,3782772
1920,13120,3782772
1920,13152,3783869
1920,13184,3783869
1920,13216,3796338
1920,13248,3796338
1920,13280,3821884
1920,13312,3821884
1920,13344,3826479
1920,13376,3826479
1920,13408,3829419
1920,13440,3829419
1920,13472,3833378
1920,13504,3833378
1920,13536,3834512
1920,13568,3834512
1920,13600,3839545
1920,13632,3839545
1920,13664,3850814
1920,13696,3850814
1920,13728,3869221
1920,13760,3869221
1920,13792,3916709
1920,13824,3916709
1920,13856,3929920
1920,13888,3929920
1920,13920,3951798
1920,13952,3951798
1920,13984,3972573
1920,14016,3972573
1920,14048,3995176
1920,14080,3995176
1920,14112,4002441
1920,14144,4002441
1920,14176,4048420
1920,14208,4048420
1920,14240,4087179
1920,14272,4087179
1920,14304,4193419
1920,14336,4193419
1920,14368,4230572
1920,14400,4230572
1920,14432,4270133
1920,14464,4270133
1920,14496,4296889
1920,14528,4296889
1920,14560,4320259
1920,14592,4320259
1920,14624,4339218
1920,14656,4339218
1920,14688,4435430
1920,14720,4435430
1920,14752,4464613
1920,14784,4464613
1920,14816,4629223
1920,14848,4629223
1920,14880,4643729
1920,14912,4643729
1920,14944,4738594
1920,14976,4738594
1920,15008,4774484
1920,15040,4774484
1920,15072,4906381
1920,15104,4906381
1920,15136,4933846
1920,15168,4933846
1920,15200,5039162
1920,15232,5039162
1920,15264,5143528
1920,15296,5143528
1920,15328,5370897
1920,15360,5370897
1920,15392,5436665
1920,15424,5436665
1920,15456,5540886
1920,15488,5540886
1920,15520,5563794
1920,15552,5563794
1920,15584,5633163
1920,15616,5633163
1920,15648,5673298
1920,15680,5673298
1920,15712,5788722
1920,15744,5788722
1920,15776,5894706
1920,15808,5894706
1920,15840,6104780
1920,15872,6104780
1920,15904,6198914
1920,15936,6198914
1920,15968,6318672
1920,16000,6318672
1920,16032,6380822
1920,16064,6380822
1920,16096,6437951
1920,16128,6437951
1920,16160,6508860
1920,16192,6508860
1920,16224,6562208
1920,16256,6562208
1920,16288,6662843
1920,16320,6662843
1920,16352,6878908
1920,16384,6878908
1920,16416,6882781
1920,16448,6882781
1920,16480,6935131
1920,16512,6935131
1920,16544,7009360
1920,16576,7009360
1920,16608,7026537
1920,16640,7026537
1920,16672,7137040
1920,16704,7137040
1920,16736,7147991
1920,16768,7147991
1920,16800,7242436
1920,16832,7242436
1920,16864,7244448
1920,16896,7244448
1920,16928,7452354
1920,16960,7452354
1920,16992,7466013
1920,17024,7466013
1920,17056,7866198
1920,17088,7866198
1920,17120,7874373
1920,17152,7874373
1920,17184,8117066
1920,17216,8117066
1920,17248,8117066
1920,17280,8117066
1920,17312,8415621
1920,17344,8415621
1920,17376,8415621
1920,17408,8415621
1920,17440,8524233
1920,17472,8524233
1920,17504,8524233
1920,17536,8524233
1920,17568,8693409
1920,17600,8693409
1920,17632,8693409
1920,17664,8693409
1920,17696,8833962
1920,17728,8833962
1920,17760,8833962
1920,17792,8833962
1920,17824,9001784
1920,17856,9001784
1920,17888,9001784
1920,17920,9001784
1920,17952,9119350
1920,17984,9119350
1920,18016,9119350
1920,18048,9119350
1920,18080,9384618
1920,18112,9384618
1920,18144,9384618
1920,18176,9384618
1920,18208,9508991
1920,18240,9508991
1920,18272,9508991
1920,18304,9508991
1920,18336,9785240
1920,18368,9785240
1920,18400,9785240
1920,18432,9785240
1920,18464,9941663
1920,18496,9941663
1920,18528,9941663
1920,18560,9941663
1920,18592,10197218
1920,18624,10197218
1920,18656,10197218
1920,18688,10197218
1920,18720,10294414
1920,18752,10294414
1920,18784,10294414
1920,18816,10294414
1920,18848,10541092
1920,18880,10541092
1920,18912,10541092
1920,18944,10541092
1920,18976,10673740
1920,19008,10673740
1920,19040,10673740
1920,19072,10673740
1920,19104,10918798
1920,19136,10918798
1920,19168,10918798
1920,19200,10918798
1920,19232,11034708
1920,19264,11034708
1920,19296,11034708
1920,19328,11034708
1920,19360,11153307
1920,19392,11153307
1920,19424,11153307
1920,19456,11153307
1920,19488,11289634
1920,19520,11289634
1920,19552,11289634
1920,19584,11289634
1920,19616,11582269
1920,19648,11582269
1920,19680,11582269
1920,19712,11582269
1920,19744,11659234
1920,19776,11659234
1920,19808,11659234
1920,19840,11659234
1920,19872,11853303
1920,19904,11853303
1920,19936,11853303
1920,19968,11853303
1920,20000,11953334
1920,20032,11953334
1920,20064,11953334
1920,20096,11953334
1920,20128,12181301
1920,20160,12181301
1920,20192,12181301
1920,20224,12181301
1920,20256,12304679
1920,20288,12304679
1920,20320,12304679
1920,20352,12304679
1920,20384,12424371
1920,20416,12424371
1920,20448,12424371
1920,20480,12424371
1920,20512,12482628
1920,20544,12482628
1920,20576,12482628
1920,20608,12482628
1920,20640,12623019
1920,20672,12623019
1920,20704,12623019
1920,20736,12623019
1920,20768,12684904
1920,20800,12684904
1920,20832,12684904
1920,20864,12684904
1920,20896,12762196
1920,20928,12762196
1920,20960,12762196
1920,20992,12762196
1920,21024,12840258
1920,21056,12840258
1920,21088,12840258
1920,21120,12840258
1920,21152,12962816
1920,21184,12962816
1920,21216,12962816
1920,21248,12962816
1920,21280,13081060
1920,21312,13081060
1920,21344,13081060
1920,21376,13081060
1920,21408,13218458
1920,21440,13218458
1920,21472,13218458
1920,21504,13218458
1920,21536,13287273
1920,21568,13287273
1920,21600,13287273
1920,21632,13287273
1920,21664,13326586
1920,21696,13326586
1920,21728,13326586
1920,21760,13326586
1920,21792,13371622
1920,21824,13371622
1920,21856,13371622
1920,21888,13371622
1920,21920,13425146
1920,21952,13425146
1920,21984,13425146
1920,22016,13425146
1920,22048,13445050
1920,22080,13445050
1920,22112,13445050
1920,22144,13445050
1920,22176,13519809
1920,22208,13519809
1920,22240,13519809
1920,22272,13519809
1920,22304,13544855
1920,22336,13544855
1920,22368,13544855
1920,22400,13544855
1920,22432,13623120
1920,22464,13623120
1920,22496,13623120
1920,22528,13623120
1920,22560,13700201
1920,22592,13700201
1920,22624,13700201
1920,22656,13700201
1920,22688,13806317
1920,22720,13806317
1920,22752,13806317
1920,22784,13806317
1920,22816,13840661
1920,22848,13840661
1920,22880,13840661
1920,22912,13840661
1920,22944,13870990
1920,22976,13870990
1920,23008,13870990
1920,23040,13870990
1920,23072,13896013
1920,23104,13896013
1920,23136,13896013
1920,23168,13896013
1920,23200,13941732
1920,23232,13941732
1920,23264,13941732
1920,23296,13941732
1920,23328,13998412
1920,23360,13998412
1920,23392,13998412
1920,23424,13998412
1920,23456,14039128
1920,23488,14039128
1920,23520,14039128
1920,23552,14039128
1920,23584,14095984
1920,23616,14095984
1920,23648,14095984
1920,23680,14095984
1920,23712,14119162
1920,23744,14119162
1920,23776,14119162
1920,23808,14119162
1920,23840,14134439
1920,23872,14134439
1920,23904,14134439
1920,23936,14134439
1920,23968,14167088
1920,24000,14167088
1920,24032,14167088
1920,24064,14167088
1920,24096,14184895
1920,24128,14184895
1920,24160,14184895
1920,24192,14184895
1920,24224,14204751
1920,24256,14204751
1920,24288,14204751
1920,24320,14204751
1920,24352,14214377
1920,24384,14214377
1920,24416,14214377
1920,24448,14214377
1920,24480,14244590
1920,24512,14244590
1920,24544,14244590
1920,24576,14244590
1920,24608,14260111
1920,24640,14260111
1920,24672,14260111
1920,24704,14260111
1920,24736,14283800
1920,24768,14283800
1920,24800,14283800
1920,24832,14283800
1920,24864,14288814
1920,24896,14288814
1920,24928,14288814
1920,24960,14288814
1920,24992,14327823
1920,25024,14327823
1920,25056,14327823
1920,25088,14327823
1920,25120,14358316
1920,25152,14358316
1920,25184,14358316
1920,25216,14358316
1920,25248,14369821
1920,25280,14369821
1920,25312,14369821
1920,25344,14369821
1920,25376,14392184
1920,25408,14392184
1920,25440,14392184
1920,25472,14392184
1920,25504,14395439
1920,25536,14395439
1920,25568,14395439
1920,25600,14395439
1920,25632,14403770
1920,25664,14403770
1920,25696,14403770
1920,25728,14403770
1920,25760,14417684
1920,25792,14417684
1920,25824,14417684
1920,25856,14417684
1920,25888,14427466
1920,25920,14427466
1920,25952,14427466
1920,25984,14427466
1920,26016,14438488
1920,26048,14438488
1920,26080,14438488
1920,26112,14438488
1920,26144,14446493
1920,26176,14446493
1920,26208,14446493
1920,26240,14446493
1920,26272,14447080
1920,26304,14447080
1920,26336,14447080
1920,26368,14447080
1920,26400,14448473
1920,26432,14448473
1920,26464,14448473
1920,26496,14448473
1920,26528,14457226
1920,26560,14457226
1920,26592,14457226
1920,26624,14457226
1920,26656,14457226
1920,26688,14457226
1920,26720,14457226
1920,26752,14457226
1920,26784,14457602
1920,26816,14457602
1920,26848,14457602
1920,26880,14457602
1920,26912,14457602
1920,26944,14457602
1920,26976,14457602
1920,27008,14457602
1920,27040,14460193
1920,27072,14460193
1920,27104,14460193
1920,27136,14460193
1920,27168,14463234
1920,27200,14463234
1920,27232,14463234
1920,27264,14463234
1920,27296,14464945
1920,27328,14464945
1920,27360,14464945
1920,27392,14464945
1920,27424,14464945
1920,27456,14464945
1920,27488,14464945
1920,27520,14464945
1920,27552,14464945
1920,27584,14464945
1920,27616,14464945
1920,27648,14464945
1920,27680,14464945
1920,27712,14464945
1920,27744,14464945
1920,27776,14464945
1920,27808,14464945
1920,27840,14464945
1920,27872,14464945
1920,27904,14464945
1920,27936,14472027
1920,27968,14472027
1920,28000,14472027
1920,28032,14472027
1920,28064,14472027
1920,28096,14472027
1920,28128,14472027
1920,28160,14472027
1920,28192,14472027
1920,28224,14472027
1920,28256,14472027
1920,28288,14472027
1920,28320,14472027
1920,28352,14472027
1920,28384,14472027
1920,28416,14472027
1920,28448,14472027
1920,28480,14472027
1920,28512,14472027
1920,28544,14472027
1920,28576,14472027
1920,28608,14472027
1920,28640,14472027
1920,28672,14472027
1920,28704,14472027
1920,28736,14472027
1920,28768,14472027
1920,28800,14472027
1920,28832,14472712
1920,28864,14472712
1920,28896,14472712
1920,28928,14472712
1920,28960,14472712
1920,28992,14472712
1920,29024,14472712
1920,29056,14472712
1920,29088,14472712
1920,29120,14472712
1920,29152,14472712
1920,29184,14472712
1920,29216,14477606
1920,29248,14477606
1920,29280,14477606
1920,29312,14477606
1920,29344,14477606
1920,29376,14477606
1920,29408,14477606
1920,29440,14477606
1920,29472,14477606
1920,29504,14477606
1920,29536,14477606
1920,29568,14477606
1920,29600,14477606
1920,29632,14477606
1920,29664,14477606
1920,29696,14477606
1920,29728,14477606
1920,29760,14477606
1920,29792,14477606
1920,29824,14477606
1920,29856,14477606
1920,29888,14477606
1920,29920,14477606
1920,29952,14477606
1920,29984,14477606
1920,30016,14477606
1920,30048,14477606
1920,30080,14477606
1920,30112,14477606
1920,30144,14477606
1920,30176,14477606
1920,30208,14477606
1920,30240,14477606
1920,30272,14477606
1920,30304,14477606
1920,30336,14477606
1920,30368,14477606
1920,30400,14477606
1920,30432,14477606
1920,30464,14477606
1920,30496,14477606
1920,30528,14477606
1920,30560,14477606
1920,30592,14477606
1920,30624,14477606
1920,30656,14477606
1920,30688,14477606
1920,30720,14477606
1920,30752,14477606
1920,30784,14477606
1920,30816,14477606
1920,30848,14477606
1920,30880,14477606
1920,30912,14477606
1920,30944,14477606
1920,30976,14477606
1920,31008,14477606
1920,31040,14477606
1920,31072,14477606
1920,31104,14477606
1920,31136,14477606
1920,31168,14477606
1920,31200,14477606
1920,31232,14477606
1920,31264,14477606
1920,31296,14477606
1920,31328,14477606
1920,31360,14477606
1920,31392,14477606
1920,31424,14477606
1920,31456,14477606
1920,31488,14477606
1920,31520,14477606
1920,31552,14477606
1920,31584,14477606
1920,31616,14477606
1920,31648,14477606
1920,31680,14477606
1920,31712,14477606
1920,31744,14477606
1920,31776,14477606
1920,31808,14477606
1920,31840,14477606
1920,31872,14477606
1920,31904,14477606
1920,31936,14477606
1920,31968,14477606
1920,32000,14477606
1920,32032,14477606
1920,32064,14477606
1920,32096,14477606
1920,32128,14477606
1920,32160,14477606
1920,32192,14477606
1920,32224,14477606
1920,32256,14477606
1920,32288,14477606
1920,32320,14477606
1920,32352,14477606
1920,32384,14477606
1920,32416,14477606
1920,32448,14477606
1920,32480,14477606
1920,32512,14477606
1920,32544,14477606
1920,32576,14477606
1920,32608,14477606
1920,32640,14477606
1920,32672,14477606
1920,32704,14477606
1920,32736,14477606
1920,32768,14477606
1920,32800,14477606
1920,32832,14477606
1920,32864,14477606
1920,32896,14477606
1920,32928,14477606
1920,32960,14477606
1920,32992,14477606
1920,33024,14477606
1920,33056,14477606
1920,33088,14477606
1920,33120,14477606
1920,33152,14477606
1920,33184,14477606
1920,33216,14477606
1920,33248,14477606
1920,33280,14477606
1920,33312,14477606
1920,33344,14477606
1920,33376,14477606
1920,33408,14477606
1920,33440,14477606
1920,33472,14477606
1920,33504,14477606
1920,33536,14477606
1920,33568,14477606
1920,33600,14477606
1920,33632,14477606
1920,33664,14477606
1920,33696,14477606
1920,33728,14477606
1920,33760,14477606
1920,33792,14477606
1920,33824,14477606
1920,33856,14477606
1920,33888,14477606
1920,33920,14477606
1920,33952,14477606
1920,33984,14477606
1920,34016,14477606
1920,34048,14477606
1920,34080,14477606
1920,34112,14477606
1920,34144,14477606
1920,34176,14477606
1920,34208,14477606
1920,34240,14477606
1920,34272,14477606
1920,34304,14477606
1920,34336,14477606
1920,34368,14477606
1920,34400,14477606
1920,34432,14477606
1920,34464,14477606
1920,34496,14477606
1920,34528,14477606
1920,34560,14477606
1920,34592,14477606
1920,34624,14477606
1920,34656,14477606
1920,34688,14477606
1920,34720,14477606
1920,34752,14477606
1920,34784,14477606
1920,34816,14477606
1920,34848,14477606
1920,34880,14477606
1920,34912,14477606
1920,34944,14477606
1920,34976,14477606
1920,35008,14477606
1920,35040,14477606
1920,35072,14477606
1920,35104,14477606
1920,35136,14477606
1920,35168,14477606
1920,35200,14477606
1920,35232,14477606
1920,35264,14477606
1920,35296,14477606
1920,35328,14477606
1920,35360,14477606
1920,35392,14477606
1920,35424,14477606
1920,35456,14477606
1920,35488,14477606
1920,35520,14477606
1920,35552,14477606
1920,35584,14477606
1920,35616,14477606
1920,35648,14477606
1920,35680,14477606
1920,35712,14477606
1920,35744,14477606
1920,35776,14477606
1920,35808,14477606
1920,35840,14477606
1920,35872,14477606
1920,35904,14477606
1920,35936,14477606
1920,35968,14477606
1920,36000,14477606
1920,36032,14477606
1920,36064,14477606
1920,36096,14477606
1920,36128,14477606
1920,36160,14477606
1920,36192,14477606
1920,36224,14477606
1920,36256,14477606
1920,36288,14477606
1920,36320,14477606
1920,36352,14477606
1920,36384,14477606
1920,36416,14477606
1920,36448,14477606
1920,36480,14477606
1920,36512,14477606
1920,36544,14477606
1920,36576,14477606
1920,36608,14477606
1920,36640,14477606
1920,36672,14477606
1920,36704,14477606
1920,36736,14477606
1920,36768,14477606
1920,36800,14477606
1920,36832,14477606
1920,36864,14477606
1920,36896,14477606
1920,36928,14477606
1920,36960,14477606
1920,36992,14477606
1920,37024,14477606
1920,37056,14477606
1920,37088,14477606
1920,37120,14477606
1920,37152,14477606
1920,37184,14477606
1920,37216,14477606
1920,37248,14477606
1920,37280,14477606
1920,37312,14477606
1920,37344,14477606
1920,37376,14477606
1920,37408,14477606
1920,37440,14477606
1920,37472,14477606
1920,37504,14477606
1920,37536,14477606
1920,37568,14477606
1920,37600,14477606
1920,37632,14477606
1920,37664,14477606
1920,37696,14477606
1920,37728,14477606
1920,37760,14477606
1920,37792,14477606
1920,37824,14477606
1920,37856,14477606
1920,37888,14477606
1920,37920,14477606
1920,37952,14477606
1920,37984,14477606
1920,38016,14477606
1920,38048,14477606
1920,38080,14477606
1920,38112,14477606
1920,38144,14477606
1920,38176,14477606
1920,38208,14477606
1920,38240,14477606
1920,38272,14477606
1920,38304,14477606
1920,38336,14477606
1920,38368,14477606
1920,38400,14477606
1920,38432,14477606
1920,38464,14477606
1920,38496,14477606
1920,38528,14477606
1920,38560,14477606
1920,38592,14477606
1920,38624,14477606
1920,38656,14477606
1920,38688,14477606
1920,38720,14477606
1920,38752,14477606
1920,38784,14477606
1920,38816,14477606
1920,38848,14477606
1920,38880,14477606
1920,38912,14477606
1920,38944,14477606
1920,38976,14477606
1920,39008,14477606
1920,39040,14477606
1920,39072,14477606
1920,39104,14477606
1920,39136,14477606
1920,39168,14477606
1920,39200,14477606
1920,39232,14477606
1920,39264,14477606
1920,39296,14477606
1920,39328,14477606
1920,39360,14477606
1920,39392,14477606
1920,39424,14477606
1920,39456,14477606
1920,39488,14477606
1920,39520,14477606
1920,39552,14477606
1920,39584,14477606
1920,39616,14477606
1920,39648,14477606
1920,39680,14477606
1920,39712,14477606
1920,39744,14477606
1920,39776,14477606
1920,39808,14477606
1920,39840,14477606
1920,39872,14477606
1920,39904,14477606
1920,39936,14477606
1920,39968,14477606
1920,40000,14477606
1920,40032,14477606
1920,40064,14477606
1920,40096,14477606
1920,40128,14477606
1920,40160,14477606
1920,40192,14477606
1920,40224,14477606
1920,40256,14477606
1920,40288,14477606
1920,40320,14477606
1920,40352,14477606
1920,40384,14477606
1920,40416,14477606
1920,40448,14477606
1920,40480,14477606
1920,40512,14477606
1920,40544,14477606
1920,40576,14477606
1920,40608,14477606
1920,40640,14477606
1920,40672,14477606
1920,40704,14477606
1920,40736,14477606
1920,40768,14477606
1920,40800,14477606
1920,40832,14477606
1920,40864,14477606
1920,40896,14477606
1920,40928,14477606
1920,40960,14477606
1984,32,46390
1984,64,45720
1984,96,45688
1984,128,45673
1984,160,45690
1984,192,45706
1984,224,45708
1984,256,45722
1984,288,45728
1984,320,45731
1984,352,45745
1984,384,45787
1984,416,46060
1984,448,46073
1984,480,46069
1984,512,46459
1984,544,71867
1984,576,76667
1984,608,77732
1984,640,78079
1984,672,78397
1984,704,78571
1984,736,78696
1984,768,78619
1984,800,78483
1984,832,78560
1984,864,78488
1984,896,78375
1984,928,78346
1984,960,78672
1984,992,79313
1984,1024,80096
1984,1056,80844
1984,1088,102219
1984,1120,106901
1984,1152,111298
1984,1184,112368
1984,1216,114422
1984,1248,115291
1984,1280,117190
1984,1312,117669
1984,1344,118504
1984,1376,119058
1984,1408,120090
1984,1440,120505
1984,1472,121154
1984,1504,121928
1984,1536,122626
1984,1568,124259
1984,1600,135920
1984,1632,137426
1984,1664,139144
1984,1696,139629
1984,1728,140953
1984,1760,141500
1984,1792,142735
1984,1824,143735
1984,1856,145490
1984,1888,146216
1984,1920,147829
1984,1952,148505
1984,1984,151004
1984,2016,151879
1984,2048,157110
1984,2080,159067
1984,2112,189142
1984,2144,191109
1984,2176,193473
1984,2208,194393
1984,2240,195978
1984,2272,197025
1984,2304,198439
1984,2336,199626
1984,2368,201215
1984,2400,202744
1984,2432,204540
1984,2464,205855
1984,2496,207581
1984,2528,208944
1984,2560,211455
1984,2592,217147
1984,2624,231531
1984,2656,237300
1984,2688,239966
1984,2720,241289
1984,2752,242412
1984,2784,243243
1984,2816,244486
1984,2848,245441
1984,2880,246688
1984,2912,247394
1984,2944,249315
1984,2976,250560
1984,3008,252086
1984,3040,253199
1984,3072,255816
1984,3104,259503
1984,3136,272946
1984,3168,278109
1984,3200,281906
1984,3232,283107
1984,3264,285452
1984,3296,286980
1984,3328,289161
1984,3360,290046
1984,3392,292723
1984,3424,294404
1984,3456,298445
1984,3488,308782
1984,3520,317547
1984,3552,324402
1984,3584,331103
1984,3616,349587
1984,3648,397462
1984,3680,417087
1984,3712,426148
1984,3744,430045
1984,3776,432417
1984,3808,435884
1984,3840,440515
1984,3872,442557
1984,3904,445680
1984,3936,448785
1984,3968,455610
1984,4000,458045
1984,4032,460883
1984,4064,461599
1984,4096,463919
1984,4128,464151
1984,4160,464562
1984,4192,474033
1984,4224,477016
1984,4256,498951
1984,4288,499133
1984,4320,534403
1984,4352,535022
1984,4384,556322
1984,4416,556322
1984,4448,568710
1984,4480,568710
1984,4512,576504
1984,4544,576504
1984,4576,588038
1984,4608,588038
1984,4640,594009
1984,4672,594009
1984,4704,602083
1984,4736,602083
1984,4768,611845
1984,4800,611845
1984,4832,642065
1984,4864,642065
1984,4896,657465
1984,4928,657465
1984,4960,679518
1984,4992,679518
1984,5024,680223
1984,5056,680223
1984,5088,684149
1984,5120,684149
1984,5152,685709
1984,5184,685709
1984,5216,696193
1984,5248,696193
1984,5280,704585
1984,5312,704585
1984,5344,726881
1984,5376,726881
1984,5408,732994
1984,5440,732994
1984,5472,745589
1984,5504,745589
1984,5536,746775
1984,5568,746775
1984,5600,758204
1984,5632,758204
1984,5664,761771
1984,5696,761771
1984,5728,785831
1984,5760,785831
1984,5792,790065
1984,5824,790065
1984,5856,847254
1984,5888,847254
1984,5920,851424
1984,5952,851424
1984,5984,869248
1984,6016,869248
1984,6048,870415
1984,6080,870415
1984,6112,903742
1984,6144,903742
1984,6176,907485
1984,6208,907485
1984,6240,980125
1984,6272,980125
1984,6304,985061
1984,6336,985061
1984,6368,1082501
1984,6400,1082501
1984,6432,1088195
1984,6464,1088195
1984,6496,1149154
1984,6528,1149154
1984,6560,1152907
1984,6592,1152907
1984,6624,1188929
1984,6656,1188929
1984,6688,1194163
1984,6720,1194163
1984,6752,1252028
1984,6784,1252028
1984,6816,1265319
1984,6848,1265319
1984,6880,1356845
1984,6912,1356845
1984,6944,1366635
1984,6976,1366635
1984,7008,1424967
1984,7040,1424967
1984,7072,1428075
1984,7104,1428075
1984,7136,1490207
1984,7168,1490207
1984,7200,1495082
1984,7232,1495082
1984,7264,1528774
1984,7296,1528774
1984,7328,1549559
1984,7360,1549559
1984,7392,1646370
1984,7424,1646370
1984,7456,1663303
1984,7488,1663303
1984,7520,1732232
1984,7552,1732232
1984,7584,1736294
1984,7616,1736294
1984,7648,1795010
1984,7680,1795010
1984,7712,1802687
1984,7744,1802687
1984,7776,1865493
1984,7808,1865493
1984,7840,1888526
1984,7872,1888526
1984,7904,1986401
1984,7936,1986401
1984,7968,2003700
1984,8000,2003700
1984,8032,2030502
1984,8064,2030502
1984,8096,2038212
1984,8128,2038212
1984,8160,2052145
1984,8192,2052145
1984,8224,2058677
1984,8256,2058677
1984,8288,2068957
1984,8320,2068957
1984,8352,2072697
1984,8384,2072697
1984,8416,2089079
1984,8448,2089079
1984,8480,2113180
1984,8512,2113180
1984,8544,2185428
1984,8576,2185428
1984,8608,2217377
1984,8640,2217377
1984,8672,2238419
1984,8704,2238419
1984,8736,2245823
1984,8768,2245823
1984,8800,2279640
1984,8832,2279640
1984,8864,2291846
1984,8896,2291846
1984,8928,2323971
1984,8960,2323971
1984,8992,2356946
1984,9024,2356946
1984,9056,2407502
1984,9088,2407502
1984,9120,2429798
1984,9152,2429798
1984,9184,2449567
1984,9216,2449567
1984,9248,2458052
1984,9280,2458052
1984,9312,2469976
1984,9344,2469976
1984,9376,2483294
1984,9408,2483294
1984,9440,2491620
1984,9472,2491620
1984,9504,2525691
1984,9536,2525691
1984,9568,2599379
1984,9600,2599379
1984,9632,2632284
1984,9664,2632284
1984,9696,2650355
1984,9728,2650355
1984,9760,2661149
1984,9792,2661149
1984,9824,2679296
1984,9856,2679296
1984,9888,2692663
1984,9920,2692663
1984,9952,2702877
1984,9984,2702877
1984,10016,2725733
1984,10048,2725733
1984,10080,2817384
1984,10112,2817384
1984,10144,2859540
1984,10176,2859540
1984,10208,2876302
1984,10240,2876302
1984,10272,2884553
1984,10304,2884553
1984,10336,2901721
1984,10368,2901721
1984,10400,2913025
1984,10432,2913025
1984,10464,2929922
1984,10496,2929922
1984,10528,2974370
1984,10560,2974370
1984,10592,3061699
1984,10624,3061699
1984,10656,3092330
1984,10688,3092330
1984,10720,3116124
1984,10752,3116124
1984,10784,3135572
1984,10816,3135572
1984,10848,3151368
1984,10880,3151368
1984,10912,3167682
1984,10944,3167682
1984,10976,3190361
1984,11008,3190361
1984,11040,3215766
1984,11072,3215766
1984,11104,3296077
1984,11136,3296077
1984,11168,3328296
1984,11200,3328296
1984,11232,3340738
1984,11264,3340738
1984,11296,3343723
1984,11328,3343723
1984,11360,3358613
1984,11392,3358613
1984,11424,3374140
1984,11456,3374140
1984,11488,3387708
1984,11520,3387708
1984,11552,3419751
1984,11584,3419751
1984,11616,3478685
1984,11648,3478685
1984,11680,3498683
1984,11712,3498683
1984,11744,3528320
1984,11776,3528320
1984,11808,3533778
1984,11840,3533778
1984,11872,3538095
1984,11904,3538095
1984,11936,3549107
1984,11968,3549107
1984,12000,3564305
1984,12032,3564305
1984,12064,3580876
1984,12096,3580876
1984,12128,3626324
1984,12160,3626324
1984,12192,3647496
1984,12224,3647496
1984,12256,3661767
1984,12288,3661767
1984,12320,3665262
1984,12352,3665262
1984,12384,3669097
1984,12416,3669097
1984,12448,3673229
1984,12480,3673229
1984,12512,3689600
1984,12544,3689600
1984,12576,3693005
1984,12608,3693005
1984,12640,3703879
1984,12672,3703879
1984,12704,3713594
1984,12736,3713594
1984,12768,3753572
1984,12800,3753572
1984,12832,3759121
1984,12864,3759121
1984,12896,3773852
1984,12928,3773852
1984,12960,3774619
1984,12992,3774619
1984,13024,3775478
1984,13056,3775478
1984,13088,3782772
1984,13120,3782772
1984,13152,3783869
1984,13184,3783869
1984,13216,3796338
1984,13248,3796338
1984,13280,3821884
1984,13312,3821884
1984,13344,3826479
1984,13376,3826479
1984,13408,3829419
1984,13440,3829419
1984,13472,3833378
1984,13504,3833378
1984,13536,3834512
1984,13568,3834512
1984,13600,3839545
1984,13632,3839545
1984,13664,3850814
1984,13696,3850814
1984,13728,3869221
1984,13760,3869221
1984,13792,3916709
1984,13824,3916709
1984,13856,3929920
1984,13888,3929920
1984,13920,3951798
1984,13952,3951798
1984,13984,3972573
1984,14016,3972573
1984,14048,3995176
1984,14080,3995176
1984,14112,4002441
1984,14144,4002441
1984,14176,4048420
1984,14208,4048420
1984,14240,4087179
1984,14272,4087179
1984,14304,4193419
1984,14336,4193419
1984,14368,4230572
1984,14400,4230572
1984,14432,4270133
1984,14464,4270133
1984,14496,4296889
1984,14528,4296889
1984,14560,4320259
1984,14592,4320259
1984,14624,4339218
1984,14656,4339218
1984,14688,4435430
1984,14720,4435430
1984,14752,4464613
1984,14784,4464613
1984,14816,4629223
1984,14848,4629223
1984,14880,4643729
1984,14912,4643729
1984,14944,4738594
1984,14976,4738594
1984,15008,4774484
1984,15040,4774484
1984,15072,4906381
1984,15104,4906381
1984,15136,4933846
1984,15168,4933846
1984,15200,5039162
1984,15232,5039162
1984,15264,5143528
1984,15296,5143528
1984,15328,5370897
1984,15360,5370897
1984,15392,5436665
1984,15424,5436665
1984,15456,5540886
1984,15488,5540886
1984,15520,5563794
1984,15552,5563794
1984,15584,5633163
1984,15616,5633163
1984,15648,5673298
1984,15680,5673298
1984,15712,5788722
1984,15744,5788722
1984,15776,5894706
1984,15808,5894706
1984,15840,6104780
1984,15872,6104780
1984,15904,6198914
1984,15936,6198914
1984,15968,6318672
1984,16000,6318672
1984,16032,6380822
1984,16064,6380822
1984,16096,6437951
1984,16128,6437951
1984,16160,6508860
1984,16192,6508860
1984,16224,6562208
1984,16256,6562208
1984,16288,6662843
1984,16320,6662843
1984,16352,6878908
1984,16384,6878908
1984,16416,6882781
1984,16448,6882781
1984,16480,6935131
1984,16512,6935131
1984,16544,7009360
1984,16576,7009360
1984,16608,7026537
1984,16640,7026537
1984,16672,7137040
1984,16704,7137040
1984,16736,7147991
1984,16768,7147991
1984,16800,7242436
1984,16832,7242436
1984,16864,7244448
1984,16896,7244448
1984,16928,7452354
1984,16960,7452354
1984,16992,7466013
1984,17024,7466013
1984,17056,7866198
1984,17088,7866198
1984,17120,7874373
1984,17152,7874373
1984,17184,8117066
1984,17216,8117066
1984,17248,8117066
1984,17280,8117066
1984,17312,8415621
1984,17344,8415621
1984,17376,8415621
1984,17408,8415621
1984,17440,8524233
1984,17472,8524233
1984,17504,8524233
1984,17536,8524233
1984,17568,8693409
1984,17600,8693409
1984,17632,8693409
1984,17664,8693409
1984,17696,8833962
1984,17728,8833962
1984,17760,8833962
1984,17792,8833962
1984,17824,9001784
1984,17856,9001784
1984,17888,9001784
1984,17920,9001784
1984,17952,9119350
1984,17984,9119350
1984,18016,9119350
1984,18048,9119350
1984,18080,9384618
1984,18112,9384618
1984,18144,9384618
1984,18176,9384618
1984,18208,9508991
1984,18240,9508991
1984,18272,9508991
1984,18304,9508991
1984,18336,9785240
1984,18368,9785240
1984,18400,9785240
1984,18432,9785240
1984,18464,9941663
1984,18496,9941663
1984,18528,9941663
1984,18560,9941663
1984,18592,10197218
1984,18624,10197218
1984,18656,10197218
1984,18688,10197218
1984,18720,10294414
1984,18752,10294414
1984,18784,10294414
1984,18816,10294414
1984,18848,10541092
1984,18880,10541092
1984,18912,10541092
1984,18944,10541092
1984,18976,10673740
1984,19008,10673740
1984,19040,10673740
1984,19072,10673740
1984,19104,10918798
1984,19136,10918798
1984,19168,10918798
1984,19200,10918798
1984,19232,11034708
1984,19264,11034708
1984,19296,11034708
1984,19328,11034708
1984,19360,11153307
1984,19392,11153307
1984,19424,11153307
1984,19456,11153307
1984,19488,11289634
1984,19520,11289634
1984,19552,11289634
1984,19584,11289634
1984,19616,11582269
1984,19648,11582269
1984,19680,11582269
1984,19712,11582269
1984,19744,11659234
1984,19776,11659234
1984,19808,11659234
1984,19840,11659234
1984,19872,11853303
1984,19904,11853303
1984,19936,11853303
1984,19968,11853303
1984,20000,11953334
1984,20032,11953334
1984,20064,11953334
1984,20096,11953334
1984,20128,12181301
1984,20160,12181301
1984,20192,12181301
1984,20224,12181301
1984,20256,12304679
1984,20288,12304679
1984,20320,12304679
1984,20352,12304679
1984,20384,12424371
1984,20416,12424371
1984,20448,12424371
1984,20480,12424371
1984,20512,12482628
1984,20544,12482628
1984,20576,12482628
1984,20608,12482628
1984,20640,12623019
1984,20672,12623019
1984,20704,12623019
1984,20736,12623019
1984,20768,12684904
1984,20800,12684904
1984,20832,12684904
1984,20864,12684904
1984,20896,12762196
1984,20928,12762196
1984,20960,12762196
1984,20992,12762196
1984,21024,12840258
1984,21056,12840258
1984,21088,12840258
1984,21120,12840258
1984,21152,12962816
1984,21184,12962816
1984,21216,12962816
1984,21248,12962816
1984,21280,13081060
1984,21312,13081060
1984,21344,13081060
1984,21376,13081060
1984,21408,13218458
1984,21440,13218458
1984,21472,13218458
1984,21504,13218458
1984,21536,13287273
1984,21568,13287273
1984,21600,13287273
1984,21632,13287273
1984,21664,13326586
1984,21696,13326586
1984,21728,13326586
1984,21760,13326586
1984,21792,13371622
1984,21824,13371622
1984,21856,13371622
1984,21888,13371622
1984,21920,13425146
1984,21952,13425146
1984,21984,13425146
1984,22016,13425146
1984,22048,13445050
1984,22080,13445050
1984,22112,13445050
1984,22144,13445050
1984,22176,13519809
1984,22208,13519809
1984,22240,13519809
1984,22272,13519809
1984,22304,13544855
1984,22336,13544855
1984,22368,13544855
1984,22400,13544855
1984,22432,13623120
1984,22464,13623120
1984,22496,13623120
1984,22528,13623120
1984,22560,13700201
1984,22592,13700201
1984,22624,13700201
1984,22656,13700201
1984,22688,13806317
1984,22720,13806317
1984,22752,13806317
1984,22784,13806317
1984,22816,13840661
1984,22848,13840661
1984,22880,13840661
1984,22912,13840661
1984,22944,13870990
1984,22976,13870990
1984,23008,13870990
1984,23040,13870990
1984,23072,13896013
1984,23104,13896013
1984,23136,13896013
1984,23168,13896013
1984,23200,13941732
1984,23232,13941732
1984,23264,13941732
1984,23296,13941732
1984,23328,13998412
1984,23360,13998412
1984,23392,13998412
1984,23424,13998412
1984,23456,14039128
1984,23488,14039128
1984,23520,14039128
1984,23552,14039128
1984,23584,14095984
1984,23616,14095984
1984,23648,14095984
1984,23680,14095984
1984,23712,14119162
1984,23744,14119162
1984,23776,14119162
1984,23808,14119162
1984,23840,14134439
1984,23872,14134439
1984,23904,14134439
1984,23936,14134439
1984,23968,14167088
1984,24000,14167088
1984,24032,14167088
1984,24064,14167088
1984,24096,14184895
1984,24128,14184895
1984,24160,14184895
1984,24192,14184895
1984,24224,14204751
1984,24256,14204751
1984,24288,14204751
1984,24320,14204751
1984,24352,14214377
1984,24384,14214377
1984,24416,14214377
1984,24448,14214377
1984,24480,14244590
1984,24512,14244590
1984,24544,14244590
1984,24576,14244590
1984,24608,14260111
1984,24640,14260111
1984,24672,14260111
1984,24704,14260111
1984,24736,14283800
1984,24768,14283800
1984,24800,14283800
1984,24832,14283800
1984,24864,14288814
1984,24896,14288814
1984,24928,14288814
1984,24960,14288814
1984,24992,14327823
1984,25024,14327823
1984,25056,14327823
1984,25088,14327823
1984,25120,14358316
1984,25152,14358316
1984,25184,14358316
1984,25216,14358316
1984,25248,14369821
1984,25280,14369821
1984,25312,14369821
1984,25344,14369821
1984,25376,14392184
1984,25408,14392184
1984,25440,14392184
1984,25472,14392184
1984,25504,14395439
1984,25536,14395439
1984,25568,14395439
1984,25600,14395439
1984,25632,14403770
1984,25664,14403770
1984,25696,14403770
1984,25728,14403770
1984,25760,14417684
1984,25792,14417684
1984,25824,14417684
1984,25856,14417684
1984,25888,14427466
1984,25920,14427466
1984,25952,14427466
1984,25984,14427466
1984,26016,14438488
1984,26048,14438488
1984,26080,14438488
1984,26112,14438488
1984,26144,14446493
1984,26176,14446493
1984,26208,14446493
1984,26240,14446493
1984,26272,14447080
1984,26304,14447080
1984,26336,14447080
1984,26368,14447080
1984,26400,14448473
1984,26432,14448473
1984,26464,14448473
1984,26496,14448473
1984,26528,14457226
1984,26560,14457226
1984,26592,14457226
1984,26624,14457226
1984,26656,14457226
1984,26688,14457226
1984,26720,14457226
1984,26752,14457226
1984,26784,14457602
1984,26816,14457602
1984,26848,14457602
1984,26880,14457602
1984,26912,14457602
1984,26944,14457602
1984,26976,14457602
1984,27008,14457602
1984,27040,14460193
1984,27072,14460193
1984,27104,14460193
1984,27136,14460193
1984,27168,14463234
1984,27200,14463234
1984,27232,14463234
1984,27264,14463234
1984,27296,14464945
1984,27328,14464945
1984,27360,14464945
1984,27392,14464945
1984,27424,14464945
1984,27456,14464945
1984,27488,14464945
1984,27520,14464945
1984,27552,14464945
1984,27584,14464945
1984,27616,14464945
1984,27648,14464945
1984,27680,14464945
1984,27712,14464945
1984,27744,14464945
1984,27776,14464945
1984,27808,14464945
1984,27840,14464945
1984,27872,14464945
1984,27904,14464945
1984,27936,14472027
1984,27968,14472027
1984,28000,14472027
1984,28032,14472027
1984,28064,14472027
1984,28096,14472027
1984,28128,14472027
1984,28160,14472027
1984,28192,14472027
1984,28224,14472027
1984,28256,14472027
1984,28288,14472027
1984,28320,14472027
1984,28352,14472027
1984,28384,14472027
1984,28416,14472027
1984,28448,14472027
1984,28480,14472027
1984,28512,14472027
1984,28544,14472027
1984,28576,14472027
1984,28608,14472027
1984,28640,14472027
1984,28672,14472027
1984,28704,14472027
1984,28736,14472027
1984,28768,14472027
1984,28800,14472027
1984,28832,14472712
1984,28864,14472712
1984,28896,14472712
1984,28928,14472712
1984,28960,14472712
1984,28992,14472712
1984,29024,14472712
1984,29056,14472712
1984,29088,14472712
1984,29120,14472712
1984,29152,14472712
1984,29184,14472712
1984,29216,14477606
1984,29248,14477606
1984,29280,14477606
1984,29312,14477606
1984,29344,14477606
1984,29376,14477606
1984,29408,14477606
1984,29440,14477606
1984,29472,14477606
1984,29504,14477606
1984,29536,14477606
1984,29568,14477606
1984,29600,14477606
1984,29632,14477606
1984,29664,14477606
1984,29696,14477606
1984,29728,14477606
1984,29760,14477606
1984,29792,14477606
1984,29824,14477606
1984,29856,14477606
1984,29888,14477606
1984,29920,14477606
1984,29952,14477606
1984,29984,14477606
1984,30016,14477606
1984,30048,14477606
1984,30080,14477606
1984,30112,14477606
1984,30144,14477606
1984,30176,14477606
1984,30208,14477606
1984,30240,14477606
1984,30272,14477606
1984,30304,14477606
1984,30336,14477606
1984,30368,14477606
1984,30400,14477606
1984,30432,14477606
1984,30464,14477606
1984,30496,14477606
1984,30528,14477606
1984,30560,14477606
1984,30592,14477606
1984,30624,14477606
1984,30656,14477606
1984,30688,14477606
1984,30720,14477606
1984,30752,14477606
1984,30784,14477606
1984,30816,14477606
1984,30848,14477606
1984,30880,14477606
1984,30912,14477606
1984,30944,14477606
1984,30976,14477606
1984,31008,14477606
1984,31040,14477606
1984,31072,14477606
1984,31104,14477606
1984,31136,14477606
1984,31168,14477606
1984,31200,14477606
1984,31232,14477606
1984,31264,14477606
1984,31296,14477606
1984,31328,14477606
1984,31360,14477606
1984,31392,14477606
1984,31424,14477606
1984,31456,14477606
1984,31488,14477606
1984,31520,14477606
1984,31552,14477606
1984,31584,14477606
1984,31616,14477606
1984,31648,14477606
1984,31680,14477606
1984,31712,14477606
1984,31744,14477606
1984,31776,14477606
1984,31808,14477606
1984,31840,14477606
1984,31872,14477606
1984,31904,14477606
1984,31936,14477606
1984,31968,14477606
1984,32000,14477606
1984,32032,14477606
1984,32064,14477606
1984,32096,14477606
1984,32128,14477606
1984,32160,14477606
1984,32192,14477606
1984,32224,14477606
1984,32256,14477606
1984,32288,14477606
1984,32320,14477606
1984,32352,14477606
1984,32384,14477606
1984,32416,14477606
1984,32448,14477606
1984,32480,14477606
1984,32512,14477606
1984,32544,14477606
1984,32576,14477606
1984,32608,14477606
1984,32640,14477606
1984,32672,14477606
1984,32704,14477606
1984,32736,14477606
1984,32768,14477606
1984,32800,14477606
1984,32832,14477606
1984,32864,14477606
1984,32896,14477606
1984,32928,14477606
1984,32960,14477606
1984,32992,14477606
1984,33024,14477606
1984,33056,14477606
1984,33088,14477606
1984,33120,14477606
1984,33152,14477606
1984,33184,14477606
1984,33216,14477606
1984,33248,14477606
1984,33280,14477606
1984,33312,14477606
1984,33344,14477606
1984,33376,14477606
1984,33408,14477606
1984,33440,14477606
1984,33472,14477606
1984,33504,14477606
1984,33536,14477606
1984,33568,14477606
1984,33600,14477606
1984,33632,14477606
1984,33664,14477606
1984,33696,14477606
1984,33728,14477606
1984,33760,14477606
1984,33792,14477606
1984,33824,14477606
1984,33856,14477606
1984,33888,14477606
1984,33920,14477606
1984,33952,14477606
1984,33984,14477606
1984,34016,14477606
1984,34048,14477606
1984,34080,14477606
1984,34112,14477606
1984,34144,14477606
1984,34176,14477606
1984,34208,14477606
1984,34240,14477606
1984,34272,14477606
1984,34304,14477606
1984,34336,14477606
1984,34368,14477606
1984,34400,14477606
1984,34432,14477606
1984,34464,14477606
1984,34496,14477606
1984,34528,14477606
1984,34560,14477606
1984,34592,14477606
1984,34624,14477606
1984,34656,14477606
1984,34688,14477606
1984,34720,14477606
1984,34752,14477606
1984,34784,14477606
1984,34816,14477606
1984,34848,14477606
1984,34880,14477606
1984,34912,14477606
1984,34944,14477606
1984,34976,14477606
1984,35008,14477606
1984,35040,14477606
1984,35072,14477606
1984,35104,14477606
1984,35136,14477606
1984,35168,14477606
1984,35200,14477606
1984,35232,14477606
1984,35264,14477606
1984,35296,14477606
1984,35328,14477606
1984,35360,14477606
1984,35392,14477606
1984,35424,14477606
1984,35456,14477606
1984,35488,14477606
1984,35520,14477606
1984,35552,14477606
1984,35584,14477606
1984,35616,14477606
1984,35648,14477606
1984,35680,14477606
1984,35712,14477606
1984,35744,14477606
1984,35776,14477606
1984,35808,14477606
1984,35840,14477606
1984,35872,14477606
1984,35904,14477606
1984,35936,14477606
1984,35968,14477606
1984,36000,14477606
1984,36032,14477606
1984,36064,14477606
1984,36096,14477606
1984,36128,14477606
1984,36160,14477606
1984,36192,14477606
1984,36224,14477606
1984,36256,14477606
1984,36288,14477606
1984,36320,14477606
1984,36352,14477606
1984,36384,14477606
1984,36416,14477606
1984,36448,14477606
1984,36480,14477606
1984,36512,14477606
1984,36544,14477606
1984,36576,14477606
1984,36608,14477606
1984,36640,14477606
1984,36672,14477606
1984,36704,14477606
1984,36736,14477606
1984,36768,14477606
1984,36800,14477606
1984,36832,14477606
1984,36864,14477606
1984,36896,14477606
1984,36928,14477606
1984,36960,14477606
1984,36992,14477606
1984,37024,14477606
1984,37056,14477606
1984,37088,14477606
1984,37120,14477606
1984,37152,14477606
1984,37184,14477606
1984,37216,14477606
1984,37248,14477606
1984,37280,14477606
1984,37312,14477606
1984,37344,14477606
1984,37376,14477606
1984,37408,14477606
1984,37440,14477606
1984,37472,14477606
1984,37504,14477606
1984,37536,14477606
1984,37568,14477606
1984,37600,14477606
1984,37632,14477606
1984,37664,14477606
1984,37696,14477606
1984,37728,14477606
1984,37760,14477606
1984,37792,14477606
1984,37824,14477606
1984,37856,14477606
1984,37888,14477606
1984,37920,14477606
1984,37952,14477606
1984,37984,14477606
1984,38016,14477606
1984,38048,14477606
1984,38080,14477606
1984,38112,14477606
1984,38144,14477606
1984,38176,14477606
1984,38208,14477606
1984,38240,14477606
1984,38272,14477606
1984,38304,14477606
1984,38336,14477606
1984,38368,14477606
1984,38400,14477606
1984,38432,14477606
1984,38464,14477606
1984,38496,14477606
1984,38528,14477606
1984,38560,14477606
1984,38592,14477606
1984,38624,14477606
1984,38656,14477606
1984,38688,14477606
1984,38720,14477606
1984,38752,14477606
1984,38784,14477606
1984,38816,14477606
1984,38848,14477606
1984,38880,14477606
1984,38912,14477606
1984,38944,14477606
1984,38976,14477606
1984,39008,14477606
1984,39040,14477606
1984,39072,14477606
1984,39104,14477606
1984,39136,14477606
1984,39168,14477606
1984,39200,14477606
1984,39232,14477606
1984,39264,14477606
1984,39296,14477606
1984,39328,14477606
1984,39360,14477606
1984,39392,14477606
1984,39424,14477606
1984,39456,14477606
1984,39488,14477606
1984,39520,14477606
1984,39552,14477606
1984,39584,14477606
1984,39616,14477606
1984,39648,14477606
1984,39680,14477606
1984,39712,14477606
1984,39744,14477606
1984,39776,14477606
1984,39808,14477606
1984,39840,14477606
1984,39872,14477606
1984,39904,14477606
1984,39936,14477606
1984,39968,14477606
1984,40000,14477606
1984,40032,14477606
1984,40064,14477606
1984,40096,14477606
1984,40128,14477606
1984,40160,14477606
1984,40192,14477606
1984,40224,14477606
1984,40256,14477606
1984,40288,14477606
1984,40320,14477606
1984,40352,14477606
1984,40384,14477606
1984,40416,14477606
1984,40448,14477606
1984,40480,14477606
1984,40512,14477606
1984,40544,14477606
1984,40576,14477606
1984,40608,14477606
1984,40640,14477606
1984,40672,14477606
1984,40704,14477606
1984,40736,14477606
1984,40768,14477606
1984,40800,14477606
1984,40832,14477606
1984,40864,14477606
1984,40896,14477606
1984,40928,14477606
1984,40960,14477606
2048,32,47692
2048,64,47049
2048,96,46855
2048,128,46869
2048,160,46869
2048,192,46877
2048,224,46881
2048,256,46895
2048,288,46904
2048,320,46910
2048,352,46963
2048,384,47039
2048,416,47592
2048,448,47591
2048,480,47581
2048,512,47836
2048,544,73461
2048,576,78318
2048,608,79386
2048,640,79718
2048,672,80130
2048,704,80333
2048,736,80441
2048,768,80363
2048,800,80264
2048,832,80266
2048,864,80302
2048,896,80015
2048,928,79960
2048,960,80215
2048,992,80746
2048,1024,81514
2048,1056,82245
2048,1088,103816
2048,1120,108399
2048,1152,112658
2048,1184,113736
2048,1216,115809
2048,1248,116676
2048,1280,118676
2048,1312,119361
2048,1344,120328
2048,1376,120862
2048,1408,121870
2048,1440,122331
2048,1472,122985
2048,1504,123773
2048,1536,124422
2048,1568,125966
2048,1600,138402
2048,1632,139834
2048,1664,141703
2048,1696,142177
2048,1728,143655
2048,1760,144190
2048,1792,145552
2048,1824,146511
2048,1856,148331
2048,1888,149172
2048,1920,150866
2048,1952,151666
2048,1984,154244
2048,2016,155120
2048,2048,160346
2048,2080,162304
2048,2112,191205
2048,2144,193060
2048,2176,195246
2048,2208,196156
2048,2240,197683
2048,2272,198750
2048,2304,200179
2048,2336,201411
2048,2368,203000
2048,2400,204514
2048,2432,206409
2048,2464,207725
2048,2496,209363
2048,2528,210776
2048,2560,213211
2048,2592,218791
2048,2624,233032
2048,2656,238785
2048,2688,241451
2048,2720,242563
2048,2752,243685
2048,2784,244517
2048,2816,245759
2048,2848,246714
2048,2880,247952
2048,2912,248658
2048,2944,250579
2048,2976,251825
2048,3008,253342
2048,3040,254455
2048,3072,257063
2048,3104,260573
2048,3136,273986
2048,3168,279149
2048,3200,282857
2048,3232,284058
2048,3264,286403
2048,3296,287922
2048,3328,290087
2048,3360,290972
2048,3392,293649
2048,3424,295321
2048,3456,299223
2048,3488,309404
2048,3520,318046
2048,3552,324884
2048,3584,331560
2048,3616,349942
2048,3648,397775
2048,3680,417384
2048,3712,426323
2048,3744,430220
2048,3776,432593
2048,3808,436059
2048,3840,440681
2048,3872,442723
2048,3904,445846
2048,3936,448951
2048,3968,455776
2048,4000,458212
2048,4032,461049
2048,4064,461766
2048,4096,464085
2048,4128,464318
2048,4160,464729
2048,4192,474051
2048,4224,477034
2048,4256,498969
2048,4288,499150
2048,4320,534420
2048,4352,535040
2048,4384,556340
2048,4416,556340
2048,4448,568728
2048,4480,568728
2048,4512,576512
2048,4544,576512
2048,4576,588046
2048,4608,588046
2048,4640,594018
2048,4672,594018
2048,4704,602092
2048,4736,602092
2048,4768,611854
2048,4800,611854
2048,4832,642074
2048,4864,642074
2048,4896,657474
2048,4928,657474
2048,4960,679527
2048,4992,679527
2048,5024,680232
2048,5056,680232
2048,5088,684158
2048,5120,684158
2048,5152,685718
2048,5184,685718
2048,5216,696202
2048,5248,696202
2048,5280,704594
2048,5312,704594
2048,5344,726890
2048,5376,726890
2048,5408,733003
2048,5440,733003
2048,5472,745598
2048,5504,745598
2048,5536,746784
2048,5568,746784
2048,5600,758213
2048,5632,758213
2048,5664,761780
2048,5696,761780
2048,5728,785839
2048,5760,785839
2048,5792,790074
2048,5824,790074
2048,5856,847263
2048,5888,847263
2048,5920,851433
2048,5952,851433
2048,5984,869257
2048,6016,869257
2048,6048,870424
2048,6080,870424
2048,6112,903751
2048,6144,903751
2048,6176,907494
2048,6208,907494
2048,6240,980134
2048,6272,980134
2048,6304,985070
2048,6336,985070
2048,6368,1082501
2048,6400,1082501
2048,6432,1088195
2048,6464,1088195
2048,6496,1149154
2048,6528,1149154
2048,6560,1152907
2048,6592,1152907
2048,6624,1188929
2048,6656,1188929
2048,6688,1194163
2048,6720,1194163
2048,6752,1252028
2048,6784,1252028
2048,6816,1265319
2048,6848,1265319
2048,6880,1356845
2048,6912,1356845
2048,6944,1366635
2048,6976,1366635
2048,7008,1424967
2048,7040,1424967
2048,7072,1428075
2048,7104,1428075
2048,7136,1490207
2048,7168,1490207
2048,7200,1495082
2048,7232,1495082
2048,7264,1528774
2048,7296,1528774
2048,7328,1549559
2048,7360,1549559
2048,7392,1646370
2048,7424,1646370
2048,7456,1663303
2048,7488,1663303
2048,7520,1732232
2048,7552,1732232
2048,7584,1736294
2048,7616,1736294
2048,7648,1795010
2048,7680,1795010
2048,7712,1802687
2048,7744,1802687
2048,7776,1865493
2048,7808,1865493
2048,7840,1888526
2048,7872,1888526
2048,7904,1986401
2048,7936,1986401
2048,7968,2003700
2048,8000,2003700
2048,8032,2030502
2048,8064,2030502
2048,8096,2038212
2048,8128,2038212
2048,8160,2052145
2048,8192,2052145
2048,8224,2058677
2048,8256,2058677
2048,8288,2068957
2048,8320,2068957
2048,8352,2072697
2048,8384,2072697
2048,8416,2089079
2048,8448,2089079
2048,8480,2113180
2048,8512,2113180
2048,8544,2185428
2048,8576,2185428
2048,8608,2217377
2048,8640,2217377
2048,8672,2238419
2048,8704,2238419
2048,8736,2245823
2048,8768,2245823
2048,8800,2279640
2048,8832,2279640
2048,8864,2291846
2048,8896,2291846
2048,8928,2323971
2048,8960,2323971
2048,8992,2356946
2048,9024,2356946
2048,9056,2407502
2048,9088,2407502
2048,9120,2429798
2048,9152,2429798
2048,9184,2449567
2048,9216,2449567
2048,9248,2458052
2048,9280,2458052
2048,9312,2469976
2048,9344,2469976
2048,9376,2483294
2048,9408,2483294
2048,9440,2491620
2048,9472,2491620
2048,9504,2525691
2048,9536,2525691
2048,9568,2599379
2048,9600,2599379
2048,9632,2632284
2048,9664,2632284
2048,9696,2650355
2048,9728,2650355
2048,9760,2661149
2048,9792,2661149
2048,9824,2679296
2048,9856,2679296
2048,9888,2692663
2048,9920,2692663
2048,9952,2702877
2048,9984,2702877
2048,10016,2725733
2048,10048,2725733
2048,10080,2817384
2048,10112,2817384
2048,10144,2859540
2048,10176,2859540
2048,10208,2876302
2048,10240,2876302
2048,10272,2884553
2048,10304,2884553
2048,10336,2901721
2048,10368,2901721
2048,10400,2913025
2048,10432,2913025
2048,10464,2929922
2048,10496,2929922
2048,10528,2974370
2048,10560,2974370
2048,10592,3061699
2048,10624,3061699
2048,10656,3092330
2048,10688,3092330
2048,10720,3116124
2048,10752,3116124
2048,10784,3135572
2048,10816,3135572
2048,10848,3151368
2048,10880,3151368
2048,10912,3167682
2048,10944,3167682
2048,10976,3190361
2048,11008,3190361
2048,11040,3215766
2048,11072,3215766
2048,11104,3296077
2048,11136,3296077
2048,11168,3328296
2048,11200,3328296
2048,11232,3340738
2048,11264,3340738
2048,11296,3343723
2048,11328,3343723
2048,11360,3358613
2048,11392,3358613
2048,11424,3374140
2048,11456,3374140
2048,11488,3387708
2048,11520,3387708
2048,11552,3419751
2048,11584,3419751
2048,11616,3478685
2048,11648,3478685
2048,11680,3498683
2048,11712,3498683
2048,11744,3528320
2048,11776,3528320
2048,11808,3533778
2048,11840,3533778
2048,11872,3538095
2048,11904,3538095
2048,11936,3549107
2048,11968,3549107
2048,12000,3564305
2048,12032,3564305
2048,12064,3580876
2048,12096,3580876
2048,12128,3626324
2048,12160,3626324
2048,12192,3647496
2048,12224,3647496
2048,12256,3661767
2048,12288,3661767
2048,12320,3665262
2048,12352,3665262
2048,12384,3669097
2048,12416,3669097
2048,12448,3673229
2048,12480,3673229
2048,12512,3689600
2048,12544,3689600
2048,12576,3693005
2048,12608,3693005
2048,12640,3703879
2048,12672,3703879
2048,12704,3713594
2048,12736,3713594
2048,12768,3753572
2048,12800,3753572
2048,12832,3759121
2048,12864,3759121
2048,12896,3773852
2048,12928,3773852
2048,12960,3774619
2048,12992,3774619
2048,13024,3775478
2048,13056,3775478
2048,13088,3782772
2048,13120,3782772
2048,13152,3783869
2048,13184,3783869
2048,13216,3796338
2048,13248,3796338
2048,13280,3821884
2048,13312,3821884
2048,13344,3826479
2048,13376,3826479
2048,13408,3829419
2048,13440,3829419
2048,13472,3833378
2048,13504,3833378
2048,13536,3834512
2048,13568,3834512
2048,13600,3839545
2048,13632,3839545
2048,13664,3850814
2048,13696,3850814
2048,13728,3869221
2048,13760,3869221
2048,13792,3916709
2048,13824,3916709
2048,13856,3929920
2048,13888,3929920
2048,13920,3951798
2048,13952,3951798
2048,13984,3972573
2048,14016,3972573
2048,14048,3995176
2048,14080,3995176
2048,14112,4002441
2048,14144,4002441
2048,14176,4048420
2048,14208,4048420
2048,14240,4087179
2048,14272,4087179
2048,14304,4193419
2048,14336,4193419
2048,14368,4230572
2048,14400,4230572
2048,14432,4270133
2048,14464,4270133
2048,14496,4296889
2048,14528,4296889
2048,14560,4320259
2048,14592,4320259
2048,14624,4339218
2048,14656,4339218
2048,14688,4435430
2048,14720,4435430
2048,14752,4464613
2048,14784,4464613
2048,14816,4629223
2048,14848,4629223
2048,14880,4643729
2048,14912,4643729
2048,14944,4738594
2048,14976,4738594
2048,15008,4774484
2048,15040,4774484
2048,15072,4906381
2048,15104,4906381
2048,15136,4933846
2048,15168,4933846
2048,15200,5039162
2048,15232,5039162
2048,15264,5143528
2048,15296,5143528
2048,15328,5370897
2048,15360,5370897
2048,15392,5436665
2048,15424,5436665
2048,15456,5540886
2048,15488,5540886
2048,15520,5563794
2048,15552,5563794
2048,15584,5633163
2048,15616,5633163
2048,15648,5673298
2048,15680,5673298
2048,15712,5788722
2048,15744,5788722
2048,15776,5894706
2048,15808,5894706
2048,15840,6104780
2048,15872,6104780
2048,15904,6198914
2048,15936,6198914
2048,15968,6318672
2048,16000,6318672
2048,16032,6380822
2048,16064,6380822
2048,16096,6437951
2048,16128,6437951
2048,16160,6508860
2048,16192,6508860
2048,16224,6562208
2048,16256,6562208
2048,16288,6662843
2048,16320,6662843
2048,16352,6878908
2048,16384,6878908
2048,16416,6882781
2048,16448,6882781
2048,16480,6935131
2048,16512,6935131
2048,16544,7009360
2048,16576,7009360
2048,16608,7026537
2048,16640,7026537
2048,16672,7137040
2048,16704,7137040
2048,16736,7147991
2048,16768,7147991
2048,16800,7242436
2048,16832,7242436
2048,16864,7244448
2048,16896,7244448
2048,16928,7452354
2048,16960,7452354
2048,16992,7466013
2048,17024,7466013
2048,17056,7866198
2048,17088,7866198
2048,17120,7874373
2048,17152,7874373
2048,17184,8117066
2048,17216,8117066
2048,17248,8117066
2048,17280,8117066
2048,17312,8415621
2048,17344,8415621
2048,17376,8415621
2048,17408,8415621
2048,17440,8524233
2048,17472,8524233
2048,17504,8524233
2048,17536,8524233
2048,17568,8693409
2048,17600,8693409
2048,17632,8693409
2048,17664,8693409
2048,17696,8833962
2048,17728,8833962
2048,17760,8833962
2048,17792,8833962
2048,17824,9001784
2048,17856,9001784
2048,17888,9001784
2048,17920,9001784
2048,17952,9119350
2048,17984,9119350
2048,18016,9119350
2048,18048,9119350
2048,18080,9384618
2048,18112,9384618
2048,18144,9384618
2048,18176,9384618
2048,18208,9508991
2048,18240,9508991
2048,18272,9508991
2048,18304,9508991
2048,18336,9785240
2048,18368,9785240
2048,18400,9785240
2048,18432,9785240
2048,18464,9941663
2048,18496,9941663
2048,18528,9941663
2048,18560,9941663
2048,18592,10197218
2048,18624,10197218
2048,18656,10197218
2048,18688,10197218
2048,18720,10294414
2048,18752,10294414
2048,18784,10294414
2048,18816,10294414
2048,18848,10541092
2048,18880,10541092
2048,18912,10541092
2048,18944,10541092
2048,18976,10673740
2048,19008,10673740
2048,19040,10673740
2048,19072,10673740
2048,19104,10918798
2048,19136,10918798
2048,19168,10918798
2048,19200,10918798
2048,19232,11034708
2048,19264,11034708
2048,19296,11034708
2048,19328,11034708
2048,19360,11153307
2048,19392,11153307
2048,19424,11153307
2048,19456,11153307
2048,19488,11289634
2048,19520,11289634
2048,19552,11289634
2048,19584,11289634
2048,19616,11582269
2048,19648,11582269
2048,19680,11582269
2048,19712,11582269
2048,19744,11659234
2048,19776,11659234
2048,19808,11659234
2048,19840,11659234
2048,19872,11853303
2048,19904,11853303
2048,19936,11853303
2048,19968,11853303
2048,20000,11953334
2048,20032,11953334
2048,20064,11953334
2048,20096,11953334
2048,20128,12181301
2048,20160,12181301
2048,20192,12181301
2048,20224,12181301
2048,20256,12304679
2048,20288,12304679
2048,20320,12304679
2048,20352,12304679
2048,20384,12424371
2048,20416,12424371
2048,20448,12424371
2048,20480,12424371
2048,20512,12482628
2048,20544,12482628
2048,20576,12482628
2048,20608,12482628
2048,20640,12623019
2048,20672,12623019
2048,20704,12623019
2048,20736,12623019
2048,20768,12684904
2048,20800,12684904
2048,20832,12684904
2048,20864,12684904
2048,20896,12762196
2048,20928,12762196
2048,20960,12762196
2048,20992,12762196
2048,21024,12840258
2048,21056,12840258
2048,21088,12840258
2048,21120,12840258
2048,21152,12962816
2048,21184,12962816
2048,21216,12962816
2048,21248,12962816
2048,21280,13081060
2048,21312,13081060
2048,21344,13081060
2048,21376,13081060
2048,21408,13218458
2048,21440,13218458
2048,21472,13218458
2048,21504,13218458
2048,21536,13287273
2048,21568,13287273
2048,21600,13287273
2048,21632,13287273
2048,21664,13326586
2048,21696,13326586
2048,21728,13326586
2048,21760,13326586
2048,21792,13371622
2048,21824,13371622
2048,21856,13371622
2048,21888,13371622
2048,21920,13425146
2048,21952,13425146
2048,21984,13425146
2048,22016,13425146
2048,22048,13445050
2048,22080,13445050
2048,22112,13445050
2048,22144,13445050
2048,22176,13519809
2048,22208,13519809
2048,22240,13519809
2048,22272,13519809
2048,22304,13544855
2048,22336,13544855
2048,22368,13544855
2048,22400,13544855
2048,22432,13623120
2048,22464,13623120
2048,22496,13623120
2048,22528,13623120
2048,22560,13700201
2048,22592,13700201
2048,22624,13700201
2048,22656,13700201
2048,22688,13806317
2048,22720,13806317
2048,22752,13806317
2048,22784,13806317
2048,22816,13840661
2048,22848,13840661
2048,22880,13840661
2048,22912,13840661
2048,22944,13870990
2048,22976,13870990
2048,23008,13870990
2048,23040,13870990
2048,23072,13896013
2048,23104,13896013
2048,23136,13896013
2048,23168,13896013
2048,23200,13941732
2048,23232,13941732
2048,23264,13941732
2048,23296,13941732
2048,23328,13998412
2048,23360,13998412
2048,23392,13998412
2048,23424,13998412
2048,23456,14039128
2048,23488,14039128
2048,23520,14039128
2048,23552,14039128
2048,23584,14095984
2048,23616,14095984
2048,23648,14095984
2048,23680,14095984
2048,23712,14119162
2048,23744,14119162
2048,23776,14119162
2048,23808,14119162
2048,23840,14134439
2048,23872,14134439
2048,23904,14134439
2048,23936,14134439
2048,23968,14167088
2048,24000,14167088
2048,24032,14167088
2048,24064,14167088
2048,24096,14184895
2048,24128,14184895
2048,24160,14184895
2048,24192,14184895
2048,24224,14204751
2048,24256,14204751
2048,24288,14204751
2048,24320,14204751
2048,24352,14214377
2048,24384,14214377
2048,24416,14214377
2048,24448,14214377
2048,24480,14244590
2048,24512,14244590
2048,24544,14244590
2048,24576,14244590
2048,24608,14260111
2048,24640,14260111
2048,24672,14260111
2048,24704,14260111
2048,24736,14283800
2048,24768,14283800
2048,24800,14283800
2048,24832,14283800
2048,24864,14288814
2048,24896,14288814
2048,24928,14288814
2048,24960,14288814
2048,24992,14327823
2048,25024,14327823
2048,25056,14327823
2048,25088,14327823
2048,25120,14358316
2048,25152,14358316
2048,25184,14358316
2048,25216,14358316
2048,25248,14369821
2048,25280,14369821
2048,25312,14369821
2048,25344,14369821
2048,25376,14392184
2048,25408,14392184
2048,25440,14392184
2048,25472,14392184
2048,25504,14395439
2048,25536,14395439
2048,25568,14395439
2048,25600,14395439
2048,25632,14403770
2048,25664,14403770
2048,25696,14403770
2048,25728,14403770
2048,25760,14417684
2048,25792,14417684
2048,25824,14417684
2048,25856,14417684
2048,25888,14427466
2048,25920,14427466
2048,25952,14427466
2048,25984,14427466
2048,26016,14438488
2048,26048,14438488
2048,26080,14438488
2048,26112,14438488
2048,26144,14446493
2048,26176,14446493
2048,26208,14446493
2048,26240,14446493
2048,26272,14447080
2048,26304,14447080
2048,26336,14447080
2048,26368,14447080
2048,26400,14448473
2048,26432,14448473
2048,26464,14448473
2048,26496,14448473
2048,26528,14457226
2048,26560,14457226
2048,26592,14457226
2048,26624,14457226
2048,26656,14457226
2048,26688,14457226
2048,26720,14457226
2048,26752,14457226
2048,26784,14457602
2048,26816,14457602
2048,26848,14457602
2048,26880,14457602
2048,26912,14457602
2048,26944,14457602
2048,26976,14457602
2048,27008,14457602
2048,27040,14460193
2048,27072,14460193
2048,27104,14460193
2048,27136,14460193
2048,27168,14463234
2048,27200,14463234
2048,27232,14463234
2048,27264,14463234
2048,27296,14464945
2048,27328,14464945
2048,27360,14464945
2048,27392,14464945
2048,27424,14464945
2048,27456,14464945
2048,27488,14464945
2048,27520,14464945
2048,27552,14464945
2048,27584,14464945
2048,27616,14464945
2048,27648,14464945
2048,27680,14464945
2048,27712,14464945
2048,27744,14464945
2048,27776,14464945
2048,27808,14464945
2048,27840,14464945
2048,27872,14464945
2048,27904,14464945
2048,27936,14472027
2048,27968,14472027
2048,28000,14472027
2048,28032,14472027
2048,28064,14472027
2048,28096,14472027
2048,28128,14472027
2048,28160,14472027
2048,28192,14472027
2048,28224,14472027
2048,28256,14472027
2048,28288,14472027
2048,28320,14472027
2048,28352,14472027
2048,28384,14472027
2048,28416,14472027
2048,28448,14472027
2048,28480,14472027
2048,28512,14472027
2048,28544,14472027
2048,28576,14472027
2048,28608,14472027
2048,28640,14472027
2048,28672,14472027
2048,28704,14472027
2048,28736,14472027
2048,28768,14472027
2048,28800,14472027
2048,28832,14472712
2048,28864,14472712
2048,28896,14472712
2048,28928,14472712
2048,28960,14472712
2048,28992,14472712
2048,29024,14472712
2048,29056,14472712
2048,29088,14472712
2048,29120,14472712
2048,29152,14472712
2048,29184,14472712
2048,29216,14477606
2048,29248,14477606
2048,29280,14477606
2048,29312,14477606
2048,29344,14477606
2048,29376,14477606
2048,29408,14477606
2048,29440,14477606
2048,29472,14477606
2048,29504,14477606
2048,29536,14477606
2048,29568,14477606
2048,29600,14477606
2048,29632,14477606
2048,29664,14477606
2048,29696,14477606
2048,29728,14477606
2048,29760,14477606
2048,29792,14477606
2048,29824,14477606
2048,29856,14477606
2048,29888,14477606
2048,29920,14477606
2048,29952,14477606
2048,29984,14477606
2048,30016,14477606
2048,30048,14477606
2048,30080,14477606
2048,30112,14477606
2048,30144,14477606
2048,30176,14477606
2048,30208,14477606
2048,30240,14477606
2048,30272,14477606
2048,30304,14477606
2048,30336,14477606
2048,30368,14477606
2048,30400,14477606
2048,30432,14477606
2048,30464,14477606
2048,30496,14477606
2048,30528,14477606
2048,30560,14477606
2048,30592,14477606
2048,30624,14477606
2048,30656,14477606
2048,30688,14477606
2048,30720,14477606
2048,30752,14477606
2048,30784,14477606
2048,30816,14477606
2048,30848,14477606
2048,30880,14477606
2048,30912,14477606
2048,30944,14477606
2048,30976,14477606
2048,31008,14477606
2048,31040,14477606
2048,31072,14477606
2048,31104,14477606
2048,31136,14477606
2048,31168,14477606
2048,31200,14477606
2048,31232,14477606
2048,31264,14477606
2048,31296,14477606
2048,31328,14477606
2048,31360,14477606
2048,31392,14477606
2048,31424,14477606
2048,31456,14477606
2048,31488,14477606
2048,31520,14477606
2048,31552,14477606
2048,31584,14477606
2048,31616,14477606
2048,31648,14477606
2048,31680,14477606
2048,31712,14477606
2048,31744,14477606
2048,31776,14477606
2048,31808,14477606
2048,31840,14477606
2048,31872,14477606
2048,31904,14477606
2048,31936,14477606
2048,31968,14477606
2048,32000,14477606
2048,32032,14477606
2048,32064,14477606
2048,32096,14477606
2048,32128,14477606
2048,32160,14477606
2048,32192,14477606
2048,32224,14477606
2048,32256,14477606
2048,32288,14477606
2048,32320,14477606
2048,32352,14477606
2048,32384,14477606
2048,32416,14477606
2048,32448,14477606
2048,32480,14477606
2048,32512,14477606
2048,32544,14477606
2048,32576,14477606
2048,32608,14477606
2048,32640,14477606
2048,32672,14477606
2048,32704,14477606
2048,32736,14477606
2048,32768,14477606
2048,32800,14477606
2048,32832,14477606
2048,32864,14477606
2048,32896,14477606
2048,32928,14477606
2048,32960,14477606
2048,32992,14477606
2048,33024,14477606
2048,33056,14477606
2048,33088,14477606
2048,33120,14477606
2048,33152,14477606
2048,33184,14477606
2048,33216,14477606
2048,33248,14477606
2048,33280,14477606
2048,33312,14477606
2048,33344,14477606
2048,33376,14477606
2048,33408,14477606
2048,33440,14477606
2048,33472,14477606
2048,33504,14477606
2048,33536,14477606
2048,33568,14477606
2048,33600,14477606
2048,33632,14477606
2048,33664,14477606
2048,33696,14477606
2048,33728,14477606
2048,33760,14477606
2048,33792,14477606
2048,33824,14477606
2048,33856,14477606
2048,33888,14477606
2048,33920,14477606
2048,33952,14477606
2048,33984,14477606
2048,34016,14477606
2048,34048,14477606
2048,34080,14477606
2048,34112,14477606
2048,34144,14477606
2048,34176,14477606
2048,34208,14477606
2048,34240,14477606
2048,34272,14477606
2048,34304,14477606
2048,34336,14477606
2048,34368,14477606
2048,34400,14477606
2048,34432,14477606
2048,34464,14477606
2048,34496,14477606
2048,34528,14477606
2048,34560,14477606
2048,34592,14477606
2048,34624,14477606
2048,34656,14477606
2048,34688,14477606
2048,34720,14477606
2048,34752,14477606
2048,34784,14477606
2048,34816,14477606
2048,34848,14477606
2048,34880,14477606
2048,34912,14477606
2048,34944,14477606
2048,34976,14477606
2048,35008,14477606
2048,35040,14477606
2048,35072,14477606
2048,35104,14477606
2048,35136,14477606
2048,35168,14477606
2048,35200,14477606
2048,35232,14477606
2048,35264,14477606
2048,35296,14477606
2048,35328,14477606
2048,35360,14477606
2048,35392,14477606
2048,35424,14477606
2048,35456,14477606
2048,35488,14477606
2048,35520,14477606
2048,35552,14477606
2048,35584,14477606
2048,35616,14477606
2048,35648,14477606
2048,35680,14477606
2048,35712,14477606
2048,35744,14477606
2048,35776,14477606
2048,35808,14477606
2048,35840,14477606
2048,35872,14477606
2048,35904,14477606
2048,35936,14477606
2048,35968,14477606
2048,36000,14477606
2048,36032,14477606
2048,36064,14477606
2048,36096,14477606
2048,36128,14477606
2048,36160,14477606
2048,36192,14477606
2048,36224,14477606
2048,36256,14477606
2048,36288,14477606
2048,36320,14477606
2048,36352,14477606
2048,36384,14477606
2048,36416,14477606
2048,36448,14477606
2048,36480,14477606
2048,36512,14477606
2048,36544,14477606
2048,36576,14477606
2048,36608,14477606
2048,36640,14477606
2048,36672,14477606
2048,36704,14477606
2048,36736,14477606
2048,36768,14477606
2048,36800,14477606
2048,36832,14477606
2048,36864,14477606
2048,36896,14477606
2048,36928,14477606
2048,36960,14477606
2048,36992,14477606
2048,37024,14477606
2048,37056,14477606
2048,37088,14477606
2048,37120,14477606
2048,37152,14477606
2048,37184,14477606
2048,37216,14477606
2048,37248,14477606
2048,37280,14477606
2048,37312,14477606
2048,37344,14477606
2048,37376,14477606
2048,37408,14477606
2048,37440,14477606
2048,37472,14477606
2048,37504,14477606
2048,37536,14477606
2048,37568,14477606
2048,37600,14477606
2048,37632,14477606
2048,37664,14477606
2048,37696,14477606
2048,37728,14477606
2048,37760,14477606
2048,37792,14477606
2048,37824,14477606
2048,37856,14477606
2048,37888,14477606
2048,37920,14477606
2048,37952,14477606
2048,37984,14477606
2048,38016,14477606
2048,38048,14477606
2048,38080,14477606
2048,38112,14477606
2048,38144,14477606
2048,38176,14477606
2048,38208,14477606
2048,38240,14477606
2048,38272,14477606
2048,38304,14477606
2048,38336,14477606
2048,38368,14477606
2048,38400,14477606
2048,38432,14477606
2048,38464,14477606
2048,38496,14477606
2048,38528,14477606
2048,38560,14477606
2048,38592,14477606
2048,38624,14477606
2048,38656,14477606
2048,38688,14477606
2048,38720,14477606
2048,38752,14477606
2048,38784,14477606
2048,38816,14477606
2048,38848,14477606
2048,38880,14477606
2048,38912,14477606
2048,38944,14477606
2048,38976,14477606
2048,39008,14477606
2048,39040,14477606
2048,39072,14477606
2048,39104,14477606
2048,39136,14477606
2048,39168,14477606
2048,39200,14477606
2048,39232,14477606
2048,39264,14477606
2048,39296,14477606
2048,39328,14477606
2048,39360,14477606
2048,39392,14477606
2048,39424,14477606
2048,39456,14477606
2048,39488,14477606
2048,39520,14477606
2048,39552,14477606
2048,39584,14477606
2048,39616,14477606
2048,39648,14477606
2048,39680,14477606
2048,39712,14477606
2048,39744,14477606
2048,39776,14477606
2048,39808,14477606
2048,39840,14477606
2048,39872,14477606
2048,39904,14477606
2048,39936,14477606
2048,39968,14477606
2048,40000,14477606
2048,40032,14477606
2048,40064,14477606
2048,40096,14477606
2048,40128,14477606
2048,40160,14477606
2048,40192,14477606
2048,40224,14477606
2048,40256,14477606
2048,40288,14477606
2048,40320,14477606
2048,40352,14477606
2048,40384,14477606
2048,40416,14477606
2048,40448,14477606
2048,40480,14477606
2048,40512,14477606
2048,40544,14477606
2048,40576,14477606
2048,40608,14477606
2048,40640,14477606
2048,40672,14477606
2048,40704,14477606
2048,40736,14477606
2048,40768,14477606
2048,40800,14477606
2048,40832,14477606
2048,40864,14477606
2048,40896,14477606
2048,40928,14477606
2048,40960,14477606
