batch_size,kv_cache_size,prediction
1,0,5467
1,64,5677
1,128,7446
1,192,8957
1,256,10507
1,320,12274
1,384,13847
1,448,15534
1,512,17301
1,576,18872
1,640,20486
1,704,22292
1,768,23927
1,832,25609
1,896,27108
1,960,28871
1,1024,30350
1,1088,31590
1,1152,33240
1,1216,35109
1,1280,36909
1,1344,38733
1,1408,40568
1,1472,42279
1,1536,43718
1,1600,45139
1,1664,47096
1,1728,48768
1,1792,50364
1,1856,52095
1,1920,53451
1,1984,55211
1,2048,56987
2,0,5414
2,64,5540
2,128,6184
2,192,7614
2,256,8006
2,320,9156
2,384,9258
2,448,10876
2,512,11062
2,576,12464
2,640,13010
2,704,14170
2,768,14304
2,832,15842
2,896,16094
2,960,17435
2,1024,17711
2,1088,18975
2,1152,19386
2,1216,20962
2,1280,21399
2,1344,22526
2,1408,23231
2,1472,24092
2,1536,24447
2,1600,26120
2,1664,26423
2,1728,27486
2,1792,28135
2,1856,29129
2,1920,29323
2,1984,31150
2,2048,31363
3,0,6829
3,64,7005
3,128,7203
3,192,7330
3,256,9396
3,320,9753
3,384,9865
3,448,12183
3,512,12283
3,576,12702
3,640,14690
3,704,15070
3,768,15174
3,832,17596
3,896,17820
3,960,18129
3,1024,20427
3,1088,20623
3,1152,20678
3,1216,22626
3,1280,23121
3,1344,23796
3,1408,25523
3,1472,25844
3,1536,26019
3,1600,28023
3,1664,28469
3,1728,28949
3,1792,30611
3,1856,31280
3,1920,31222
3,1984,33549
3,2048,33876
4,0,6923
4,64,7109
4,128,7264
4,192,7185
4,256,7735
4,320,9706
4,384,9800
4,448,9971
4,512,10231
4,576,12451
4,640,12653
4,704,12705
4,768,12896
4,832,15174
4,896,15248
4,960,15282
4,1024,15543
4,1088,17420
4,1152,18080
4,1216,18583
4,1280,19007
4,1344,20761
4,1408,21198
4,1472,21392
4,1536,21539
4,1600,23742
4,1664,23875
4,1728,24037
4,1792,24482
4,1856,26168
4,1920,26478
4,1984,26849
4,2048,27048
5,0,11482
5,64,11603
5,128,11836
5,192,11749
5,256,11741
5,320,11564
5,384,14202
5,448,14832
5,512,14895
5,576,14993
5,640,15602
5,704,18668
5,768,18810
5,832,19108
5,896,19064
5,960,19602
5,1024,22704
5,1088,22804
5,1152,22788
5,1216,23247
5,1280,23404
5,1344,26135
5,1408,26890
5,1472,27138
5,1536,27104
5,1600,28158
5,1664,30201
5,1728,30964
5,1792,31254
5,1856,31576
5,1920,31468
5,1984,34686
5,2048,35254
6,0,11768
6,64,11955
6,128,12093
6,192,12058
6,256,12033
6,320,11809
6,384,12670
6,448,16074
6,512,16568
6,576,16703
6,640,16799
6,704,16914
6,768,17372
6,832,19116
6,896,19240
6,960,19502
6,1024,19534
6,1088,20130
6,1152,20517
6,1216,23054
6,1280,23377
6,1344,23746
6,1408,24052
6,1472,24231
6,1536,24392
6,1600,27388
6,1664,27841
6,1728,28071
6,1792,28037
6,1856,28557
6,1920,28765
6,1984,31737
6,2048,32118
7,0,11859
7,64,12050
7,128,12196
7,192,12167
7,256,12147
7,320,11914
7,384,12043
7,448,12964
7,512,16536
7,576,16968
7,640,17057
7,704,17109
7,768,17218
7,832,17402
7,896,17897
7,960,22005
7,1024,22466
7,1088,22557
7,1152,22547
7,1216,23003
7,1280,23097
7,1344,23959
7,1408,26560
7,1472,27105
7,1536,27256
7,1600,28275
7,1664,28400
7,1728,28441
7,1792,28905
7,1856,31747
7,1920,32017
7,1984,33314
7,2048,33513
8,0,12362
8,64,12443
8,128,12607
8,192,12579
8,256,12537
8,320,12332
8,384,12443
8,448,12405
8,512,13977
8,576,17223
8,640,17480
8,704,17617
8,768,17635
8,832,17758
8,896,17771
8,960,18117
8,1024,18279
8,1088,21670
8,1152,22410
8,1216,23024
8,1280,23078
8,1344,23399
8,1408,23787
8,1472,23753
8,1536,24274
8,1600,28147
8,1664,28393
8,1728,28463
8,1792,28602
8,1856,29087
8,1920,28945
8,1984,29323
8,2048,29912
9,0,15807
9,64,16159
9,128,16537
9,192,16506
9,256,16456
9,320,16376
9,384,16395
9,448,16416
9,512,16445
9,576,16448
9,640,20982
9,704,21781
9,768,21731
9,832,21784
9,896,21978
9,960,22022
9,1024,22021
9,1088,22123
9,1152,22334
9,1216,26683
9,1280,27426
9,1344,28641
9,1408,28676
9,1472,29101
9,1536,29086
9,1600,29284
9,1664,29362
9,1728,29887
9,1792,33776
9,1856,34587
9,1920,34877
9,1984,35622
9,2048,35746
10,0,16860
10,64,16975
10,128,17111
10,192,17063
10,256,17009
10,320,16830
10,384,16870
10,448,16916
10,512,17047
10,576,16987
10,640,17966
10,704,21884
10,768,22215
10,832,22152
10,896,22323
10,960,22306
10,1024,22489
10,1088,22430
10,1152,22571
10,1216,23378
10,1280,23902
10,1344,28147
10,1408,28749
10,1472,29331
10,1536,29328
10,1600,29430
10,1664,29472
10,1728,29497
10,1792,30143
10,1856,30071
10,1920,30944
10,1984,35162
10,2048,35689
11,0,17102
11,64,17224
11,128,17416
11,192,17346
11,256,17247
11,320,17164
11,384,17114
11,448,17262
11,512,17321
11,576,17216
11,640,17228
11,704,18553
11,768,23992
11,832,24471
11,896,24668
11,960,24643
11,1024,24861
11,1088,24749
11,1152,24907
11,1216,24898
11,1280,25024
11,1344,25829
11,1408,26510
11,1472,30976
11,1536,32149
11,1600,32952
11,1664,33086
11,1728,33205
11,1792,33181
11,1856,33052
11,1920,33185
11,1984,33583
11,2048,33714
12,0,17315
12,64,17461
12,128,17613
12,192,17535
12,256,17440
12,320,17325
12,384,17470
12,448,17481
12,512,17502
12,576,17454
12,640,17490
12,704,17662
12,768,19456
12,832,24578
12,896,24866
12,960,24879
12,1024,25056
12,1088,25154
12,1152,25203
12,1216,25202
12,1280,25301
12,1344,25496
12,1408,25528
12,1472,26460
12,1536,27422
12,1600,32093
12,1664,32795
12,1728,33273
12,1792,33363
12,1856,33320
12,1920,33379
12,1984,33436
12,2048,33403
13,0,20132
13,64,20274
13,128,20366
13,192,20240
13,256,20156
13,320,19988
13,384,20096
13,448,20131
13,512,20140
13,576,20238
13,640,20271
13,704,20272
13,768,20345
13,832,20655
13,896,27888
13,960,28710
13,1024,29024
13,1088,29128
13,1152,29149
13,1216,29242
13,1280,29272
13,1344,29210
13,1408,29264
13,1472,29435
13,1536,29440
13,1600,29913
13,1664,30446
13,1728,35617
13,1792,37673
13,1856,38460
13,1920,38623
13,1984,38744
13,2048,38868
14,0,21348
14,64,21481
14,128,21530
14,192,21549
14,256,21459
14,320,21289
14,384,21467
14,448,21428
14,512,21484
14,576,21596
14,640,21643
14,704,21596
14,768,21662
14,832,21728
14,896,23248
14,960,28478
14,1024,29364
14,1088,29447
14,1152,29453
14,1216,29569
14,1280,29588
14,1344,29655
14,1408,29628
14,1472,29755
14,1536,29787
14,1600,29875
14,1664,29829
14,1728,30733
14,1792,32312
14,1856,37189
14,1920,38345
14,1984,39057
14,2048,39126
15,0,21735
15,64,21900
15,128,21850
15,192,21858
15,256,21819
15,320,21684
15,384,21833
15,448,21800
15,512,21911
15,576,21959
15,640,21997
15,704,22049
15,768,22085
15,832,22085
15,896,22327
15,960,24454
15,1024,31661
15,1088,32108
15,1152,32192
15,1216,32307
15,1280,32329
15,1344,32401
15,1408,32408
15,1472,32529
15,1536,32596
15,1600,32657
15,1664,32718
15,1728,32693
15,1792,32831
15,1856,33444
15,1920,34481
15,1984,41051
15,2048,42220
16,0,22194
16,64,22332
16,128,22330
16,192,22339
16,256,22253
16,320,22154
16,384,22237
16,448,22247
16,512,22357
16,576,22430
16,640,22415
16,704,22547
16,768,22495
16,832,22519
16,896,22623
16,960,22654
16,1024,23517
16,1088,30168
16,1152,32141
16,1216,32549
16,1280,32618
16,1344,32730
16,1408,32753
16,1472,32795
16,1536,32869
16,1600,32911
16,1664,32904
16,1728,32961
16,1792,33017
16,1856,33125
16,1920,33381
16,1984,34463
16,2048,35680
17,0,24616
17,64,24787
17,128,24759
17,192,24749
17,256,24681
17,320,24612
17,384,24643
17,448,24740
17,512,24721
17,576,24789
17,640,24816
17,704,24920
17,768,24869
17,832,24885
17,896,24926
17,960,24910
17,1024,25012
17,1088,26492
17,1152,33964
17,1216,35747
17,1280,36139
17,1344,36336
17,1408,36429
17,1472,36523
17,1536,36553
17,1600,36595
17,1664,36636
17,1728,36675
17,1792,36777
17,1856,36776
17,1920,36748
17,1984,36906
17,2048,36812
18,0,25908
18,64,26081
18,128,26074
18,192,26064
18,256,25993
18,320,25980
18,384,26007
18,448,26013
18,512,26028
18,576,26075
18,640,26156
18,704,26224
18,768,26271
18,832,26260
18,896,26370
18,960,26354
18,1024,26335
18,1088,26477
18,1152,28380
18,1216,34733
18,1280,36761
18,1344,36867
18,1408,36883
18,1472,36940
18,1536,37000
18,1600,36983
18,1664,37028
18,1728,37059
18,1792,37126
18,1856,37160
18,1920,37238
18,1984,37287
18,2048,37227
19,0,26277
19,64,26380
19,128,26487
19,192,26476
19,256,26419
19,320,26425
19,384,26403
19,448,26481
19,512,26446
19,576,26503
19,640,26579
19,704,26693
19,768,26741
19,832,26733
19,896,26832
19,960,26811
19,1024,26852
19,1088,26875
19,1152,27002
19,1216,29478
19,1280,36712
19,1344,39538
19,1408,39744
19,1472,39916
19,1536,39985
19,1600,39958
19,1664,40013
19,1728,40024
19,1792,40108
19,1856,40158
19,1920,40215
19,1984,40163
19,2048,40188
20,0,26573
20,64,26698
20,128,26779
20,192,26763
20,256,26686
20,320,26750
20,384,26812
20,448,26784
20,512,26775
20,576,26906
20,640,26885
20,704,26972
20,768,27069
20,832,27167
20,896,27131
20,960,27146
20,1024,27179
20,1088,27283
20,1152,27262
20,1216,27737
20,1280,30076
20,1344,38382
20,1408,39893
20,1472,40084
20,1536,40218
20,1600,40248
20,1664,40255
20,1728,40273
20,1792,40369
20,1856,40384
20,1920,40451
20,1984,40501
20,2048,40492
21,0,28993
21,64,29117
21,128,29209
21,192,29242
21,256,29135
21,320,29194
21,384,29256
21,448,29234
21,512,29179
21,576,29293
21,640,29382
21,704,29400
21,768,29453
21,832,29489
21,896,29496
21,960,29557
21,1024,29523
21,1088,29594
21,1152,29579
21,1216,29609
21,1280,29857
21,1344,31692
21,1408,40198
21,1472,43004
21,1536,43836
21,1600,43803
21,1664,43866
21,1728,43901
21,1792,43965
21,1856,43970
21,1920,44060
21,1984,44047
21,2048,44078
22,0,30412
22,64,30523
22,128,30584
22,192,30571
22,256,30488
22,320,30509
22,384,30622
22,448,30590
22,512,30539
22,576,30645
22,640,30721
22,704,30708
22,768,30786
22,832,30881
22,896,30877
22,960,30967
22,1024,30911
22,1088,31001
22,1152,30973
22,1216,30927
22,1280,30955
22,1344,31077
22,1408,33077
22,1472,41543
22,1536,44040
22,1600,44270
22,1664,44422
22,1728,44468
22,1792,44511
22,1856,44465
22,1920,44525
22,1984,44594
22,2048,44642
23,0,30705
23,64,30811
23,128,30937
23,192,30913
23,256,30842
23,320,30873
23,384,30974
23,448,30973
23,512,31005
23,576,31067
23,640,31088
23,704,31146
23,768,31220
23,832,31276
23,896,31299
23,960,31372
23,1024,31309
23,1088,31432
23,1152,31438
23,1216,31437
23,1280,31496
23,1344,31530
23,1408,31700
23,1472,34735
23,1536,44831
23,1600,46873
23,1664,47229
23,1728,47425
23,1792,47462
23,1856,47479
23,1920,47574
23,1984,47542
23,2048,47509
24,0,31275
24,64,31356
24,128,31394
24,192,31389
24,256,31277
24,320,31350
24,384,31445
24,448,31439
24,512,31478
24,576,31482
24,640,31523
24,704,31592
24,768,31632
24,832,31729
24,896,31789
24,960,31786
24,1024,31812
24,1088,31896
24,1152,31901
24,1216,31929
24,1280,31957
24,1344,31997
24,1408,31980
24,1472,32699
24,1536,36554
24,1600,44814
24,1664,47054
24,1728,47678
24,1792,47794
24,1856,47876
24,1920,47902
24,1984,47899
24,2048,47906
25,0,33569
25,64,33746
25,128,33835
25,192,33850
25,256,33710
25,320,33697
25,384,33883
25,448,33843
25,512,33892
25,576,33928
25,640,33955
25,704,33999
25,768,34037
25,832,34140
25,896,34126
25,960,34171
25,1024,34134
25,1088,34199
25,1152,34190
25,1216,34204
25,1280,34254
25,1344,34287
25,1408,34267
25,1472,34248
25,1536,34659
25,1600,37278
25,1664,46466
25,1728,50427
25,1792,51245
25,1856,51231
25,1920,51301
25,1984,51345
25,2048,51341
26,0,34836
26,64,35100
26,128,35199
26,192,35178
26,256,34978
26,320,34993
26,384,35140
26,448,35115
26,512,35160
26,576,35114
26,640,35189
26,704,35229
26,768,35306
26,832,35296
26,896,35409
26,960,35422
26,1024,35438
26,1088,35505
26,1152,35484
26,1216,35531
26,1280,35533
26,1344,35585
26,1408,35557
26,1472,35567
26,1536,35615
26,1600,35713
26,1664,39164
26,1728,48631
26,1792,51503
26,1856,51861
26,1920,51918
26,1984,51931
26,2048,51978
27,0,35389
27,64,35561
27,128,35666
27,192,35646
27,256,35449
27,320,35480
27,384,35647
27,448,35642
27,512,35691
27,576,35736
27,640,35767
27,704,35800
27,768,35852
27,832,35934
27,896,36003
27,960,36046
27,1024,36060
27,1088,36083
27,1152,36081
27,1216,36124
27,1280,36159
27,1344,36197
27,1408,36175
27,1472,36174
27,1536,36194
27,1600,36288
27,1664,36675
27,1728,40537
27,1792,50416
27,1856,53783
27,1920,54652
27,1984,54821
27,2048,54828
28,0,35730
28,64,35896
28,128,35998
28,192,35997
28,256,35816
28,320,35849
28,384,35951
28,448,35976
28,512,36037
28,576,36071
28,640,36083
28,704,36161
28,768,36204
28,832,36500
28,896,36357
28,960,36395
28,1024,36390
28,1088,36427
28,1152,36489
28,1216,36536
28,1280,36577
28,1344,36601
28,1408,36608
28,1472,36611
28,1536,36652
28,1600,36652
28,1664,36652
28,1728,37413
28,1792,41655
28,1856,52398
28,1920,54879
28,1984,55302
28,2048,55353
29,0,37851
29,64,38207
29,128,38127
29,192,38317
29,256,38076
29,320,38167
29,384,38327
29,448,38318
29,512,38377
29,576,38343
29,640,38389
29,704,38438
29,768,38513
29,832,38893
29,896,38631
29,960,38639
29,1024,38654
29,1088,38655
29,1152,38661
29,1216,38695
29,1280,38671
29,1344,38716
29,1408,38743
29,1472,38743
29,1536,38760
29,1600,38748
29,1664,38776
29,1728,38731
29,1792,39496
29,1856,43484
29,1920,54302
29,1984,57790
29,2048,58332
30,0,38196
30,64,39706
30,128,39584
30,192,39751
30,256,39513
30,320,39538
30,384,39654
30,448,39650
30,512,39498
30,576,39689
30,640,39220
30,704,39158
30,768,39210
30,832,39601
30,896,39340
30,960,39686
30,1024,39455
30,1088,39751
30,1152,39929
30,1216,40027
30,1280,40074
30,1344,40061
30,1408,40126
30,1472,40168
30,1536,40180
30,1600,40162
30,1664,40228
30,1728,40219
30,1792,40221
30,1856,41141
30,1920,45426
30,1984,55998
30,2048,58912
31,0,38478
31,64,40221
31,128,40091
31,192,40264
31,256,40037
31,320,40096
31,384,40200
31,448,40248
31,512,40273
31,576,40324
31,640,40353
31,704,40400
31,768,40493
31,832,40945
31,896,40556
31,960,40603
31,1024,40695
31,1088,40703
31,1152,40733
31,1216,40782
31,1280,40796
31,1344,40795
31,1408,40864
31,1472,40873
31,1536,40913
31,1600,40912
31,1664,40965
31,1728,40928
31,1792,41067
31,1856,41144
31,1920,41869
31,1984,46132
31,2048,57660
32,0,36041
32,64,40722
32,128,40592
32,192,40765
32,256,40549
32,320,40592
32,384,40640
32,448,40686
32,512,40753
32,576,40797
32,640,40802
32,704,40830
32,768,40877
32,832,41410
32,896,40992
32,960,41027
32,1024,41085
32,1088,41130
32,1152,41175
32,1216,41203
32,1280,41194
32,1344,41209
32,1408,41233
32,1472,41312
32,1536,41357
32,1600,41355
32,1664,41385
32,1728,41353
32,1792,41339
32,1856,41396
32,1920,41475
32,1984,42209
32,2048,46135
33,0,10977
33,64,41908
33,128,41764
33,192,41846
33,256,41637
33,320,41672
33,384,41747
33,448,41851
33,512,41900
33,576,41893
33,640,41925
33,704,41967
33,768,42002
33,832,42483
33,896,42090
33,960,42219
33,1024,42292
33,1088,42306
33,1152,42384
33,1216,42400
33,1280,42424
33,1344,42417
33,1408,42487
33,1472,42543
33,1536,42643
33,1600,42620
33,1664,42684
33,1728,42603
33,1792,42679
33,1856,42678
33,1920,42698
33,1984,42744
33,2048,43524
34,0,3232
34,64,44386
34,128,44226
34,192,44186
34,256,44171
34,320,44217
34,384,44269
34,448,44187
34,512,44373
34,576,44279
34,640,43829
34,704,44169
34,768,43871
34,832,44352
34,896,43950
34,960,43965
34,1024,44336
34,1088,44208
34,1152,44265
34,1216,44252
34,1280,44213
34,1344,44160
34,1408,44375
34,1472,44691
34,1536,44823
34,1600,44769
34,1664,44806
34,1728,44454
34,1792,44311
34,1856,44492
34,1920,44386
34,1984,44853
34,2048,44874
35,0,2647
35,64,44741
35,128,44711
35,192,44671
35,256,44682
35,320,44749
35,384,44823
35,448,44867
35,512,44931
35,576,44986
35,640,45023
35,704,45045
35,768,45125
35,832,45591
35,896,45190
35,960,45188
35,1024,45334
35,1088,45388
35,1152,45345
35,1216,45407
35,1280,45410
35,1344,45391
35,1408,45441
35,1472,45489
35,1536,45524
35,1600,45566
35,1664,45627
35,1728,45609
35,1792,45575
35,1856,45587
35,1920,45602
35,1984,45629
35,2048,45611
36,0,2635
36,64,45082
36,128,45072
36,192,45102
36,256,45138
36,320,45109
36,384,45231
36,448,45290
36,512,45367
36,576,45437
36,640,45462
36,704,45467
36,768,45504
36,832,45570
36,896,45547
36,960,45635
36,1024,45669
36,1088,45769
36,1152,45781
36,1216,45832
36,1280,45853
36,1344,45883
36,1408,45934
36,1472,45956
36,1536,45991
36,1600,45981
36,1664,46050
36,1728,46081
36,1792,46084
36,1856,46082
36,1920,46092
36,1984,46109
36,2048,46093
37,0,2653
37,64,45816
37,128,45763
37,192,45720
37,256,45755
37,320,45740
37,384,45866
37,448,45876
37,512,45935
37,576,46050
37,640,46080
37,704,46136
37,768,46122
37,832,46215
37,896,46219
37,960,46310
37,1024,46326
37,1088,46495
37,1152,46501
37,1216,46465
37,1280,46538
37,1344,46588
37,1408,46638
37,1472,46700
37,1536,46727
37,1600,46721
37,1664,46714
37,1728,46830
37,1792,46862
37,1856,46846
37,1920,46877
37,1984,46885
37,2048,46914
38,0,2682
38,64,48754
38,128,48718
38,192,48768
38,256,48813
38,320,48730
38,384,48725
38,448,48565
38,512,48441
38,576,48848
38,640,48576
38,704,48444
38,768,48400
38,832,48516
38,896,48456
38,960,48524
38,1024,48579
38,1088,48682
38,1152,48706
38,1216,48693
38,1280,48780
38,1344,48877
38,1408,48946
38,1472,49164
38,1536,49008
38,1600,49247
38,1664,49434
38,1728,49508
38,1792,49531
38,1856,49514
38,1920,49572
38,1984,49475
38,2048,49352
39,0,2690
39,64,49330
39,128,49265
39,192,49251
39,256,49338
39,320,49308
39,384,49522
39,448,49510
39,512,49612
39,576,49676
39,640,49680
39,704,49733
39,768,49733
39,832,49832
39,896,49797
39,960,49807
39,1024,49872
39,1088,49949
39,1152,49963
39,1216,50000
39,1280,50023
39,1344,50097
39,1408,50137
39,1472,50162
39,1536,50128
39,1600,50136
39,1664,50138
39,1728,50214
39,1792,50317
39,1856,50303
39,1920,50327
39,1984,50258
39,2048,50265
40,0,2701
40,64,49876
40,128,49768
40,192,49765
40,256,49844
40,320,49812
40,384,49970
40,448,49951
40,512,49993
40,576,50142
40,640,50166
40,704,50217
40,768,50293
40,832,50311
40,896,50261
40,960,50298
40,1024,50331
40,1088,50413
40,1152,50370
40,1216,50417
40,1280,50487
40,1344,50569
40,1408,50609
40,1472,50599
40,1536,50596
40,1600,50622
40,1664,50680
40,1728,50713
40,1792,50754
40,1856,50760
40,1920,50821
40,1984,50821
40,2048,50801
41,0,2714
41,64,50584
41,128,50415
41,192,50393
41,256,50443
41,320,50407
41,384,50581
41,448,50522
41,512,50562
41,576,50715
41,640,50737
41,704,50815
41,768,50838
41,832,50900
41,896,50845
41,960,50860
41,1024,50831
41,1088,51011
41,1152,50962
41,1216,51003
41,1280,51108
41,1344,51161
41,1408,51189
41,1472,51211
41,1536,51242
41,1600,51279
41,1664,51287
41,1728,51391
41,1792,51455
41,1856,51463
41,1920,51491
41,1984,51445
41,2048,51466
42,0,2701
42,64,53325
42,128,53446
42,192,53399
42,256,53462
42,320,53435
42,384,53478
42,448,53531
42,512,53157
42,576,53250
42,640,53224
42,704,53381
42,768,53187
42,832,53261
42,896,53239
42,960,53243
42,1024,53195
42,1088,53357
42,1152,53331
42,1216,53288
42,1280,53398
42,1344,53489
42,1408,53490
42,1472,53543
42,1536,53561
42,1600,53552
42,1664,53600
42,1728,53737
42,1792,53771
42,1856,53853
42,1920,53829
42,1984,54090
42,2048,54071
43,0,2724
43,64,53982
43,128,53978
43,192,53983
43,256,54047
43,320,54066
43,384,54163
43,448,54195
43,512,54211
43,576,54319
43,640,54427
43,704,54489
43,768,54530
43,832,54572
43,896,54521
43,960,54566
43,1024,54512
43,1088,54547
43,1152,54574
43,1216,54610
43,1280,54744
43,1344,54774
43,1408,54741
43,1472,54787
43,1536,54833
43,1600,54845
43,1664,54851
43,1728,54877
43,1792,54954
43,1856,54991
43,1920,55006
43,1984,55004
43,2048,55007
44,0,2717
44,64,54435
44,128,54361
44,192,54433
44,256,54504
44,320,54517
44,384,54640
44,448,54666
44,512,54688
44,576,54783
44,640,54861
44,704,54903
44,768,54962
44,832,55015
44,896,54975
44,960,55033
44,1024,54992
44,1088,54968
44,1152,55076
44,1216,55157
44,1280,55244
44,1344,55244
44,1408,55269
44,1472,55329
44,1536,55339
44,1600,55384
44,1664,55428
44,1728,55399
44,1792,55494
44,1856,55521
44,1920,55533
44,1984,55638
44,2048,55595
45,0,2752
45,64,55059
45,128,54943
45,192,54982
45,256,55008
45,320,55049
45,384,55142
45,448,55148
45,512,55161
45,576,55160
45,640,55344
45,704,55378
45,768,55457
45,832,55516
45,896,55494
45,960,55507
45,1024,55458
45,1088,55459
45,1152,55542
45,1216,55680
45,1280,55688
45,1344,55706
45,1408,55734
45,1472,55779
45,1536,55888
45,1600,55907
45,1664,55906
45,1728,55916
45,1792,55988
45,1856,56067
45,1920,56041
45,1984,56047
45,2048,56088
46,0,2763
46,64,57416
46,128,57938
46,192,57956
46,256,57959
46,320,57793
46,384,58054
46,448,57674
46,512,57580
46,576,57647
46,640,57718
46,704,57734
46,768,57746
46,832,57836
46,896,57774
46,960,57778
46,1024,57792
46,1088,57796
46,1152,57925
46,1216,57932
46,1280,57947
46,1344,57994
46,1408,58005
46,1472,58017
46,1536,58129
46,1600,58153
46,1664,58241
46,1728,58221
46,1792,58173
46,1856,58214
46,1920,58207
46,1984,58224
46,2048,58225
47,0,2758
47,64,58402
47,128,58496
47,192,58570
47,256,58602
47,320,58621
47,384,58777
47,448,58761
47,512,58759
47,576,58820
47,640,58968
47,704,59020
47,768,59097
47,832,59170
47,896,59139
47,960,59134
47,1024,59226
47,1088,59168
47,1152,59184
47,1216,59273
47,1280,59314
47,1344,59278
47,1408,59380
47,1472,59463
47,1536,59472
47,1600,59531
47,1664,59559
47,1728,59509
47,1792,59494
47,1856,59512
47,1920,59524
47,1984,59643
47,2048,59625
48,0,2704
48,64,58966
48,128,59014
48,192,59091
48,256,59124
48,320,59114
48,384,59278
48,448,59275
48,512,59251
48,576,59307
48,640,59445
48,704,59481
48,768,59497
48,832,59628
48,896,59607
48,960,59592
48,1024,59665
48,1088,59643
48,1152,59715
48,1216,59758
48,1280,59731
48,1344,59736
48,1408,59838
48,1472,59897
48,1536,59933
48,1600,59981
48,1664,60017
48,1728,60029
48,1792,60028
48,1856,60014
48,1920,60040
48,1984,60128
48,2048,60133
49,0,2682
49,64,59605
49,128,59493
49,192,59559
49,256,59608
49,320,59631
49,384,59766
49,448,59730
49,512,59753
49,576,59797
49,640,59951
49,704,60012
49,768,60006
49,832,60117
49,896,60161
49,960,60131
49,1024,60152
49,1088,60141
49,1152,60188
49,1216,60184
49,1280,60248
49,1344,60290
49,1408,60319
49,1472,60425
49,1536,60490
49,1600,60516
49,1664,60622
49,1728,60619
49,1792,60613
49,1856,60651
49,1920,60658
49,1984,60745
49,2048,60749
50,0,2687
50,64,61729
50,128,62410
50,192,62494
50,256,62225
50,320,62454
50,384,62401
50,448,62146
50,512,62156
50,576,62246
50,640,62203
50,704,62362
50,768,62397
50,832,62370
50,896,62477
50,960,62426
50,1024,62468
50,1088,62489
50,1152,62525
50,1216,62524
50,1280,62551
50,1344,62587
50,1408,62658
50,1472,62734
50,1536,62734
50,1600,62755
50,1664,62854
50,1728,62908
50,1792,62875
50,1856,62855
50,1920,62867
50,1984,62853
50,2048,62849
51,0,2708
51,64,62980
51,128,63193
51,192,63207
51,256,63296
51,320,63292
51,384,63360
51,448,63346
51,512,63448
51,576,63511
51,640,63520
51,704,63720
51,768,63744
51,832,63757
51,896,63841
51,960,63801
51,1024,63848
51,1088,63846
51,1152,63865
51,1216,63864
51,1280,63949
51,1344,64002
51,1408,64054
51,1472,64060
51,1536,64133
51,1600,64142
51,1664,64173
51,1728,64279
51,1792,64291
51,1856,64278
51,1920,64280
51,1984,64264
51,2048,64259
52,0,2699
52,64,63496
52,128,63682
52,192,63702
52,256,63728
52,320,63792
52,384,63848
52,448,63841
52,512,63912
52,576,63973
52,640,63951
52,704,64138
52,768,64171
52,832,64182
52,896,64310
52,960,64261
52,1024,64312
52,1088,64300
52,1152,64334
52,1216,64331
52,1280,64342
52,1344,64466
52,1408,64506
52,1472,64510
52,1536,64559
52,1600,64589
52,1664,64621
52,1728,64720
52,1792,64730
52,1856,64757
52,1920,64778
52,1984,64733
52,2048,64748
53,0,2731
53,64,64231
53,128,64180
53,192,64182
53,256,64219
53,320,64292
53,384,64328
53,448,64311
53,512,64381
53,576,64441
53,640,64444
53,704,64591
53,768,64652
53,832,64655
53,896,64727
53,960,64764
53,1024,64782
53,1088,64775
53,1152,64802
53,1216,64805
53,1280,64832
53,1344,64939
53,1408,64987
53,1472,65031
53,1536,65032
53,1600,65092
53,1664,65165
53,1728,65208
53,1792,65310
53,1856,65341
53,1920,65385
53,1984,65355
53,2048,65328
54,0,2738
54,64,66123
54,128,66907
54,192,67004
54,256,67068
54,320,66743
54,384,66761
54,448,66650
54,512,66708
54,576,66764
54,640,66775
54,704,66973
54,768,67009
54,832,67032
54,896,67110
54,960,67085
54,1024,67051
54,1088,67074
54,1152,67106
54,1216,67110
54,1280,67130
54,1344,67225
54,1408,67267
54,1472,67256
54,1536,67257
54,1600,67359
54,1664,67383
54,1728,67457
54,1792,67571
54,1856,67562
54,1920,67540
54,1984,67522
54,2048,67497
55,0,2748
55,64,67505
55,128,67853
55,192,67823
55,256,67897
55,320,67973
55,384,68010
55,448,67952
55,512,68075
55,576,68188
55,640,68164
55,704,68211
55,768,68381
55,832,68421
55,896,68431
55,960,68472
55,1024,68467
55,1088,68484
55,1152,68467
55,1216,68500
55,1280,68587
55,1344,68618
55,1408,68697
55,1472,68659
55,1536,68700
55,1600,68789
55,1664,68842
55,1728,68937
55,1792,68947
55,1856,69017
55,1920,69067
55,1984,69002
55,2048,69007
56,0,2751
56,64,68214
56,128,68373
56,192,68373
56,256,68415
56,320,68506
56,384,68547
56,448,68471
56,512,68594
56,576,68638
56,640,68641
56,704,68722
56,768,68873
56,832,68878
56,896,68940
56,960,68999
56,1024,68994
56,1088,68991
56,1152,68976
56,1216,69039
56,1280,69079
56,1344,69123
56,1408,69172
56,1472,69178
56,1536,69212
56,1600,69227
56,1664,69315
56,1728,69413
56,1792,69426
56,1856,69503
56,1920,69531
56,1984,69537
56,2048,69549
57,0,2754
57,64,68893
57,128,68863
57,192,68838
57,256,68869
57,320,68977
57,384,68961
57,448,68943
57,512,68988
57,576,69094
57,640,69132
57,704,69144
57,768,69267
57,832,69340
57,896,69388
57,960,69408
57,1024,69447
57,1088,69441
57,1152,69482
57,1216,69567
57,1280,69570
57,1344,69563
57,1408,69512
57,1472,69608
57,1536,69640
57,1600,69664
57,1664,69803
57,1728,69856
57,1792,69955
57,1856,69943
57,1920,69992
57,1984,70013
57,2048,70011
58,0,2766
58,64,70634
58,128,71063
58,192,71132
58,256,71155
58,320,71230
58,384,71313
58,448,71226
58,512,71266
58,576,71409
58,640,71442
58,704,71452
58,768,71580
58,832,71665
58,896,71721
58,960,71752
58,1024,71762
58,1088,71729
58,1152,71739
58,1216,71769
58,1280,71805
58,1344,71788
58,1408,71789
58,1472,71877
58,1536,71927
58,1600,71959
58,1664,71997
58,1728,72051
58,1792,72074
58,1856,72156
58,1920,72176
58,1984,72210
58,2048,72222
59,0,2790
59,64,72193
59,128,72481
59,192,72521
59,256,72516
59,320,72639
59,384,72664
59,448,72652
59,512,72747
59,576,72839
59,640,72859
59,704,72862
59,768,73016
59,832,73059
59,896,73091
59,960,73113
59,1024,73162
59,1088,73125
59,1152,73140
59,1216,73204
59,1280,73239
59,1344,73393
59,1408,73285
59,1472,73233
59,1536,73377
59,1600,73368
59,1664,73401
59,1728,73442
59,1792,73515
59,1856,73572
59,1920,73546
59,1984,73661
59,2048,73651
60,0,2791
60,64,72664
60,128,72992
60,192,73054
60,256,73059
60,320,73178
60,384,73209
60,448,73233
60,512,73211
60,576,73356
60,640,73403
60,704,73404
60,768,73435
60,832,73606
60,896,73613
60,960,73657
60,1024,73722
60,1088,73708
60,1152,73745
60,1216,73768
60,1280,73824
60,1344,73933
60,1408,73844
60,1472,73821
60,1536,73909
60,1600,73910
60,1664,73934
60,1728,73922
60,1792,74017
60,1856,74079
60,1920,74107
60,1984,74216
60,2048,74220
61,0,3099
61,64,73479
61,128,73456
61,192,73523
61,256,73536
61,320,73627
61,384,73632
61,448,73660
61,512,73699
61,576,73786
61,640,73831
61,704,73846
61,768,73861
61,832,74023
61,896,74038
61,960,74102
61,1024,74086
61,1088,74125
61,1152,74187
61,1216,74222
61,1280,74192
61,1344,74404
61,1408,74309
61,1472,74303
61,1536,74392
61,1600,74403
61,1664,74439
61,1728,74412
61,1792,74491
61,1856,74549
61,1920,74591
61,1984,74666
61,2048,74707
62,0,2810
62,64,72509
62,128,75527
62,192,75529
62,256,75542
62,320,75706
62,384,75731
62,448,75756
62,512,75775
62,576,75916
62,640,75971
62,704,76013
62,768,76039
62,832,76181
62,896,76237
62,960,76247
62,1024,76259
62,1088,76286
62,1152,76319
62,1216,76357
62,1280,76329
62,1344,76472
62,1408,76439
62,1472,76417
62,1536,76425
62,1600,76481
62,1664,76508
62,1728,76473
62,1792,76499
62,1856,76631
62,1920,76656
62,1984,76693
62,2048,76739
63,0,3116
63,64,71231
63,128,77120
63,192,77133
63,256,77197
63,320,77293
63,384,77324
63,448,77335
63,512,77397
63,576,77433
63,640,77484
63,704,77524
63,768,77565
63,832,77695
63,896,77774
63,960,77772
63,1024,77795
63,1088,77803
63,1152,77895
63,1216,77934
63,1280,77896
63,1344,77994
63,1408,77952
63,1472,77987
63,1536,77974
63,1600,78008
63,1664,78052
63,1728,78053
63,1792,78043
63,1856,78146
63,1920,78195
63,1984,78229
63,2048,78254
64,0,3349
64,64,62555
64,128,77656
64,192,77695
64,256,77723
64,320,77821
64,384,77864
64,448,77870
64,512,77886
64,576,77959
64,640,78026
64,704,78060
64,768,78087
64,832,78214
64,896,78313
64,960,78321
64,1024,78349
64,1088,78386
64,1152,78417
64,1216,78405
64,1280,78403
64,1344,78564
64,1408,78549
64,1472,78548
64,1536,78539
64,1600,78580
64,1664,78592
64,1728,78707
64,1792,78653
64,1856,78739
64,1920,78774
64,1984,78804
64,2048,78808
65,0,2744
65,64,16201
65,128,78128
65,192,78149
65,256,78202
65,320,78211
65,384,78341
65,448,78310
65,512,78348
65,576,78336
65,640,78474
65,704,78472
65,768,78567
65,832,78547
65,896,78709
65,960,78766
65,1024,78796
65,1088,78789
65,1152,78868
65,1216,78869
65,1280,78866
65,1344,78979
65,1408,79031
65,1472,79011
65,1536,78983
65,1600,78965
65,1664,79064
65,1728,79125
65,1792,79113
65,1856,79127
65,1920,79248
65,1984,79273
65,2048,79307
66,0,2728
66,64,3930
66,128,79539
66,192,79613
66,256,79593
66,320,79607
66,384,79694
66,448,79679
66,512,79668
66,576,79655
66,640,79795
66,704,79793
66,768,79888
66,832,79875
66,896,80088
66,960,80074
66,1024,80163
66,1088,80183
66,1152,80224
66,1216,80230
66,1280,80266
66,1344,80331
66,1408,80356
66,1472,80394
66,1536,80362
66,1600,80325
66,1664,80458
66,1728,80589
66,1792,80577
66,1856,80667
66,1920,80696
66,1984,80618
66,2048,80645
67,0,2744
67,64,2739
67,128,81770
67,192,81783
67,256,81863
67,320,81828
67,384,82003
67,448,81985
67,512,82002
67,576,82011
67,640,82144
67,704,82178
67,768,82228
67,832,82246
67,896,82383
67,960,82433
67,1024,82492
67,1088,82465
67,1152,82469
67,1216,82499
67,1280,82558
67,1344,82625
67,1408,82611
67,1472,82504
67,1536,82496
67,1600,82519
67,1664,82499
67,1728,82687
67,1792,82720
67,1856,82804
67,1920,82802
67,1984,82817
67,2048,82862
68,0,2761
68,64,2752
68,128,82305
68,192,82326
68,256,82366
68,320,82380
68,384,82536
68,448,82518
68,512,82505
68,576,82531
68,640,82666
68,704,82691
68,768,82718
68,832,82760
68,896,82909
68,960,82957
68,1024,83014
68,1088,82990
68,1152,83008
68,1216,83069
68,1280,83058
68,1344,83090
68,1408,83127
68,1472,83152
68,1536,83146
68,1600,83161
68,1664,83167
68,1728,83307
68,1792,83354
68,1856,83392
68,1920,83387
68,1984,83456
68,2048,83512
69,0,2767
69,64,2764
69,128,82802
69,192,82811
69,256,82857
69,320,82904
69,384,83008
69,448,83004
69,512,82989
69,576,82988
69,640,83151
69,704,83162
69,768,83193
69,832,83210
69,896,83189
69,960,83433
69,1024,83425
69,1088,83427
69,1152,83478
69,1216,83537
69,1280,83540
69,1344,83590
69,1408,83595
69,1472,83631
69,1536,83625
69,1600,83641
69,1664,83660
69,1728,83800
69,1792,83851
69,1856,83867
69,1920,83864
69,1984,83843
69,2048,83954
70,0,2771
70,64,2768
70,128,83609
70,192,83632
70,256,83688
70,320,83671
70,384,83796
70,448,83788
70,512,83743
70,576,83785
70,640,83958
70,704,83946
70,768,83993
70,832,83992
70,896,83991
70,960,84207
70,1024,84235
70,1088,84227
70,1152,84263
70,1216,84383
70,1280,84331
70,1344,84366
70,1408,84405
70,1472,84460
70,1536,84453
70,1600,84461
70,1664,84491
70,1728,84487
70,1792,84682
70,1856,84754
70,1920,84765
70,1984,84698
70,2048,84791
71,0,2817
71,64,2796
71,128,86337
71,192,86347
71,256,86421
71,320,86434
71,384,86517
71,448,86588
71,512,86599
71,576,86588
71,640,86770
71,704,86757
71,768,86765
71,832,86809
71,896,86863
71,960,87019
71,1024,87046
71,1088,87065
71,1152,87096
71,1216,87124
71,1280,87076
71,1344,87102
71,1408,87055
71,1472,87051
71,1536,87161
71,1600,87153
71,1664,87184
71,1728,87166
71,1792,87362
71,1856,87420
71,1920,87373
71,1984,87359
71,2048,87347
72,0,2810
72,64,2799
72,128,86920
72,192,86944
72,256,86975
72,320,86984
72,384,87120
72,448,87163
72,512,87157
72,576,87162
72,640,87198
72,704,87325
72,768,87364
72,832,87377
72,896,87385
72,960,87575
72,1024,87635
72,1088,87642
72,1152,87672
72,1216,87718
72,1280,87742
72,1344,87761
72,1408,87751
72,1472,87754
72,1536,87829
72,1600,87798
72,1664,87856
72,1728,87817
72,1792,87821
72,1856,87945
72,1920,87974
72,1984,87986
72,2048,87990
73,0,2822
73,64,2802
73,128,87440
73,192,87440
73,256,87469
73,320,87468
73,384,87628
73,448,87641
73,512,87646
73,576,87647
73,640,87694
73,704,87804
73,768,87838
73,832,87864
73,896,87911
73,960,88085
73,1024,88106
73,1088,88093
73,1152,88194
73,1216,88245
73,1280,88255
73,1344,88256
73,1408,88257
73,1472,88269
73,1536,88383
73,1600,88347
73,1664,88366
73,1728,88362
73,1792,88371
73,1856,88465
73,1920,88493
73,1984,88518
73,2048,88538
74,0,2831
74,64,2815
74,128,88099
74,192,88142
74,256,88187
74,320,88148
74,384,88274
74,448,88318
74,512,88295
74,576,88318
74,640,88353
74,704,88443
74,768,88463
74,832,88491
74,896,88531
74,960,88550
74,1024,88753
74,1088,88738
74,1152,88811
74,1216,88890
74,1280,88895
74,1344,88919
74,1408,88937
74,1472,88964
74,1536,88988
74,1600,89017
74,1664,89063
74,1728,89053
74,1792,89023
74,1856,89152
74,1920,89229
74,1984,89227
74,2048,89262
75,0,2847
75,64,2842
75,128,90978
75,192,90980
75,256,90996
75,320,91063
75,384,91149
75,448,91187
75,512,91189
75,576,91165
75,640,91185
75,704,91285
75,768,91352
75,832,91369
75,896,91382
75,960,91464
75,1024,91607
75,1088,91649
75,1152,91662
75,1216,91742
75,1280,91605
75,1344,91670
75,1408,91658
75,1472,91687
75,1536,91730
75,1600,91709
75,1664,91854
75,1728,91810
75,1792,91808
75,1856,91847
75,1920,91969
75,1984,91911
75,2048,91908
76,0,2862
76,64,2857
76,128,91586
76,192,91570
76,256,91629
76,320,91659
76,384,91793
76,448,91831
76,512,91811
76,576,91858
76,640,91866
76,704,91978
76,768,92031
76,832,92043
76,896,92097
76,960,92071
76,1024,92332
76,1088,92328
76,1152,92410
76,1216,92451
76,1280,92389
76,1344,92456
76,1408,92479
76,1472,92501
76,1536,92515
76,1600,92537
76,1664,92580
76,1728,92557
76,1792,92566
76,1856,92564
76,1920,92656
76,1984,92653
76,2048,92667
77,0,2874
77,64,2852
77,128,92064
77,192,92064
77,256,92128
77,320,92158
77,384,92197
77,448,92301
77,512,92298
77,576,92341
77,640,92331
77,704,92450
77,768,92512
77,832,92499
77,896,92564
77,960,92542
77,1024,92786
77,1088,92825
77,1152,92853
77,1216,92883
77,1280,92877
77,1344,92954
77,1408,92951
77,1472,92976
77,1536,92975
77,1600,92953
77,1664,93032
77,1728,93054
77,1792,93063
77,1856,93130
77,1920,93075
77,1984,93163
77,2048,93172
78,0,2867
78,64,2850
78,128,92678
78,192,92674
78,256,92730
78,320,92769
78,384,92793
78,448,92898
78,512,92881
78,576,92916
78,640,92914
78,704,93034
78,768,93097
78,832,93088
78,896,93137
78,960,93143
78,1024,93356
78,1088,93393
78,1152,93426
78,1216,93454
78,1280,93430
78,1344,93517
78,1408,93559
78,1472,93604
78,1536,93576
78,1600,93537
78,1664,93616
78,1728,93679
78,1792,93670
78,1856,93802
78,1920,93752
78,1984,93799
78,2048,93843
79,0,2894
79,64,2862
79,128,95571
79,192,95587
79,256,95561
79,320,95624
79,384,95652
79,448,95706
79,512,95762
79,576,95753
79,640,95780
79,704,95744
79,768,95970
79,832,95868
79,896,95910
79,960,95829
79,1024,95855
79,1088,95882
79,1152,96031
79,1216,95894
79,1280,95794
79,1344,95854
79,1408,95856
79,1472,95855
79,1536,96155
79,1600,95936
79,1664,96224
79,1728,96134
79,1792,96257
79,1856,96415
79,1920,96336
79,1984,96513
79,2048,96575
80,0,2820
80,64,2822
80,128,96222
80,192,96199
80,256,96258
80,320,96314
80,384,96329
80,448,96455
80,512,96430
80,576,96479
80,640,96510
80,704,96503
80,768,96685
80,832,96678
80,896,96715
80,960,96723
80,1024,96715
80,1088,96937
80,1152,97002
80,1216,97055
80,1280,97082
80,1344,97071
80,1408,97141
80,1472,97124
80,1536,97157
80,1600,97116
80,1664,97126
80,1728,97208
80,1792,97225
80,1856,97299
80,1920,97263
80,1984,97224
80,2048,97323
81,0,2824
81,64,2821
81,128,96706
81,192,96723
81,256,96785
81,320,96809
81,384,96833
81,448,96981
81,512,96952
81,576,96970
81,640,96987
81,704,96989
81,768,97168
81,832,97184
81,896,97202
81,960,97210
81,1024,97211
81,1088,97434
81,1152,97482
81,1216,97552
81,1280,97548
81,1344,97542
81,1408,97582
81,1472,97600
81,1536,97621
81,1600,97609
81,1664,97635
81,1728,97721
81,1792,97738
81,1856,97777
81,1920,97784
81,1984,97740
81,2048,97849
82,0,2825
82,64,2839
82,128,97309
82,192,97303
82,256,97337
82,320,97386
82,384,97417
82,448,97515
82,512,97553
82,576,97536
82,640,97548
82,704,97547
82,768,97668
82,832,97728
82,896,97716
82,960,97740
82,1024,97763
82,1088,97959
82,1152,98026
82,1216,98066
82,1280,98107
82,1344,98107
82,1408,98153
82,1472,98173
82,1536,98184
82,1600,98186
82,1664,98232
82,1728,98311
82,1792,98336
82,1856,98377
82,1920,98357
82,1984,98309
82,2048,98328
83,0,2843
83,64,2839
83,128,100135
83,192,100109
83,256,100197
83,320,100187
83,384,100207
83,448,100337
83,512,100283
83,576,100361
83,640,100343
83,704,100371
83,768,100233
83,832,100208
83,896,100386
83,960,100496
83,1024,100338
83,1088,100310
83,1152,100325
83,1216,100370
83,1280,100397
83,1344,100353
83,1408,100354
83,1472,100399
83,1536,100448
83,1600,100431
83,1664,100458
83,1728,100447
83,1792,100490
83,1856,100505
83,1920,100479
83,1984,100500
83,2048,100509
84,0,2854
84,64,2858
84,128,100833
84,192,100821
84,256,100863
84,320,100902
84,384,100911
84,448,101028
84,512,101132
84,576,101119
84,640,101134
84,704,101112
84,768,101273
84,832,101339
84,896,101327
84,960,101359
84,1024,101367
84,1088,101409
84,1152,101652
84,1216,101714
84,1280,101728
84,1344,101730
84,1408,101733
84,1472,101777
84,1536,101813
84,1600,101823
84,1664,101837
84,1728,101794
84,1792,101870
84,1856,101890
84,1920,101877
84,1984,101886
84,2048,101905
85,0,3266
85,64,3257
85,128,101334
85,192,101331
85,256,101360
85,320,101349
85,384,101389
85,448,101524
85,512,101638
85,576,101601
85,640,101599
85,704,101612
85,768,101738
85,832,101800
85,896,101817
85,960,101844
85,1024,101828
85,1088,101867
85,1152,102094
85,1216,102164
85,1280,102196
85,1344,102207
85,1408,102215
85,1472,102276
85,1536,102317
85,1600,102300
85,1664,102319
85,1728,102294
85,1792,102346
85,1856,102386
85,1920,102374
85,1984,102368
85,2048,102372
86,0,3269
86,64,3253
86,128,101876
86,192,101863
86,256,101843
86,320,101907
86,384,101930
86,448,102048
86,512,102142
86,576,102122
86,640,102162
86,704,102131
86,768,102126
86,832,102333
86,896,102317
86,960,102377
86,1024,102368
86,1088,102369
86,1152,102557
86,1216,102646
86,1280,102658
86,1344,102710
86,1408,102731
86,1472,102812
86,1536,102838
86,1600,102829
86,1664,102852
86,1728,102811
86,1792,102831
86,1856,102948
86,1920,102935
86,1984,102952
86,2048,102992
87,0,3679
87,64,3684
87,128,104120
87,192,104074
87,256,104283
87,320,104504
87,384,104170
87,448,104312
87,512,104345
87,576,104310
87,640,104338
87,704,104328
87,768,104365
87,832,104532
87,896,104536
87,960,104521
87,1024,104564
87,1088,104562
87,1152,104751
87,1216,104817
87,1280,104834
87,1344,104869
87,1408,104888
87,1472,104882
87,1536,104969
87,1600,104950
87,1664,104985
87,1728,104974
87,1792,104926
87,1856,105021
87,1920,104982
87,1984,104964
87,2048,104973
88,0,3292
88,64,3292
88,128,105507
88,192,105464
88,256,105488
88,320,105584
88,384,105599
88,448,105708
88,512,105780
88,576,105795
88,640,105783
88,704,105777
88,768,105795
88,832,105983
88,896,106032
88,960,105992
88,1024,106041
88,1088,106053
88,1152,106281
88,1216,106335
88,1280,106346
88,1344,106388
88,1408,106417
88,1472,106416
88,1536,106470
88,1600,106467
88,1664,106443
88,1728,106475
88,1792,106456
88,1856,106499
88,1920,106514
88,1984,106460
88,2048,106477
89,0,3327
89,64,3314
89,128,106013
89,192,105990
89,256,106025
89,320,106084
89,384,106095
89,448,106237
89,512,106301
89,576,106303
89,640,106325
89,704,106334
89,768,106334
89,832,106450
89,896,106529
89,960,106543
89,1024,106590
89,1088,106599
89,1152,106625
89,1216,106805
89,1280,106869
89,1344,106920
89,1408,106933
89,1472,106947
89,1536,107015
89,1600,107034
89,1664,107016
89,1728,107028
89,1792,107019
89,1856,107044
89,1920,107127
89,1984,107121
89,2048,107153
90,0,2904
90,64,2908
90,128,106556
90,192,106550
90,256,106558
90,320,106619
90,384,106637
90,448,106660
90,512,106811
90,576,106808
90,640,106836
90,704,106846
90,768,106838
90,832,106971
90,896,107063
90,960,107024
90,1024,107084
90,1088,107096
90,1152,107090
90,1216,107309
90,1280,107374
90,1344,107393
90,1408,107429
90,1472,107475
90,1536,107531
90,1600,107571
90,1664,107582
90,1728,107599
90,1792,107569
90,1856,107574
90,1920,107647
90,1984,107658
90,2048,107676
91,0,2920
91,64,2916
91,128,109108
91,192,109057
91,256,108948
91,320,109176
91,384,109143
91,448,109135
91,512,109012
91,576,109047
91,640,108997
91,704,109079
91,768,109124
91,832,109183
91,896,109303
91,960,109243
91,1024,109247
91,1088,109335
91,1152,109342
91,1216,109512
91,1280,109568
91,1344,109591
91,1408,109620
91,1472,109619
91,1536,109686
91,1600,109698
91,1664,109698
91,1728,109712
91,1792,109744
91,1856,109749
91,1920,109767
91,1984,109777
91,2048,109737
92,0,2922
92,64,2933
92,128,110116
92,192,110115
92,256,110129
92,320,110200
92,384,110222
92,448,110221
92,512,110436
92,576,110458
92,640,110435
92,704,110459
92,768,110419
92,832,110609
92,896,110687
92,960,110674
92,1024,110706
92,1088,110724
92,1152,110750
92,1216,110958
92,1280,111013
92,1344,111019
92,1408,111079
92,1472,111080
92,1536,111104
92,1600,111168
92,1664,111146
92,1728,111164
92,1792,111212
92,1856,111206
92,1920,111203
92,1984,111227
92,2048,111253
93,0,2950
93,64,2946
93,128,110665
93,192,110659
93,256,110664
93,320,110725
93,384,110737
93,448,110759
93,512,110949
93,576,110929
93,640,110938
93,704,110973
93,768,110953
93,832,110973
93,896,111194
93,960,111205
93,1024,111227
93,1088,111256
93,1152,111242
93,1216,111462
93,1280,111536
93,1344,111533
93,1408,111593
93,1472,111595
93,1536,111638
93,1600,111689
93,1664,111722
93,1728,111704
93,1792,111732
93,1856,111756
93,1920,111736
93,1984,111795
93,2048,111806
94,0,2967
94,64,2960
94,128,111179
94,192,111169
94,256,111182
94,320,111262
94,384,111281
94,448,111313
94,512,111441
94,576,111458
94,640,111457
94,704,111482
94,768,111459
94,832,111504
94,896,111703
94,960,111692
94,1024,111697
94,1088,111723
94,1152,111717
94,1216,111744
94,1280,111924
94,1344,112001
94,1408,112028
94,1472,112080
94,1536,112112
94,1600,112221
94,1664,112226
94,1728,112203
94,1792,112217
94,1856,112239
94,1920,112221
94,1984,112313
94,2048,112364
95,0,3402
95,64,3409
95,128,113187
95,192,113174
95,256,113251
95,320,113202
95,384,113303
95,448,113301
95,512,113474
95,576,113485
95,640,113452
95,704,113463
95,768,113499
95,832,113520
95,896,113720
95,960,113745
95,1024,113718
95,1088,113745
95,1152,113758
95,1216,113792
95,1280,114005
95,1344,114089
95,1408,114092
95,1472,114120
95,1536,114126
95,1600,114168
95,1664,114207
95,1728,114188
95,1792,114201
95,1856,114211
95,1920,114186
95,1984,114162
95,2048,114235
96,0,2915
96,64,2908
96,128,114738
96,192,114764
96,256,114768
96,320,114263
96,384,114850
96,448,114857
96,512,115047
96,576,115046
96,640,115045
96,704,115057
96,768,115092
96,832,115098
96,896,115329
96,960,115304
96,1024,115341
96,1088,115361
96,1152,115351
96,1216,115374
96,1280,115600
96,1344,115672
96,1408,115665
96,1472,115720
96,1536,115723
96,1600,115751
96,1664,115808
96,1728,115787
96,1792,115765
96,1856,115806
96,1920,115792
96,1984,115790
96,2048,115905
97,0,2900
97,64,2896
97,128,115303
97,192,115306
97,256,115291
97,320,114810
97,384,115351
97,448,114947
97,512,115522
97,576,115620
97,640,115592
97,704,115557
97,768,115447
97,832,115615
97,896,115825
97,960,115863
97,1024,115842
97,1088,115885
97,1152,115884
97,1216,115915
97,1280,116101
97,1344,116207
97,1408,116227
97,1472,116251
97,1536,116283
97,1600,116316
97,1664,116365
97,1728,116380
97,1792,116366
97,1856,116397
97,1920,116389
97,1984,116376
97,2048,116472
98,0,2906
98,64,2898
98,128,115843
98,192,115814
98,256,115821
98,320,115338
98,384,115847
98,448,115301
98,512,116030
98,576,116108
98,640,116121
98,704,116078
98,768,115960
98,832,116078
98,896,116141
98,960,116363
98,1024,116356
98,1088,116416
98,1152,116426
98,1216,116384
98,1280,116147
98,1344,116525
98,1408,116679
98,1472,116757
98,1536,116767
98,1600,116802
98,1664,116813
98,1728,116876
98,1792,116870
98,1856,116891
98,1920,116885
98,1984,116829
98,2048,116414
99,0,2921
99,64,2912
99,128,117475
99,192,116927
99,256,117473
99,320,117051
99,384,117419
99,448,116949
99,512,117624
99,576,117185
99,640,117678
99,704,117721
99,768,117679
99,832,117604
99,896,117737
99,960,117465
99,1024,117928
99,1088,117913
99,1152,117951
99,1216,117941
99,1280,117545
99,1344,118039
99,1408,118208
99,1472,118237
99,1536,118331
99,1600,118469
99,1664,118401
99,1728,117959
99,1792,118254
99,1856,118445
99,1920,118375
99,1984,118296
99,2048,117852
100,0,2918
100,64,2922
100,128,119311
100,192,118859
100,256,119375
100,320,118881
100,384,119367
100,448,118776
100,512,119609
100,576,119143
100,640,119689
100,704,119662
100,768,119750
100,832,119675
100,896,119630
100,960,119463
100,1024,119967
100,1088,119966
100,1152,119955
100,1216,119458
100,1280,119359
100,1344,120152
100,1408,120326
100,1472,120334
100,1536,120323
100,1600,119900
100,1664,120127
100,1728,119900
100,1792,120305
100,1856,120441
100,1920,120453
100,1984,120413
100,2048,119992
101,0,2932
101,64,2936
101,128,119896
101,192,119362
101,256,119969
101,320,119429
101,384,119928
101,448,119387
101,512,120188
101,576,119625
101,640,120046
101,704,119732
101,768,120293
101,832,120221
101,896,120178
101,960,119993
101,1024,120141
101,1088,120394
101,1152,120498
101,1216,120018
101,1280,119868
101,1344,120633
101,1408,120866
101,1472,120908
101,1536,120869
101,1600,120496
101,1664,120784
101,1728,120516
101,1792,120921
101,1856,121087
101,1920,121069
101,1984,121014
101,2048,120537
102,0,2949
102,64,2934
102,128,120384
102,192,119901
102,256,120450
102,320,119980
102,384,120452
102,448,119869
102,512,120701
102,576,120179
102,640,120576
102,704,120190
102,768,120745
102,832,120560
102,896,120652
102,960,120537
102,1024,120646
102,1088,120899
102,1152,120929
102,1216,120458
102,1280,120332
102,1344,120637
102,1408,121184
102,1472,121339
102,1536,121365
102,1600,120852
102,1664,121174
102,1728,120877
102,1792,121357
102,1856,121550
102,1920,121537
102,1984,121515
102,2048,121039
103,0,2957
103,64,2945
103,128,121314
103,192,120807
103,256,121223
103,320,120939
103,384,121475
103,448,120794
103,512,121491
103,576,121087
103,640,121157
103,704,121098
103,768,121633
103,832,121438
103,896,121520
103,960,121401
103,1024,121573
103,1088,121772
103,1152,121876
103,1216,121415
103,1280,121226
103,1344,121417
103,1408,121992
103,1472,122276
103,1536,122242
103,1600,121914
103,1664,122180
103,1728,121863
103,1792,122264
103,1856,122480
103,1920,122476
103,1984,122433
103,2048,122074
104,0,2971
104,64,2960
104,128,123744
104,192,123130
104,256,123697
104,320,123516
104,384,123933
104,448,123292
104,512,124028
104,576,123643
104,640,123738
104,704,123725
104,768,124243
104,832,124062
104,896,124110
104,960,123944
104,1024,124209
104,1088,124403
104,1152,124507
104,1216,123998
104,1280,123877
104,1344,123834
104,1408,124242
104,1472,124791
104,1536,124855
104,1600,124440
104,1664,124767
104,1728,124482
104,1792,124987
104,1856,125131
104,1920,125084
104,1984,124930
104,2048,124573
105,0,2979
105,64,2984
105,128,124277
105,192,123743
105,256,123781
105,320,124035
105,384,124534
105,448,123849
105,512,124079
105,576,124258
105,640,124283
105,704,124307
105,768,124853
105,832,124142
105,896,124571
105,960,124358
105,1024,124660
105,1088,124432
105,1152,124815
105,1216,124591
105,1280,124454
105,1344,124368
105,1408,124669
105,1472,125378
105,1536,125463
105,1600,125063
105,1664,125405
105,1728,125061
105,1792,125529
105,1856,125685
105,1920,125649
105,1984,125076
105,2048,124975
106,0,2982
106,64,2989
106,128,123677
106,192,124185
106,256,124295
106,320,124472
106,384,124927
106,448,124396
106,512,124517
106,576,124589
106,640,124851
106,704,124882
106,768,125379
106,832,124719
106,896,125176
106,960,124839
106,1024,125289
106,1088,124969
106,1152,125438
106,1216,125166
106,1280,124991
106,1344,124917
106,1408,125166
106,1472,125779
106,1536,125430
106,1600,125454
106,1664,125921
106,1728,125558
106,1792,125961
106,1856,126175
106,1920,126151
106,1984,125594
106,2048,125508
107,0,3011
107,64,2985
107,128,124351
107,192,125018
107,256,125055
107,320,125206
107,384,125756
107,448,125238
107,512,125381
107,576,125353
107,640,125623
107,704,125695
107,768,126143
107,832,125478
107,896,125929
107,960,125468
107,1024,126019
107,1088,125799
107,1152,126218
107,1216,125946
107,1280,125817
107,1344,125802
107,1408,125943
107,1472,126164
107,1536,126065
107,1600,126187
107,1664,126648
107,1728,126361
107,1792,126221
107,1856,126771
107,1920,126913
107,1984,126446
107,2048,126322
108,0,3009
108,64,2993
108,128,127106
108,192,127708
108,256,127808
108,320,127902
108,384,128397
108,448,127892
108,512,128009
108,576,128091
108,640,128220
108,704,128469
108,768,128886
108,832,128159
108,896,128609
108,960,128201
108,1024,128432
108,1088,128350
108,1152,128920
108,1216,128628
108,1280,128501
108,1344,128516
108,1408,128659
108,1472,128799
108,1536,128749
108,1600,128919
108,1664,129420
108,1728,128979
108,1792,128898
108,1856,129563
108,1920,129745
108,1984,129104
108,2048,128982
109,0,3014
109,64,3021
109,128,127606
109,192,128306
109,256,128381
109,320,128536
109,384,129080
109,448,128533
109,512,128616
109,576,128627
109,640,128733
109,704,128838
109,768,128896
109,832,128801
109,896,129315
109,960,128805
109,1024,129079
109,1088,129016
109,1152,129529
109,1216,129281
109,1280,129162
109,1344,129128
109,1408,129090
109,1472,129370
109,1536,129341
109,1600,129498
109,1664,130015
109,1728,129661
109,1792,129551
109,1856,130203
109,1920,130350
109,1984,129745
109,2048,129553
110,0,3030
110,64,3043
110,128,128170
110,192,128848
110,256,128936
110,320,129056
110,384,129006
110,448,128955
110,512,129207
110,576,129175
110,640,129229
110,704,129335
110,768,129370
110,832,129275
110,896,129817
110,960,129345
110,1024,129551
110,1088,129582
110,1152,130104
110,1216,129787
110,1280,129660
110,1344,129636
110,1408,129587
110,1472,129865
110,1536,129839
110,1600,129956
110,1664,129961
110,1728,130056
110,1792,130030
110,1856,130603
110,1920,130799
110,1984,130218
110,2048,130041
111,0,3059
111,64,3057
111,128,128963
111,192,129564
111,256,129648
111,320,129830
111,384,129708
111,448,129719
111,512,129938
111,576,129868
111,640,129912
111,704,129964
111,768,130010
111,832,129885
111,896,130399
111,960,129991
111,1024,130231
111,1088,130179
111,1152,130742
111,1216,130480
111,1280,130365
111,1344,130315
111,1408,130276
111,1472,130553
111,1536,130518
111,1600,130528
111,1664,130510
111,1728,130687
111,1792,130627
111,1856,130289
111,1920,131133
111,1984,130904
111,2048,130697
112,0,2978
112,64,2971
112,128,131617
112,192,132230
112,256,132324
112,320,132434
112,384,132308
112,448,132363
112,512,132599
112,576,132517
112,640,132551
112,704,132579
112,768,132789
112,832,133188
112,896,132135
112,960,132667
112,1024,132861
112,1088,132903
112,1152,133135
112,1216,133056
112,1280,133012
112,1344,132946
112,1408,132903
112,1472,133199
112,1536,133233
112,1600,133223
112,1664,133233
112,1728,133324
112,1792,133267
112,1856,132907
112,1920,133783
112,1984,133561
112,2048,133459
113,0,2987
113,64,2983
113,128,132331
113,192,132930
113,256,133009
113,320,133212
113,384,133067
113,448,133032
113,512,133315
113,576,133254
113,640,133329
113,704,133321
113,768,133491
113,832,133336
113,896,132858
113,960,133391
113,1024,133599
113,1088,133579
113,1152,133154
113,1216,133498
113,1280,133741
113,1344,133755
113,1408,133693
113,1472,133854
113,1536,133943
113,1600,133999
113,1664,134011
113,1728,134130
113,1792,134081
113,1856,133743
113,1920,134597
113,1984,134283
113,2048,134187
114,0,2981
114,64,2988
114,128,132855
114,192,133487
114,256,133509
114,320,133779
114,384,133613
114,448,133594
114,512,133907
114,576,133814
114,640,133875
114,704,133836
114,768,134020
114,832,133886
114,896,133427
114,960,133941
114,1024,133888
114,1088,134015
114,1152,133684
114,1216,134080
114,1280,134294
114,1344,134286
114,1408,134164
114,1472,134138
114,1536,134393
114,1600,134530
114,1664,134534
114,1728,134656
114,1792,134587
114,1856,134255
114,1920,135109
114,1984,134851
114,2048,134824
115,0,2992
115,64,3003
115,128,133495
115,192,134156
115,256,134082
115,320,134217
115,384,134271
115,448,134282
115,512,134410
115,576,134479
115,640,134546
115,704,134438
115,768,134657
115,832,134509
115,896,134078
115,960,134561
115,1024,134545
115,1088,134689
115,1152,134289
115,1216,134694
115,1280,134943
115,1344,134941
115,1408,134788
115,1472,134775
115,1536,135032
115,1600,135163
115,1664,135152
115,1728,135141
115,1792,135176
115,1856,134867
115,1920,135770
115,1984,135478
115,2048,135450
116,0,2994
116,64,3005
116,128,136029
116,192,136758
116,256,136723
116,320,136854
116,384,136849
116,448,136853
116,512,136973
116,576,136935
116,640,137117
116,704,137072
116,768,137189
116,832,136604
116,896,136523
116,960,136934
116,1024,137203
116,1088,137190
116,1152,136881
116,1216,137535
116,1280,137702
116,1344,137523
116,1408,137228
116,1472,137281
116,1536,137310
116,1600,137529
116,1664,137541
116,1728,137633
116,1792,137736
116,1856,137343
116,1920,138132
116,1984,137878
116,2048,137878
117,0,3029
117,64,3034
117,128,136755
117,192,137568
117,256,137493
117,320,137623
117,384,137660
117,448,137693
117,512,137841
117,576,137768
117,640,138024
117,704,138082
117,768,138171
117,832,137465
117,896,137342
117,960,137780
117,1024,138001
117,1088,138136
117,1152,137735
117,1216,138344
117,1280,138505
117,1344,138423
117,1408,138294
117,1472,138290
117,1536,138595
117,1600,138711
117,1664,138778
117,1728,138690
117,1792,138647
117,1856,138204
117,1920,139185
117,1984,138956
117,2048,138956
118,0,3017
118,64,3023
118,128,137293
118,192,138112
118,256,138028
118,320,138059
118,384,138159
118,448,138198
118,512,138346
118,576,138276
118,640,138526
118,704,138576
118,768,138657
118,832,138006
118,896,137889
118,960,138290
118,1024,138529
118,1088,138634
118,1152,138226
118,1216,138913
118,1280,139036
118,1344,139045
118,1408,138838
118,1472,138913
118,1536,139142
118,1600,139204
118,1664,139294
118,1728,139172
118,1792,139144
118,1856,138701
118,1920,139829
118,1984,139640
118,2048,139640
119,0,3031
119,64,3039
119,128,138011
119,192,138719
119,256,138664
119,320,138701
119,384,138825
119,448,138863
119,512,138613
119,576,138934
119,640,139158
119,704,139235
119,768,139245
119,832,138586
119,896,138512
119,960,138872
119,1024,138938
119,1088,139149
119,1152,138855
119,1216,139489
119,1280,139646
119,1344,139674
119,1408,139447
119,1472,139516
119,1536,139503
119,1600,139741
119,1664,139874
119,1728,139791
119,1792,139749
119,1856,139312
119,1920,140365
119,1984,140349
119,2048,140349
120,0,3051
120,64,3053
120,128,140340
120,192,141137
120,256,141092
120,320,141127
120,384,141104
120,448,141232
120,512,141015
120,576,141344
120,640,141502
120,704,141451
120,768,141516
120,832,140926
120,896,140805
120,960,141089
120,1024,141092
120,1088,141361
120,1152,141106
120,1216,141547
120,1280,141583
120,1344,141801
120,1408,141665
120,1472,141669
120,1536,141680
120,1600,141960
120,1664,142268
120,1728,142173
120,1792,142013
120,1856,141570
120,1920,142413
120,1984,142413
120,2048,142413
121,0,3056
121,64,3057
121,128,141201
121,192,141452
121,256,141505
121,320,142160
121,384,142254
121,448,142219
121,512,142202
121,576,142497
121,640,142659
121,704,142625
121,768,142587
121,832,141940
121,896,141938
121,960,142367
121,1024,142363
121,1088,142497
121,1152,142259
121,1216,142721
121,1280,142909
121,1344,143092
121,1408,142991
121,1472,142989
121,1536,142976
121,1600,143216
121,1664,143406
121,1728,143443
121,1792,143264
121,1856,142790
121,1920,142732
121,1984,142732
121,2048,142732
122,0,3086
122,64,3085
122,128,141809
122,192,141972
122,256,142100
122,320,142673
122,384,142759
122,448,142820
122,512,142739
122,576,143014
122,640,143113
122,704,143157
122,768,143098
122,832,142457
122,896,142364
122,960,142867
122,1024,142852
122,1088,143032
122,1152,142790
122,1216,143293
122,1280,143403
122,1344,143612
122,1408,143511
122,1472,143533
122,1536,143477
122,1600,143689
122,1664,143897
122,1728,143968
122,1792,143781
122,1856,143400
122,1920,143389
122,1984,143389
122,2048,143389
123,0,3086
123,64,3083
123,128,142515
123,192,142547
123,256,142681
123,320,143284
123,384,143413
123,448,143414
123,512,143266
123,576,143656
123,640,143708
123,704,143755
123,768,143684
123,832,143076
123,896,142927
123,960,143468
123,1024,143487
123,1088,143614
123,1152,143237
123,1216,143760
123,1280,143951
123,1344,143976
123,1408,144049
123,1472,144159
123,1536,144063
123,1600,144280
123,1664,144469
123,1728,144553
123,1792,144427
123,1856,144019
123,1920,144019
123,1984,144019
123,2048,144019
124,0,3095
124,64,3107
124,128,144313
124,192,144693
124,256,144777
124,320,145554
124,384,145629
124,448,145412
124,512,145328
124,576,145825
124,640,145750
124,704,145769
124,768,145660
124,832,145056
124,896,144880
124,960,145354
124,1024,145137
124,1088,145453
124,1152,145254
124,1216,145713
124,1280,145925
124,1344,145953
124,1408,146025
124,1472,146068
124,1536,145984
124,1600,146031
124,1664,146373
124,1728,146521
124,1792,146399
124,1856,145885
124,1920,145885
124,1984,145885
124,2048,145885
125,0,3119
125,64,3119
125,128,145620
125,192,145841
125,256,145748
125,320,146711
125,384,146838
125,448,146697
125,512,146734
125,576,146869
125,640,147148
125,704,147201
125,768,147120
125,832,146530
125,896,146412
125,960,146976
125,1024,146569
125,1088,146939
125,1152,146670
125,1216,147410
125,1280,147540
125,1344,147508
125,1408,147486
125,1472,147588
125,1536,147535
125,1600,147524
125,1664,147829
125,1728,147980
125,1792,147913
125,1856,147480
125,1920,147480
125,1984,147480
125,2048,147480
126,0,3120
126,64,3119
126,128,146250
126,192,146416
126,256,146184
126,320,147266
126,384,147309
126,448,147211
126,512,147168
126,576,147363
126,640,147672
126,704,147667
126,768,147611
126,832,147107
126,896,146762
126,960,146864
126,1024,147070
126,1088,147423
126,1152,147095
126,1216,147974
126,1280,148081
126,1344,148017
126,1408,147996
126,1472,148105
126,1536,148032
126,1600,148081
126,1664,148373
126,1728,148446
126,1792,148457
126,1856,148436
126,1920,148436
126,1984,148436
126,2048,148436
127,0,3141
127,64,3128
127,128,146890
127,192,147117
127,256,146800
127,320,147814
127,384,147893
127,448,147826
127,512,147797
127,576,147976
127,640,148324
127,704,148183
127,768,148187
127,832,147706
127,896,147555
127,960,147404
127,1024,147648
127,1088,147950
127,1152,147714
127,1216,148549
127,1280,148684
127,1344,148612
127,1408,148591
127,1472,148676
127,1536,148667
127,1600,148691
127,1664,148941
127,1728,149018
127,1792,149008
127,1856,149008
127,1920,149008
127,1984,149008
127,2048,149008
128,0,3063
128,64,3065
128,128,148292
128,192,148806
128,256,148528
128,320,149810
128,384,149727
128,448,149757
128,512,149828
128,576,149820
128,640,150105
128,704,150049
128,768,149909
128,832,149257
128,896,149300
128,960,149201
128,1024,149566
128,1088,149946
128,1152,149557
128,1216,150375
128,1280,150521
128,1344,150455
128,1408,150402
128,1472,150665
128,1536,150438
128,1600,150434
128,1664,150794
128,1728,150799
128,1792,150799
128,1856,150799
128,1920,150799
128,1984,150799
128,2048,150799
129,0,3063
129,64,3065
129,128,148292
129,192,148806
129,256,148528
129,320,149810
129,384,149727
129,448,149757
129,512,149828
129,576,149820
129,640,150105
129,704,150049
129,768,149909
129,832,149257
129,896,149300
129,960,149201
129,1024,149566
129,1088,149946
129,1152,149557
129,1216,150375
129,1280,150521
129,1344,150455
129,1408,150402
129,1472,150665
129,1536,150438
129,1600,150434
129,1664,150794
129,1728,150799
129,1792,150799
129,1856,150799
129,1920,150799
129,1984,150799
129,2048,150799
130,0,3063
130,64,3065
130,128,147735
130,192,148806
130,256,148528
130,320,149810
130,384,149727
130,448,149757
130,512,149828
130,576,149820
130,640,150105
130,704,150049
130,768,149909
130,832,149257
130,896,149300
130,960,149201
130,1024,149566
130,1088,149946
130,1152,149557
130,1216,150375
130,1280,150521
130,1344,150455
130,1408,150402
130,1472,150665
130,1536,150438
130,1600,150434
130,1664,150794
130,1728,150799
130,1792,150799
130,1856,150799
130,1920,150799
130,1984,150799
130,2048,150799
131,0,3063
131,64,3065
131,128,147164
131,192,148806
131,256,148528
131,320,149810
131,384,149727
131,448,149757
131,512,149828
131,576,149820
131,640,150105
131,704,150049
131,768,149909
131,832,149257
131,896,149300
131,960,149201
131,1024,149566
131,1088,149946
131,1152,149557
131,1216,150375
131,1280,150521
131,1344,150455
131,1408,150402
131,1472,150665
131,1536,150438
131,1600,150434
131,1664,150794
131,1728,150799
131,1792,150799
131,1856,150799
131,1920,150799
131,1984,150799
131,2048,150799
132,0,3063
132,64,3065
132,128,136837
132,192,148806
132,256,148528
132,320,149810
132,384,149727
132,448,149757
132,512,149828
132,576,149820
132,640,150105
132,704,150049
132,768,149909
132,832,149257
132,896,149300
132,960,149201
132,1024,149566
132,1088,149946
132,1152,149557
132,1216,150375
132,1280,150521
132,1344,150455
132,1408,150402
132,1472,150665
132,1536,150438
132,1600,150434
132,1664,150794
132,1728,150799
132,1792,150799
132,1856,150799
132,1920,150799
132,1984,150799
132,2048,150799
133,0,3140
133,64,3143
133,128,31237
133,192,157144
133,256,157195
133,320,158292
133,384,158210
133,448,158244
133,512,158442
133,576,158517
133,640,158521
133,704,158489
133,768,157882
133,832,157867
133,896,157718
133,960,158303
133,1024,158252
133,1088,158403
133,1152,158079
133,1216,158509
133,1280,158382
133,1344,158875
133,1408,158985
133,1472,159188
133,1536,159119
133,1600,159056
133,1664,159037
133,1728,159037
133,1792,159037
133,1856,159037
133,1920,159037
133,1984,159037
133,2048,159037
134,0,3140
134,64,3143
134,128,31237
134,192,157144
134,256,157195
134,320,158292
134,384,158210
134,448,158244
134,512,158442
134,576,158517
134,640,158521
134,704,158489
134,768,157882
134,832,157867
134,896,157718
134,960,158303
134,1024,158252
134,1088,158403
134,1152,158079
134,1216,158509
134,1280,158382
134,1344,158875
134,1408,158985
134,1472,159188
134,1536,159119
134,1600,159056
134,1664,159037
134,1728,159037
134,1792,159037
134,1856,159037
134,1920,159037
134,1984,159037
134,2048,159037
135,0,3140
135,64,3143
135,128,31237
135,192,157144
135,256,157195
135,320,158292
135,384,158210
135,448,158244
135,512,158442
135,576,158517
135,640,158521
135,704,158489
135,768,157882
135,832,157867
135,896,157718
135,960,158303
135,1024,158252
135,1088,158403
135,1152,158079
135,1216,158509
135,1280,158382
135,1344,158875
135,1408,158985
135,1472,159188
135,1536,159119
135,1600,159056
135,1664,159037
135,1728,159037
135,1792,159037
135,1856,159037
135,1920,159037
135,1984,159037
135,2048,159037
136,0,3140
136,64,3143
136,128,30663
136,192,157144
136,256,157195
136,320,158292
136,384,158210
136,448,158244
136,512,158442
136,576,158517
136,640,158521
136,704,158489
136,768,157882
136,832,157867
136,896,157718
136,960,158303
136,1024,158252
136,1088,158403
136,1152,158079
136,1216,158509
136,1280,158382
136,1344,158875
136,1408,158985
136,1472,159188
136,1536,159119
136,1600,159056
136,1664,159037
136,1728,159037
136,1792,159037
136,1856,159037
136,1920,159037
136,1984,159037
136,2048,159037
137,0,3143
137,64,3146
137,128,19035
137,192,157144
137,256,157195
137,320,158292
137,384,158210
137,448,158244
137,512,158442
137,576,158517
137,640,158521
137,704,158489
137,768,157882
137,832,157867
137,896,157718
137,960,158303
137,1024,158252
137,1088,158403
137,1152,158079
137,1216,158509
137,1280,158382
137,1344,158875
137,1408,158985
137,1472,159188
137,1536,159119
137,1600,159056
137,1664,159037
137,1728,159037
137,1792,159037
137,1856,159037
137,1920,159037
137,1984,159037
137,2048,159037
138,0,3143
138,64,3146
138,128,19035
138,192,157144
138,256,157195
138,320,158292
138,384,158210
138,448,158244
138,512,158442
138,576,158517
138,640,158521
138,704,158489
138,768,157882
138,832,157867
138,896,157718
138,960,158303
138,1024,158252
138,1088,158403
138,1152,158079
138,1216,158509
138,1280,158382
138,1344,158875
138,1408,158985
138,1472,159188
138,1536,159119
138,1600,159056
138,1664,159037
138,1728,159037
138,1792,159037
138,1856,159037
138,1920,159037
138,1984,159037
138,2048,159037
139,0,3143
139,64,3146
139,128,19035
139,192,157144
139,256,157195
139,320,158292
139,384,158210
139,448,158244
139,512,158442
139,576,158517
139,640,158521
139,704,158489
139,768,157882
139,832,157867
139,896,157718
139,960,158303
139,1024,158252
139,1088,158403
139,1152,158079
139,1216,158509
139,1280,158382
139,1344,158875
139,1408,158985
139,1472,159188
139,1536,159119
139,1600,159056
139,1664,159037
139,1728,159037
139,1792,159037
139,1856,159037
139,1920,159037
139,1984,159037
139,2048,159037
140,0,3143
140,64,3146
140,128,19035
140,192,157144
140,256,157195
140,320,158292
140,384,158210
140,448,158244
140,512,158442
140,576,158517
140,640,158521
140,704,158489
140,768,157882
140,832,157867
140,896,157718
140,960,158303
140,1024,158252
140,1088,158403
140,1152,158079
140,1216,158509
140,1280,158382
140,1344,158875
140,1408,158985
140,1472,159188
140,1536,159119
140,1600,159056
140,1664,159037
140,1728,159037
140,1792,159037
140,1856,159037
140,1920,159037
140,1984,159037
140,2048,159037
141,0,3156
141,64,3144
141,128,21323
141,192,166752
141,256,166184
141,320,167235
141,384,166338
141,448,167050
141,512,167227
141,576,167374
141,640,167382
141,704,167260
141,768,166776
141,832,166629
141,896,166638
141,960,168033
141,1024,167054
141,1088,167372
141,1152,166963
141,1216,167496
141,1280,167085
141,1344,167755
141,1408,167957
141,1472,168177
141,1536,168018
141,1600,167965
141,1664,167965
141,1728,167965
141,1792,167965
141,1856,167965
141,1920,167965
141,1984,167965
141,2048,167965
142,0,3156
142,64,3144
142,128,21323
142,192,166752
142,256,166184
142,320,167235
142,384,166338
142,448,167050
142,512,167227
142,576,167374
142,640,167382
142,704,167260
142,768,166776
142,832,166629
142,896,166638
142,960,168033
142,1024,167054
142,1088,167372
142,1152,166963
142,1216,167496
142,1280,167085
142,1344,167755
142,1408,167957
142,1472,168177
142,1536,168018
142,1600,167965
142,1664,167965
142,1728,167965
142,1792,167965
142,1856,167965
142,1920,167965
142,1984,167965
142,2048,167965
143,0,3156
143,64,3144
143,128,21323
143,192,166752
143,256,166184
143,320,167235
143,384,166338
143,448,167050
143,512,167227
143,576,167374
143,640,167382
143,704,167260
143,768,166776
143,832,166629
143,896,166638
143,960,168033
143,1024,167054
143,1088,167372
143,1152,166963
143,1216,167496
143,1280,167085
143,1344,167755
143,1408,167957
143,1472,168177
143,1536,168018
143,1600,167965
143,1664,167965
143,1728,167965
143,1792,167965
143,1856,167965
143,1920,167965
143,1984,167965
143,2048,167965
144,0,3156
144,64,3144
144,128,20749
144,192,166752
144,256,166184
144,320,167235
144,384,166338
144,448,167050
144,512,167227
144,576,167374
144,640,167382
144,704,167260
144,768,166776
144,832,166629
144,896,166638
144,960,168033
144,1024,167054
144,1088,167372
144,1152,166963
144,1216,167496
144,1280,167085
144,1344,167755
144,1408,167957
144,1472,168177
144,1536,168018
144,1600,167965
144,1664,167965
144,1728,167965
144,1792,167965
144,1856,167965
144,1920,167965
144,1984,167965
144,2048,167965
145,0,3163
145,64,3151
145,128,20754
145,192,166752
145,256,166184
145,320,167235
145,384,166338
145,448,167050
145,512,167227
145,576,167374
145,640,167382
145,704,167260
145,768,166776
145,832,166629
145,896,166638
145,960,168033
145,1024,167054
145,1088,167372
145,1152,166963
145,1216,167496
145,1280,167085
145,1344,167755
145,1408,167957
145,1472,168177
145,1536,168018
145,1600,167965
145,1664,167965
145,1728,167965
145,1792,167965
145,1856,167965
145,1920,167965
145,1984,167965
145,2048,167965
146,0,3163
146,64,3151
146,128,20754
146,192,166752
146,256,166184
146,320,167235
146,384,166338
146,448,167050
146,512,167227
146,576,167374
146,640,167382
146,704,167260
146,768,166776
146,832,166629
146,896,166638
146,960,168033
146,1024,167054
146,1088,167372
146,1152,166963
146,1216,167496
146,1280,167085
146,1344,167755
146,1408,167957
146,1472,168177
146,1536,168018
146,1600,167965
146,1664,167965
146,1728,167965
146,1792,167965
146,1856,167965
146,1920,167965
146,1984,167965
146,2048,167965
147,0,3163
147,64,3151
147,128,20754
147,192,166752
147,256,166184
147,320,167235
147,384,166338
147,448,167050
147,512,167227
147,576,167374
147,640,167382
147,704,167260
147,768,166776
147,832,166629
147,896,166638
147,960,168033
147,1024,167054
147,1088,167372
147,1152,166963
147,1216,167496
147,1280,167085
147,1344,167755
147,1408,167957
147,1472,168177
147,1536,168018
147,1600,167965
147,1664,167965
147,1728,167965
147,1792,167965
147,1856,167965
147,1920,167965
147,1984,167965
147,2048,167965
148,0,3163
148,64,3151
148,128,20754
148,192,166752
148,256,166184
148,320,167235
148,384,166338
148,448,167050
148,512,167227
148,576,167374
148,640,167382
148,704,167260
148,768,166776
148,832,166629
148,896,166638
148,960,168033
148,1024,167054
148,1088,167372
148,1152,166963
148,1216,167496
148,1280,167085
148,1344,167755
148,1408,167957
148,1472,168177
148,1536,168018
148,1600,167965
148,1664,167965
148,1728,167965
148,1792,167965
148,1856,167965
148,1920,167965
148,1984,167965
148,2048,167965
149,0,3311
149,64,3316
149,128,30699
149,192,176733
149,256,175294
149,320,176313
149,384,175413
149,448,176040
149,512,176410
149,576,176446
149,640,176377
149,704,176362
149,768,175670
149,832,175538
149,896,175517
149,960,177103
149,1024,176134
149,1088,176521
149,1152,176113
149,1216,176542
149,1280,176162
149,1344,176634
149,1408,177056
149,1472,177247
149,1536,176190
149,1600,176190
149,1664,176190
149,1728,176190
149,1792,176190
149,1856,176190
149,1920,176190
149,1984,176190
149,2048,176190
150,0,3311
150,64,3316
150,128,30699
150,192,176733
150,256,175294
150,320,176313
150,384,175413
150,448,176040
150,512,176410
150,576,176446
150,640,176377
150,704,176362
150,768,175670
150,832,175538
150,896,175517
150,960,177103
150,1024,176134
150,1088,176521
150,1152,176113
150,1216,176542
150,1280,176162
150,1344,176634
150,1408,177056
150,1472,177247
150,1536,176190
150,1600,176190
150,1664,176190
150,1728,176190
150,1792,176190
150,1856,176190
150,1920,176190
150,1984,176190
150,2048,176190
151,0,3311
151,64,3316
151,128,30699
151,192,176733
151,256,175294
151,320,176313
151,384,175413
151,448,176040
151,512,176410
151,576,176446
151,640,176377
151,704,176362
151,768,175670
151,832,175538
151,896,175517
151,960,177103
151,1024,176134
151,1088,176521
151,1152,176113
151,1216,176542
151,1280,176162
151,1344,176634
151,1408,177056
151,1472,177247
151,1536,176190
151,1600,176190
151,1664,176190
151,1728,176190
151,1792,176190
151,1856,176190
151,1920,176190
151,1984,176190
151,2048,176190
152,0,3311
152,64,3316
152,128,30699
152,192,176733
152,256,175294
152,320,176313
152,384,175413
152,448,176040
152,512,176410
152,576,176446
152,640,176377
152,704,176362
152,768,175670
152,832,175538
152,896,175517
152,960,177103
152,1024,176134
152,1088,176521
152,1152,176113
152,1216,176542
152,1280,176162
152,1344,176634
152,1408,177056
152,1472,177247
152,1536,176190
152,1600,176190
152,1664,176190
152,1728,176190
152,1792,176190
152,1856,176190
152,1920,176190
152,1984,176190
152,2048,176190
153,0,3315
153,64,3321
153,128,30125
153,192,176952
153,256,175294
153,320,176313
153,384,175413
153,448,176040
153,512,176410
153,576,176446
153,640,176377
153,704,176362
153,768,175670
153,832,175538
153,896,175517
153,960,177103
153,1024,176134
153,1088,176521
153,1152,176113
153,1216,176542
153,1280,176162
153,1344,176634
153,1408,177056
153,1472,177247
153,1536,176190
153,1600,176190
153,1664,176190
153,1728,176190
153,1792,176190
153,1856,176190
153,1920,176190
153,1984,176190
153,2048,176190
154,0,3315
154,64,3321
154,128,30125
154,192,176952
154,256,175294
154,320,176313
154,384,175413
154,448,176040
154,512,176410
154,576,176446
154,640,176377
154,704,176362
154,768,175670
154,832,175538
154,896,175517
154,960,177103
154,1024,176134
154,1088,176521
154,1152,176113
154,1216,176542
154,1280,176162
154,1344,176634
154,1408,177056
154,1472,177247
154,1536,176190
154,1600,176190
154,1664,176190
154,1728,176190
154,1792,176190
154,1856,176190
154,1920,176190
154,1984,176190
154,2048,176190
155,0,3315
155,64,3321
155,128,30125
155,192,176952
155,256,175294
155,320,176313
155,384,175413
155,448,176040
155,512,176410
155,576,176446
155,640,176377
155,704,176362
155,768,175670
155,832,175538
155,896,175517
155,960,177103
155,1024,176134
155,1088,176521
155,1152,176113
155,1216,176542
155,1280,176162
155,1344,176634
155,1408,177056
155,1472,177247
155,1536,176190
155,1600,176190
155,1664,176190
155,1728,176190
155,1792,176190
155,1856,176190
155,1920,176190
155,1984,176190
155,2048,176190
156,0,3315
156,64,3321
156,128,30125
156,192,176952
156,256,175294
156,320,176313
156,384,175413
156,448,176040
156,512,176410
156,576,176446
156,640,176377
156,704,176362
156,768,175670
156,832,175538
156,896,175517
156,960,177103
156,1024,176134
156,1088,176521
156,1152,176113
156,1216,176542
156,1280,176162
156,1344,176634
156,1408,177056
156,1472,177247
156,1536,176190
156,1600,176190
156,1664,176190
156,1728,176190
156,1792,176190
156,1856,176190
156,1920,176190
156,1984,176190
156,2048,176190
157,0,3328
157,64,3329
157,128,34844
157,192,184788
157,256,184443
157,320,185349
157,384,184520
157,448,185242
157,512,185637
157,576,185636
157,640,185550
157,704,185544
157,768,184592
157,832,184636
157,896,184668
157,960,186393
157,1024,185358
157,1088,185729
157,1152,185040
157,1216,185582
157,1280,185236
157,1344,185834
157,1408,185955
157,1472,185955
157,1536,185955
157,1600,185955
157,1664,185955
157,1728,185955
157,1792,185955
157,1856,185955
157,1920,185955
157,1984,185955
157,2048,185955
158,0,3328
158,64,3329
158,128,34844
158,192,184788
158,256,184443
158,320,185349
158,384,184520
158,448,185242
158,512,185637
158,576,185636
158,640,185550
158,704,185544
158,768,184592
158,832,184636
158,896,184668
158,960,186393
158,1024,185358
158,1088,185729
158,1152,185040
158,1216,185582
158,1280,185236
158,1344,185834
158,1408,185955
158,1472,185955
158,1536,185955
158,1600,185955
158,1664,185955
158,1728,185955
158,1792,185955
158,1856,185955
158,1920,185955
158,1984,185955
158,2048,185955
159,0,3328
159,64,3329
159,128,34844
159,192,184788
159,256,184443
159,320,185349
159,384,184520
159,448,185242
159,512,185637
159,576,185636
159,640,185550
159,704,185544
159,768,184592
159,832,184636
159,896,184668
159,960,186393
159,1024,185358
159,1088,185729
159,1152,185040
159,1216,185582
159,1280,185236
159,1344,185834
159,1408,185955
159,1472,185955
159,1536,185955
159,1600,185955
159,1664,185955
159,1728,185955
159,1792,185955
159,1856,185955
159,1920,185955
159,1984,185955
159,2048,185955
160,0,3328
160,64,3329
160,128,34844
160,192,184788
160,256,184443
160,320,185349
160,384,184520
160,448,185242
160,512,185637
160,576,185636
160,640,185550
160,704,185544
160,768,184592
160,832,184636
160,896,184668
160,960,186393
160,1024,185358
160,1088,185729
160,1152,185040
160,1216,185582
160,1280,185236
160,1344,185834
160,1408,185955
160,1472,185955
160,1536,185955
160,1600,185955
160,1664,185955
160,1728,185955
160,1792,185955
160,1856,185955
160,1920,185955
160,1984,185955
160,2048,185955
161,0,3332
161,64,3332
161,128,31492
161,192,186571
161,256,184443
161,320,185349
161,384,184520
161,448,185242
161,512,185637
161,576,185636
161,640,185550
161,704,185544
161,768,184592
161,832,184636
161,896,184668
161,960,186393
161,1024,185358
161,1088,185729
161,1152,185040
161,1216,185582
161,1280,185236
161,1344,185834
161,1408,185955
161,1472,185955
161,1536,185955
161,1600,185955
161,1664,185955
161,1728,185955
161,1792,185955
161,1856,185955
161,1920,185955
161,1984,185955
161,2048,185955
162,0,3332
162,64,3332
162,128,31492
162,192,186571
162,256,184443
162,320,185349
162,384,184520
162,448,185242
162,512,185637
162,576,185636
162,640,185550
162,704,185544
162,768,184592
162,832,184636
162,896,184668
162,960,186393
162,1024,185358
162,1088,185729
162,1152,185040
162,1216,185582
162,1280,185236
162,1344,185834
162,1408,185955
162,1472,185955
162,1536,185955
162,1600,185955
162,1664,185955
162,1728,185955
162,1792,185955
162,1856,185955
162,1920,185955
162,1984,185955
162,2048,185955
163,0,3332
163,64,3332
163,128,31492
163,192,186571
163,256,184443
163,320,185349
163,384,184520
163,448,185242
163,512,185637
163,576,185636
163,640,185550
163,704,185544
163,768,184592
163,832,184636
163,896,184668
163,960,186393
163,1024,185358
163,1088,185729
163,1152,185040
163,1216,185582
163,1280,185236
163,1344,185834
163,1408,185955
163,1472,185955
163,1536,185955
163,1600,185955
163,1664,185955
163,1728,185955
163,1792,185955
163,1856,185955
163,1920,185955
163,1984,185955
163,2048,185955
164,0,3332
164,64,3332
164,128,31492
164,192,186571
164,256,184443
164,320,185349
164,384,184520
164,448,185242
164,512,185637
164,576,185636
164,640,185550
164,704,185544
164,768,184592
164,832,184636
164,896,184668
164,960,186393
164,1024,185358
164,1088,185729
164,1152,185040
164,1216,185582
164,1280,185236
164,1344,185834
164,1408,185955
164,1472,185955
164,1536,185955
164,1600,185955
164,1664,185955
164,1728,185955
164,1792,185955
164,1856,185955
164,1920,185955
164,1984,185955
164,2048,185955
165,0,3390
165,64,3389
165,128,9358
165,192,192219
165,256,193552
165,320,194488
165,384,193678
165,448,193383
165,512,194257
165,576,194752
165,640,194471
165,704,194296
165,768,193705
165,832,193404
165,896,193727
165,960,195697
165,1024,194415
165,1088,194857
165,1152,194165
165,1216,194778
165,1280,194433
165,1344,194907
165,1408,194907
165,1472,194907
165,1536,194907
165,1600,194907
165,1664,194907
165,1728,194907
165,1792,194907
165,1856,194907
165,1920,194907
165,1984,194907
165,2048,194907
166,0,3390
166,64,3389
166,128,9358
166,192,192219
166,256,193552
166,320,194488
166,384,193678
166,448,193383
166,512,194257
166,576,194752
166,640,194471
166,704,194296
166,768,193705
166,832,193404
166,896,193727
166,960,195697
166,1024,194415
166,1088,194857
166,1152,194165
166,1216,194778
166,1280,194433
166,1344,194907
166,1408,194907
166,1472,194907
166,1536,194907
166,1600,194907
166,1664,194907
166,1728,194907
166,1792,194907
166,1856,194907
166,1920,194907
166,1984,194907
166,2048,194907
167,0,3390
167,64,3389
167,128,9358
167,192,192219
167,256,193552
167,320,194488
167,384,193678
167,448,193383
167,512,194257
167,576,194752
167,640,194471
167,704,194296
167,768,193705
167,832,193404
167,896,193727
167,960,195697
167,1024,194415
167,1088,194857
167,1152,194165
167,1216,194778
167,1280,194433
167,1344,194907
167,1408,194907
167,1472,194907
167,1536,194907
167,1600,194907
167,1664,194907
167,1728,194907
167,1792,194907
167,1856,194907
167,1920,194907
167,1984,194907
167,2048,194907
168,0,3390
168,64,3389
168,128,9358
168,192,192219
168,256,193552
168,320,194488
168,384,193678
168,448,193383
168,512,194257
168,576,194752
168,640,194471
168,704,194296
168,768,193705
168,832,193404
168,896,193727
168,960,195697
168,1024,194415
168,1088,194857
168,1152,194165
168,1216,194778
168,1280,194433
168,1344,194907
168,1408,194907
168,1472,194907
168,1536,194907
168,1600,194907
168,1664,194907
168,1728,194907
168,1792,194907
168,1856,194907
168,1920,194907
168,1984,194907
168,2048,194907
169,0,3394
169,64,3393
169,128,7919
169,192,193854
169,256,193552
169,320,194488
169,384,193678
169,448,193383
169,512,194257
169,576,194752
169,640,194471
169,704,194296
169,768,193705
169,832,193404
169,896,193727
169,960,195697
169,1024,194415
169,1088,194857
169,1152,194165
169,1216,194778
169,1280,194433
169,1344,194907
169,1408,194907
169,1472,194907
169,1536,194907
169,1600,194907
169,1664,194907
169,1728,194907
169,1792,194907
169,1856,194907
169,1920,194907
169,1984,194907
169,2048,194907
170,0,3394
170,64,3393
170,128,7919
170,192,193854
170,256,193552
170,320,194488
170,384,193678
170,448,193383
170,512,194257
170,576,194752
170,640,194471
170,704,194296
170,768,193705
170,832,193404
170,896,193727
170,960,195697
170,1024,194415
170,1088,194857
170,1152,194165
170,1216,194778
170,1280,194433
170,1344,194907
170,1408,194907
170,1472,194907
170,1536,194907
170,1600,194907
170,1664,194907
170,1728,194907
170,1792,194907
170,1856,194907
170,1920,194907
170,1984,194907
170,2048,194907
171,0,3394
171,64,3393
171,128,7919
171,192,193854
171,256,193552
171,320,194488
171,384,193678
171,448,193383
171,512,194257
171,576,194752
171,640,194471
171,704,194296
171,768,193705
171,832,193404
171,896,193727
171,960,195697
171,1024,194415
171,1088,194857
171,1152,194165
171,1216,194778
171,1280,194433
171,1344,194907
171,1408,194907
171,1472,194907
171,1536,194907
171,1600,194907
171,1664,194907
171,1728,194907
171,1792,194907
171,1856,194907
171,1920,194907
171,1984,194907
171,2048,194907
172,0,3394
172,64,3393
172,128,7919
172,192,193854
172,256,193552
172,320,194488
172,384,193678
172,448,193383
172,512,194257
172,576,194752
172,640,194471
172,704,194296
172,768,193705
172,832,193404
172,896,193727
172,960,195697
172,1024,194415
172,1088,194857
172,1152,194165
172,1216,194778
172,1280,194433
172,1344,194907
172,1408,194907
172,1472,194907
172,1536,194907
172,1600,194907
172,1664,194907
172,1728,194907
172,1792,194907
172,1856,194907
172,1920,194907
172,1984,194907
172,2048,194907
173,0,3421
173,64,3421
173,128,4174
173,192,195568
173,256,202369
173,320,203199
173,384,202638
173,448,202440
173,512,203242
173,576,202832
173,640,203591
173,704,203391
173,768,202618
173,832,202578
173,896,202699
173,960,204619
173,1024,203385
173,1088,203868
173,1152,203181
173,1216,203033
173,1280,203096
173,1344,203096
173,1408,203096
173,1472,203096
173,1536,203096
173,1600,203096
173,1664,203096
173,1728,203096
173,1792,203096
173,1856,203096
173,1920,203096
173,1984,203096
173,2048,203096
174,0,3421
174,64,3421
174,128,4174
174,192,195568
174,256,202369
174,320,203199
174,384,202638
174,448,202440
174,512,203242
174,576,202832
174,640,203591
174,704,203391
174,768,202618
174,832,202578
174,896,202699
174,960,204619
174,1024,203385
174,1088,203868
174,1152,203181
174,1216,203033
174,1280,203096
174,1344,203096
174,1408,203096
174,1472,203096
174,1536,203096
174,1600,203096
174,1664,203096
174,1728,203096
174,1792,203096
174,1856,203096
174,1920,203096
174,1984,203096
174,2048,203096
175,0,3421
175,64,3421
175,128,4174
175,192,195568
175,256,202369
175,320,203199
175,384,202638
175,448,202440
175,512,203242
175,576,202832
175,640,203591
175,704,203391
175,768,202618
175,832,202578
175,896,202699
175,960,204619
175,1024,203385
175,1088,203868
175,1152,203181
175,1216,203033
175,1280,203096
175,1344,203096
175,1408,203096
175,1472,203096
175,1536,203096
175,1600,203096
175,1664,203096
175,1728,203096
175,1792,203096
175,1856,203096
175,1920,203096
175,1984,203096
175,2048,203096
176,0,3421
176,64,3421
176,128,4174
176,192,195568
176,256,202369
176,320,203199
176,384,202638
176,448,202440
176,512,203242
176,576,202832
176,640,203591
176,704,203391
176,768,202618
176,832,202578
176,896,202699
176,960,204619
176,1024,203385
176,1088,203868
176,1152,203181
176,1216,203033
176,1280,203096
176,1344,203096
176,1408,203096
176,1472,203096
176,1536,203096
176,1600,203096
176,1664,203096
176,1728,203096
176,1792,203096
176,1856,203096
176,1920,203096
176,1984,203096
176,2048,203096
177,0,3427
177,64,3426
177,128,4182
177,192,196020
177,256,202369
177,320,203199
177,384,202638
177,448,202440
177,512,203242
177,576,202832
177,640,203591
177,704,203391
177,768,202618
177,832,202578
177,896,202699
177,960,204619
177,1024,203385
177,1088,203868
177,1152,203181
177,1216,203033
177,1280,203096
177,1344,203096
177,1408,203096
177,1472,203096
177,1536,203096
177,1600,203096
177,1664,203096
177,1728,203096
177,1792,203096
177,1856,203096
177,1920,203096
177,1984,203096
177,2048,203096
178,0,3427
178,64,3426
178,128,4182
178,192,196020
178,256,202369
178,320,203199
178,384,202638
178,448,202440
178,512,203242
178,576,202832
178,640,203591
178,704,203391
178,768,202618
178,832,202578
178,896,202699
178,960,204619
178,1024,203385
178,1088,203868
178,1152,203181
178,1216,203033
178,1280,203096
178,1344,203096
178,1408,203096
178,1472,203096
178,1536,203096
178,1600,203096
178,1664,203096
178,1728,203096
178,1792,203096
178,1856,203096
178,1920,203096
178,1984,203096
178,2048,203096
179,0,3427
179,64,3426
179,128,4182
179,192,196020
179,256,202369
179,320,203199
179,384,202638
179,448,202440
179,512,203242
179,576,202832
179,640,203591
179,704,203391
179,768,202618
179,832,202578
179,896,202699
179,960,204619
179,1024,203385
179,1088,203868
179,1152,203181
179,1216,203033
179,1280,203096
179,1344,203096
179,1408,203096
179,1472,203096
179,1536,203096
179,1600,203096
179,1664,203096
179,1728,203096
179,1792,203096
179,1856,203096
179,1920,203096
179,1984,203096
179,2048,203096
180,0,3427
180,64,3426
180,128,4182
180,192,196020
180,256,202369
180,320,203199
180,384,202638
180,448,202440
180,512,203242
180,576,202832
180,640,203591
180,704,203391
180,768,202618
180,832,202578
180,896,202699
180,960,204619
180,1024,203385
180,1088,203868
180,1152,203181
180,1216,203033
180,1280,203096
180,1344,203096
180,1408,203096
180,1472,203096
180,1536,203096
180,1600,203096
180,1664,203096
180,1728,203096
180,1792,203096
180,1856,203096
180,1920,203096
180,1984,203096
180,2048,203096
181,0,3479
181,64,3480
181,128,5046
181,192,193438
181,256,211598
181,320,212460
181,384,211935
181,448,211658
181,512,212468
181,576,211874
181,640,212875
181,704,211589
181,768,211783
181,832,211807
181,896,211678
181,960,214014
181,1024,212017
181,1088,211885
181,1152,211990
181,1216,212168
181,1280,212168
181,1344,212168
181,1408,212168
181,1472,212168
181,1536,212168
181,1600,212168
181,1664,212168
181,1728,212168
181,1792,212168
181,1856,212168
181,1920,212168
181,1984,212168
181,2048,212168
182,0,3479
182,64,3480
182,128,5046
182,192,193438
182,256,211598
182,320,212460
182,384,211935
182,448,211658
182,512,212468
182,576,211874
182,640,212875
182,704,211589
182,768,211783
182,832,211807
182,896,211678
182,960,214014
182,1024,212017
182,1088,211885
182,1152,211990
182,1216,212168
182,1280,212168
182,1344,212168
182,1408,212168
182,1472,212168
182,1536,212168
182,1600,212168
182,1664,212168
182,1728,212168
182,1792,212168
182,1856,212168
182,1920,212168
182,1984,212168
182,2048,212168
183,0,3479
183,64,3480
183,128,5046
183,192,193438
183,256,211598
183,320,212460
183,384,211935
183,448,211658
183,512,212468
183,576,211874
183,640,212875
183,704,211589
183,768,211783
183,832,211807
183,896,211678
183,960,214014
183,1024,212017
183,1088,211885
183,1152,211990
183,1216,212168
183,1280,212168
183,1344,212168
183,1408,212168
183,1472,212168
183,1536,212168
183,1600,212168
183,1664,212168
183,1728,212168
183,1792,212168
183,1856,212168
183,1920,212168
183,1984,212168
183,2048,212168
184,0,3479
184,64,3480
184,128,5046
184,192,193438
184,256,211598
184,320,212460
184,384,211935
184,448,211658
184,512,212468
184,576,211874
184,640,212875
184,704,211589
184,768,211783
184,832,211807
184,896,211678
184,960,214014
184,1024,212017
184,1088,211885
184,1152,211990
184,1216,212168
184,1280,212168
184,1344,212168
184,1408,212168
184,1472,212168
184,1536,212168
184,1600,212168
184,1664,212168
184,1728,212168
184,1792,212168
184,1856,212168
184,1920,212168
184,1984,212168
184,2048,212168
185,0,3481
185,64,3483
185,128,5053
185,192,194226
185,256,211598
185,320,212460
185,384,211935
185,448,211658
185,512,212468
185,576,211874
185,640,212875
185,704,211589
185,768,211783
185,832,211807
185,896,211678
185,960,214014
185,1024,212017
185,1088,211885
185,1152,211990
185,1216,212168
185,1280,212168
185,1344,212168
185,1408,212168
185,1472,212168
185,1536,212168
185,1600,212168
185,1664,212168
185,1728,212168
185,1792,212168
185,1856,212168
185,1920,212168
185,1984,212168
185,2048,212168
186,0,3481
186,64,3483
186,128,5053
186,192,194226
186,256,211598
186,320,212460
186,384,211935
186,448,211658
186,512,212468
186,576,211874
186,640,212875
186,704,211589
186,768,211783
186,832,211807
186,896,211678
186,960,214014
186,1024,212017
186,1088,211885
186,1152,211990
186,1216,212168
186,1280,212168
186,1344,212168
186,1408,212168
186,1472,212168
186,1536,212168
186,1600,212168
186,1664,212168
186,1728,212168
186,1792,212168
186,1856,212168
186,1920,212168
186,1984,212168
186,2048,212168
187,0,3481
187,64,3483
187,128,5053
187,192,194226
187,256,211598
187,320,212460
187,384,211935
187,448,211658
187,512,212468
187,576,211874
187,640,212875
187,704,211589
187,768,211783
187,832,211807
187,896,211678
187,960,214014
187,1024,212017
187,1088,211885
187,1152,211990
187,1216,212168
187,1280,212168
187,1344,212168
187,1408,212168
187,1472,212168
187,1536,212168
187,1600,212168
187,1664,212168
187,1728,212168
187,1792,212168
187,1856,212168
187,1920,212168
187,1984,212168
187,2048,212168
188,0,3481
188,64,3483
188,128,5053
188,192,194226
188,256,211598
188,320,212460
188,384,211935
188,448,211658
188,512,212468
188,576,211874
188,640,212875
188,704,211589
188,768,211783
188,832,211807
188,896,211678
188,960,214014
188,1024,212017
188,1088,211885
188,1152,211990
188,1216,212168
188,1280,212168
188,1344,212168
188,1408,212168
188,1472,212168
188,1536,212168
188,1600,212168
188,1664,212168
188,1728,212168
188,1792,212168
188,1856,212168
188,1920,212168
188,1984,212168
188,2048,212168
189,0,3504
189,64,3495
189,128,5189
189,192,173625
189,256,220591
189,320,220381
189,384,220898
189,448,220787
189,512,221475
189,576,220607
189,640,221682
189,704,220757
189,768,220934
189,832,220914
189,896,220697
189,960,223048
189,1024,221133
189,1088,221049
189,1152,221274
189,1216,221378
189,1280,221378
189,1344,221378
189,1408,221378
189,1472,221378
189,1536,221378
189,1600,221378
189,1664,221378
189,1728,221378
189,1792,221378
189,1856,221378
189,1920,221378
189,1984,221378
189,2048,221378
190,0,3504
190,64,3495
190,128,5189
190,192,173625
190,256,220591
190,320,220381
190,384,220898
190,448,220787
190,512,221475
190,576,220607
190,640,221682
190,704,220757
190,768,220934
190,832,220914
190,896,220697
190,960,223048
190,1024,221133
190,1088,221049
190,1152,221274
190,1216,221378
190,1280,221378
190,1344,221378
190,1408,221378
190,1472,221378
190,1536,221378
190,1600,221378
190,1664,221378
190,1728,221378
190,1792,221378
190,1856,221378
190,1920,221378
190,1984,221378
190,2048,221378
191,0,3504
191,64,3495
191,128,5189
191,192,173625
191,256,220591
191,320,220381
191,384,220898
191,448,220787
191,512,221475
191,576,220607
191,640,221682
191,704,220757
191,768,220934
191,832,220914
191,896,220697
191,960,223048
191,1024,221133
191,1088,221049
191,1152,221274
191,1216,221378
191,1280,221378
191,1344,221378
191,1408,221378
191,1472,221378
191,1536,221378
191,1600,221378
191,1664,221378
191,1728,221378
191,1792,221378
191,1856,221378
191,1920,221378
191,1984,221378
191,2048,221378
192,0,3504
192,64,3495
192,128,5189
192,192,173625
192,256,220591
192,320,220381
192,384,220898
192,448,220787
192,512,221475
192,576,220607
192,640,221682
192,704,220757
192,768,220934
192,832,220914
192,896,220697
192,960,223048
192,1024,221133
192,1088,221049
192,1152,221274
192,1216,221378
192,1280,221378
192,1344,221378
192,1408,221378
192,1472,221378
192,1536,221378
192,1600,221378
192,1664,221378
192,1728,221378
192,1792,221378
192,1856,221378
192,1920,221378
192,1984,221378
192,2048,221378
193,0,3506
193,64,3496
193,128,5195
193,192,163677
193,256,220591
193,320,220381
193,384,220898
193,448,220787
193,512,221475
193,576,220607
193,640,221682
193,704,220757
193,768,220934
193,832,220914
193,896,220697
193,960,223048
193,1024,221133
193,1088,221049
193,1152,221274
193,1216,221378
193,1280,221378
193,1344,221378
193,1408,221378
193,1472,221378
193,1536,221378
193,1600,221378
193,1664,221378
193,1728,221378
193,1792,221378
193,1856,221378
193,1920,221378
193,1984,221378
193,2048,221378
194,0,3506
194,64,3496
194,128,5195
194,192,163677
194,256,220591
194,320,220381
194,384,220898
194,448,220787
194,512,221475
194,576,220607
194,640,221682
194,704,220757
194,768,220934
194,832,220914
194,896,220697
194,960,223048
194,1024,221133
194,1088,221049
194,1152,221274
194,1216,221378
194,1280,221378
194,1344,221378
194,1408,221378
194,1472,221378
194,1536,221378
194,1600,221378
194,1664,221378
194,1728,221378
194,1792,221378
194,1856,221378
194,1920,221378
194,1984,221378
194,2048,221378
195,0,3506
195,64,3496
195,128,5195
195,192,163677
195,256,220591
195,320,220381
195,384,220898
195,448,220787
195,512,221475
195,576,220607
195,640,221682
195,704,220757
195,768,220934
195,832,220914
195,896,220697
195,960,223048
195,1024,221133
195,1088,221049
195,1152,221274
195,1216,221378
195,1280,221378
195,1344,221378
195,1408,221378
195,1472,221378
195,1536,221378
195,1600,221378
195,1664,221378
195,1728,221378
195,1792,221378
195,1856,221378
195,1920,221378
195,1984,221378
195,2048,221378
196,0,3506
196,64,3496
196,128,5195
196,192,163677
196,256,220591
196,320,220381
196,384,220898
196,448,220787
196,512,221475
196,576,220607
196,640,221682
196,704,220757
196,768,220934
196,832,220914
196,896,220697
196,960,223048
196,1024,221133
196,1088,221049
196,1152,221274
196,1216,221378
196,1280,221378
196,1344,221378
196,1408,221378
196,1472,221378
196,1536,221378
196,1600,221378
196,1664,221378
196,1728,221378
196,1792,221378
196,1856,221378
196,1920,221378
196,1984,221378
196,2048,221378
197,0,3531
197,64,3543
197,128,3506
197,192,42826
197,256,229658
197,320,228830
197,384,229991
197,448,229941
197,512,230609
197,576,229717
197,640,229696
197,704,229900
197,768,230060
197,832,229973
197,896,229914
197,960,232113
197,1024,230250
197,1088,230194
197,1152,230492
197,1216,230492
197,1280,230492
197,1344,230492
197,1408,230492
197,1472,230492
197,1536,230492
197,1600,230492
197,1664,230492
197,1728,230492
197,1792,230492
197,1856,230492
197,1920,230492
197,1984,230492
197,2048,230492
198,0,3531
198,64,3543
198,128,3506
198,192,42826
198,256,229658
198,320,228830
198,384,229991
198,448,229941
198,512,230609
198,576,229717
198,640,229696
198,704,229900
198,768,230060
198,832,229973
198,896,229914
198,960,232113
198,1024,230250
198,1088,230194
198,1152,230492
198,1216,230492
198,1280,230492
198,1344,230492
198,1408,230492
198,1472,230492
198,1536,230492
198,1600,230492
198,1664,230492
198,1728,230492
198,1792,230492
198,1856,230492
198,1920,230492
198,1984,230492
198,2048,230492
199,0,3531
199,64,3543
199,128,3506
199,192,42826
199,256,229658
199,320,228830
199,384,229991
199,448,229941
199,512,230609
199,576,229717
199,640,229696
199,704,229900
199,768,230060
199,832,229973
199,896,229914
199,960,232113
199,1024,230250
199,1088,230194
199,1152,230492
199,1216,230492
199,1280,230492
199,1344,230492
199,1408,230492
199,1472,230492
199,1536,230492
199,1600,230492
199,1664,230492
199,1728,230492
199,1792,230492
199,1856,230492
199,1920,230492
199,1984,230492
199,2048,230492
200,0,3531
200,64,3543
200,128,3506
200,192,42826
200,256,229658
200,320,228830
200,384,229991
200,448,229941
200,512,230609
200,576,229717
200,640,229696
200,704,229900
200,768,230060
200,832,229973
200,896,229914
200,960,232113
200,1024,230250
200,1088,230194
200,1152,230492
200,1216,230492
200,1280,230492
200,1344,230492
200,1408,230492
200,1472,230492
200,1536,230492
200,1600,230492
200,1664,230492
200,1728,230492
200,1792,230492
200,1856,230492
200,1920,230492
200,1984,230492
200,2048,230492
201,0,3534
201,64,3546
201,128,3511
201,192,25679
201,256,229658
201,320,228830
201,384,229991
201,448,229941
201,512,230609
201,576,229717
201,640,229696
201,704,229900
201,768,230060
201,832,229973
201,896,229914
201,960,232113
201,1024,230250
201,1088,230194
201,1152,230492
201,1216,230492
201,1280,230492
201,1344,230492
201,1408,230492
201,1472,230492
201,1536,230492
201,1600,230492
201,1664,230492
201,1728,230492
201,1792,230492
201,1856,230492
201,1920,230492
201,1984,230492
201,2048,230492
202,0,3534
202,64,3546
202,128,3511
202,192,25679
202,256,229658
202,320,228830
202,384,229991
202,448,229941
202,512,230609
202,576,229717
202,640,229696
202,704,229900
202,768,230060
202,832,229973
202,896,229914
202,960,232113
202,1024,230250
202,1088,230194
202,1152,230492
202,1216,230492
202,1280,230492
202,1344,230492
202,1408,230492
202,1472,230492
202,1536,230492
202,1600,230492
202,1664,230492
202,1728,230492
202,1792,230492
202,1856,230492
202,1920,230492
202,1984,230492
202,2048,230492
203,0,3534
203,64,3546
203,128,3511
203,192,25679
203,256,229658
203,320,228830
203,384,229991
203,448,229941
203,512,230609
203,576,229717
203,640,229696
203,704,229900
203,768,230060
203,832,229973
203,896,229914
203,960,232113
203,1024,230250
203,1088,230194
203,1152,230492
203,1216,230492
203,1280,230492
203,1344,230492
203,1408,230492
203,1472,230492
203,1536,230492
203,1600,230492
203,1664,230492
203,1728,230492
203,1792,230492
203,1856,230492
203,1920,230492
203,1984,230492
203,2048,230492
204,0,3534
204,64,3546
204,128,3511
204,192,25679
204,256,229658
204,320,228830
204,384,229991
204,448,229941
204,512,230609
204,576,229717
204,640,229696
204,704,229900
204,768,230060
204,832,229973
204,896,229914
204,960,232113
204,1024,230250
204,1088,230194
204,1152,230492
204,1216,230492
204,1280,230492
204,1344,230492
204,1408,230492
204,1472,230492
204,1536,230492
204,1600,230492
204,1664,230492
204,1728,230492
204,1792,230492
204,1856,230492
204,1920,230492
204,1984,230492
204,2048,230492
205,0,3577
205,64,3579
205,128,3542
205,192,11876
205,256,238715
205,320,237803
205,384,238821
205,448,238223
205,512,238597
205,576,238650
205,640,238721
205,704,238833
205,768,238736
205,832,238898
205,896,238912
205,960,239029
205,1024,238718
205,1088,239057
205,1152,239057
205,1216,239057
205,1280,239057
205,1344,239057
205,1408,239057
205,1472,239057
205,1536,239057
205,1600,239057
205,1664,239057
205,1728,239057
205,1792,239057
205,1856,239057
205,1920,239057
205,1984,239057
205,2048,239057
206,0,3577
206,64,3579
206,128,3542
206,192,11876
206,256,238715
206,320,237803
206,384,238821
206,448,238223
206,512,238597
206,576,238650
206,640,238721
206,704,238833
206,768,238736
206,832,238898
206,896,238912
206,960,239029
206,1024,238718
206,1088,239057
206,1152,239057
206,1216,239057
206,1280,239057
206,1344,239057
206,1408,239057
206,1472,239057
206,1536,239057
206,1600,239057
206,1664,239057
206,1728,239057
206,1792,239057
206,1856,239057
206,1920,239057
206,1984,239057
206,2048,239057
207,0,3577
207,64,3579
207,128,3542
207,192,11876
207,256,238715
207,320,237803
207,384,238821
207,448,238223
207,512,238597
207,576,238650
207,640,238721
207,704,238833
207,768,238736
207,832,238898
207,896,238912
207,960,239029
207,1024,238718
207,1088,239057
207,1152,239057
207,1216,239057
207,1280,239057
207,1344,239057
207,1408,239057
207,1472,239057
207,1536,239057
207,1600,239057
207,1664,239057
207,1728,239057
207,1792,239057
207,1856,239057
207,1920,239057
207,1984,239057
207,2048,239057
208,0,3577
208,64,3579
208,128,3542
208,192,11876
208,256,238715
208,320,237803
208,384,238821
208,448,238223
208,512,238597
208,576,238650
208,640,238721
208,704,238833
208,768,238736
208,832,238898
208,896,238912
208,960,239029
208,1024,238718
208,1088,239057
208,1152,239057
208,1216,239057
208,1280,239057
208,1344,239057
208,1408,239057
208,1472,239057
208,1536,239057
208,1600,239057
208,1664,239057
208,1728,239057
208,1792,239057
208,1856,239057
208,1920,239057
208,1984,239057
208,2048,239057
209,0,3587
209,64,3588
209,128,3550
209,192,10981
209,256,238715
209,320,237803
209,384,238821
209,448,238223
209,512,238597
209,576,238650
209,640,238721
209,704,238833
209,768,238736
209,832,238898
209,896,238912
209,960,239029
209,1024,238718
209,1088,239057
209,1152,239057
209,1216,239057
209,1280,239057
209,1344,239057
209,1408,239057
209,1472,239057
209,1536,239057
209,1600,239057
209,1664,239057
209,1728,239057
209,1792,239057
209,1856,239057
209,1920,239057
209,1984,239057
209,2048,239057
210,0,3587
210,64,3588
210,128,3550
210,192,10981
210,256,238715
210,320,237803
210,384,238821
210,448,238223
210,512,238597
210,576,238650
210,640,238721
210,704,238833
210,768,238736
210,832,238898
210,896,238912
210,960,239029
210,1024,238718
210,1088,239057
210,1152,239057
210,1216,239057
210,1280,239057
210,1344,239057
210,1408,239057
210,1472,239057
210,1536,239057
210,1600,239057
210,1664,239057
210,1728,239057
210,1792,239057
210,1856,239057
210,1920,239057
210,1984,239057
210,2048,239057
211,0,3587
211,64,3588
211,128,3550
211,192,10981
211,256,238715
211,320,237803
211,384,238821
211,448,238223
211,512,238597
211,576,238650
211,640,238721
211,704,238833
211,768,238736
211,832,238898
211,896,238912
211,960,239029
211,1024,238718
211,1088,239057
211,1152,239057
211,1216,239057
211,1280,239057
211,1344,239057
211,1408,239057
211,1472,239057
211,1536,239057
211,1600,239057
211,1664,239057
211,1728,239057
211,1792,239057
211,1856,239057
211,1920,239057
211,1984,239057
211,2048,239057
212,0,3587
212,64,3588
212,128,3550
212,192,10981
212,256,238715
212,320,237803
212,384,238821
212,448,238223
212,512,238597
212,576,238650
212,640,238721
212,704,238833
212,768,238736
212,832,238898
212,896,238912
212,960,239029
212,1024,238718
212,1088,239057
212,1152,239057
212,1216,239057
212,1280,239057
212,1344,239057
212,1408,239057
212,1472,239057
212,1536,239057
212,1600,239057
212,1664,239057
212,1728,239057
212,1792,239057
212,1856,239057
212,1920,239057
212,1984,239057
212,2048,239057
213,0,3645
213,64,3645
213,128,4580
213,192,11137
213,256,247727
213,320,246645
213,384,246017
213,448,247223
213,512,247695
213,576,247599
213,640,247810
213,704,247881
213,768,247887
213,832,247906
213,896,247940
213,960,247637
213,1024,247122
213,1088,247122
213,1152,247122
213,1216,247122
213,1280,247122
213,1344,247122
213,1408,247122
213,1472,247122
213,1536,247122
213,1600,247122
213,1664,247122
213,1728,247122
213,1792,247122
213,1856,247122
213,1920,247122
213,1984,247122
213,2048,247122
214,0,3645
214,64,3645
214,128,4580
214,192,11137
214,256,247727
214,320,246645
214,384,246017
214,448,247223
214,512,247695
214,576,247599
214,640,247810
214,704,247881
214,768,247887
214,832,247906
214,896,247940
214,960,247637
214,1024,247122
214,1088,247122
214,1152,247122
214,1216,247122
214,1280,247122
214,1344,247122
214,1408,247122
214,1472,247122
214,1536,247122
214,1600,247122
214,1664,247122
214,1728,247122
214,1792,247122
214,1856,247122
214,1920,247122
214,1984,247122
214,2048,247122
215,0,3645
215,64,3645
215,128,4580
215,192,11137
215,256,247727
215,320,246645
215,384,246017
215,448,247223
215,512,247695
215,576,247599
215,640,247810
215,704,247881
215,768,247887
215,832,247906
215,896,247940
215,960,247637
215,1024,247122
215,1088,247122
215,1152,247122
215,1216,247122
215,1280,247122
215,1344,247122
215,1408,247122
215,1472,247122
215,1536,247122
215,1600,247122
215,1664,247122
215,1728,247122
215,1792,247122
215,1856,247122
215,1920,247122
215,1984,247122
215,2048,247122
216,0,3645
216,64,3645
216,128,4580
216,192,11137
216,256,247727
216,320,246645
216,384,246017
216,448,247223
216,512,247695
216,576,247599
216,640,247810
216,704,247881
216,768,247887
216,832,247906
216,896,247940
216,960,247637
216,1024,247122
216,1088,247122
216,1152,247122
216,1216,247122
216,1280,247122
216,1344,247122
216,1408,247122
216,1472,247122
216,1536,247122
216,1600,247122
216,1664,247122
216,1728,247122
216,1792,247122
216,1856,247122
216,1920,247122
216,1984,247122
216,2048,247122
217,0,3648
217,64,3648
217,128,4589
217,192,10353
217,256,247727
217,320,246645
217,384,246017
217,448,247223
217,512,247695
217,576,247599
217,640,247810
217,704,247881
217,768,247887
217,832,247906
217,896,247940
217,960,247637
217,1024,247122
217,1088,247122
217,1152,247122
217,1216,247122
217,1280,247122
217,1344,247122
217,1408,247122
217,1472,247122
217,1536,247122
217,1600,247122
217,1664,247122
217,1728,247122
217,1792,247122
217,1856,247122
217,1920,247122
217,1984,247122
217,2048,247122
218,0,3648
218,64,3648
218,128,4589
218,192,10353
218,256,247727
218,320,246645
218,384,246017
218,448,247223
218,512,247695
218,576,247599
218,640,247810
218,704,247881
218,768,247887
218,832,247906
218,896,247940
218,960,247637
218,1024,247122
218,1088,247122
218,1152,247122
218,1216,247122
218,1280,247122
218,1344,247122
218,1408,247122
218,1472,247122
218,1536,247122
218,1600,247122
218,1664,247122
218,1728,247122
218,1792,247122
218,1856,247122
218,1920,247122
218,1984,247122
218,2048,247122
219,0,3648
219,64,3648
219,128,4589
219,192,10353
219,256,247727
219,320,246645
219,384,246017
219,448,247223
219,512,247695
219,576,247599
219,640,247810
219,704,247881
219,768,247887
219,832,247906
219,896,247940
219,960,247637
219,1024,247122
219,1088,247122
219,1152,247122
219,1216,247122
219,1280,247122
219,1344,247122
219,1408,247122
219,1472,247122
219,1536,247122
219,1600,247122
219,1664,247122
219,1728,247122
219,1792,247122
219,1856,247122
219,1920,247122
219,1984,247122
219,2048,247122
220,0,3648
220,64,3648
220,128,4589
220,192,10353
220,256,247727
220,320,246645
220,384,246017
220,448,247223
220,512,247695
220,576,247599
220,640,247810
220,704,247881
220,768,247887
220,832,247906
220,896,247940
220,960,247637
220,1024,247122
220,1088,247122
220,1152,247122
220,1216,247122
220,1280,247122
220,1344,247122
220,1408,247122
220,1472,247122
220,1536,247122
220,1600,247122
220,1664,247122
220,1728,247122
220,1792,247122
220,1856,247122
220,1920,247122
220,1984,247122
220,2048,247122
221,0,3648
221,64,3648
221,128,3637
221,192,8495
221,256,256775
221,320,255594
221,384,255012
221,448,256289
221,512,256672
221,576,256344
221,640,256468
221,704,257008
221,768,256865
221,832,256565
221,896,255839
221,960,256790
221,1024,256237
221,1088,256237
221,1152,256237
221,1216,256237
221,1280,256237
221,1344,256237
221,1408,256237
221,1472,256237
221,1536,256237
221,1600,256237
221,1664,256237
221,1728,256237
221,1792,256237
221,1856,256237
221,1920,256237
221,1984,256237
221,2048,256237
222,0,3648
222,64,3648
222,128,3637
222,192,8495
222,256,256775
222,320,255594
222,384,255012
222,448,256289
222,512,256672
222,576,256344
222,640,256468
222,704,257008
222,768,256865
222,832,256565
222,896,255839
222,960,256790
222,1024,256237
222,1088,256237
222,1152,256237
222,1216,256237
222,1280,256237
222,1344,256237
222,1408,256237
222,1472,256237
222,1536,256237
222,1600,256237
222,1664,256237
222,1728,256237
222,1792,256237
222,1856,256237
222,1920,256237
222,1984,256237
222,2048,256237
223,0,3648
223,64,3648
223,128,3637
223,192,8495
223,256,256775
223,320,255594
223,384,255012
223,448,256289
223,512,256672
223,576,256344
223,640,256468
223,704,257008
223,768,256865
223,832,256565
223,896,255839
223,960,256790
223,1024,256237
223,1088,256237
223,1152,256237
223,1216,256237
223,1280,256237
223,1344,256237
223,1408,256237
223,1472,256237
223,1536,256237
223,1600,256237
223,1664,256237
223,1728,256237
223,1792,256237
223,1856,256237
223,1920,256237
223,1984,256237
223,2048,256237
224,0,3648
224,64,3648
224,128,3637
224,192,8495
224,256,256775
224,320,255594
224,384,255012
224,448,256289
224,512,256672
224,576,256344
224,640,256468
224,704,257008
224,768,256865
224,832,256565
224,896,255839
224,960,256790
224,1024,256237
224,1088,256237
224,1152,256237
224,1216,256237
224,1280,256237
224,1344,256237
224,1408,256237
224,1472,256237
224,1536,256237
224,1600,256237
224,1664,256237
224,1728,256237
224,1792,256237
224,1856,256237
224,1920,256237
224,1984,256237
224,2048,256237
225,0,3649
225,64,3649
225,128,3641
225,192,6661
225,256,256775
225,320,255594
225,384,255012
225,448,256289
225,512,256672
225,576,256344
225,640,256468
225,704,257008
225,768,256865
225,832,256565
225,896,255839
225,960,256790
225,1024,256237
225,1088,256237
225,1152,256237
225,1216,256237
225,1280,256237
225,1344,256237
225,1408,256237
225,1472,256237
225,1536,256237
225,1600,256237
225,1664,256237
225,1728,256237
225,1792,256237
225,1856,256237
225,1920,256237
225,1984,256237
225,2048,256237
226,0,3649
226,64,3649
226,128,3641
226,192,6661
226,256,256775
226,320,255594
226,384,255012
226,448,256289
226,512,256672
226,576,256344
226,640,256468
226,704,257008
226,768,256865
226,832,256565
226,896,255839
226,960,256790
226,1024,256237
226,1088,256237
226,1152,256237
226,1216,256237
226,1280,256237
226,1344,256237
226,1408,256237
226,1472,256237
226,1536,256237
226,1600,256237
226,1664,256237
226,1728,256237
226,1792,256237
226,1856,256237
226,1920,256237
226,1984,256237
226,2048,256237
227,0,3649
227,64,3649
227,128,3641
227,192,6661
227,256,256775
227,320,255594
227,384,255012
227,448,256289
227,512,256672
227,576,256344
227,640,256468
227,704,257008
227,768,256865
227,832,256565
227,896,255839
227,960,256790
227,1024,256237
227,1088,256237
227,1152,256237
227,1216,256237
227,1280,256237
227,1344,256237
227,1408,256237
227,1472,256237
227,1536,256237
227,1600,256237
227,1664,256237
227,1728,256237
227,1792,256237
227,1856,256237
227,1920,256237
227,1984,256237
227,2048,256237
228,0,3649
228,64,3649
228,128,3641
228,192,6661
228,256,256775
228,320,255594
228,384,255012
228,448,256289
228,512,256672
228,576,256344
228,640,256468
228,704,257008
228,768,256865
228,832,256565
228,896,255839
228,960,256790
228,1024,256237
228,1088,256237
228,1152,256237
228,1216,256237
228,1280,256237
228,1344,256237
228,1408,256237
228,1472,256237
228,1536,256237
228,1600,256237
228,1664,256237
228,1728,256237
228,1792,256237
228,1856,256237
228,1920,256237
228,1984,256237
228,2048,256237
229,0,3690
229,64,3702
229,128,3679
229,192,3673
229,256,265871
229,320,264484
229,384,264044
229,448,264205
229,512,265327
229,576,265390
229,640,264339
229,704,265621
229,768,265846
229,832,265476
229,896,264566
229,960,265816
229,1024,265023
229,1088,265023
229,1152,265023
229,1216,265023
229,1280,265023
229,1344,265023
229,1408,265023
229,1472,265023
229,1536,265023
229,1600,265023
229,1664,265023
229,1728,265023
229,1792,265023
229,1856,265023
229,1920,265023
229,1984,265023
229,2048,265023
230,0,3690
230,64,3702
230,128,3679
230,192,3673
230,256,265871
230,320,264484
230,384,264044
230,448,264205
230,512,265327
230,576,265390
230,640,264339
230,704,265621
230,768,265846
230,832,265476
230,896,264566
230,960,265816
230,1024,265023
230,1088,265023
230,1152,265023
230,1216,265023
230,1280,265023
230,1344,265023
230,1408,265023
230,1472,265023
230,1536,265023
230,1600,265023
230,1664,265023
230,1728,265023
230,1792,265023
230,1856,265023
230,1920,265023
230,1984,265023
230,2048,265023
231,0,3690
231,64,3702
231,128,3679
231,192,3673
231,256,265871
231,320,264484
231,384,264044
231,448,264205
231,512,265327
231,576,265390
231,640,264339
231,704,265621
231,768,265846
231,832,265476
231,896,264566
231,960,265816
231,1024,265023
231,1088,265023
231,1152,265023
231,1216,265023
231,1280,265023
231,1344,265023
231,1408,265023
231,1472,265023
231,1536,265023
231,1600,265023
231,1664,265023
231,1728,265023
231,1792,265023
231,1856,265023
231,1920,265023
231,1984,265023
231,2048,265023
232,0,3690
232,64,3702
232,128,3679
232,192,3673
232,256,265871
232,320,264484
232,384,264044
232,448,264205
232,512,265327
232,576,265390
232,640,264339
232,704,265621
232,768,265846
232,832,265476
232,896,264566
232,960,265816
232,1024,265023
232,1088,265023
232,1152,265023
232,1216,265023
232,1280,265023
232,1344,265023
232,1408,265023
232,1472,265023
232,1536,265023
232,1600,265023
232,1664,265023
232,1728,265023
232,1792,265023
232,1856,265023
232,1920,265023
232,1984,265023
232,2048,265023
233,0,3694
233,64,3706
233,128,3684
233,192,3678
233,256,265871
233,320,264484
233,384,264044
233,448,264205
233,512,265327
233,576,265390
233,640,264339
233,704,265621
233,768,265846
233,832,265476
233,896,264566
233,960,265816
233,1024,265023
233,1088,265023
233,1152,265023
233,1216,265023
233,1280,265023
233,1344,265023
233,1408,265023
233,1472,265023
233,1536,265023
233,1600,265023
233,1664,265023
233,1728,265023
233,1792,265023
233,1856,265023
233,1920,265023
233,1984,265023
233,2048,265023
234,0,3694
234,64,3706
234,128,3684
234,192,3678
234,256,265871
234,320,264484
234,384,264044
234,448,264205
234,512,265327
234,576,265390
234,640,264339
234,704,265621
234,768,265846
234,832,265476
234,896,264566
234,960,265816
234,1024,265023
234,1088,265023
234,1152,265023
234,1216,265023
234,1280,265023
234,1344,265023
234,1408,265023
234,1472,265023
234,1536,265023
234,1600,265023
234,1664,265023
234,1728,265023
234,1792,265023
234,1856,265023
234,1920,265023
234,1984,265023
234,2048,265023
235,0,3694
235,64,3706
235,128,3684
235,192,3678
235,256,265871
235,320,264484
235,384,264044
235,448,264205
235,512,265327
235,576,265390
235,640,264339
235,704,265621
235,768,265846
235,832,265476
235,896,264566
235,960,265816
235,1024,265023
235,1088,265023
235,1152,265023
235,1216,265023
235,1280,265023
235,1344,265023
235,1408,265023
235,1472,265023
235,1536,265023
235,1600,265023
235,1664,265023
235,1728,265023
235,1792,265023
235,1856,265023
235,1920,265023
235,1984,265023
235,2048,265023
236,0,3694
236,64,3706
236,128,3684
236,192,3678
236,256,265871
236,320,264484
236,384,264044
236,448,264205
236,512,265327
236,576,265390
236,640,264339
236,704,265621
236,768,265846
236,832,265476
236,896,264566
236,960,265816
236,1024,265023
236,1088,265023
236,1152,265023
236,1216,265023
236,1280,265023
236,1344,265023
236,1408,265023
236,1472,265023
236,1536,265023
236,1600,265023
236,1664,265023
236,1728,265023
236,1792,265023
236,1856,265023
236,1920,265023
236,1984,265023
236,2048,265023
237,0,3741
237,64,3741
237,128,3710
237,192,3687
237,256,272938
237,320,273022
237,384,274043
237,448,273234
237,512,274381
237,576,273272
237,640,273225
237,704,274335
237,768,273517
237,832,273400
237,896,273434
237,960,274550
237,1024,274550
237,1088,274550
237,1152,274550
237,1216,274550
237,1280,274550
237,1344,274550
237,1408,274550
237,1472,274550
237,1536,274550
237,1600,274550
237,1664,274550
237,1728,274550
237,1792,274550
237,1856,274550
237,1920,274550
237,1984,274550
237,2048,274550
238,0,3741
238,64,3741
238,128,3710
238,192,3687
238,256,272938
238,320,273022
238,384,274043
238,448,273234
238,512,274381
238,576,273272
238,640,273225
238,704,274335
238,768,273517
238,832,273400
238,896,273434
238,960,274550
238,1024,274550
238,1088,274550
238,1152,274550
238,1216,274550
238,1280,274550
238,1344,274550
238,1408,274550
238,1472,274550
238,1536,274550
238,1600,274550
238,1664,274550
238,1728,274550
238,1792,274550
238,1856,274550
238,1920,274550
238,1984,274550
238,2048,274550
239,0,3741
239,64,3741
239,128,3710
239,192,3687
239,256,272938
239,320,273022
239,384,274043
239,448,273234
239,512,274381
239,576,273272
239,640,273225
239,704,274335
239,768,273517
239,832,273400
239,896,273434
239,960,274550
239,1024,274550
239,1088,274550
239,1152,274550
239,1216,274550
239,1280,274550
239,1344,274550
239,1408,274550
239,1472,274550
239,1536,274550
239,1600,274550
239,1664,274550
239,1728,274550
239,1792,274550
239,1856,274550
239,1920,274550
239,1984,274550
239,2048,274550
240,0,3741
240,64,3741
240,128,3710
240,192,3687
240,256,272938
240,320,273022
240,384,274043
240,448,273234
240,512,274381
240,576,273272
240,640,273225
240,704,274335
240,768,273517
240,832,273400
240,896,273434
240,960,274550
240,1024,274550
240,1088,274550
240,1152,274550
240,1216,274550
240,1280,274550
240,1344,274550
240,1408,274550
240,1472,274550
240,1536,274550
240,1600,274550
240,1664,274550
240,1728,274550
240,1792,274550
240,1856,274550
240,1920,274550
240,1984,274550
240,2048,274550
241,0,3747
241,64,3746
241,128,3714
241,192,3692
241,256,271925
241,320,273022
241,384,274043
241,448,273234
241,512,274381
241,576,273272
241,640,273225
241,704,274335
241,768,273517
241,832,273400
241,896,273434
241,960,274550
241,1024,274550
241,1088,274550
241,1152,274550
241,1216,274550
241,1280,274550
241,1344,274550
241,1408,274550
241,1472,274550
241,1536,274550
241,1600,274550
241,1664,274550
241,1728,274550
241,1792,274550
241,1856,274550
241,1920,274550
241,1984,274550
241,2048,274550
242,0,3747
242,64,3746
242,128,3714
242,192,3692
242,256,271925
242,320,273022
242,384,274043
242,448,273234
242,512,274381
242,576,273272
242,640,273225
242,704,274335
242,768,273517
242,832,273400
242,896,273434
242,960,274550
242,1024,274550
242,1088,274550
242,1152,274550
242,1216,274550
242,1280,274550
242,1344,274550
242,1408,274550
242,1472,274550
242,1536,274550
242,1600,274550
242,1664,274550
242,1728,274550
242,1792,274550
242,1856,274550
242,1920,274550
242,1984,274550
242,2048,274550
243,0,3747
243,64,3746
243,128,3714
243,192,3692
243,256,271925
243,320,273022
243,384,274043
243,448,273234
243,512,274381
243,576,273272
243,640,273225
243,704,274335
243,768,273517
243,832,273400
243,896,273434
243,960,274550
243,1024,274550
243,1088,274550
243,1152,274550
243,1216,274550
243,1280,274550
243,1344,274550
243,1408,274550
243,1472,274550
243,1536,274550
243,1600,274550
243,1664,274550
243,1728,274550
243,1792,274550
243,1856,274550
243,1920,274550
243,1984,274550
243,2048,274550
244,0,3747
244,64,3746
244,128,3714
244,192,3692
244,256,271925
244,320,273022
244,384,274043
244,448,273234
244,512,274381
244,576,273272
244,640,273225
244,704,274335
244,768,273517
244,832,273400
244,896,273434
244,960,274550
244,1024,274550
244,1088,274550
244,1152,274550
244,1216,274550
244,1280,274550
244,1344,274550
244,1408,274550
244,1472,274550
244,1536,274550
244,1600,274550
244,1664,274550
244,1728,274550
244,1792,274550
244,1856,274550
244,1920,274550
244,1984,274550
244,2048,274550
245,0,3796
245,64,3781
245,128,3781
245,192,3741
245,256,280717
245,320,281926
245,384,282283
245,448,281994
245,512,283155
245,576,282150
245,640,282061
245,704,282089
245,768,282209
245,832,282219
245,896,282221
245,960,282210
245,1024,282210
245,1088,282210
245,1152,282210
245,1216,282210
245,1280,282210
245,1344,282210
245,1408,282210
245,1472,282210
245,1536,282210
245,1600,282210
245,1664,282210
245,1728,282210
245,1792,282210
245,1856,282210
245,1920,282210
245,1984,282210
245,2048,282210
246,0,3796
246,64,3781
246,128,3781
246,192,3741
246,256,280717
246,320,281926
246,384,282283
246,448,281994
246,512,283155
246,576,282150
246,640,282061
246,704,282089
246,768,282209
246,832,282219
246,896,282221
246,960,282210
246,1024,282210
246,1088,282210
246,1152,282210
246,1216,282210
246,1280,282210
246,1344,282210
246,1408,282210
246,1472,282210
246,1536,282210
246,1600,282210
246,1664,282210
246,1728,282210
246,1792,282210
246,1856,282210
246,1920,282210
246,1984,282210
246,2048,282210
247,0,3796
247,64,3781
247,128,3781
247,192,3741
247,256,280717
247,320,281926
247,384,282283
247,448,281994
247,512,283155
247,576,282150
247,640,282061
247,704,282089
247,768,282209
247,832,282219
247,896,282221
247,960,282210
247,1024,282210
247,1088,282210
247,1152,282210
247,1216,282210
247,1280,282210
247,1344,282210
247,1408,282210
247,1472,282210
247,1536,282210
247,1600,282210
247,1664,282210
247,1728,282210
247,1792,282210
247,1856,282210
247,1920,282210
247,1984,282210
247,2048,282210
248,0,3796
248,64,3781
248,128,3781
248,192,3741
248,256,280717
248,320,281926
248,384,282283
248,448,281994
248,512,283155
248,576,282150
248,640,282061
248,704,282089
248,768,282209
248,832,282219
248,896,282221
248,960,282210
248,1024,282210
248,1088,282210
248,1152,282210
248,1216,282210
248,1280,282210
248,1344,282210
248,1408,282210
248,1472,282210
248,1536,282210
248,1600,282210
248,1664,282210
248,1728,282210
248,1792,282210
248,1856,282210
248,1920,282210
248,1984,282210
248,2048,282210
249,0,3798
249,64,3784
249,128,3788
249,192,3749
249,256,280717
249,320,281926
249,384,282283
249,448,281994
249,512,283155
249,576,282150
249,640,282061
249,704,282089
249,768,282209
249,832,282219
249,896,282221
249,960,282210
249,1024,282210
249,1088,282210
249,1152,282210
249,1216,282210
249,1280,282210
249,1344,282210
249,1408,282210
249,1472,282210
249,1536,282210
249,1600,282210
249,1664,282210
249,1728,282210
249,1792,282210
249,1856,282210
249,1920,282210
249,1984,282210
249,2048,282210
250,0,3798
250,64,3784
250,128,3788
250,192,3749
250,256,280717
250,320,281926
250,384,282283
250,448,281994
250,512,283155
250,576,282150
250,640,282061
250,704,282089
250,768,282209
250,832,282219
250,896,282221
250,960,282210
250,1024,282210
250,1088,282210
250,1152,282210
250,1216,282210
250,1280,282210
250,1344,282210
250,1408,282210
250,1472,282210
250,1536,282210
250,1600,282210
250,1664,282210
250,1728,282210
250,1792,282210
250,1856,282210
250,1920,282210
250,1984,282210
250,2048,282210
251,0,3798
251,64,3784
251,128,3788
251,192,3749
251,256,280717
251,320,281926
251,384,282283
251,448,281994
251,512,283155
251,576,282150
251,640,282061
251,704,282089
251,768,282209
251,832,282219
251,896,282221
251,960,282210
251,1024,282210
251,1088,282210
251,1152,282210
251,1216,282210
251,1280,282210
251,1344,282210
251,1408,282210
251,1472,282210
251,1536,282210
251,1600,282210
251,1664,282210
251,1728,282210
251,1792,282210
251,1856,282210
251,1920,282210
251,1984,282210
251,2048,282210
252,0,3798
252,64,3784
252,128,3788
252,192,3749
252,256,280717
252,320,281926
252,384,282283
252,448,281994
252,512,283155
252,576,282150
252,640,282061
252,704,282089
252,768,282209
252,832,282219
252,896,282221
252,960,282210
252,1024,282210
252,1088,282210
252,1152,282210
252,1216,282210
252,1280,282210
252,1344,282210
252,1408,282210
252,1472,282210
252,1536,282210
252,1600,282210
252,1664,282210
252,1728,282210
252,1792,282210
252,1856,282210
252,1920,282210
252,1984,282210
252,2048,282210
253,0,3808
253,64,3805
253,128,3803
253,192,3766
253,256,289097
253,320,290246
253,384,290443
253,448,290472
253,512,291785
253,576,290564
253,640,290516
253,704,290534
253,768,290625
253,832,290729
253,896,290704
253,960,290704
253,1024,290704
253,1088,290704
253,1152,290704
253,1216,290704
253,1280,290704
253,1344,290704
253,1408,290704
253,1472,290704
253,1536,290704
253,1600,290704
253,1664,290704
253,1728,290704
253,1792,290704
253,1856,290704
253,1920,290704
253,1984,290704
253,2048,290704
254,0,3808
254,64,3805
254,128,3803
254,192,3766
254,256,289097
254,320,290246
254,384,290443
254,448,290472
254,512,291785
254,576,290564
254,640,290516
254,704,290534
254,768,290625
254,832,290729
254,896,290704
254,960,290704
254,1024,290704
254,1088,290704
254,1152,290704
254,1216,290704
254,1280,290704
254,1344,290704
254,1408,290704
254,1472,290704
254,1536,290704
254,1600,290704
254,1664,290704
254,1728,290704
254,1792,290704
254,1856,290704
254,1920,290704
254,1984,290704
254,2048,290704
255,0,3808
255,64,3805
255,128,3803
255,192,3766
255,256,289097
255,320,290246
255,384,290443
255,448,290472
255,512,291785
255,576,290564
255,640,290516
255,704,290534
255,768,290625
255,832,290729
255,896,290704
255,960,290704
255,1024,290704
255,1088,290704
255,1152,290704
255,1216,290704
255,1280,290704
255,1344,290704
255,1408,290704
255,1472,290704
255,1536,290704
255,1600,290704
255,1664,290704
255,1728,290704
255,1792,290704
255,1856,290704
255,1920,290704
255,1984,290704
255,2048,290704
256,0,3808
256,64,3805
256,128,3803
256,192,3766
256,256,289097
256,320,290246
256,384,290443
256,448,290472
256,512,291785
256,576,290564
256,640,290516
256,704,290534
256,768,290625
256,832,290729
256,896,290704
256,960,290704
256,1024,290704
256,1088,290704
256,1152,290704
256,1216,290704
256,1280,290704
256,1344,290704
256,1408,290704
256,1472,290704
256,1536,290704
256,1600,290704
256,1664,290704
256,1728,290704
256,1792,290704
256,1856,290704
256,1920,290704
256,1984,290704
256,2048,290704
