layer_name,input,kv_cache,tp_size,latency(ns)
embedding,1,0,1,2912
input_layernorm,1,0,1,17630
q_proj,1,0,1,2192
k_proj,1,0,1,2000
v_proj,1,0,1,2048
rope,1,0,1,26928
o_proj,1,0,1,2095
post_layernorm,1,0,1,16928
act_fn,1,0,1,4160
down_proj,1,0,1,1999
final_layernorm,1,0,1,18112
lm_head,1,0,1,736
embedding,2,0,1,3440
input_layernorm,2,0,1,19889
q_proj,2,0,1,2272
k_proj,2,0,1,2048
v_proj,2,0,1,2016
rope,2,0,1,30768
o_proj,2,0,1,2176
post_layernorm,2,0,1,19489
act_fn,2,0,1,4304
down_proj,2,0,1,2048
final_layernorm,2,0,1,20768
lm_head,2,0,1,736
embedding,3,0,1,4047
input_layernorm,3,0,1,20256
q_proj,3,0,1,2191
k_proj,3,0,1,2016
v_proj,3,0,1,2016
rope,3,0,1,30833
o_proj,3,0,1,2176
post_layernorm,3,0,1,20080
act_fn,3,0,1,4353
down_proj,3,0,1,2415
final_layernorm,3,0,1,20945
lm_head,3,0,1,736
embedding,4,0,1,4640
input_layernorm,4,0,1,21087
q_proj,4,0,1,2208
k_proj,4,0,1,2080
v_proj,4,0,1,2031
rope,4,0,1,30735
o_proj,4,0,1,2128
post_layernorm,4,0,1,20654
act_fn,4,0,1,4496
down_proj,4,0,1,2224
final_layernorm,4,0,1,21712
lm_head,4,0,1,736
embedding,5,0,1,5312
input_layernorm,5,0,1,20990
q_proj,5,0,1,2304
k_proj,5,0,1,2096
v_proj,5,0,1,2048
rope,5,0,1,31311
o_proj,5,0,1,2144
post_layernorm,5,0,1,20783
act_fn,5,0,1,4576
down_proj,5,0,1,2096
final_layernorm,5,0,1,21935
lm_head,5,0,1,736
embedding,6,0,1,5968
input_layernorm,6,0,1,20974
q_proj,6,0,1,2304
k_proj,6,0,1,2032
v_proj,6,0,1,2048
rope,6,0,1,31951
o_proj,6,0,1,2176
post_layernorm,6,0,1,21072
act_fn,6,0,1,4608
down_proj,6,0,1,2464
final_layernorm,6,0,1,21968
lm_head,6,0,1,736
embedding,7,0,1,6576
input_layernorm,7,0,1,21807
q_proj,7,0,1,2304
k_proj,7,0,1,2112
v_proj,7,0,1,2048
rope,7,0,1,32223
o_proj,7,0,1,2208
post_layernorm,7,0,1,20752
act_fn,7,0,1,4576
down_proj,7,0,1,2128
final_layernorm,7,0,1,21952
lm_head,7,0,1,736
embedding,8,0,1,7232
input_layernorm,8,0,1,23664
k_proj,8,0,1,2208
v_proj,8,0,1,2016
rope,8,0,1,32063
post_layernorm,8,0,1,22864
act_fn,8,0,1,4576
down_proj,8,0,1,2080
final_layernorm,8,0,1,23536
lm_head,8,0,1,736
embedding,9,0,1,8000
input_layernorm,9,0,1,23360
q_proj,9,0,1,2271
k_proj,9,0,1,2080
v_proj,9,0,1,2063
rope,9,0,1,32560
o_proj,9,0,1,2208
post_layernorm,9,0,1,22592
act_fn,9,0,1,4784
down_proj,9,0,1,2496
final_layernorm,9,0,1,23968
embedding,10,0,1,8544
input_layernorm,10,0,1,23249
q_proj,10,0,1,2256
k_proj,10,0,1,2048
v_proj,10,0,1,2111
rope,10,0,1,33103
o_proj,10,0,1,2224
post_layernorm,10,0,1,22799
act_fn,10,0,1,4735
down_proj,10,0,1,2496
final_layernorm,10,0,1,23855
embedding,11,0,1,9184
input_layernorm,11,0,1,23455
q_proj,11,0,1,2336
k_proj,11,0,1,2096
v_proj,11,0,1,2095
rope,11,0,1,32896
o_proj,11,0,1,2176
post_layernorm,11,0,1,22912
act_fn,11,0,1,4720
down_proj,11,0,1,2560
final_layernorm,11,0,1,24015
embedding,12,0,1,9632
input_layernorm,12,0,1,23472
q_proj,12,0,1,2336
k_proj,12,0,1,2143
v_proj,12,0,1,2096
rope,12,0,1,32944
o_proj,12,0,1,2176
post_layernorm,12,0,1,22990
act_fn,12,0,1,4784
down_proj,12,0,1,2560
final_layernorm,12,0,1,24031
embedding,13,0,1,10447
input_layernorm,13,0,1,23599
q_proj,13,0,1,2336
k_proj,13,0,1,2096
v_proj,13,0,1,2144
rope,13,0,1,33025
o_proj,13,0,1,2224
post_layernorm,13,0,1,22719
act_fn,13,0,1,4768
down_proj,13,0,1,2560
final_layernorm,13,0,1,23792
embedding,14,0,1,11104
input_layernorm,14,0,1,23808
q_proj,14,0,1,2352
k_proj,14,0,1,2096
v_proj,14,0,1,2127
rope,14,0,1,33007
o_proj,14,0,1,2271
post_layernorm,14,0,1,22848
act_fn,14,0,1,4864
down_proj,14,0,1,2560
final_layernorm,14,0,1,24224
embedding,15,0,1,11791
input_layernorm,15,0,1,23840
q_proj,15,0,1,2336
k_proj,15,0,1,2160
v_proj,15,0,1,2160
rope,15,0,1,33072
o_proj,15,0,1,2272
post_layernorm,15,0,1,23152
act_fn,15,0,1,4800
down_proj,15,0,1,2544
final_layernorm,15,0,1,23825
embedding,16,0,1,12048
input_layernorm,16,0,1,27216
q_proj,16,0,1,2336
k_proj,16,0,1,2112
v_proj,16,0,1,2080
rope,16,0,1,32738
o_proj,16,0,1,2177
post_layernorm,16,0,1,26496
act_fn,16,0,1,4848
down_proj,16,0,1,2528
final_layernorm,16,0,1,26991
embedding,17,0,1,3552
input_layernorm,17,0,1,27872
k_proj,17,0,1,2176
v_proj,17,0,1,2127
rope,17,0,1,32960
post_layernorm,17,0,1,26752
act_fn,17,0,1,4608
down_proj,17,0,1,2560
final_layernorm,17,0,1,27615
embedding,18,0,1,3568
input_layernorm,18,0,1,27262
k_proj,18,0,1,2192
v_proj,18,0,1,2112
rope,18,0,1,33310
post_layernorm,18,0,1,26753
act_fn,18,0,1,4624
down_proj,18,0,1,2528
final_layernorm,18,0,1,27520
embedding,19,0,1,3664
input_layernorm,19,0,1,27375
k_proj,19,0,1,2240
v_proj,19,0,1,2112
rope,19,0,1,33440
post_layernorm,19,0,1,26640
act_fn,19,0,1,4608
down_proj,19,0,1,2528
final_layernorm,19,0,1,27519
embedding,20,0,1,3632
input_layernorm,20,0,1,27761
k_proj,20,0,1,2240
v_proj,20,0,1,2112
rope,20,0,1,33167
post_layernorm,20,0,1,27632
act_fn,20,0,1,4608
down_proj,20,0,1,2560
final_layernorm,20,0,1,27408
embedding,21,0,1,3583
input_layernorm,21,0,1,27616
k_proj,21,0,1,2240
v_proj,21,0,1,2144
rope,21,0,1,33070
post_layernorm,21,0,1,27311
act_fn,21,0,1,4608
down_proj,21,0,1,2608
final_layernorm,21,0,1,27984
embedding,22,0,1,3696
input_layernorm,22,0,1,27199
k_proj,22,0,1,2224
v_proj,22,0,1,2144
rope,22,0,1,33375
post_layernorm,22,0,1,26799
act_fn,22,0,1,4672
down_proj,22,0,1,2591
final_layernorm,22,0,1,27552
embedding,23,0,1,3696
input_layernorm,23,0,1,27232
k_proj,23,0,1,2240
v_proj,23,0,1,2112
rope,23,0,1,33873
post_layernorm,23,0,1,27199
act_fn,23,0,1,4592
down_proj,23,0,1,2576
final_layernorm,23,0,1,27855
embedding,24,0,1,3680
input_layernorm,24,0,1,27297
k_proj,24,0,1,2240
v_proj,24,0,1,2128
rope,24,0,1,33392
post_layernorm,24,0,1,27184
act_fn,24,0,1,4672
down_proj,24,0,1,2592
final_layernorm,24,0,1,27744
embedding,25,0,1,3760
input_layernorm,25,0,1,27344
k_proj,25,0,1,2207
v_proj,25,0,1,2112
rope,25,0,1,33551
post_layernorm,25,0,1,27360
act_fn,25,0,1,4768
down_proj,25,0,1,2640
final_layernorm,25,0,1,28031
embedding,26,0,1,3744
input_layernorm,26,0,1,27394
k_proj,26,0,1,2240
v_proj,26,0,1,2096
rope,26,0,1,33983
post_layernorm,26,0,1,26880
act_fn,26,0,1,4751
down_proj,26,0,1,2624
final_layernorm,26,0,1,27616
embedding,27,0,1,3776
input_layernorm,27,0,1,27552
k_proj,27,0,1,2224
v_proj,27,0,1,2096
rope,27,0,1,34207
post_layernorm,27,0,1,27424
act_fn,27,0,1,4848
down_proj,27,0,1,2656
final_layernorm,27,0,1,27601
embedding,28,0,1,3743
input_layernorm,28,0,1,27520
k_proj,28,0,1,2176
v_proj,28,0,1,2112
rope,28,0,1,34015
post_layernorm,28,0,1,27425
act_fn,28,0,1,4751
down_proj,28,0,1,2608
final_layernorm,28,0,1,28335
embedding,29,0,1,3775
input_layernorm,29,0,1,27936
k_proj,29,0,1,2256
v_proj,29,0,1,2144
rope,29,0,1,33711
post_layernorm,29,0,1,27024
act_fn,29,0,1,4992
down_proj,29,0,1,2639
final_layernorm,29,0,1,27535
embedding,30,0,1,3839
input_layernorm,30,0,1,27424
k_proj,30,0,1,2239
v_proj,30,0,1,2096
rope,30,0,1,34095
post_layernorm,30,0,1,27215
act_fn,30,0,1,4848
down_proj,30,0,1,2625
final_layernorm,30,0,1,27712
embedding,31,0,1,3824
input_layernorm,31,0,1,27552
k_proj,31,0,1,2255
v_proj,31,0,1,2096
rope,31,0,1,34032
post_layernorm,31,0,1,27200
act_fn,31,0,1,4911
down_proj,31,0,1,2624
final_layernorm,31,0,1,27776
embedding,32,0,1,3776
input_layernorm,32,0,1,27521
k_proj,32,0,1,2271
v_proj,32,0,1,2175
rope,32,0,1,33840
post_layernorm,32,0,1,26848
act_fn,32,0,1,4896
down_proj,32,0,1,2592
final_layernorm,32,0,1,27328
embedding,33,0,1,3855
input_layernorm,33,0,1,27439
k_proj,33,0,1,2271
v_proj,33,0,1,2176
rope,33,0,1,34048
post_layernorm,33,0,1,27055
act_fn,33,0,1,4928
down_proj,33,0,1,2640
final_layernorm,33,0,1,27408
embedding,34,0,1,4160
input_layernorm,34,0,1,28032
k_proj,34,0,1,2271
v_proj,34,0,1,2176
rope,34,0,1,34400
post_layernorm,34,0,1,26831
act_fn,34,0,1,4960
down_proj,34,0,1,2656
final_layernorm,34,0,1,27696
embedding,35,0,1,4160
input_layernorm,35,0,1,27967
k_proj,35,0,1,2271
v_proj,35,0,1,2176
rope,35,0,1,34431
post_layernorm,35,0,1,27391
act_fn,35,0,1,4944
down_proj,35,0,1,2704
final_layernorm,35,0,1,27376
embedding,36,0,1,4272
input_layernorm,36,0,1,28241
k_proj,36,0,1,2208
v_proj,36,0,1,2128
rope,36,0,1,34079
post_layernorm,36,0,1,26881
act_fn,36,0,1,4896
down_proj,36,0,1,2657
final_layernorm,36,0,1,27631
embedding,37,0,1,4256
input_layernorm,37,0,1,27904
k_proj,37,0,1,2271
v_proj,37,0,1,2176
rope,37,0,1,34689
post_layernorm,37,0,1,27345
act_fn,37,0,1,4960
down_proj,37,0,1,2720
final_layernorm,37,0,1,27552
embedding,38,0,1,4368
input_layernorm,38,0,1,27857
k_proj,38,0,1,2304
v_proj,38,0,1,2176
rope,38,0,1,35023
post_layernorm,38,0,1,27279
act_fn,38,0,1,4975
down_proj,38,0,1,2751
final_layernorm,38,0,1,27504
embedding,39,0,1,4320
input_layernorm,39,0,1,27713
k_proj,39,0,1,2271
v_proj,39,0,1,2176
rope,39,0,1,35008
post_layernorm,39,0,1,27296
act_fn,39,0,1,5152
down_proj,39,0,1,2720
final_layernorm,39,0,1,27376
embedding,40,0,1,4367
input_layernorm,40,0,1,27710
k_proj,40,0,1,2208
v_proj,40,0,1,2112
rope,40,0,1,34912
post_layernorm,40,0,1,27151
act_fn,40,0,1,5088
down_proj,40,0,1,2735
final_layernorm,40,0,1,27119
embedding,41,0,1,4448
input_layernorm,41,0,1,27761
k_proj,41,0,1,2271
v_proj,41,0,1,2176
rope,41,0,1,35087
post_layernorm,41,0,1,27249
act_fn,41,0,1,5088
down_proj,41,0,1,2751
final_layernorm,41,0,1,27711
embedding,42,0,1,4415
input_layernorm,42,0,1,27711
k_proj,42,0,1,2272
v_proj,42,0,1,2176
rope,42,0,1,34288
post_layernorm,42,0,1,27024
act_fn,42,0,1,5152
down_proj,42,0,1,2688
final_layernorm,42,0,1,27505
embedding,43,0,1,4351
input_layernorm,43,0,1,27791
k_proj,43,0,1,2272
v_proj,43,0,1,2192
rope,43,0,1,35055
post_layernorm,43,0,1,27247
act_fn,43,0,1,5184
down_proj,43,0,1,2800
final_layernorm,43,0,1,27648
embedding,44,0,1,4351
input_layernorm,44,0,1,27520
k_proj,44,0,1,2239
v_proj,44,0,1,2112
rope,44,0,1,35008
post_layernorm,44,0,1,27360
act_fn,44,0,1,5168
down_proj,44,0,1,2688
final_layernorm,44,0,1,27759
embedding,45,0,1,4400
input_layernorm,45,0,1,27408
k_proj,45,0,1,2271
v_proj,45,0,1,2192
rope,45,0,1,35104
post_layernorm,45,0,1,27104
act_fn,45,0,1,5152
down_proj,45,0,1,2720
final_layernorm,45,0,1,27904
embedding,46,0,1,4432
input_layernorm,46,0,1,27296
k_proj,46,0,1,2304
v_proj,46,0,1,2191
rope,46,0,1,35007
post_layernorm,46,0,1,26912
act_fn,46,0,1,5200
down_proj,46,0,1,2767
final_layernorm,46,0,1,27729
embedding,47,0,1,4640
input_layernorm,47,0,1,28065
k_proj,47,0,1,2271
v_proj,47,0,1,2192
rope,47,0,1,35121
post_layernorm,47,0,1,27024
act_fn,47,0,1,5184
down_proj,47,0,1,2767
final_layernorm,47,0,1,27840
embedding,48,0,1,4448
input_layernorm,48,0,1,27343
k_proj,48,0,1,2208
v_proj,48,0,1,2208
rope,48,0,1,34928
post_layernorm,48,0,1,27057
act_fn,48,0,1,5296
down_proj,48,0,1,2751
final_layernorm,48,0,1,27248
embedding,49,0,1,4432
input_layernorm,49,0,1,27216
k_proj,49,0,1,2304
v_proj,49,0,1,2208
rope,49,0,1,35039
post_layernorm,49,0,1,27344
act_fn,49,0,1,5360
down_proj,49,0,1,2976
final_layernorm,49,0,1,27967
embedding,50,0,1,4513
input_layernorm,50,0,1,27280
k_proj,50,0,1,2304
v_proj,50,0,1,2191
rope,50,0,1,35087
post_layernorm,50,0,1,27295
act_fn,50,0,1,5455
down_proj,50,0,1,2976
final_layernorm,50,0,1,27713
embedding,51,0,1,4416
input_layernorm,51,0,1,27376
k_proj,51,0,1,2303
v_proj,51,0,1,2208
rope,51,0,1,34896
post_layernorm,51,0,1,27953
act_fn,51,0,1,5488
down_proj,51,0,1,2913
final_layernorm,51,0,1,28048
embedding,52,0,1,4496
input_layernorm,52,0,1,27824
k_proj,52,0,1,2336
v_proj,52,0,1,2208
rope,52,0,1,35086
post_layernorm,52,0,1,27232
act_fn,52,0,1,5488
down_proj,52,0,1,2912
final_layernorm,52,0,1,27696
embedding,53,0,1,4560
input_layernorm,53,0,1,27936
k_proj,53,0,1,2336
v_proj,53,0,1,2208
rope,53,0,1,35168
post_layernorm,53,0,1,27120
act_fn,53,0,1,5424
down_proj,53,0,1,2959
final_layernorm,53,0,1,27808
embedding,54,0,1,4688
input_layernorm,54,0,1,27712
k_proj,54,0,1,2304
v_proj,54,0,1,2208
rope,54,0,1,35199
post_layernorm,54,0,1,27968
act_fn,54,0,1,5568
down_proj,54,0,1,2960
final_layernorm,54,0,1,27808
embedding,55,0,1,4640
input_layernorm,55,0,1,27825
k_proj,55,0,1,2320
v_proj,55,0,1,2224
rope,55,0,1,35264
post_layernorm,55,0,1,27521
act_fn,55,0,1,5488
down_proj,55,0,1,2928
final_layernorm,55,0,1,27633
embedding,56,0,1,4656
input_layernorm,56,0,1,27503
k_proj,56,0,1,2304
v_proj,56,0,1,2240
rope,56,0,1,35407
post_layernorm,56,0,1,27202
act_fn,56,0,1,5519
down_proj,56,0,1,2912
final_layernorm,56,0,1,27520
embedding,57,0,1,4672
input_layernorm,57,0,1,27649
k_proj,57,0,1,2320
v_proj,57,0,1,2208
rope,57,0,1,35375
post_layernorm,57,0,1,28047
act_fn,57,0,1,5600
down_proj,57,0,1,2976
final_layernorm,57,0,1,27775
embedding,58,0,1,4575
input_layernorm,58,0,1,27999
k_proj,58,0,1,2336
v_proj,58,0,1,2192
rope,58,0,1,35552
post_layernorm,58,0,1,28048
act_fn,58,0,1,5664
down_proj,58,0,1,2992
final_layernorm,58,0,1,27919
embedding,59,0,1,4752
input_layernorm,59,0,1,27728
k_proj,59,0,1,2320
v_proj,59,0,1,2208
rope,59,0,1,35519
post_layernorm,59,0,1,27216
act_fn,59,0,1,5696
down_proj,59,0,1,3008
final_layernorm,59,0,1,28032
embedding,60,0,1,4672
input_layernorm,60,0,1,27569
k_proj,60,0,1,2272
v_proj,60,0,1,2209
rope,60,0,1,35729
post_layernorm,60,0,1,28398
act_fn,60,0,1,5759
down_proj,60,0,1,3040
final_layernorm,60,0,1,28257
embedding,61,0,1,4608
input_layernorm,61,0,1,27360
k_proj,61,0,1,2320
v_proj,61,0,1,2208
rope,61,0,1,35567
post_layernorm,61,0,1,27712
act_fn,61,0,1,5808
down_proj,61,0,1,3040
final_layernorm,61,0,1,28128
embedding,62,0,1,4832
input_layernorm,62,0,1,27521
k_proj,62,0,1,2336
v_proj,62,0,1,2176
rope,62,0,1,35567
post_layernorm,62,0,1,27823
act_fn,62,0,1,5808
down_proj,62,0,1,3024
final_layernorm,62,0,1,28096
embedding,63,0,1,4768
input_layernorm,63,0,1,27598
k_proj,63,0,1,2319
v_proj,63,0,1,2240
rope,63,0,1,35617
post_layernorm,63,0,1,27984
act_fn,63,0,1,5824
down_proj,63,0,1,3040
final_layernorm,63,0,1,28114
embedding,64,0,1,4864
input_layernorm,64,0,1,27615
k_proj,64,0,1,2304
v_proj,64,0,1,2240
rope,64,0,1,35856
post_layernorm,64,0,1,27552
act_fn,64,0,1,5840
down_proj,64,0,1,3056
final_layernorm,64,0,1,27695
embedding,65,0,1,4735
input_layernorm,65,0,1,27615
k_proj,65,0,1,2304
v_proj,65,0,1,2240
rope,65,0,1,35615
post_layernorm,65,0,1,27633
act_fn,65,0,1,5855
down_proj,65,0,1,3760
final_layernorm,65,0,1,27952
embedding,66,0,1,4656
input_layernorm,66,0,1,27519
k_proj,66,0,1,2320
v_proj,66,0,1,2256
rope,66,0,1,35329
post_layernorm,66,0,1,27696
act_fn,66,0,1,5903
down_proj,66,0,1,3728
final_layernorm,66,0,1,27920
embedding,67,0,1,5023
input_layernorm,67,0,1,27633
k_proj,67,0,1,2335
v_proj,67,0,1,2240
rope,67,0,1,35760
post_layernorm,67,0,1,27744
act_fn,67,0,1,5872
down_proj,67,0,1,3807
final_layernorm,67,0,1,27953
embedding,68,0,1,5216
input_layernorm,68,0,1,27552
k_proj,68,0,1,2320
v_proj,68,0,1,2240
rope,68,0,1,35743
post_layernorm,68,0,1,27776
act_fn,68,0,1,5984
down_proj,68,0,1,3743
final_layernorm,68,0,1,28064
embedding,69,0,1,5072
input_layernorm,69,0,1,27759
k_proj,69,0,1,2336
v_proj,69,0,1,2304
rope,69,0,1,36081
post_layernorm,69,0,1,27712
act_fn,69,0,1,6112
down_proj,69,0,1,3744
final_layernorm,69,0,1,28416
embedding,70,0,1,4975
input_layernorm,70,0,1,27760
k_proj,70,0,1,2320
v_proj,70,0,1,2288
rope,70,0,1,36015
post_layernorm,70,0,1,27616
act_fn,70,0,1,6080
down_proj,70,0,1,3807
final_layernorm,70,0,1,27936
embedding,71,0,1,5088
input_layernorm,71,0,1,28143
k_proj,71,0,1,2368
v_proj,71,0,1,2271
rope,71,0,1,35919
post_layernorm,71,0,1,27935
act_fn,71,0,1,6160
down_proj,71,0,1,3807
final_layernorm,71,0,1,28207
embedding,72,0,1,5088
input_layernorm,72,0,1,27550
k_proj,72,0,1,2368
v_proj,72,0,1,2240
rope,72,0,1,36304
post_layernorm,72,0,1,27393
act_fn,72,0,1,6080
down_proj,72,0,1,3760
final_layernorm,72,0,1,27953
embedding,73,0,1,5072
input_layernorm,73,0,1,27520
rope,73,0,1,35888
post_layernorm,73,0,1,27791
act_fn,73,0,1,6112
down_proj,73,0,1,3823
final_layernorm,73,0,1,28369
embedding,74,0,1,5200
input_layernorm,74,0,1,27631
rope,74,0,1,36030
post_layernorm,74,0,1,28208
act_fn,74,0,1,6240
down_proj,74,0,1,3872
final_layernorm,74,0,1,28192
embedding,75,0,1,5152
input_layernorm,75,0,1,27919
rope,75,0,1,36128
post_layernorm,75,0,1,28001
act_fn,75,0,1,6207
down_proj,75,0,1,3872
final_layernorm,75,0,1,28400
embedding,76,0,1,5360
input_layernorm,76,0,1,27920
rope,76,0,1,36352
post_layernorm,76,0,1,28143
act_fn,76,0,1,6208
down_proj,76,0,1,3904
final_layernorm,76,0,1,28400
embedding,77,0,1,5184
input_layernorm,77,0,1,27680
rope,77,0,1,36016
post_layernorm,77,0,1,28064
act_fn,77,0,1,6208
down_proj,77,0,1,3904
final_layernorm,77,0,1,28303
embedding,78,0,1,5151
input_layernorm,78,0,1,27874
rope,78,0,1,36160
post_layernorm,78,0,1,28224
act_fn,78,0,1,6400
down_proj,78,0,1,3936
final_layernorm,78,0,1,28416
embedding,79,0,1,5248
input_layernorm,79,0,1,28032
rope,79,0,1,36096
post_layernorm,79,0,1,27983
act_fn,79,0,1,6432
down_proj,79,0,1,3936
final_layernorm,79,0,1,28624
embedding,80,0,1,5280
input_layernorm,80,0,1,27823
rope,80,0,1,36208
post_layernorm,80,0,1,27984
act_fn,80,0,1,6367
down_proj,80,0,1,3936
final_layernorm,80,0,1,28112
embedding,81,0,1,5296
input_layernorm,81,0,1,28017
rope,81,0,1,36031
post_layernorm,81,0,1,28560
act_fn,81,0,1,6400
down_proj,81,0,1,3936
final_layernorm,81,0,1,28560
lm_head,81,0,1,736
embedding,82,0,1,5344
input_layernorm,82,0,1,28128
rope,82,0,1,36064
post_layernorm,82,0,1,28576
act_fn,82,0,1,6368
down_proj,82,0,1,3952
final_layernorm,82,0,1,28560
lm_head,82,0,1,736
embedding,83,0,1,5392
input_layernorm,83,0,1,28189
rope,83,0,1,36128
post_layernorm,83,0,1,28352
act_fn,83,0,1,6400
down_proj,83,0,1,3968
final_layernorm,83,0,1,28528
lm_head,83,0,1,736
embedding,84,0,1,5440
input_layernorm,84,0,1,28207
rope,84,0,1,36304
post_layernorm,84,0,1,28528
act_fn,84,0,1,6511
down_proj,84,0,1,3983
final_layernorm,84,0,1,28688
lm_head,84,0,1,736
embedding,85,0,1,5392
input_layernorm,85,0,1,28464
rope,85,0,1,35969
post_layernorm,85,0,1,28768
act_fn,85,0,1,6464
down_proj,85,0,1,3967
final_layernorm,85,0,1,28384
lm_head,85,0,1,736
embedding,86,0,1,5408
input_layernorm,86,0,1,28112
rope,86,0,1,36033
post_layernorm,86,0,1,28864
act_fn,86,0,1,6607
down_proj,86,0,1,4047
final_layernorm,86,0,1,28703
lm_head,86,0,1,736
embedding,87,0,1,5536
input_layernorm,87,0,1,28577
rope,87,0,1,36144
post_layernorm,87,0,1,28622
act_fn,87,0,1,6544
down_proj,87,0,1,3983
final_layernorm,87,0,1,28559
lm_head,87,0,1,736
embedding,88,0,1,5552
input_layernorm,88,0,1,28096
rope,88,0,1,36415
post_layernorm,88,0,1,28255
act_fn,88,0,1,6608
down_proj,88,0,1,4016
final_layernorm,88,0,1,28208
lm_head,88,0,1,736
embedding,89,0,1,5520
input_layernorm,89,0,1,28225
rope,89,0,1,36351
post_layernorm,89,0,1,28448
act_fn,89,0,1,6608
down_proj,89,0,1,4032
final_layernorm,89,0,1,28527
lm_head,89,0,1,736
embedding,90,0,1,5504
input_layernorm,90,0,1,28368
rope,90,0,1,36624
post_layernorm,90,0,1,28592
act_fn,90,0,1,6656
down_proj,90,0,1,4032
final_layernorm,90,0,1,28689
lm_head,90,0,1,736
embedding,91,0,1,5408
input_layernorm,91,0,1,28543
rope,91,0,1,36687
post_layernorm,91,0,1,28448
act_fn,91,0,1,6768
down_proj,91,0,1,4031
final_layernorm,91,0,1,28608
lm_head,91,0,1,736
embedding,92,0,1,5503
input_layernorm,92,0,1,28367
rope,92,0,1,36753
post_layernorm,92,0,1,28431
act_fn,92,0,1,6592
down_proj,92,0,1,3984
final_layernorm,92,0,1,28702
lm_head,92,0,1,736
embedding,93,0,1,5568
input_layernorm,93,0,1,28353
rope,93,0,1,36496
post_layernorm,93,0,1,28817
act_fn,93,0,1,6704
down_proj,93,0,1,4000
final_layernorm,93,0,1,28771
lm_head,93,0,1,719
embedding,94,0,1,5568
input_layernorm,94,0,1,28494
rope,94,0,1,36656
post_layernorm,94,0,1,28705
act_fn,94,0,1,6688
down_proj,94,0,1,4000
final_layernorm,94,0,1,28910
lm_head,94,0,1,736
embedding,95,0,1,5615
input_layernorm,95,0,1,28752
rope,95,0,1,36784
post_layernorm,95,0,1,28719
act_fn,95,0,1,7184
down_proj,95,0,1,4032
final_layernorm,95,0,1,28960
lm_head,95,0,1,736
embedding,96,0,1,5536
input_layernorm,96,0,1,28113
k_proj,96,0,1,2464
v_proj,96,0,1,2336
rope,96,0,1,37472
post_layernorm,96,0,1,28224
act_fn,96,0,1,6784
down_proj,96,0,1,4000
final_layernorm,96,0,1,28400
lm_head,96,0,1,736
embedding,97,0,1,5536
input_layernorm,97,0,1,28528
k_proj,97,0,1,2463
v_proj,97,0,1,2304
rope,97,0,1,36641
post_layernorm,97,0,1,28432
act_fn,97,0,1,6912
down_proj,97,0,1,4175
final_layernorm,97,0,1,28801
lm_head,97,0,1,736
embedding,98,0,1,5568
input_layernorm,98,0,1,28576
k_proj,98,0,1,2432
v_proj,98,0,1,2271
rope,98,0,1,36832
post_layernorm,98,0,1,28304
act_fn,98,0,1,6959
down_proj,98,0,1,4143
final_layernorm,98,0,1,28879
lm_head,98,0,1,736
embedding,99,0,1,5536
input_layernorm,99,0,1,28464
k_proj,99,0,1,2496
v_proj,99,0,1,2351
rope,99,0,1,36735
post_layernorm,99,0,1,28464
act_fn,99,0,1,6848
down_proj,99,0,1,4224
final_layernorm,99,0,1,28768
lm_head,99,0,1,736
embedding,100,0,1,5743
input_layernorm,100,0,1,28672
k_proj,100,0,1,2480
v_proj,100,0,1,2336
rope,100,0,1,37137
post_layernorm,100,0,1,28704
act_fn,100,0,1,6896
down_proj,100,0,1,4158
final_layernorm,100,0,1,29039
lm_head,100,0,1,736
embedding,101,0,1,5808
input_layernorm,101,0,1,28817
k_proj,101,0,1,2448
v_proj,101,0,1,2335
rope,101,0,1,36800
post_layernorm,101,0,1,28752
act_fn,101,0,1,6944
down_proj,101,0,1,4111
final_layernorm,101,0,1,29120
lm_head,101,0,1,736
embedding,102,0,1,5872
input_layernorm,102,0,1,28992
k_proj,102,0,1,2432
v_proj,102,0,1,2271
rope,102,0,1,36912
post_layernorm,102,0,1,28768
act_fn,102,0,1,6975
down_proj,102,0,1,4176
final_layernorm,102,0,1,29408
lm_head,102,0,1,736
embedding,103,0,1,6096
input_layernorm,103,0,1,28770
k_proj,103,0,1,2464
v_proj,103,0,1,2368
rope,103,0,1,36911
post_layernorm,103,0,1,28782
act_fn,103,0,1,6912
down_proj,103,0,1,4224
final_layernorm,103,0,1,29056
lm_head,103,0,1,736
embedding,104,0,1,6048
input_layernorm,104,0,1,28366
k_proj,104,0,1,2464
v_proj,104,0,1,2351
rope,104,0,1,37105
post_layernorm,104,0,1,28416
act_fn,104,0,1,7040
down_proj,104,0,1,4224
final_layernorm,104,0,1,28592
lm_head,104,0,1,736
embedding,105,0,1,6144
input_layernorm,105,0,1,28432
k_proj,105,0,1,2431
v_proj,105,0,1,2336
rope,105,0,1,37136
post_layernorm,105,0,1,29137
act_fn,105,0,1,7040
down_proj,105,0,1,4160
final_layernorm,105,0,1,29022
lm_head,105,0,1,736
embedding,106,0,1,6048
input_layernorm,106,0,1,28994
k_proj,106,0,1,2448
v_proj,106,0,1,2320
rope,106,0,1,37344
post_layernorm,106,0,1,29295
act_fn,106,0,1,7136
down_proj,106,0,1,4160
final_layernorm,106,0,1,29088
lm_head,106,0,1,736
embedding,107,0,1,6016
input_layernorm,107,0,1,28975
k_proj,107,0,1,2448
v_proj,107,0,1,2319
rope,107,0,1,37487
post_layernorm,107,0,1,29058
act_fn,107,0,1,7104
down_proj,107,0,1,4240
final_layernorm,107,0,1,29216
lm_head,107,0,1,736
embedding,108,0,1,6000
input_layernorm,108,0,1,29185
k_proj,108,0,1,2432
v_proj,108,0,1,2304
rope,108,0,1,37713
post_layernorm,108,0,1,29231
act_fn,108,0,1,7233
down_proj,108,0,1,4191
final_layernorm,108,0,1,29328
lm_head,108,0,1,736
embedding,109,0,1,5952
input_layernorm,109,0,1,28767
k_proj,109,0,1,2432
v_proj,109,0,1,2304
rope,109,0,1,37310
post_layernorm,109,0,1,28959
act_fn,109,0,1,7169
down_proj,109,0,1,4176
final_layernorm,109,0,1,29232
lm_head,109,0,1,736
embedding,110,0,1,6048
input_layernorm,110,0,1,28880
k_proj,110,0,1,2464
v_proj,110,0,1,2336
rope,110,0,1,37711
post_layernorm,110,0,1,29104
act_fn,110,0,1,7184
down_proj,110,0,1,4160
final_layernorm,110,0,1,29471
lm_head,110,0,1,736
embedding,111,0,1,6064
input_layernorm,111,0,1,29233
k_proj,111,0,1,2463
v_proj,111,0,1,2320
rope,111,0,1,37360
post_layernorm,111,0,1,29359
act_fn,111,0,1,7312
down_proj,111,0,1,4160
final_layernorm,111,0,1,29424
lm_head,111,0,1,736
embedding,112,0,1,6192
input_layernorm,112,0,1,28495
rope,112,0,1,38128
post_layernorm,112,0,1,28957
act_fn,112,0,1,7329
down_proj,112,0,1,4127
final_layernorm,112,0,1,28720
lm_head,112,0,1,736
embedding,113,0,1,6111
input_layernorm,113,0,1,28624
rope,113,0,1,37279
post_layernorm,113,0,1,29007
act_fn,113,0,1,7280
down_proj,113,0,1,3584
final_layernorm,113,0,1,29040
lm_head,113,0,1,736
embedding,114,0,1,6144
input_layernorm,114,0,1,28624
rope,114,0,1,37328
post_layernorm,114,0,1,29312
act_fn,114,0,1,7760
down_proj,114,0,1,3599
final_layernorm,114,0,1,29441
lm_head,114,0,1,736
embedding,115,0,1,6288
input_layernorm,115,0,1,28830
rope,115,0,1,37263
post_layernorm,115,0,1,29232
act_fn,115,0,1,7327
down_proj,115,0,1,3584
final_layernorm,115,0,1,29473
lm_head,115,0,1,736
embedding,116,0,1,6144
input_layernorm,116,0,1,28832
rope,116,0,1,37552
post_layernorm,116,0,1,29503
act_fn,116,0,1,7391
down_proj,116,0,1,3680
final_layernorm,116,0,1,29568
lm_head,116,0,1,736
embedding,117,0,1,6240
input_layernorm,117,0,1,28944
rope,117,0,1,37216
post_layernorm,117,0,1,29281
act_fn,117,0,1,7391
down_proj,117,0,1,3663
final_layernorm,117,0,1,29536
lm_head,117,0,1,736
embedding,118,0,1,6144
input_layernorm,118,0,1,28943
rope,118,0,1,37343
post_layernorm,118,0,1,28846
act_fn,118,0,1,7472
down_proj,118,0,1,3807
final_layernorm,118,0,1,29408
lm_head,118,0,1,736
embedding,119,0,1,6192
input_layernorm,119,0,1,28976
rope,119,0,1,37390
post_layernorm,119,0,1,29264
act_fn,119,0,1,7504
down_proj,119,0,1,3681
final_layernorm,119,0,1,29568
lm_head,119,0,1,736
embedding,120,0,1,6272
input_layernorm,120,0,1,28769
rope,120,0,1,37824
post_layernorm,120,0,1,28912
act_fn,120,0,1,7535
down_proj,120,0,1,3600
final_layernorm,120,0,1,29168
lm_head,120,0,1,736
embedding,121,0,1,6368
input_layernorm,121,0,1,29198
rope,121,0,1,37455
post_layernorm,121,0,1,29408
act_fn,121,0,1,7552
down_proj,121,0,1,3936
final_layernorm,121,0,1,29744
lm_head,121,0,1,736
embedding,122,0,1,6352
input_layernorm,122,0,1,29153
rope,122,0,1,37663
post_layernorm,122,0,1,29264
act_fn,122,0,1,7615
down_proj,122,0,1,3872
final_layernorm,122,0,1,29727
lm_head,122,0,1,736
embedding,123,0,1,6384
input_layernorm,123,0,1,29312
rope,123,0,1,37776
post_layernorm,123,0,1,29248
act_fn,123,0,1,7568
down_proj,123,0,1,3856
final_layernorm,123,0,1,29423
lm_head,123,0,1,736
embedding,124,0,1,6480
input_layernorm,124,0,1,29087
rope,124,0,1,37824
post_layernorm,124,0,1,29376
act_fn,124,0,1,7696
down_proj,124,0,1,3824
final_layernorm,124,0,1,29679
lm_head,124,0,1,736
embedding,125,0,1,6304
input_layernorm,125,0,1,29088
rope,125,0,1,37536
post_layernorm,125,0,1,29585
act_fn,125,0,1,7681
down_proj,125,0,1,3903
final_layernorm,125,0,1,29567
lm_head,125,0,1,736
embedding,126,0,1,6400
input_layernorm,126,0,1,29136
rope,126,0,1,37696
post_layernorm,126,0,1,29281
act_fn,126,0,1,7760
down_proj,126,0,1,3888
final_layernorm,126,0,1,29616
lm_head,126,0,1,736
embedding,127,0,1,6496
input_layernorm,127,0,1,29280
rope,127,0,1,37647
post_layernorm,127,0,1,29570
act_fn,127,0,1,7871
down_proj,127,0,1,3936
final_layernorm,127,0,1,29537
lm_head,127,0,1,736
embedding,128,0,1,6496
input_layernorm,128,0,1,29040
k_proj,128,0,1,2368
v_proj,128,0,1,2240
rope,128,0,1,38288
post_layernorm,128,0,1,29200
act_fn,128,0,1,7792
down_proj,128,0,1,3873
final_layernorm,128,0,1,29423
lm_head,128,0,1,736
embedding,129,0,1,6576
input_layernorm,129,0,1,28800
rope,129,0,1,37472
post_layernorm,129,0,1,29842
act_fn,129,0,1,7759
down_proj,129,0,1,4608
final_layernorm,129,0,1,30176
lm_head,129,0,1,736
embedding,130,0,1,6560
input_layernorm,130,0,1,29472
rope,130,0,1,37616
post_layernorm,130,0,1,29889
act_fn,130,0,1,7743
down_proj,130,0,1,4480
final_layernorm,130,0,1,29856
lm_head,130,0,1,736
embedding,131,0,1,6560
input_layernorm,131,0,1,29008
rope,131,0,1,37600
post_layernorm,131,0,1,29904
act_fn,131,0,1,7775
down_proj,131,0,1,4592
final_layernorm,131,0,1,30129
lm_head,131,0,1,736
embedding,132,0,1,6496
input_layernorm,132,0,1,29440
rope,132,0,1,37983
post_layernorm,132,0,1,29696
act_fn,132,0,1,7759
down_proj,132,0,1,4480
final_layernorm,132,0,1,29969
lm_head,132,0,1,736
embedding,133,0,1,6720
input_layernorm,133,0,1,28975
rope,133,0,1,37745
post_layernorm,133,0,1,29935
act_fn,133,0,1,7808
down_proj,133,0,1,4527
final_layernorm,133,0,1,30432
lm_head,133,0,1,736
embedding,134,0,1,6624
input_layernorm,134,0,1,29600
rope,134,0,1,37745
post_layernorm,134,0,1,29551
act_fn,134,0,1,7921
down_proj,134,0,1,4464
final_layernorm,134,0,1,30016
lm_head,134,0,1,736
embedding,135,0,1,6640
input_layernorm,135,0,1,29599
rope,135,0,1,37888
post_layernorm,135,0,1,29694
act_fn,135,0,1,7840
down_proj,135,0,1,4511
final_layernorm,135,0,1,30143
lm_head,135,0,1,736
embedding,136,0,1,6768
input_layernorm,136,0,1,29409
rope,136,0,1,38160
post_layernorm,136,0,1,29263
act_fn,136,0,1,8016
down_proj,136,0,1,4480
final_layernorm,136,0,1,29455
lm_head,136,0,1,736
embedding,137,0,1,6736
input_layernorm,137,0,1,29088
rope,137,0,1,38303
post_layernorm,137,0,1,29872
act_fn,137,0,1,7983
down_proj,137,0,1,4432
final_layernorm,137,0,1,30256
lm_head,137,0,1,736
embedding,138,0,1,6816
input_layernorm,138,0,1,29679
rope,138,0,1,38225
post_layernorm,138,0,1,29504
act_fn,138,0,1,8080
down_proj,138,0,1,4511
final_layernorm,138,0,1,29906
lm_head,138,0,1,736
embedding,139,0,1,6992
input_layernorm,139,0,1,29248
rope,139,0,1,38560
post_layernorm,139,0,1,29840
act_fn,139,0,1,7984
down_proj,139,0,1,4464
final_layernorm,139,0,1,30559
lm_head,139,0,1,736
embedding,140,0,1,6912
input_layernorm,140,0,1,29616
rope,140,0,1,38368
post_layernorm,140,0,1,29649
act_fn,140,0,1,8032
down_proj,140,0,1,4416
final_layernorm,140,0,1,29775
lm_head,140,0,1,736
embedding,141,0,1,6928
input_layernorm,141,0,1,29456
rope,141,0,1,39056
post_layernorm,141,0,1,29823
act_fn,141,0,1,8096
down_proj,141,0,1,4432
final_layernorm,141,0,1,30272
lm_head,141,0,1,736
embedding,142,0,1,6800
input_layernorm,142,0,1,29826
rope,142,0,1,38416
post_layernorm,142,0,1,29775
act_fn,142,0,1,8096
down_proj,142,0,1,4416
final_layernorm,142,0,1,29983
lm_head,142,0,1,736
embedding,143,0,1,6848
input_layernorm,143,0,1,29330
rope,143,0,1,39136
post_layernorm,143,0,1,29919
act_fn,143,0,1,8000
down_proj,143,0,1,4431
final_layernorm,143,0,1,30241
lm_head,143,0,1,736
embedding,144,0,1,6911
input_layernorm,144,0,1,29776
rope,144,0,1,39121
post_layernorm,144,0,1,29378
act_fn,144,0,1,8144
down_proj,144,0,1,4399
final_layernorm,144,0,1,29680
lm_head,144,0,1,736
embedding,145,0,1,7040
input_layernorm,145,0,1,29504
rope,145,0,1,38912
post_layernorm,145,0,1,30081
act_fn,145,0,1,8160
down_proj,145,0,1,4624
final_layernorm,145,0,1,30673
lm_head,145,0,1,735
embedding,146,0,1,6992
input_layernorm,146,0,1,29776
rope,146,0,1,39007
post_layernorm,146,0,1,30496
act_fn,146,0,1,8288
down_proj,146,0,1,4800
final_layernorm,146,0,1,30465
lm_head,146,0,1,736
embedding,147,0,1,6992
input_layernorm,147,0,1,30000
rope,147,0,1,39183
post_layernorm,147,0,1,30065
act_fn,147,0,1,8177
down_proj,147,0,1,4848
final_layernorm,147,0,1,30432
lm_head,147,0,1,736
embedding,148,0,1,6976
input_layernorm,148,0,1,29839
rope,148,0,1,39423
post_layernorm,148,0,1,30433
act_fn,148,0,1,8351
down_proj,148,0,1,4752
final_layernorm,148,0,1,30576
lm_head,148,0,1,736
embedding,149,0,1,6976
input_layernorm,149,0,1,29695
rope,149,0,1,38994
post_layernorm,149,0,1,30161
act_fn,149,0,1,8384
down_proj,149,0,1,4928
final_layernorm,149,0,1,30512
lm_head,149,0,1,736
embedding,150,0,1,7024
input_layernorm,150,0,1,30063
rope,150,0,1,39279
post_layernorm,150,0,1,30176
act_fn,150,0,1,8416
down_proj,150,0,1,4639
final_layernorm,150,0,1,30736
lm_head,150,0,1,736
embedding,151,0,1,7040
input_layernorm,151,0,1,29823
rope,151,0,1,39232
post_layernorm,151,0,1,30288
act_fn,151,0,1,8816
down_proj,151,0,1,4720
final_layernorm,151,0,1,30704
lm_head,151,0,1,736
embedding,152,0,1,7072
input_layernorm,152,0,1,29998
rope,152,0,1,39631
post_layernorm,152,0,1,30273
act_fn,152,0,1,8783
down_proj,152,0,1,4704
final_layernorm,152,0,1,30354
lm_head,152,0,1,736
embedding,153,0,1,7088
input_layernorm,153,0,1,29922
rope,153,0,1,39088
post_layernorm,153,0,1,30592
act_fn,153,0,1,9025
down_proj,153,0,1,4752
final_layernorm,153,0,1,30784
lm_head,153,0,1,736
embedding,154,0,1,7248
input_layernorm,154,0,1,30096
rope,154,0,1,39423
post_layernorm,154,0,1,30673
act_fn,154,0,1,9279
down_proj,154,0,1,4624
final_layernorm,154,0,1,30703
lm_head,154,0,1,736
embedding,155,0,1,7152
input_layernorm,155,0,1,30001
rope,155,0,1,39488
post_layernorm,155,0,1,30352
act_fn,155,0,1,9167
down_proj,155,0,1,4816
final_layernorm,155,0,1,30639
lm_head,155,0,1,736
embedding,156,0,1,7136
input_layernorm,156,0,1,29920
rope,156,0,1,39808
post_layernorm,156,0,1,30496
act_fn,156,0,1,9072
down_proj,156,0,1,4704
final_layernorm,156,0,1,30751
lm_head,156,0,1,735
embedding,157,0,1,7232
input_layernorm,157,0,1,30014
rope,157,0,1,39647
post_layernorm,157,0,1,30384
act_fn,157,0,1,9088
down_proj,157,0,1,4751
final_layernorm,157,0,1,30928
lm_head,157,0,1,736
embedding,158,0,1,7264
input_layernorm,158,0,1,30096
rope,158,0,1,39855
post_layernorm,158,0,1,30560
act_fn,158,0,1,9056
down_proj,158,0,1,4704
final_layernorm,158,0,1,30959
lm_head,158,0,1,736
embedding,159,0,1,7264
input_layernorm,159,0,1,30111
rope,159,0,1,39488
post_layernorm,159,0,1,30256
act_fn,159,0,1,9232
down_proj,159,0,1,4687
final_layernorm,159,0,1,30800
lm_head,159,0,1,736
embedding,160,0,1,7296
input_layernorm,160,0,1,29937
rope,160,0,1,40048
post_layernorm,160,0,1,30318
act_fn,160,0,1,9184
down_proj,160,0,1,4607
final_layernorm,160,0,1,30495
lm_head,160,0,1,736
embedding,161,0,1,7456
input_layernorm,161,0,1,29966
rope,161,0,1,39873
post_layernorm,161,0,1,30591
act_fn,161,0,1,9312
down_proj,161,0,1,4448
final_layernorm,161,0,1,31055
lm_head,161,0,1,736
embedding,162,0,1,7440
input_layernorm,162,0,1,30241
rope,162,0,1,39360
post_layernorm,162,0,1,30816
act_fn,162,0,1,9135
down_proj,162,0,1,4480
final_layernorm,162,0,1,31056
lm_head,162,0,1,736
embedding,163,0,1,7599
input_layernorm,163,0,1,30016
rope,163,0,1,39888
post_layernorm,163,0,1,30657
act_fn,163,0,1,9024
down_proj,163,0,1,4511
final_layernorm,163,0,1,31104
lm_head,163,0,1,736
embedding,164,0,1,7504
input_layernorm,164,0,1,30112
rope,164,0,1,39648
post_layernorm,164,0,1,30879
act_fn,164,0,1,9392
down_proj,164,0,1,4544
final_layernorm,164,0,1,31120
lm_head,164,0,1,736
embedding,165,0,1,7648
input_layernorm,165,0,1,30160
rope,165,0,1,39985
post_layernorm,165,0,1,30689
act_fn,165,0,1,9265
down_proj,165,0,1,4624
final_layernorm,165,0,1,31087
lm_head,165,0,1,736
embedding,166,0,1,7360
input_layernorm,166,0,1,30336
rope,166,0,1,40111
post_layernorm,166,0,1,31055
act_fn,166,0,1,9456
down_proj,166,0,1,4543
final_layernorm,166,0,1,31106
lm_head,166,0,1,736
embedding,167,0,1,7712
input_layernorm,167,0,1,30256
rope,167,0,1,40144
post_layernorm,167,0,1,30657
act_fn,167,0,1,9392
down_proj,167,0,1,4624
final_layernorm,167,0,1,30960
lm_head,167,0,1,736
embedding,168,0,1,7504
input_layernorm,168,0,1,30511
rope,168,0,1,40095
post_layernorm,168,0,1,30704
act_fn,168,0,1,9313
down_proj,168,0,1,4543
final_layernorm,168,0,1,30817
lm_head,168,0,1,736
embedding,169,0,1,7743
input_layernorm,169,0,1,30064
rope,169,0,1,40065
post_layernorm,169,0,1,30544
act_fn,169,0,1,9216
down_proj,169,0,1,4560
final_layernorm,169,0,1,30992
lm_head,169,0,1,736
embedding,170,0,1,7712
input_layernorm,170,0,1,30414
rope,170,0,1,40239
post_layernorm,170,0,1,30736
act_fn,170,0,1,9648
down_proj,170,0,1,4543
final_layernorm,170,0,1,31199
lm_head,170,0,1,736
embedding,171,0,1,7632
input_layernorm,171,0,1,30160
rope,171,0,1,40175
post_layernorm,171,0,1,30752
act_fn,171,0,1,9200
down_proj,171,0,1,4560
final_layernorm,171,0,1,31200
lm_head,171,0,1,736
embedding,172,0,1,7808
input_layernorm,172,0,1,30464
rope,172,0,1,40656
post_layernorm,172,0,1,31296
act_fn,172,0,1,9695
down_proj,172,0,1,4511
final_layernorm,172,0,1,31184
lm_head,172,0,1,736
embedding,173,0,1,7600
input_layernorm,173,0,1,30368
rope,173,0,1,40608
post_layernorm,173,0,1,30848
act_fn,173,0,1,9360
down_proj,173,0,1,4543
final_layernorm,173,0,1,31535
lm_head,173,0,1,736
embedding,174,0,1,7647
input_layernorm,174,0,1,30576
rope,174,0,1,40800
post_layernorm,174,0,1,31503
act_fn,174,0,1,9455
down_proj,174,0,1,4527
final_layernorm,174,0,1,31409
lm_head,174,0,1,736
embedding,175,0,1,7744
input_layernorm,175,0,1,30576
rope,175,0,1,40464
post_layernorm,175,0,1,31040
act_fn,175,0,1,9376
down_proj,175,0,1,4527
final_layernorm,175,0,1,31409
lm_head,175,0,1,736
embedding,176,0,1,7776
input_layernorm,176,0,1,30560
rope,176,0,1,41024
post_layernorm,176,0,1,31040
act_fn,176,0,1,9439
down_proj,176,0,1,4880
final_layernorm,176,0,1,31119
lm_head,176,0,1,736
embedding,177,0,1,7696
input_layernorm,177,0,1,30593
rope,177,0,1,40927
post_layernorm,177,0,1,31074
act_fn,177,0,1,9536
down_proj,177,0,1,4495
final_layernorm,177,0,1,31472
lm_head,177,0,1,736
embedding,178,0,1,7776
input_layernorm,178,0,1,30608
rope,178,0,1,40974
post_layernorm,178,0,1,31552
act_fn,178,0,1,9376
down_proj,178,0,1,4432
final_layernorm,178,0,1,31343
lm_head,178,0,1,736
embedding,179,0,1,7728
input_layernorm,179,0,1,30544
rope,179,0,1,41069
post_layernorm,179,0,1,30881
act_fn,179,0,1,9440
down_proj,179,0,1,4416
final_layernorm,179,0,1,31295
lm_head,179,0,1,736
embedding,180,0,1,7744
input_layernorm,180,0,1,30576
rope,180,0,1,41154
post_layernorm,180,0,1,31407
act_fn,180,0,1,9536
down_proj,180,0,1,4288
final_layernorm,180,0,1,31552
lm_head,180,0,1,736
embedding,181,0,1,7872
input_layernorm,181,0,1,30544
rope,181,0,1,41104
post_layernorm,181,0,1,31152
act_fn,181,0,1,9487
down_proj,181,0,1,4400
final_layernorm,181,0,1,31568
lm_head,181,0,1,736
embedding,182,0,1,7984
input_layernorm,182,0,1,30848
rope,182,0,1,41056
post_layernorm,182,0,1,31759
act_fn,182,0,1,9552
down_proj,182,0,1,4352
final_layernorm,182,0,1,31712
lm_head,182,0,1,736
embedding,183,0,1,7856
input_layernorm,183,0,1,30736
rope,183,0,1,40833
post_layernorm,183,0,1,31183
act_fn,183,0,1,9520
down_proj,183,0,1,4416
final_layernorm,183,0,1,31663
lm_head,183,0,1,736
embedding,184,0,1,8048
input_layernorm,184,0,1,30785
rope,184,0,1,41537
post_layernorm,184,0,1,31474
act_fn,184,0,1,9536
down_proj,184,0,1,4320
final_layernorm,184,0,1,31504
lm_head,184,0,1,736
embedding,185,0,1,7951
input_layernorm,185,0,1,30721
rope,185,0,1,41088
post_layernorm,185,0,1,31393
act_fn,185,0,1,9632
down_proj,185,0,1,4368
final_layernorm,185,0,1,31664
lm_head,185,0,1,736
embedding,186,0,1,7904
input_layernorm,186,0,1,30896
rope,186,0,1,41519
post_layernorm,186,0,1,31713
act_fn,186,0,1,9633
down_proj,186,0,1,4479
final_layernorm,186,0,1,31759
lm_head,186,0,1,736
embedding,187,0,1,8032
input_layernorm,187,0,1,30800
rope,187,0,1,41330
post_layernorm,187,0,1,31231
act_fn,187,0,1,9616
down_proj,187,0,1,4416
final_layernorm,187,0,1,31598
lm_head,187,0,1,736
embedding,188,0,1,8000
input_layernorm,188,0,1,30736
rope,188,0,1,41456
post_layernorm,188,0,1,31535
act_fn,188,0,1,9728
down_proj,188,0,1,4432
final_layernorm,188,0,1,31759
lm_head,188,0,1,736
embedding,189,0,1,8128
input_layernorm,189,0,1,30784
rope,189,0,1,41296
post_layernorm,189,0,1,31231
act_fn,189,0,1,9711
down_proj,189,0,1,4480
final_layernorm,189,0,1,31726
lm_head,189,0,1,736
embedding,190,0,1,8128
input_layernorm,190,0,1,30912
rope,190,0,1,41360
post_layernorm,190,0,1,31904
act_fn,190,0,1,9840
down_proj,190,0,1,4448
final_layernorm,190,0,1,31840
lm_head,190,0,1,736
embedding,191,0,1,8112
input_layernorm,191,0,1,30879
rope,191,0,1,41328
post_layernorm,191,0,1,31328
act_fn,191,0,1,9712
down_proj,191,0,1,4464
final_layernorm,191,0,1,31680
lm_head,191,0,1,736
embedding,192,0,1,8128
input_layernorm,192,0,1,30944
rope,192,0,1,41710
post_layernorm,192,0,1,31295
act_fn,192,0,1,9774
final_layernorm,192,0,1,31745
lm_head,192,0,1,736
embedding,193,0,1,8160
input_layernorm,193,0,1,31200
rope,193,0,1,41552
post_layernorm,193,0,1,31393
act_fn,193,0,1,9904
final_layernorm,193,0,1,32191
lm_head,193,0,1,736
embedding,194,0,1,8175
input_layernorm,194,0,1,31216
rope,194,0,1,41519
post_layernorm,194,0,1,31601
act_fn,194,0,1,9809
final_layernorm,194,0,1,32064
lm_head,194,0,1,736
embedding,195,0,1,8336
input_layernorm,195,0,1,30961
rope,195,0,1,41697
post_layernorm,195,0,1,31823
act_fn,195,0,1,9936
final_layernorm,195,0,1,32032
lm_head,195,0,1,736
embedding,196,0,1,8368
input_layernorm,196,0,1,31102
rope,196,0,1,42017
post_layernorm,196,0,1,31777
act_fn,196,0,1,9888
final_layernorm,196,0,1,32223
lm_head,196,0,1,736
embedding,197,0,1,8432
input_layernorm,197,0,1,31007
rope,197,0,1,41616
post_layernorm,197,0,1,31600
act_fn,197,0,1,10048
final_layernorm,197,0,1,32176
lm_head,197,0,1,736
embedding,198,0,1,8464
input_layernorm,198,0,1,31041
rope,198,0,1,41888
post_layernorm,198,0,1,31776
act_fn,198,0,1,10127
final_layernorm,198,0,1,32417
lm_head,198,0,1,736
embedding,199,0,1,8448
input_layernorm,199,0,1,31200
rope,199,0,1,41968
post_layernorm,199,0,1,31854
act_fn,199,0,1,9920
final_layernorm,199,0,1,32353
lm_head,199,0,1,736
embedding,200,0,1,8448
input_layernorm,200,0,1,31009
rope,200,0,1,42272
post_layernorm,200,0,1,31680
act_fn,200,0,1,9952
down_proj,200,0,1,5520
final_layernorm,200,0,1,32031
lm_head,200,0,1,736
embedding,201,0,1,8384
input_layernorm,201,0,1,31616
rope,201,0,1,41793
post_layernorm,201,0,1,31823
act_fn,201,0,1,10142
final_layernorm,201,0,1,32847
lm_head,201,0,1,736
embedding,202,0,1,8320
input_layernorm,202,0,1,31103
rope,202,0,1,42159
post_layernorm,202,0,1,31968
act_fn,202,0,1,10079
final_layernorm,202,0,1,32528
lm_head,202,0,1,736
embedding,203,0,1,8544
input_layernorm,203,0,1,31186
rope,203,0,1,42351
post_layernorm,203,0,1,31888
act_fn,203,0,1,10223
final_layernorm,203,0,1,32495
lm_head,203,0,1,736
embedding,204,0,1,8528
input_layernorm,204,0,1,31151
rope,204,0,1,42448
post_layernorm,204,0,1,31871
act_fn,204,0,1,10303
final_layernorm,204,0,1,32576
lm_head,204,0,1,736
embedding,205,0,1,8512
input_layernorm,205,0,1,31295
rope,205,0,1,42416
post_layernorm,205,0,1,31968
act_fn,205,0,1,10015
final_layernorm,205,0,1,32736
lm_head,205,0,1,736
embedding,206,0,1,8657
input_layernorm,206,0,1,31361
rope,206,0,1,42497
post_layernorm,206,0,1,31856
act_fn,206,0,1,10129
final_layernorm,206,0,1,32719
lm_head,206,0,1,736
embedding,207,0,1,8576
input_layernorm,207,0,1,31424
rope,207,0,1,42320
post_layernorm,207,0,1,32000
act_fn,207,0,1,10143
final_layernorm,207,0,1,32671
lm_head,207,0,1,736
embedding,208,0,1,8528
input_layernorm,208,0,1,31728
rope,208,0,1,42527
post_layernorm,208,0,1,31728
act_fn,208,0,1,10063
down_proj,208,0,1,5632
final_layernorm,208,0,1,31886
lm_head,208,0,1,736
embedding,209,0,1,8464
input_layernorm,209,0,1,31487
rope,209,0,1,42223
post_layernorm,209,0,1,32159
act_fn,209,0,1,10190
final_layernorm,209,0,1,32368
lm_head,209,0,1,736
embedding,210,0,1,8576
input_layernorm,210,0,1,31520
rope,210,0,1,42480
post_layernorm,210,0,1,31982
act_fn,210,0,1,10240
final_layernorm,210,0,1,32543
lm_head,210,0,1,736
embedding,211,0,1,8528
input_layernorm,211,0,1,31536
rope,211,0,1,42320
post_layernorm,211,0,1,32096
act_fn,211,0,1,10400
final_layernorm,211,0,1,32767
lm_head,211,0,1,736
embedding,212,0,1,8575
input_layernorm,212,0,1,31423
rope,212,0,1,42513
post_layernorm,212,0,1,32352
act_fn,212,0,1,10544
final_layernorm,212,0,1,32720
lm_head,212,0,1,736
embedding,213,0,1,8624
input_layernorm,213,0,1,31616
rope,213,0,1,42657
post_layernorm,213,0,1,32368
act_fn,213,0,1,10353
final_layernorm,213,0,1,32688
lm_head,213,0,1,736
embedding,214,0,1,8496
input_layernorm,214,0,1,31600
rope,214,0,1,42367
post_layernorm,214,0,1,32159
act_fn,214,0,1,10303
final_layernorm,214,0,1,32752
lm_head,214,0,1,736
embedding,215,0,1,8560
input_layernorm,215,0,1,31616
rope,215,0,1,42559
post_layernorm,215,0,1,32239
act_fn,215,0,1,10511
final_layernorm,215,0,1,32959
lm_head,215,0,1,736
embedding,216,0,1,8992
input_layernorm,216,0,1,31616
rope,216,0,1,42432
post_layernorm,216,0,1,31921
act_fn,216,0,1,10575
down_proj,216,0,1,5759
final_layernorm,216,0,1,32257
lm_head,216,0,1,736
embedding,217,0,1,8784
input_layernorm,217,0,1,31728
rope,217,0,1,42543
post_layernorm,217,0,1,32352
act_fn,217,0,1,10463
final_layernorm,217,0,1,32944
lm_head,217,0,1,736
embedding,218,0,1,8832
input_layernorm,218,0,1,31647
rope,218,0,1,42400
post_layernorm,218,0,1,32272
act_fn,218,0,1,10655
final_layernorm,218,0,1,33088
lm_head,218,0,1,736
embedding,219,0,1,8623
input_layernorm,219,0,1,31743
rope,219,0,1,42720
post_layernorm,219,0,1,32271
act_fn,219,0,1,10672
final_layernorm,219,0,1,32975
lm_head,219,0,1,736
embedding,220,0,1,8848
input_layernorm,220,0,1,31776
rope,220,0,1,42911
post_layernorm,220,0,1,32496
act_fn,220,0,1,10816
final_layernorm,220,0,1,33152
lm_head,220,0,1,736
embedding,221,0,1,8864
input_layernorm,221,0,1,31840
rope,221,0,1,42848
post_layernorm,221,0,1,32367
act_fn,221,0,1,10608
final_layernorm,221,0,1,33040
lm_head,221,0,1,736
embedding,222,0,1,8896
input_layernorm,222,0,1,31712
rope,222,0,1,42929
post_layernorm,222,0,1,32464
act_fn,222,0,1,10593
final_layernorm,222,0,1,33152
lm_head,222,0,1,736
embedding,223,0,1,9057
input_layernorm,223,0,1,31936
rope,223,0,1,42624
post_layernorm,223,0,1,32273
act_fn,223,0,1,10768
final_layernorm,223,0,1,32943
lm_head,223,0,1,736
embedding,224,0,1,8960
input_layernorm,224,0,1,31793
rope,224,0,1,43313
post_layernorm,224,0,1,31986
act_fn,224,0,1,10832
down_proj,224,0,1,5552
final_layernorm,224,0,1,32832
lm_head,224,0,1,736
embedding,225,0,1,9040
input_layernorm,225,0,1,31937
rope,225,0,1,43264
post_layernorm,225,0,1,32448
act_fn,225,0,1,10593
final_layernorm,225,0,1,32879
lm_head,225,0,1,736
embedding,226,0,1,9104
input_layernorm,226,0,1,31999
rope,226,0,1,43135
post_layernorm,226,0,1,32578
act_fn,226,0,1,10768
final_layernorm,226,0,1,33023
lm_head,226,0,1,736
embedding,227,0,1,9151
input_layernorm,227,0,1,31856
rope,227,0,1,43136
post_layernorm,227,0,1,32513
act_fn,227,0,1,10624
final_layernorm,227,0,1,32847
lm_head,227,0,1,736
embedding,228,0,1,9264
input_layernorm,228,0,1,32032
rope,228,0,1,43169
post_layernorm,228,0,1,32465
act_fn,228,0,1,10848
final_layernorm,228,0,1,33249
lm_head,228,0,1,736
embedding,229,0,1,9200
input_layernorm,229,0,1,32177
rope,229,0,1,43489
post_layernorm,229,0,1,32431
act_fn,229,0,1,10751
final_layernorm,229,0,1,33072
lm_head,229,0,1,736
embedding,230,0,1,9343
input_layernorm,230,0,1,32063
rope,230,0,1,43248
post_layernorm,230,0,1,32767
act_fn,230,0,1,10991
final_layernorm,230,0,1,33359
lm_head,230,0,1,736
embedding,231,0,1,9216
input_layernorm,231,0,1,32305
rope,231,0,1,43489
post_layernorm,231,0,1,32944
act_fn,231,0,1,10992
final_layernorm,231,0,1,33440
lm_head,231,0,1,736
embedding,232,0,1,9280
input_layernorm,232,0,1,32143
rope,232,0,1,43647
post_layernorm,232,0,1,32368
act_fn,232,0,1,11088
final_layernorm,232,0,1,33136
lm_head,232,0,1,736
embedding,233,0,1,9104
input_layernorm,233,0,1,32064
rope,233,0,1,43728
post_layernorm,233,0,1,32607
act_fn,233,0,1,11008
final_layernorm,233,0,1,33248
lm_head,233,0,1,736
embedding,234,0,1,9232
input_layernorm,234,0,1,32528
rope,234,0,1,43376
post_layernorm,234,0,1,32816
act_fn,234,0,1,10880
final_layernorm,234,0,1,33777
lm_head,234,0,1,736
embedding,235,0,1,9184
input_layernorm,235,0,1,32112
rope,235,0,1,43918
post_layernorm,235,0,1,32849
act_fn,235,0,1,11120
final_layernorm,235,0,1,33152
lm_head,235,0,1,736
embedding,236,0,1,9328
input_layernorm,236,0,1,32336
rope,236,0,1,44033
post_layernorm,236,0,1,32864
act_fn,236,0,1,10976
final_layernorm,236,0,1,33456
lm_head,236,0,1,736
embedding,237,0,1,9120
input_layernorm,237,0,1,32174
rope,237,0,1,43984
post_layernorm,237,0,1,32783
act_fn,237,0,1,11232
final_layernorm,237,0,1,33471
lm_head,237,0,1,736
embedding,238,0,1,9280
input_layernorm,238,0,1,32160
rope,238,0,1,43902
post_layernorm,238,0,1,32992
act_fn,238,0,1,10975
final_layernorm,238,0,1,33520
lm_head,238,0,1,736
embedding,239,0,1,9264
input_layernorm,239,0,1,32657
rope,239,0,1,43744
post_layernorm,239,0,1,32672
act_fn,239,0,1,11279
final_layernorm,239,0,1,33519
lm_head,239,0,1,736
embedding,240,0,1,9407
input_layernorm,240,0,1,32285
rope,240,0,1,44049
post_layernorm,240,0,1,32784
act_fn,240,0,1,11104
down_proj,240,0,1,6192
final_layernorm,240,0,1,33247
lm_head,240,0,1,736
embedding,241,0,1,9329
input_layernorm,241,0,1,32736
rope,241,0,1,43680
post_layernorm,241,0,1,32848
act_fn,241,0,1,11359
final_layernorm,241,0,1,33184
lm_head,241,0,1,736
embedding,242,0,1,9455
input_layernorm,242,0,1,32400
rope,242,0,1,43616
post_layernorm,242,0,1,33168
act_fn,242,0,1,11200
final_layernorm,242,0,1,33680
lm_head,242,0,1,736
embedding,243,0,1,9279
input_layernorm,243,0,1,32864
rope,243,0,1,43536
post_layernorm,243,0,1,32896
act_fn,243,0,1,11168
final_layernorm,243,0,1,33407
lm_head,243,0,1,736
embedding,244,0,1,9376
input_layernorm,244,0,1,32446
rope,244,0,1,43968
post_layernorm,244,0,1,33199
act_fn,244,0,1,11200
final_layernorm,244,0,1,33537
lm_head,244,0,1,736
embedding,245,0,1,9328
input_layernorm,245,0,1,32429
rope,245,0,1,43760
post_layernorm,245,0,1,32958
act_fn,245,0,1,11488
final_layernorm,245,0,1,33632
lm_head,245,0,1,736
embedding,246,0,1,9488
input_layernorm,246,0,1,32543
rope,246,0,1,43792
post_layernorm,246,0,1,33103
act_fn,246,0,1,11487
final_layernorm,246,0,1,33488
lm_head,246,0,1,736
embedding,247,0,1,9520
input_layernorm,247,0,1,32529
rope,247,0,1,44159
post_layernorm,247,0,1,33136
act_fn,247,0,1,11408
final_layernorm,247,0,1,33727
lm_head,247,0,1,736
embedding,248,0,1,9535
input_layernorm,248,0,1,32592
rope,248,0,1,44271
post_layernorm,248,0,1,32959
act_fn,248,0,1,11376
final_layernorm,248,0,1,33599
lm_head,248,0,1,736
embedding,249,0,1,9520
input_layernorm,249,0,1,32591
rope,249,0,1,44336
post_layernorm,249,0,1,33200
act_fn,249,0,1,12240
final_layernorm,249,0,1,33888
lm_head,249,0,1,736
embedding,250,0,1,9392
input_layernorm,250,0,1,32655
rope,250,0,1,44079
post_layernorm,250,0,1,33375
act_fn,250,0,1,12256
final_layernorm,250,0,1,34112
lm_head,250,0,1,736
embedding,251,0,1,9631
input_layernorm,251,0,1,32831
rope,251,0,1,44352
post_layernorm,251,0,1,33169
act_fn,251,0,1,12239
final_layernorm,251,0,1,34032
lm_head,251,0,1,736
embedding,252,0,1,9520
input_layernorm,252,0,1,32848
rope,252,0,1,44255
post_layernorm,252,0,1,33488
act_fn,252,0,1,12256
final_layernorm,252,0,1,34224
lm_head,252,0,1,736
embedding,253,0,1,9776
input_layernorm,253,0,1,32672
rope,253,0,1,44353
post_layernorm,253,0,1,33266
act_fn,253,0,1,12400
final_layernorm,253,0,1,33904
lm_head,253,0,1,736
embedding,254,0,1,9616
input_layernorm,254,0,1,32818
rope,254,0,1,44160
post_layernorm,254,0,1,33360
act_fn,254,0,1,12496
final_layernorm,254,0,1,33983
lm_head,254,0,1,736
embedding,255,0,1,9728
input_layernorm,255,0,1,32942
rope,255,0,1,44207
post_layernorm,255,0,1,33360
act_fn,255,0,1,12304
final_layernorm,255,0,1,34239
lm_head,255,0,1,736
embedding,256,0,1,9824
input_layernorm,256,0,1,32945
rope,256,0,1,44463
post_layernorm,256,0,1,32865
act_fn,256,0,1,12368
final_layernorm,256,0,1,33790
lm_head,256,0,1,736
embedding,257,0,1,9952
input_layernorm,257,0,1,33280
rope,257,0,1,44064
post_layernorm,257,0,1,33535
act_fn,257,0,1,11727
final_layernorm,257,0,1,33824
lm_head,257,0,1,736
embedding,258,0,1,9807
input_layernorm,258,0,1,33295
rope,258,0,1,44305
post_layernorm,258,0,1,33505
act_fn,258,0,1,11680
final_layernorm,258,0,1,33743
lm_head,258,0,1,736
embedding,259,0,1,10048
input_layernorm,259,0,1,33039
rope,259,0,1,45024
post_layernorm,259,0,1,33457
act_fn,259,0,1,11647
final_layernorm,259,0,1,34046
lm_head,259,0,1,736
embedding,260,0,1,9839
input_layernorm,260,0,1,33072
rope,260,0,1,44896
post_layernorm,260,0,1,33295
act_fn,260,0,1,11696
final_layernorm,260,0,1,33888
lm_head,260,0,1,736
embedding,261,0,1,9999
input_layernorm,261,0,1,33040
rope,261,0,1,45296
post_layernorm,261,0,1,33648
act_fn,261,0,1,11520
final_layernorm,261,0,1,33872
lm_head,261,0,1,736
embedding,262,0,1,10047
input_layernorm,262,0,1,32960
rope,262,0,1,45024
post_layernorm,262,0,1,33696
act_fn,262,0,1,11903
final_layernorm,262,0,1,34047
lm_head,262,0,1,736
embedding,263,0,1,9936
input_layernorm,263,0,1,32992
rope,263,0,1,45136
post_layernorm,263,0,1,33441
act_fn,263,0,1,11744
final_layernorm,263,0,1,34239
lm_head,263,0,1,736
embedding,264,0,1,10016
input_layernorm,264,0,1,33088
rope,264,0,1,45088
post_layernorm,264,0,1,33103
act_fn,264,0,1,11792
final_layernorm,264,0,1,33936
lm_head,264,0,1,736
embedding,265,0,1,10144
input_layernorm,265,0,1,33440
rope,265,0,1,45905
post_layernorm,265,0,1,34014
act_fn,265,0,1,11792
final_layernorm,265,0,1,34432
lm_head,265,0,1,736
embedding,266,0,1,9920
input_layernorm,266,0,1,33552
rope,266,0,1,46320
post_layernorm,266,0,1,33918
act_fn,266,0,1,11936
final_layernorm,266,0,1,34464
lm_head,266,0,1,736
embedding,267,0,1,10031
input_layernorm,267,0,1,34144
rope,267,0,1,46687
post_layernorm,267,0,1,34656
act_fn,267,0,1,11824
final_layernorm,267,0,1,35056
lm_head,267,0,1,736
embedding,268,0,1,10016
input_layernorm,268,0,1,33680
rope,268,0,1,46497
post_layernorm,268,0,1,34112
act_fn,268,0,1,12064
final_layernorm,268,0,1,34703
lm_head,268,0,1,736
embedding,269,0,1,9984
input_layernorm,269,0,1,33744
rope,269,0,1,46704
post_layernorm,269,0,1,34351
act_fn,269,0,1,12032
final_layernorm,269,0,1,34752
lm_head,269,0,1,736
embedding,270,0,1,10063
input_layernorm,270,0,1,33887
rope,270,0,1,46352
post_layernorm,270,0,1,34273
act_fn,270,0,1,12000
final_layernorm,270,0,1,34799
lm_head,270,0,1,736
embedding,271,0,1,10096
input_layernorm,271,0,1,33951
rope,271,0,1,46880
post_layernorm,271,0,1,34257
act_fn,271,0,1,12048
final_layernorm,271,0,1,35040
lm_head,271,0,1,736
embedding,272,0,1,10128
input_layernorm,272,0,1,33823
rope,272,0,1,46897
post_layernorm,272,0,1,33888
act_fn,272,0,1,12160
final_layernorm,272,0,1,34305
lm_head,272,0,1,736
embedding,273,0,1,10160
input_layernorm,273,0,1,33840
rope,273,0,1,46975
post_layernorm,273,0,1,34367
act_fn,273,0,1,12032
final_layernorm,273,0,1,34976
lm_head,273,0,1,720
embedding,274,0,1,10208
input_layernorm,274,0,1,34063
rope,274,0,1,47122
post_layernorm,274,0,1,34512
act_fn,274,0,1,12080
final_layernorm,274,0,1,34928
lm_head,274,0,1,736
embedding,275,0,1,10079
input_layernorm,275,0,1,33952
rope,275,0,1,47599
post_layernorm,275,0,1,34400
act_fn,275,0,1,12256
final_layernorm,275,0,1,35264
lm_head,275,0,1,736
embedding,276,0,1,10239
input_layernorm,276,0,1,33856
rope,276,0,1,47312
post_layernorm,276,0,1,34304
act_fn,276,0,1,12032
final_layernorm,276,0,1,34928
lm_head,276,0,1,736
embedding,277,0,1,10111
input_layernorm,277,0,1,33872
rope,277,0,1,47232
post_layernorm,277,0,1,34575
act_fn,277,0,1,12272
final_layernorm,277,0,1,35199
lm_head,277,0,1,736
embedding,278,0,1,10303
input_layernorm,278,0,1,34078
rope,278,0,1,47215
post_layernorm,278,0,1,34530
act_fn,278,0,1,12352
final_layernorm,278,0,1,35105
lm_head,278,0,1,736
embedding,279,0,1,10144
input_layernorm,279,0,1,34110
rope,279,0,1,47199
post_layernorm,279,0,1,34703
act_fn,279,0,1,12176
final_layernorm,279,0,1,35503
lm_head,279,0,1,736
embedding,280,0,1,10256
input_layernorm,280,0,1,34238
rope,280,0,1,47919
post_layernorm,280,0,1,34304
act_fn,280,0,1,12416
final_layernorm,280,0,1,35374
lm_head,280,0,1,736
embedding,281,0,1,10256
input_layernorm,281,0,1,34081
rope,281,0,1,47648
post_layernorm,281,0,1,34656
act_fn,281,0,1,12448
final_layernorm,281,0,1,35472
lm_head,281,0,1,736
embedding,282,0,1,10272
input_layernorm,282,0,1,34224
rope,282,0,1,47777
post_layernorm,282,0,1,34817
act_fn,282,0,1,12224
final_layernorm,282,0,1,35457
lm_head,282,0,1,736
embedding,283,0,1,10336
input_layernorm,283,0,1,34287
rope,283,0,1,47568
post_layernorm,283,0,1,34512
act_fn,283,0,1,12320
final_layernorm,283,0,1,35536
lm_head,283,0,1,736
embedding,284,0,1,10496
input_layernorm,284,0,1,34350
rope,284,0,1,47872
post_layernorm,284,0,1,34687
act_fn,284,0,1,12256
final_layernorm,284,0,1,35472
lm_head,284,0,1,736
embedding,285,0,1,10496
input_layernorm,285,0,1,34401
rope,285,0,1,47968
post_layernorm,285,0,1,34833
act_fn,285,0,1,12384
final_layernorm,285,0,1,35536
lm_head,285,0,1,736
embedding,286,0,1,10735
input_layernorm,286,0,1,34319
rope,286,0,1,47999
post_layernorm,286,0,1,34751
act_fn,286,0,1,12624
final_layernorm,286,0,1,35376
lm_head,286,0,1,736
embedding,287,0,1,10561
input_layernorm,287,0,1,34353
rope,287,0,1,48047
post_layernorm,287,0,1,34865
act_fn,287,0,1,12560
final_layernorm,287,0,1,35869
lm_head,287,0,1,736
embedding,288,0,1,10560
input_layernorm,288,0,1,34513
rope,288,0,1,47792
post_layernorm,288,0,1,34336
act_fn,288,0,1,12448
down_proj,288,0,1,6784
final_layernorm,288,0,1,34624
lm_head,288,0,1,736
embedding,289,0,1,10736
input_layernorm,289,0,1,34399
rope,289,0,1,48031
post_layernorm,289,0,1,34784
act_fn,289,0,1,12416
final_layernorm,289,0,1,34991
lm_head,289,0,1,736
embedding,290,0,1,10768
input_layernorm,290,0,1,34303
rope,290,0,1,48192
post_layernorm,290,0,1,34784
act_fn,290,0,1,12640
final_layernorm,290,0,1,35071
lm_head,290,0,1,736
embedding,291,0,1,10768
input_layernorm,291,0,1,34302
rope,291,0,1,47983
post_layernorm,291,0,1,34658
act_fn,291,0,1,12672
final_layernorm,291,0,1,35295
lm_head,291,0,1,736
embedding,292,0,1,10880
input_layernorm,292,0,1,34401
rope,292,0,1,48544
post_layernorm,292,0,1,34928
act_fn,292,0,1,12688
final_layernorm,292,0,1,35375
lm_head,292,0,1,736
embedding,293,0,1,10751
input_layernorm,293,0,1,34384
rope,293,0,1,48256
post_layernorm,293,0,1,34929
act_fn,293,0,1,12816
final_layernorm,293,0,1,35105
lm_head,293,0,1,736
embedding,294,0,1,10785
input_layernorm,294,0,1,34496
rope,294,0,1,48271
post_layernorm,294,0,1,34896
act_fn,294,0,1,12864
final_layernorm,294,0,1,35440
lm_head,294,0,1,736
embedding,295,0,1,10832
input_layernorm,295,0,1,34496
rope,295,0,1,48256
post_layernorm,295,0,1,34910
act_fn,295,0,1,12831
final_layernorm,295,0,1,35488
lm_head,295,0,1,736
embedding,296,0,1,10752
input_layernorm,296,0,1,34576
rope,296,0,1,48672
post_layernorm,296,0,1,34687
act_fn,296,0,1,12912
final_layernorm,296,0,1,35023
lm_head,296,0,1,736
embedding,297,0,1,10912
input_layernorm,297,0,1,34544
rope,297,0,1,48464
post_layernorm,297,0,1,34942
act_fn,297,0,1,12896
final_layernorm,297,0,1,35457
lm_head,297,0,1,736
embedding,298,0,1,10896
input_layernorm,298,0,1,34639
rope,298,0,1,48817
post_layernorm,298,0,1,35025
act_fn,298,0,1,12992
final_layernorm,298,0,1,35616
lm_head,298,0,1,736
embedding,299,0,1,10816
input_layernorm,299,0,1,34607
rope,299,0,1,48640
post_layernorm,299,0,1,35008
act_fn,299,0,1,13184
final_layernorm,299,0,1,35633
lm_head,299,0,1,736
embedding,300,0,1,10976
input_layernorm,300,0,1,35153
rope,300,0,1,49072
post_layernorm,300,0,1,35550
act_fn,300,0,1,12992
final_layernorm,300,0,1,35855
lm_head,300,0,1,736
embedding,301,0,1,10912
input_layernorm,301,0,1,34800
rope,301,0,1,48784
post_layernorm,301,0,1,35391
act_fn,301,0,1,13040
final_layernorm,301,0,1,35632
lm_head,301,0,1,736
embedding,302,0,1,10912
input_layernorm,302,0,1,34832
rope,302,0,1,49024
post_layernorm,302,0,1,35135
act_fn,302,0,1,13072
final_layernorm,302,0,1,35680
lm_head,302,0,1,736
embedding,303,0,1,10960
input_layernorm,303,0,1,34704
rope,303,0,1,49120
post_layernorm,303,0,1,35103
act_fn,303,0,1,13136
final_layernorm,303,0,1,36002
lm_head,303,0,1,736
embedding,304,0,1,10976
input_layernorm,304,0,1,34801
rope,304,0,1,49407
post_layernorm,304,0,1,34799
act_fn,304,0,1,13183
final_layernorm,304,0,1,35328
lm_head,304,0,1,736
embedding,305,0,1,11023
input_layernorm,305,0,1,34814
rope,305,0,1,48672
post_layernorm,305,0,1,35373
act_fn,305,0,1,13344
final_layernorm,305,0,1,35792
lm_head,305,0,1,736
embedding,306,0,1,10944
input_layernorm,306,0,1,34896
rope,306,0,1,49440
post_layernorm,306,0,1,35313
act_fn,306,0,1,13280
final_layernorm,306,0,1,36288
lm_head,306,0,1,736
embedding,307,0,1,10927
input_layernorm,307,0,1,35088
rope,307,0,1,48848
post_layernorm,307,0,1,35360
act_fn,307,0,1,13312
final_layernorm,307,0,1,35967
lm_head,307,0,1,736
embedding,308,0,1,10991
input_layernorm,308,0,1,34896
rope,308,0,1,49167
post_layernorm,308,0,1,35360
act_fn,308,0,1,13344
final_layernorm,308,0,1,35953
lm_head,308,0,1,736
embedding,309,0,1,11023
input_layernorm,309,0,1,35039
rope,309,0,1,49185
post_layernorm,309,0,1,35522
act_fn,309,0,1,13408
final_layernorm,309,0,1,36081
lm_head,309,0,1,736
embedding,310,0,1,10992
input_layernorm,310,0,1,35294
rope,310,0,1,49360
post_layernorm,310,0,1,35456
act_fn,310,0,1,13552
final_layernorm,310,0,1,36113
lm_head,310,0,1,736
embedding,311,0,1,10912
input_layernorm,311,0,1,35152
rope,311,0,1,49407
post_layernorm,311,0,1,35296
act_fn,311,0,1,13583
final_layernorm,311,0,1,36335
lm_head,311,0,1,736
embedding,312,0,1,11056
input_layernorm,312,0,1,35152
rope,312,0,1,49664
post_layernorm,312,0,1,35391
act_fn,312,0,1,13632
final_layernorm,312,0,1,36128
lm_head,312,0,1,736
embedding,313,0,1,11072
input_layernorm,313,0,1,35199
rope,313,0,1,49647
post_layernorm,313,0,1,35743
act_fn,313,0,1,13696
final_layernorm,313,0,1,36496
lm_head,313,0,1,736
embedding,314,0,1,11040
input_layernorm,314,0,1,35264
rope,314,0,1,49361
post_layernorm,314,0,1,35662
act_fn,314,0,1,13568
final_layernorm,314,0,1,36289
lm_head,314,0,1,735
embedding,315,0,1,11024
input_layernorm,315,0,1,35023
rope,315,0,1,49151
post_layernorm,315,0,1,35519
act_fn,315,0,1,13648
final_layernorm,315,0,1,36464
lm_head,315,0,1,736
embedding,316,0,1,11312
input_layernorm,316,0,1,35186
rope,316,0,1,49615
post_layernorm,316,0,1,35632
act_fn,316,0,1,13632
final_layernorm,316,0,1,36304
lm_head,316,0,1,736
embedding,317,0,1,11359
input_layernorm,317,0,1,35344
rope,317,0,1,49695
post_layernorm,317,0,1,35888
act_fn,317,0,1,13696
final_layernorm,317,0,1,36481
lm_head,317,0,1,736
embedding,318,0,1,11376
input_layernorm,318,0,1,35261
rope,318,0,1,49728
post_layernorm,318,0,1,35519
act_fn,318,0,1,13632
final_layernorm,318,0,1,36591
lm_head,318,0,1,736
embedding,319,0,1,11456
input_layernorm,319,0,1,35424
rope,319,0,1,49792
post_layernorm,319,0,1,35713
act_fn,319,0,1,13744
final_layernorm,319,0,1,36512
lm_head,319,0,1,736
embedding,320,0,1,11536
input_layernorm,320,0,1,35425
rope,320,0,1,50079
post_layernorm,320,0,1,35503
act_fn,320,0,1,14544
final_layernorm,320,0,1,36351
lm_head,320,0,1,736
embedding,321,0,1,11536
input_layernorm,321,0,1,35454
rope,321,0,1,49712
post_layernorm,321,0,1,35808
act_fn,321,0,1,14384
final_layernorm,321,0,1,35903
lm_head,321,0,1,736
embedding,322,0,1,11792
input_layernorm,322,0,1,35969
rope,322,0,1,49968
post_layernorm,322,0,1,35792
act_fn,322,0,1,14608
final_layernorm,322,0,1,36145
lm_head,322,0,1,736
embedding,323,0,1,11807
input_layernorm,323,0,1,35954
rope,323,0,1,50079
post_layernorm,323,0,1,35839
act_fn,323,0,1,14480
final_layernorm,323,0,1,36047
lm_head,323,0,1,736
embedding,324,0,1,11664
input_layernorm,324,0,1,35809
rope,324,0,1,49983
post_layernorm,324,0,1,35680
act_fn,324,0,1,14704
final_layernorm,324,0,1,35838
lm_head,324,0,1,736
embedding,325,0,1,11792
input_layernorm,325,0,1,36047
rope,325,0,1,50192
post_layernorm,325,0,1,35935
act_fn,325,0,1,14656
final_layernorm,325,0,1,36320
lm_head,325,0,1,736
embedding,326,0,1,11712
input_layernorm,326,0,1,35920
rope,326,0,1,49905
post_layernorm,326,0,1,35920
act_fn,326,0,1,14703
final_layernorm,326,0,1,36112
lm_head,326,0,1,736
embedding,327,0,1,11824
input_layernorm,327,0,1,35873
rope,327,0,1,49952
post_layernorm,327,0,1,35920
act_fn,327,0,1,14640
final_layernorm,327,0,1,36144
lm_head,327,0,1,736
embedding,328,0,1,11792
input_layernorm,328,0,1,35664
rope,328,0,1,50096
post_layernorm,328,0,1,35632
act_fn,328,0,1,14864
final_layernorm,328,0,1,35984
lm_head,328,0,1,735
embedding,329,0,1,11664
input_layernorm,329,0,1,35921
rope,329,0,1,49760
post_layernorm,329,0,1,35920
act_fn,329,0,1,14688
final_layernorm,329,0,1,36336
lm_head,329,0,1,736
embedding,330,0,1,11904
input_layernorm,330,0,1,36016
rope,330,0,1,49951
post_layernorm,330,0,1,35951
act_fn,330,0,1,14720
final_layernorm,330,0,1,36688
lm_head,330,0,1,736
embedding,331,0,1,11696
input_layernorm,331,0,1,36000
rope,331,0,1,49583
post_layernorm,331,0,1,35889
act_fn,331,0,1,14752
final_layernorm,331,0,1,36352
lm_head,331,0,1,736
embedding,332,0,1,11871
input_layernorm,332,0,1,36257
rope,332,0,1,50384
post_layernorm,332,0,1,36304
act_fn,332,0,1,14783
final_layernorm,332,0,1,36624
lm_head,332,0,1,736
embedding,333,0,1,11888
input_layernorm,333,0,1,36608
rope,333,0,1,50160
post_layernorm,333,0,1,36625
act_fn,333,0,1,14832
final_layernorm,333,0,1,36816
lm_head,333,0,1,736
embedding,334,0,1,11727
input_layernorm,334,0,1,36191
rope,334,0,1,50256
post_layernorm,334,0,1,36000
act_fn,334,0,1,14960
final_layernorm,334,0,1,36496
lm_head,334,0,1,736
embedding,335,0,1,11792
input_layernorm,335,0,1,36175
rope,335,0,1,50320
post_layernorm,335,0,1,36112
act_fn,335,0,1,14991
final_layernorm,335,0,1,36704
lm_head,335,0,1,736
embedding,336,0,1,11808
input_layernorm,336,0,1,36142
rope,336,0,1,50784
post_layernorm,336,0,1,35744
act_fn,336,0,1,14928
final_layernorm,336,0,1,36095
lm_head,336,0,1,736
embedding,337,0,1,12128
input_layernorm,337,0,1,36464
rope,337,0,1,50478
post_layernorm,337,0,1,36368
act_fn,337,0,1,14960
final_layernorm,337,0,1,36913
lm_head,337,0,1,736
embedding,338,0,1,12272
input_layernorm,338,0,1,36270
rope,338,0,1,50319
post_layernorm,338,0,1,36256
act_fn,338,0,1,14991
final_layernorm,338,0,1,36896
lm_head,338,0,1,736
embedding,339,0,1,12480
input_layernorm,339,0,1,36354
rope,339,0,1,50608
post_layernorm,339,0,1,36720
act_fn,339,0,1,15104
final_layernorm,339,0,1,37167
lm_head,339,0,1,736
embedding,340,0,1,12160
input_layernorm,340,0,1,36751
rope,340,0,1,51056
post_layernorm,340,0,1,36624
act_fn,340,0,1,15071
final_layernorm,340,0,1,37040
lm_head,340,0,1,736
embedding,341,0,1,12144
input_layernorm,341,0,1,36579
rope,341,0,1,50480
post_layernorm,341,0,1,36593
act_fn,341,0,1,15056
final_layernorm,341,0,1,37296
lm_head,341,0,1,736
embedding,342,0,1,12096
input_layernorm,342,0,1,36544
rope,342,0,1,50896
post_layernorm,342,0,1,36575
act_fn,342,0,1,15248
final_layernorm,342,0,1,37201
lm_head,342,0,1,736
embedding,343,0,1,12224
input_layernorm,343,0,1,36753
rope,343,0,1,51072
post_layernorm,343,0,1,36543
act_fn,343,0,1,15168
final_layernorm,343,0,1,37245
lm_head,343,0,1,736
embedding,344,0,1,12144
input_layernorm,344,0,1,36320
rope,344,0,1,50688
post_layernorm,344,0,1,36287
act_fn,344,0,1,15407
final_layernorm,344,0,1,37280
lm_head,344,0,1,719
embedding,345,0,1,12272
input_layernorm,345,0,1,36784
rope,345,0,1,50944
post_layernorm,345,0,1,36624
act_fn,345,0,1,15072
final_layernorm,345,0,1,37518
lm_head,345,0,1,736
embedding,346,0,1,12448
input_layernorm,346,0,1,36768
rope,346,0,1,51232
post_layernorm,346,0,1,36863
act_fn,346,0,1,15327
final_layernorm,346,0,1,37536
lm_head,346,0,1,736
embedding,347,0,1,12224
input_layernorm,347,0,1,36498
rope,347,0,1,50816
post_layernorm,347,0,1,36655
act_fn,347,0,1,15249
final_layernorm,347,0,1,37535
lm_head,347,0,1,736
embedding,348,0,1,12304
input_layernorm,348,0,1,36816
rope,348,0,1,51248
post_layernorm,348,0,1,36527
act_fn,348,0,1,15391
final_layernorm,348,0,1,37489
lm_head,348,0,1,736
embedding,349,0,1,12400
input_layernorm,349,0,1,36944
rope,349,0,1,51183
post_layernorm,349,0,1,36895
act_fn,349,0,1,15392
final_layernorm,349,0,1,37824
lm_head,349,0,1,736
embedding,350,0,1,12400
input_layernorm,350,0,1,36993
rope,350,0,1,51409
post_layernorm,350,0,1,37074
act_fn,350,0,1,15424
final_layernorm,350,0,1,37744
lm_head,350,0,1,736
embedding,351,0,1,12512
input_layernorm,351,0,1,36720
rope,351,0,1,51122
post_layernorm,351,0,1,36768
act_fn,351,0,1,15487
final_layernorm,351,0,1,37599
lm_head,351,0,1,736
embedding,352,0,1,12560
input_layernorm,352,0,1,36352
rope,352,0,1,51136
post_layernorm,352,0,1,36368
act_fn,352,0,1,15536
final_layernorm,352,0,1,36320
lm_head,352,0,1,736
embedding,353,0,1,12256
input_layernorm,353,0,1,36945
rope,353,0,1,51824
post_layernorm,353,0,1,36848
act_fn,353,0,1,15647
final_layernorm,353,0,1,36928
lm_head,353,0,1,736
embedding,354,0,1,12463
input_layernorm,354,0,1,37072
rope,354,0,1,52048
post_layernorm,354,0,1,36800
act_fn,354,0,1,15616
final_layernorm,354,0,1,36784
lm_head,354,0,1,736
embedding,355,0,1,12400
input_layernorm,355,0,1,36672
rope,355,0,1,51552
post_layernorm,355,0,1,36624
act_fn,355,0,1,15583
final_layernorm,355,0,1,36593
lm_head,355,0,1,736
embedding,356,0,1,12336
input_layernorm,356,0,1,36736
rope,356,0,1,52320
post_layernorm,356,0,1,36863
act_fn,356,0,1,15664
final_layernorm,356,0,1,36736
lm_head,356,0,1,736
embedding,357,0,1,12480
input_layernorm,357,0,1,37151
rope,357,0,1,51984
post_layernorm,357,0,1,36895
act_fn,357,0,1,15823
final_layernorm,357,0,1,36927
lm_head,357,0,1,736
embedding,358,0,1,12384
input_layernorm,358,0,1,37042
rope,358,0,1,52065
post_layernorm,358,0,1,36847
act_fn,358,0,1,15776
final_layernorm,358,0,1,36831
lm_head,358,0,1,736
embedding,359,0,1,12640
input_layernorm,359,0,1,36831
rope,359,0,1,52256
post_layernorm,359,0,1,36992
act_fn,359,0,1,15856
final_layernorm,359,0,1,36832
lm_head,359,0,1,736
embedding,360,0,1,12608
input_layernorm,360,0,1,36879
rope,360,0,1,52719
post_layernorm,360,0,1,36735
act_fn,360,0,1,15888
final_layernorm,360,0,1,36559
lm_head,360,0,1,736
embedding,361,0,1,12688
input_layernorm,361,0,1,36799
rope,361,0,1,52000
post_layernorm,361,0,1,37105
act_fn,361,0,1,15872
final_layernorm,361,0,1,37120
lm_head,361,0,1,736
embedding,362,0,1,12688
input_layernorm,362,0,1,36943
rope,362,0,1,52177
post_layernorm,362,0,1,37104
act_fn,362,0,1,15920
final_layernorm,362,0,1,36975
lm_head,362,0,1,736
embedding,363,0,1,12704
input_layernorm,363,0,1,36832
rope,363,0,1,51968
post_layernorm,363,0,1,37040
act_fn,363,0,1,15695
final_layernorm,363,0,1,37280
lm_head,363,0,1,736
embedding,364,0,1,12608
input_layernorm,364,0,1,37295
rope,364,0,1,52448
post_layernorm,364,0,1,37265
act_fn,364,0,1,15968
final_layernorm,364,0,1,37408
lm_head,364,0,1,736
embedding,365,0,1,12752
input_layernorm,365,0,1,36896
rope,365,0,1,52304
post_layernorm,365,0,1,37248
act_fn,365,0,1,16000
final_layernorm,365,0,1,37295
lm_head,365,0,1,736
embedding,366,0,1,12688
input_layernorm,366,0,1,37520
rope,366,0,1,52976
post_layernorm,366,0,1,37872
act_fn,366,0,1,16064
final_layernorm,366,0,1,37759
lm_head,366,0,1,736
embedding,367,0,1,12832
input_layernorm,367,0,1,37215
rope,367,0,1,52704
post_layernorm,367,0,1,37649
act_fn,367,0,1,16000
final_layernorm,367,0,1,37393
lm_head,367,0,1,736
embedding,368,0,1,13360
input_layernorm,368,0,1,37104
rope,368,0,1,53375
post_layernorm,368,0,1,37313
act_fn,368,0,1,16048
final_layernorm,368,0,1,37538
lm_head,368,0,1,736
embedding,369,0,1,12800
input_layernorm,369,0,1,37104
rope,369,0,1,52608
post_layernorm,369,0,1,37600
act_fn,369,0,1,16128
final_layernorm,369,0,1,37328
lm_head,369,0,1,736
embedding,370,0,1,12848
input_layernorm,370,0,1,37072
rope,370,0,1,53056
post_layernorm,370,0,1,37632
act_fn,370,0,1,16047
final_layernorm,370,0,1,37407
lm_head,370,0,1,736
embedding,371,0,1,12688
input_layernorm,371,0,1,37264
rope,371,0,1,53328
post_layernorm,371,0,1,37695
act_fn,371,0,1,16239
final_layernorm,371,0,1,38112
lm_head,371,0,1,736
embedding,372,0,1,12944
input_layernorm,372,0,1,37361
rope,372,0,1,53360
post_layernorm,372,0,1,37824
act_fn,372,0,1,16191
final_layernorm,372,0,1,37952
lm_head,372,0,1,736
embedding,373,0,1,12640
input_layernorm,373,0,1,37217
rope,373,0,1,52767
post_layernorm,373,0,1,37504
act_fn,373,0,1,16272
final_layernorm,373,0,1,37759
lm_head,373,0,1,736
embedding,374,0,1,12960
input_layernorm,374,0,1,37359
rope,374,0,1,53280
post_layernorm,374,0,1,37616
act_fn,374,0,1,16433
final_layernorm,374,0,1,37952
lm_head,374,0,1,736
embedding,375,0,1,12832
input_layernorm,375,0,1,37471
rope,375,0,1,53392
post_layernorm,375,0,1,37984
act_fn,375,0,1,16368
final_layernorm,375,0,1,37713
lm_head,375,0,1,736
embedding,376,0,1,13423
input_layernorm,376,0,1,37744
rope,376,0,1,53375
post_layernorm,376,0,1,37343
act_fn,376,0,1,16416
final_layernorm,376,0,1,38336
lm_head,376,0,1,736
embedding,377,0,1,12720
input_layernorm,377,0,1,37680
rope,377,0,1,53472
post_layernorm,377,0,1,37888
act_fn,377,0,1,16512
final_layernorm,377,0,1,37886
lm_head,377,0,1,736
embedding,378,0,1,12768
input_layernorm,378,0,1,37503
rope,378,0,1,53440
post_layernorm,378,0,1,37935
act_fn,378,0,1,16544
final_layernorm,378,0,1,37935
lm_head,378,0,1,736
embedding,379,0,1,12720
input_layernorm,379,0,1,37599
rope,379,0,1,53551
post_layernorm,379,0,1,37840
act_fn,379,0,1,16480
final_layernorm,379,0,1,38112
lm_head,379,0,1,736
embedding,380,0,1,12880
input_layernorm,380,0,1,37566
rope,380,0,1,53520
post_layernorm,380,0,1,37632
act_fn,380,0,1,16335
final_layernorm,380,0,1,37728
lm_head,380,0,1,736
embedding,381,0,1,13008
input_layernorm,381,0,1,37728
rope,381,0,1,53087
post_layernorm,381,0,1,37903
act_fn,381,0,1,16416
final_layernorm,381,0,1,38176
lm_head,381,0,1,736
embedding,382,0,1,13104
input_layernorm,382,0,1,37712
rope,382,0,1,53440
post_layernorm,382,0,1,38112
act_fn,382,0,1,16560
final_layernorm,382,0,1,38111
lm_head,382,0,1,736
embedding,383,0,1,13072
input_layernorm,383,0,1,37792
rope,383,0,1,53761
post_layernorm,383,0,1,37872
act_fn,383,0,1,16768
final_layernorm,383,0,1,38431
lm_head,383,0,1,736
embedding,384,0,1,13663
input_layernorm,384,0,1,37551
rope,384,0,1,53601
post_layernorm,384,0,1,37440
act_fn,384,0,1,16704
final_layernorm,384,0,1,37584
lm_head,384,0,1,736
embedding,385,0,1,13168
input_layernorm,385,0,1,37984
rope,385,0,1,53329
post_layernorm,385,0,1,37760
act_fn,385,0,1,16303
final_layernorm,385,0,1,37904
lm_head,385,0,1,736
embedding,386,0,1,13216
input_layernorm,386,0,1,38255
rope,386,0,1,53792
post_layernorm,386,0,1,38175
act_fn,386,0,1,16240
final_layernorm,386,0,1,38338
lm_head,386,0,1,736
embedding,387,0,1,13184
input_layernorm,387,0,1,38112
rope,387,0,1,53457
post_layernorm,387,0,1,38256
act_fn,387,0,1,16353
final_layernorm,387,0,1,38207
lm_head,387,0,1,736
embedding,388,0,1,13360
input_layernorm,388,0,1,38064
rope,388,0,1,53711
post_layernorm,388,0,1,37919
act_fn,388,0,1,16336
final_layernorm,388,0,1,38064
lm_head,388,0,1,736
embedding,389,0,1,13264
input_layernorm,389,0,1,38415
rope,389,0,1,53472
post_layernorm,389,0,1,38255
act_fn,389,0,1,16448
final_layernorm,389,0,1,38224
lm_head,389,0,1,736
embedding,390,0,1,13392
input_layernorm,390,0,1,38480
rope,390,0,1,53888
post_layernorm,390,0,1,38272
act_fn,390,0,1,16416
final_layernorm,390,0,1,38526
lm_head,390,0,1,736
embedding,391,0,1,13360
input_layernorm,391,0,1,38207
rope,391,0,1,53568
post_layernorm,391,0,1,38143
act_fn,391,0,1,16592
final_layernorm,391,0,1,38319
lm_head,391,0,1,736
embedding,392,0,1,13616
input_layernorm,392,0,1,38272
rope,392,0,1,54224
post_layernorm,392,0,1,38192
act_fn,392,0,1,16640
final_layernorm,392,0,1,38399
lm_head,392,0,1,736
embedding,393,0,1,13408
input_layernorm,393,0,1,38256
rope,393,0,1,53295
post_layernorm,393,0,1,38352
act_fn,393,0,1,16560
final_layernorm,393,0,1,38351
lm_head,393,0,1,736
embedding,394,0,1,13599
input_layernorm,394,0,1,38447
rope,394,0,1,53793
post_layernorm,394,0,1,37968
act_fn,394,0,1,16560
final_layernorm,394,0,1,38655
lm_head,394,0,1,736
embedding,395,0,1,13535
input_layernorm,395,0,1,38433
rope,395,0,1,54033
post_layernorm,395,0,1,38209
act_fn,395,0,1,16624
final_layernorm,395,0,1,38544
lm_head,395,0,1,736
embedding,396,0,1,13856
input_layernorm,396,0,1,38832
rope,396,0,1,54464
post_layernorm,396,0,1,38655
act_fn,396,0,1,16640
final_layernorm,396,0,1,38928
lm_head,396,0,1,736
embedding,397,0,1,13472
input_layernorm,397,0,1,40768
rope,397,0,1,53727
post_layernorm,397,0,1,40846
act_fn,397,0,1,16751
final_layernorm,397,0,1,41216
lm_head,397,0,1,736
embedding,398,0,1,13648
input_layernorm,398,0,1,40688
rope,398,0,1,54049
post_layernorm,398,0,1,41071
act_fn,398,0,1,16703
final_layernorm,398,0,1,41409
lm_head,398,0,1,736
embedding,399,0,1,13760
input_layernorm,399,0,1,41167
rope,399,0,1,54576
post_layernorm,399,0,1,41487
act_fn,399,0,1,16784
final_layernorm,399,0,1,41808
lm_head,399,0,1,736
embedding,400,0,1,13952
input_layernorm,400,0,1,40880
rope,400,0,1,54463
post_layernorm,400,0,1,41422
act_fn,400,0,1,16704
final_layernorm,400,0,1,41551
lm_head,400,0,1,736
embedding,401,0,1,13520
input_layernorm,401,0,1,41071
rope,401,0,1,54497
post_layernorm,401,0,1,41808
act_fn,401,0,1,16752
final_layernorm,401,0,1,42225
lm_head,401,0,1,736
embedding,402,0,1,13536
input_layernorm,402,0,1,40912
rope,402,0,1,54416
post_layernorm,402,0,1,41745
act_fn,402,0,1,16768
final_layernorm,402,0,1,42016
lm_head,402,0,1,735
embedding,403,0,1,13616
input_layernorm,403,0,1,41168
rope,403,0,1,54464
post_layernorm,403,0,1,41952
act_fn,403,0,1,16800
final_layernorm,403,0,1,42161
lm_head,403,0,1,736
embedding,404,0,1,13536
input_layernorm,404,0,1,41488
rope,404,0,1,55009
post_layernorm,404,0,1,42032
act_fn,404,0,1,16832
final_layernorm,404,0,1,42209
lm_head,404,0,1,736
embedding,405,0,1,13680
input_layernorm,405,0,1,41296
rope,405,0,1,55104
post_layernorm,405,0,1,42015
act_fn,405,0,1,17120
final_layernorm,405,0,1,42656
lm_head,405,0,1,736
embedding,406,0,1,13696
input_layernorm,406,0,1,41040
rope,406,0,1,54976
post_layernorm,406,0,1,41855
act_fn,406,0,1,16960
final_layernorm,406,0,1,42400
lm_head,406,0,1,736
embedding,407,0,1,13600
input_layernorm,407,0,1,40912
rope,407,0,1,54944
post_layernorm,407,0,1,41792
act_fn,407,0,1,17056
final_layernorm,407,0,1,42591
lm_head,407,0,1,736
embedding,408,0,1,13968
input_layernorm,408,0,1,41184
rope,408,0,1,55328
post_layernorm,408,0,1,41904
act_fn,408,0,1,17168
final_layernorm,408,0,1,42592
lm_head,408,0,1,736
embedding,409,0,1,14176
input_layernorm,409,0,1,41471
rope,409,0,1,54671
post_layernorm,409,0,1,42016
act_fn,409,0,1,17008
final_layernorm,409,0,1,42352
lm_head,409,0,1,736
embedding,410,0,1,14272
input_layernorm,410,0,1,41535
rope,410,0,1,55184
post_layernorm,410,0,1,42144
act_fn,410,0,1,17247
final_layernorm,410,0,1,42896
lm_head,410,0,1,736
embedding,411,0,1,13984
input_layernorm,411,0,1,41409
rope,411,0,1,54928
post_layernorm,411,0,1,42064
act_fn,411,0,1,17120
final_layernorm,411,0,1,42592
lm_head,411,0,1,736
embedding,412,0,1,14288
input_layernorm,412,0,1,41233
rope,412,0,1,55296
post_layernorm,412,0,1,41985
act_fn,412,0,1,17216
final_layernorm,412,0,1,42575
lm_head,412,0,1,736
embedding,413,0,1,14544
input_layernorm,413,0,1,41632
rope,413,0,1,55313
post_layernorm,413,0,1,42608
act_fn,413,0,1,17200
final_layernorm,413,0,1,42880
lm_head,413,0,1,736
embedding,414,0,1,14304
input_layernorm,414,0,1,41697
rope,414,0,1,55089
post_layernorm,414,0,1,42352
act_fn,414,0,1,17312
final_layernorm,414,0,1,43008
lm_head,414,0,1,736
embedding,415,0,1,14128
input_layernorm,415,0,1,41553
rope,415,0,1,55185
post_layernorm,415,0,1,42368
act_fn,415,0,1,17328
final_layernorm,415,0,1,42879
lm_head,415,0,1,736
embedding,416,0,1,14272
input_layernorm,416,0,1,41024
rope,416,0,1,55697
post_layernorm,416,0,1,42144
act_fn,416,0,1,17312
final_layernorm,416,0,1,42096
lm_head,416,0,1,736
embedding,417,0,1,14032
input_layernorm,417,0,1,41344
rope,417,0,1,54944
post_layernorm,417,0,1,42256
act_fn,417,0,1,17183
final_layernorm,417,0,1,42464
lm_head,417,0,1,736
embedding,418,0,1,14080
input_layernorm,418,0,1,41584
rope,418,0,1,55488
post_layernorm,418,0,1,42417
act_fn,418,0,1,17472
final_layernorm,418,0,1,42750
lm_head,418,0,1,736
embedding,419,0,1,14176
input_layernorm,419,0,1,41632
rope,419,0,1,55456
post_layernorm,419,0,1,42448
act_fn,419,0,1,17360
final_layernorm,419,0,1,42400
lm_head,419,0,1,736
embedding,420,0,1,14256
input_layernorm,420,0,1,41488
rope,420,0,1,55615
post_layernorm,420,0,1,42447
act_fn,420,0,1,17392
final_layernorm,420,0,1,42544
lm_head,420,0,1,736
embedding,421,0,1,14384
input_layernorm,421,0,1,41919
rope,421,0,1,55616
post_layernorm,421,0,1,42783
act_fn,421,0,1,17455
final_layernorm,421,0,1,42417
lm_head,421,0,1,736
embedding,422,0,1,14144
input_layernorm,422,0,1,41888
rope,422,0,1,55856
post_layernorm,422,0,1,42752
act_fn,422,0,1,17504
final_layernorm,422,0,1,42720
lm_head,422,0,1,736
embedding,423,0,1,14448
input_layernorm,423,0,1,41647
rope,423,0,1,55553
post_layernorm,423,0,1,42432
act_fn,423,0,1,17376
final_layernorm,423,0,1,42464
lm_head,423,0,1,736
embedding,424,0,1,14432
input_layernorm,424,0,1,41536
rope,424,0,1,56095
post_layernorm,424,0,1,42336
act_fn,424,0,1,17568
final_layernorm,424,0,1,42273
lm_head,424,0,1,736
embedding,425,0,1,14560
input_layernorm,425,0,1,42224
rope,425,0,1,55984
post_layernorm,425,0,1,42848
act_fn,425,0,1,17649
final_layernorm,425,0,1,42864
lm_head,425,0,1,736
embedding,426,0,1,14496
input_layernorm,426,0,1,41791
rope,426,0,1,55761
post_layernorm,426,0,1,42751
act_fn,426,0,1,17488
final_layernorm,426,0,1,42767
lm_head,426,0,1,736
embedding,427,0,1,14544
input_layernorm,427,0,1,41872
rope,427,0,1,56145
post_layernorm,427,0,1,42753
act_fn,427,0,1,17601
final_layernorm,427,0,1,42848
lm_head,427,0,1,736
embedding,428,0,1,14288
input_layernorm,428,0,1,41696
rope,428,0,1,56064
post_layernorm,428,0,1,42544
act_fn,428,0,1,17728
final_layernorm,428,0,1,43008
lm_head,428,0,1,736
embedding,429,0,1,14719
input_layernorm,429,0,1,41697
rope,429,0,1,56288
post_layernorm,429,0,1,42672
act_fn,429,0,1,17807
final_layernorm,429,0,1,42817
lm_head,429,0,1,736
embedding,430,0,1,14832
input_layernorm,430,0,1,41631
rope,430,0,1,56032
post_layernorm,430,0,1,42609
act_fn,430,0,1,17825
final_layernorm,430,0,1,42817
lm_head,430,0,1,736
embedding,431,0,1,14528
input_layernorm,431,0,1,41808
rope,431,0,1,56031
post_layernorm,431,0,1,42832
act_fn,431,0,1,17824
final_layernorm,431,0,1,43072
lm_head,431,0,1,736
embedding,432,0,1,14464
input_layernorm,432,0,1,41744
rope,432,0,1,56112
post_layernorm,432,0,1,42320
act_fn,432,0,1,17888
final_layernorm,432,0,1,42384
lm_head,432,0,1,736
embedding,433,0,1,14624
input_layernorm,433,0,1,41920
rope,433,0,1,56208
post_layernorm,433,0,1,43008
act_fn,433,0,1,17856
final_layernorm,433,0,1,42991
lm_head,433,0,1,736
embedding,434,0,1,14992
input_layernorm,434,0,1,42032
rope,434,0,1,56224
post_layernorm,434,0,1,42784
act_fn,434,0,1,17872
final_layernorm,434,0,1,43280
lm_head,434,0,1,736
embedding,435,0,1,14736
input_layernorm,435,0,1,42128
rope,435,0,1,56400
post_layernorm,435,0,1,43199
act_fn,435,0,1,17920
final_layernorm,435,0,1,43633
lm_head,435,0,1,736
embedding,436,0,1,14688
input_layernorm,436,0,1,42112
rope,436,0,1,57216
post_layernorm,436,0,1,42895
act_fn,436,0,1,17872
final_layernorm,436,0,1,43376
lm_head,436,0,1,736
embedding,437,0,1,14800
input_layernorm,437,0,1,42031
rope,437,0,1,56591
post_layernorm,437,0,1,43168
act_fn,437,0,1,17984
final_layernorm,437,0,1,43536
lm_head,437,0,1,736
embedding,438,0,1,14751
input_layernorm,438,0,1,41952
rope,438,0,1,56368
post_layernorm,438,0,1,42976
act_fn,438,0,1,17872
final_layernorm,438,0,1,43392
lm_head,438,0,1,736
embedding,439,0,1,14688
input_layernorm,439,0,1,42175
rope,439,0,1,56816
post_layernorm,439,0,1,43247
act_fn,439,0,1,18064
final_layernorm,439,0,1,43936
lm_head,439,0,1,736
embedding,440,0,1,14528
input_layernorm,440,0,1,42175
rope,440,0,1,56911
post_layernorm,440,0,1,42912
act_fn,440,0,1,18256
final_layernorm,440,0,1,43488
lm_head,440,0,1,736
embedding,441,0,1,14655
input_layernorm,441,0,1,42144
rope,441,0,1,57039
post_layernorm,441,0,1,42863
act_fn,441,0,1,18048
final_layernorm,441,0,1,43456
lm_head,441,0,1,736
embedding,442,0,1,14720
input_layernorm,442,0,1,42144
rope,442,0,1,56928
post_layernorm,442,0,1,42912
act_fn,442,0,1,18256
final_layernorm,442,0,1,43536
lm_head,442,0,1,736
embedding,443,0,1,14848
input_layernorm,443,0,1,42416
rope,443,0,1,57199
post_layernorm,443,0,1,43280
act_fn,443,0,1,18288
final_layernorm,443,0,1,44208
lm_head,443,0,1,736
embedding,444,0,1,14720
input_layernorm,444,0,1,42097
rope,444,0,1,57118
post_layernorm,444,0,1,43279
act_fn,444,0,1,18273
final_layernorm,444,0,1,44111
lm_head,444,0,1,736
embedding,445,0,1,14832
input_layernorm,445,0,1,42623
rope,445,0,1,57230
post_layernorm,445,0,1,43295
act_fn,445,0,1,18384
final_layernorm,445,0,1,43791
lm_head,445,0,1,736
embedding,446,0,1,14752
input_layernorm,446,0,1,42144
rope,446,0,1,56960
post_layernorm,446,0,1,43344
act_fn,446,0,1,18304
final_layernorm,446,0,1,43840
lm_head,446,0,1,736
embedding,447,0,1,14784
input_layernorm,447,0,1,42319
rope,447,0,1,57264
post_layernorm,447,0,1,43232
act_fn,447,0,1,18416
final_layernorm,447,0,1,44192
lm_head,447,0,1,736
embedding,448,0,1,15231
input_layernorm,448,0,1,42465
rope,448,0,1,57376
post_layernorm,448,0,1,42799
gate_proj,448,0,1,736
up_proj,448,0,1,736
act_fn,448,0,1,18992
final_layernorm,448,0,1,42815
lm_head,448,0,1,736
embedding,449,0,1,14752
input_layernorm,449,0,1,42382
rope,449,0,1,57120
post_layernorm,449,0,1,43360
act_fn,449,0,1,18432
final_layernorm,449,0,1,43423
lm_head,449,0,1,736
embedding,450,0,1,14896
input_layernorm,450,0,1,42224
rope,450,0,1,57009
post_layernorm,450,0,1,43440
act_fn,450,0,1,18224
final_layernorm,450,0,1,43280
lm_head,450,0,1,736
embedding,451,0,1,15248
input_layernorm,451,0,1,42369
rope,451,0,1,57520
post_layernorm,451,0,1,43504
act_fn,451,0,1,18431
final_layernorm,451,0,1,43584
lm_head,451,0,1,736
embedding,452,0,1,14976
input_layernorm,452,0,1,42112
rope,452,0,1,57280
post_layernorm,452,0,1,43376
act_fn,452,0,1,18368
final_layernorm,452,0,1,43664
lm_head,452,0,1,736
embedding,453,0,1,15056
input_layernorm,453,0,1,42384
rope,453,0,1,57183
post_layernorm,453,0,1,43616
act_fn,453,0,1,18544
final_layernorm,453,0,1,43632
lm_head,453,0,1,736
embedding,454,0,1,15312
input_layernorm,454,0,1,42638
rope,454,0,1,57650
post_layernorm,454,0,1,43488
act_fn,454,0,1,18656
final_layernorm,454,0,1,43808
lm_head,454,0,1,736
embedding,455,0,1,14960
input_layernorm,455,0,1,42495
rope,455,0,1,57343
post_layernorm,455,0,1,43407
act_fn,455,0,1,18720
final_layernorm,455,0,1,43552
lm_head,455,0,1,736
embedding,456,0,1,15231
input_layernorm,456,0,1,42673
rope,456,0,1,58209
post_layernorm,456,0,1,43585
act_fn,456,0,1,18783
final_layernorm,456,0,1,43760
lm_head,456,0,1,736
embedding,457,0,1,15231
input_layernorm,457,0,1,42704
rope,457,0,1,57650
post_layernorm,457,0,1,43519
act_fn,457,0,1,18944
final_layernorm,457,0,1,44113
lm_head,457,0,1,736
embedding,458,0,1,15328
input_layernorm,458,0,1,42768
rope,458,0,1,57375
post_layernorm,458,0,1,43599
act_fn,458,0,1,18800
final_layernorm,458,0,1,44048
lm_head,458,0,1,736
embedding,459,0,1,15151
input_layernorm,459,0,1,42833
rope,459,0,1,57231
post_layernorm,459,0,1,43600
act_fn,459,0,1,18784
final_layernorm,459,0,1,44384
lm_head,459,0,1,736
embedding,460,0,1,15344
input_layernorm,460,0,1,43056
rope,460,0,1,57697
post_layernorm,460,0,1,43743
act_fn,460,0,1,18799
final_layernorm,460,0,1,44127
lm_head,460,0,1,736
embedding,461,0,1,15423
input_layernorm,461,0,1,43040
rope,461,0,1,57920
post_layernorm,461,0,1,43871
act_fn,461,0,1,18815
final_layernorm,461,0,1,43951
lm_head,461,0,1,736
embedding,462,0,1,15472
input_layernorm,462,0,1,42560
rope,462,0,1,57424
post_layernorm,462,0,1,43472
act_fn,462,0,1,18783
final_layernorm,462,0,1,43968
lm_head,462,0,1,736
embedding,463,0,1,15519
input_layernorm,463,0,1,43104
rope,463,0,1,57648
post_layernorm,463,0,1,43664
act_fn,463,0,1,19136
final_layernorm,463,0,1,44320
lm_head,463,0,1,736
embedding,464,0,1,15600
input_layernorm,464,0,1,42622
rope,464,0,1,58256
post_layernorm,464,0,1,43488
act_fn,464,0,1,18864
final_layernorm,464,0,1,43376
lm_head,464,0,1,736
embedding,465,0,1,15503
input_layernorm,465,0,1,42959
rope,465,0,1,58032
post_layernorm,465,0,1,43648
act_fn,465,0,1,18976
final_layernorm,465,0,1,44687
lm_head,465,0,1,736
embedding,466,0,1,15712
input_layernorm,466,0,1,43056
rope,466,0,1,57856
post_layernorm,466,0,1,43841
act_fn,466,0,1,19136
final_layernorm,466,0,1,44608
lm_head,466,0,1,736
embedding,467,0,1,15456
input_layernorm,467,0,1,43120
rope,467,0,1,58336
post_layernorm,467,0,1,43888
act_fn,467,0,1,19103
final_layernorm,467,0,1,44783
lm_head,467,0,1,736
embedding,468,0,1,15408
input_layernorm,468,0,1,43119
rope,468,0,1,58112
post_layernorm,468,0,1,43904
act_fn,468,0,1,19119
final_layernorm,468,0,1,44528
lm_head,468,0,1,736
embedding,469,0,1,15487
input_layernorm,469,0,1,42960
rope,469,0,1,57840
post_layernorm,469,0,1,43823
act_fn,469,0,1,19168
final_layernorm,469,0,1,44672
lm_head,469,0,1,736
embedding,470,0,1,15695
input_layernorm,470,0,1,43216
rope,470,0,1,58495
post_layernorm,470,0,1,43871
act_fn,470,0,1,19136
final_layernorm,470,0,1,44912
lm_head,470,0,1,736
embedding,471,0,1,15231
input_layernorm,471,0,1,43391
rope,471,0,1,58256
post_layernorm,471,0,1,44240
act_fn,471,0,1,19136
final_layernorm,471,0,1,44783
lm_head,471,0,1,736
embedding,472,0,1,15760
input_layernorm,472,0,1,43072
rope,472,0,1,58767
post_layernorm,472,0,1,43647
act_fn,472,0,1,19456
final_layernorm,472,0,1,44417
lm_head,472,0,1,736
embedding,473,0,1,15408
input_layernorm,473,0,1,43296
rope,473,0,1,58112
post_layernorm,473,0,1,43968
act_fn,473,0,1,19281
final_layernorm,473,0,1,44848
lm_head,473,0,1,736
embedding,474,0,1,15568
input_layernorm,474,0,1,43200
rope,474,0,1,58817
post_layernorm,474,0,1,44225
act_fn,474,0,1,19344
final_layernorm,474,0,1,44849
lm_head,474,0,1,736
embedding,475,0,1,15680
input_layernorm,475,0,1,43486
rope,475,0,1,58400
post_layernorm,475,0,1,44079
act_fn,475,0,1,19423
final_layernorm,475,0,1,44944
lm_head,475,0,1,736
embedding,476,0,1,15696
input_layernorm,476,0,1,43200
rope,476,0,1,59136
post_layernorm,476,0,1,44384
act_fn,476,0,1,19617
final_layernorm,476,0,1,45152
lm_head,476,0,1,736
embedding,477,0,1,15536
input_layernorm,477,0,1,43200
rope,477,0,1,58527
post_layernorm,477,0,1,44239
act_fn,477,0,1,19617
final_layernorm,477,0,1,44833
lm_head,477,0,1,736
embedding,478,0,1,15616
input_layernorm,478,0,1,43631
rope,478,0,1,58848
post_layernorm,478,0,1,44288
act_fn,478,0,1,19600
final_layernorm,478,0,1,45008
lm_head,478,0,1,736
embedding,479,0,1,15295
input_layernorm,479,0,1,43391
rope,479,0,1,58304
post_layernorm,479,0,1,44112
act_fn,479,0,1,19808
final_layernorm,479,0,1,44864
lm_head,479,0,1,736
embedding,480,0,1,15696
input_layernorm,480,0,1,43294
rope,480,0,1,59150
post_layernorm,480,0,1,44256
act_fn,480,0,1,19663
final_layernorm,480,0,1,43952
lm_head,480,0,1,736
embedding,481,0,1,15840
input_layernorm,481,0,1,43600
rope,481,0,1,58655
post_layernorm,481,0,1,44399
act_fn,481,0,1,19823
final_layernorm,481,0,1,44304
lm_head,481,0,1,736
embedding,482,0,1,15983
input_layernorm,482,0,1,43648
rope,482,0,1,59231
post_layernorm,482,0,1,44432
act_fn,482,0,1,19840
final_layernorm,482,0,1,44736
lm_head,482,0,1,736
embedding,483,0,1,16047
input_layernorm,483,0,1,43599
rope,483,0,1,59248
post_layernorm,483,0,1,44336
act_fn,483,0,1,20047
final_layernorm,483,0,1,44480
lm_head,483,0,1,736
embedding,484,0,1,16048
input_layernorm,484,0,1,43567
rope,484,0,1,59342
post_layernorm,484,0,1,44561
act_fn,484,0,1,19967
final_layernorm,484,0,1,44479
lm_head,484,0,1,736
embedding,485,0,1,16160
input_layernorm,485,0,1,43632
rope,485,0,1,59137
post_layernorm,485,0,1,44575
act_fn,485,0,1,19905
final_layernorm,485,0,1,44768
lm_head,485,0,1,736
embedding,486,0,1,16160
input_layernorm,486,0,1,43520
rope,486,0,1,59298
post_layernorm,486,0,1,44224
act_fn,486,0,1,19984
final_layernorm,486,0,1,44880
lm_head,486,0,1,736
embedding,487,0,1,16288
input_layernorm,487,0,1,43647
rope,487,0,1,58927
post_layernorm,487,0,1,44432
act_fn,487,0,1,19968
final_layernorm,487,0,1,44671
lm_head,487,0,1,736
embedding,488,0,1,16432
input_layernorm,488,0,1,43504
rope,488,0,1,59679
post_layernorm,488,0,1,44720
act_fn,488,0,1,20127
final_layernorm,488,0,1,44816
lm_head,488,0,1,736
embedding,489,0,1,16496
input_layernorm,489,0,1,43713
rope,489,0,1,59408
post_layernorm,489,0,1,44784
act_fn,489,0,1,20288
final_layernorm,489,0,1,45072
lm_head,489,0,1,736
embedding,490,0,1,16335
input_layernorm,490,0,1,43904
rope,490,0,1,59104
post_layernorm,490,0,1,44590
act_fn,490,0,1,20303
final_layernorm,490,0,1,45184
lm_head,490,0,1,736
embedding,491,0,1,16624
input_layernorm,491,0,1,43664
rope,491,0,1,59057
post_layernorm,491,0,1,44737
act_fn,491,0,1,20224
final_layernorm,491,0,1,45167
lm_head,491,0,1,736
embedding,492,0,1,16304
input_layernorm,492,0,1,43456
rope,492,0,1,59648
post_layernorm,492,0,1,44767
act_fn,492,0,1,20336
final_layernorm,492,0,1,45120
lm_head,492,0,1,736
embedding,493,0,1,16607
input_layernorm,493,0,1,43792
rope,493,0,1,59408
post_layernorm,493,0,1,44703
act_fn,493,0,1,20351
final_layernorm,493,0,1,45490
lm_head,493,0,1,736
embedding,494,0,1,16864
input_layernorm,494,0,1,43729
rope,494,0,1,59375
post_layernorm,494,0,1,44576
act_fn,494,0,1,20560
final_layernorm,494,0,1,45473
lm_head,494,0,1,736
embedding,495,0,1,16912
input_layernorm,495,0,1,43968
rope,495,0,1,59440
post_layernorm,495,0,1,44960
act_fn,495,0,1,20319
final_layernorm,495,0,1,45632
lm_head,495,0,1,736
embedding,496,0,1,17216
input_layernorm,496,0,1,43649
rope,496,0,1,59313
post_layernorm,496,0,1,44241
act_fn,496,0,1,20656
final_layernorm,496,0,1,44704
lm_head,496,0,1,736
embedding,497,0,1,16576
input_layernorm,497,0,1,44080
rope,497,0,1,59520
post_layernorm,497,0,1,44962
act_fn,497,0,1,20575
final_layernorm,497,0,1,45632
lm_head,497,0,1,736
embedding,498,0,1,16800
input_layernorm,498,0,1,44048
rope,498,0,1,59600
post_layernorm,498,0,1,45008
act_fn,498,0,1,20591
final_layernorm,498,0,1,45584
lm_head,498,0,1,735
embedding,499,0,1,16768
input_layernorm,499,0,1,44016
rope,499,0,1,59777
post_layernorm,499,0,1,44880
act_fn,499,0,1,20768
final_layernorm,499,0,1,45424
lm_head,499,0,1,736
embedding,500,0,1,16623
input_layernorm,500,0,1,43968
rope,500,0,1,60129
post_layernorm,500,0,1,44929
act_fn,500,0,1,20672
final_layernorm,500,0,1,45360
lm_head,500,0,1,736
embedding,501,0,1,16384
input_layernorm,501,0,1,43935
rope,501,0,1,59216
post_layernorm,501,0,1,44943
act_fn,501,0,1,20800
final_layernorm,501,0,1,45424
lm_head,501,0,1,736
embedding,502,0,1,16896
input_layernorm,502,0,1,44254
rope,502,0,1,59936
post_layernorm,502,0,1,45120
act_fn,502,0,1,20704
final_layernorm,502,0,1,46111
lm_head,502,0,1,736
embedding,503,0,1,16800
input_layernorm,503,0,1,44191
rope,503,0,1,59920
post_layernorm,503,0,1,45359
act_fn,503,0,1,20975
final_layernorm,503,0,1,45664
lm_head,503,0,1,736
embedding,504,0,1,16880
input_layernorm,504,0,1,43728
rope,504,0,1,59697
post_layernorm,504,0,1,44752
act_fn,504,0,1,21088
final_layernorm,504,0,1,45312
lm_head,504,0,1,736
embedding,505,0,1,16704
input_layernorm,505,0,1,43888
rope,505,0,1,59870
post_layernorm,505,0,1,45231
act_fn,505,0,1,21153
final_layernorm,505,0,1,45613
lm_head,505,0,1,736
embedding,506,0,1,16608
input_layernorm,506,0,1,44047
rope,506,0,1,59680
post_layernorm,506,0,1,45247
act_fn,506,0,1,21104
final_layernorm,506,0,1,45456
lm_head,506,0,1,736
embedding,507,0,1,16576
input_layernorm,507,0,1,44160
rope,507,0,1,59617
post_layernorm,507,0,1,45070
act_fn,507,0,1,21185
final_layernorm,507,0,1,45920
lm_head,507,0,1,736
embedding,508,0,1,16848
input_layernorm,508,0,1,44399
rope,508,0,1,60112
post_layernorm,508,0,1,45296
act_fn,508,0,1,21121
final_layernorm,508,0,1,45856
lm_head,508,0,1,736
embedding,509,0,1,16736
input_layernorm,509,0,1,44094
rope,509,0,1,59792
post_layernorm,509,0,1,45439
act_fn,509,0,1,21327
final_layernorm,509,0,1,45632
lm_head,509,0,1,736
embedding,510,0,1,16864
input_layernorm,510,0,1,44512
rope,510,0,1,59967
post_layernorm,510,0,1,45474
act_fn,510,0,1,21248
final_layernorm,510,0,1,45712
lm_head,510,0,1,736
embedding,511,0,1,16720
input_layernorm,511,0,1,44512
rope,511,0,1,59728
post_layernorm,511,0,1,45024
act_fn,511,0,1,21425
final_layernorm,511,0,1,45712
lm_head,511,0,1,736
embedding,512,0,1,16976
input_layernorm,512,0,1,44256
rope,512,0,1,60336
post_layernorm,512,0,1,44928
act_fn,512,0,1,21487
final_layernorm,512,0,1,45568
lm_head,512,0,1,736
embedding,513,0,1,16560
input_layernorm,513,0,1,44784
rope,513,0,1,60033
post_layernorm,513,0,1,46078
act_fn,513,0,1,21471
final_layernorm,513,0,1,45985
lm_head,513,0,1,736
embedding,514,0,1,16752
input_layernorm,514,0,1,44992
rope,514,0,1,60494
post_layernorm,514,0,1,46593
act_fn,514,0,1,21520
final_layernorm,514,0,1,46048
lm_head,514,0,1,736
embedding,515,0,1,16463
input_layernorm,515,0,1,44673
rope,515,0,1,59728
post_layernorm,515,0,1,45776
act_fn,515,0,1,21393
final_layernorm,515,0,1,45808
lm_head,515,0,1,736
embedding,516,0,1,16480
input_layernorm,516,0,1,45104
rope,516,0,1,60719
post_layernorm,516,0,1,45809
act_fn,516,0,1,21536
final_layernorm,516,0,1,46432
lm_head,516,0,1,736
embedding,517,0,1,16383
input_layernorm,517,0,1,44799
rope,517,0,1,59967
post_layernorm,517,0,1,46016
act_fn,517,0,1,21615
final_layernorm,517,0,1,46032
lm_head,517,0,1,736
embedding,518,0,1,16848
input_layernorm,518,0,1,45136
rope,518,0,1,60383
post_layernorm,518,0,1,46800
act_fn,518,0,1,21792
final_layernorm,518,0,1,46334
lm_head,518,0,1,736
embedding,519,0,1,16320
input_layernorm,519,0,1,44768
rope,519,0,1,59680
post_layernorm,519,0,1,46144
act_fn,519,0,1,21711
final_layernorm,519,0,1,45999
lm_head,519,0,1,736
embedding,520,0,1,16528
input_layernorm,520,0,1,44608
rope,520,0,1,60528
post_layernorm,520,0,1,45567
act_fn,520,0,1,21759
final_layernorm,520,0,1,45888
lm_head,520,0,1,736
embedding,521,0,1,17296
input_layernorm,521,0,1,45201
rope,521,0,1,60014
post_layernorm,521,0,1,46287
act_fn,521,0,1,21679
final_layernorm,521,0,1,46240
lm_head,521,0,1,736
embedding,522,0,1,17296
input_layernorm,522,0,1,45072
rope,522,0,1,60209
post_layernorm,522,0,1,46831
act_fn,522,0,1,21776
final_layernorm,522,0,1,46464
lm_head,522,0,1,736
embedding,523,0,1,17296
input_layernorm,523,0,1,45135
rope,523,0,1,60656
post_layernorm,523,0,1,46190
act_fn,523,0,1,21840
final_layernorm,523,0,1,46463
lm_head,523,0,1,736
embedding,524,0,1,17713
input_layernorm,524,0,1,45104
rope,524,0,1,60688
post_layernorm,524,0,1,46320
act_fn,524,0,1,22160
final_layernorm,524,0,1,46735
lm_head,524,0,1,736
embedding,525,0,1,17440
input_layernorm,525,0,1,45392
rope,525,0,1,60288
post_layernorm,525,0,1,46383
act_fn,525,0,1,22144
final_layernorm,525,0,1,46528
lm_head,525,0,1,736
embedding,526,0,1,17663
input_layernorm,526,0,1,45216
rope,526,0,1,60878
post_layernorm,526,0,1,46833
act_fn,526,0,1,22176
final_layernorm,526,0,1,46464
lm_head,526,0,1,736
embedding,527,0,1,17904
input_layernorm,527,0,1,45472
rope,527,0,1,60800
post_layernorm,527,0,1,46544
act_fn,527,0,1,22112
final_layernorm,527,0,1,46766
lm_head,527,0,1,736
embedding,528,0,1,17536
input_layernorm,528,0,1,44944
rope,528,0,1,60864
post_layernorm,528,0,1,46095
act_fn,528,0,1,22625
final_layernorm,528,0,1,46176
lm_head,528,0,1,736
embedding,529,0,1,17471
input_layernorm,529,0,1,45231
rope,529,0,1,60751
post_layernorm,529,0,1,46559
act_fn,529,0,1,22336
final_layernorm,529,0,1,46576
lm_head,529,0,1,736
embedding,530,0,1,17632
input_layernorm,530,0,1,45025
rope,530,0,1,60944
post_layernorm,530,0,1,47201
act_fn,530,0,1,22208
final_layernorm,530,0,1,46895
lm_head,530,0,1,736
embedding,531,0,1,17744
input_layernorm,531,0,1,45393
rope,531,0,1,61458
post_layernorm,531,0,1,46784
act_fn,531,0,1,22239
final_layernorm,531,0,1,46882
lm_head,531,0,1,736
embedding,532,0,1,17904
input_layernorm,532,0,1,45216
rope,532,0,1,61678
post_layernorm,532,0,1,46544
act_fn,532,0,1,22224
final_layernorm,532,0,1,47040
lm_head,532,0,1,736
embedding,533,0,1,17552
input_layernorm,533,0,1,45472
rope,533,0,1,61633
post_layernorm,533,0,1,47167
act_fn,533,0,1,22336
final_layernorm,533,0,1,47248
lm_head,533,0,1,736
embedding,534,0,1,17856
input_layernorm,534,0,1,45600
rope,534,0,1,61760
post_layernorm,534,0,1,47473
act_fn,534,0,1,22399
final_layernorm,534,0,1,47216
lm_head,534,0,1,736
embedding,535,0,1,17392
input_layernorm,535,0,1,45183
rope,535,0,1,61087
post_layernorm,535,0,1,46639
act_fn,535,0,1,22384
final_layernorm,535,0,1,47135
lm_head,535,0,1,736
embedding,536,0,1,17488
input_layernorm,536,0,1,45377
rope,536,0,1,61760
post_layernorm,536,0,1,46464
act_fn,536,0,1,22720
final_layernorm,536,0,1,46607
lm_head,536,0,1,736
embedding,537,0,1,17632
input_layernorm,537,0,1,45408
rope,537,0,1,62175
post_layernorm,537,0,1,46849
act_fn,537,0,1,22480
final_layernorm,537,0,1,47279
lm_head,537,0,1,736
embedding,538,0,1,17952
input_layernorm,538,0,1,45440
rope,538,0,1,62097
post_layernorm,538,0,1,46944
act_fn,538,0,1,22623
final_layernorm,538,0,1,47486
lm_head,538,0,1,736
embedding,539,0,1,17600
input_layernorm,539,0,1,45135
rope,539,0,1,61791
post_layernorm,539,0,1,46880
act_fn,539,0,1,22800
final_layernorm,539,0,1,47040
lm_head,539,0,1,736
embedding,540,0,1,17727
input_layernorm,540,0,1,45743
rope,540,0,1,62528
post_layernorm,540,0,1,46944
act_fn,540,0,1,22575
final_layernorm,540,0,1,47120
lm_head,540,0,1,736
embedding,541,0,1,17904
input_layernorm,541,0,1,45776
rope,541,0,1,62241
post_layernorm,541,0,1,47152
act_fn,541,0,1,22720
final_layernorm,541,0,1,47695
lm_head,541,0,1,736
embedding,542,0,1,17552
input_layernorm,542,0,1,45871
rope,542,0,1,62368
post_layernorm,542,0,1,46992
act_fn,542,0,1,22912
final_layernorm,542,0,1,47360
lm_head,542,0,1,736
embedding,543,0,1,17600
input_layernorm,543,0,1,45920
rope,543,0,1,62448
post_layernorm,543,0,1,47088
act_fn,543,0,1,22945
final_layernorm,543,0,1,47345
lm_head,543,0,1,736
embedding,544,0,1,17792
input_layernorm,544,0,1,45696
rope,544,0,1,62319
post_layernorm,544,0,1,46464
act_fn,544,0,1,23007
final_layernorm,544,0,1,46400
lm_head,544,0,1,736
embedding,545,0,1,17520
input_layernorm,545,0,1,45824
rope,545,0,1,62110
post_layernorm,545,0,1,47407
gate_proj,545,0,1,736
up_proj,545,0,1,736
act_fn,545,0,1,23120
final_layernorm,545,0,1,47440
lm_head,545,0,1,736
embedding,546,0,1,17471
input_layernorm,546,0,1,46190
rope,546,0,1,62336
post_layernorm,546,0,1,47343
gate_proj,546,0,1,736
up_proj,546,0,1,736
act_fn,546,0,1,23136
final_layernorm,546,0,1,47263
lm_head,546,0,1,736
embedding,547,0,1,17568
input_layernorm,547,0,1,46240
rope,547,0,1,62190
post_layernorm,547,0,1,47232
gate_proj,547,0,1,736
up_proj,547,0,1,736
act_fn,547,0,1,23136
final_layernorm,547,0,1,47647
lm_head,547,0,1,736
embedding,548,0,1,17360
input_layernorm,548,0,1,45904
rope,548,0,1,62704
post_layernorm,548,0,1,46832
gate_proj,548,0,1,736
up_proj,548,0,1,736
act_fn,548,0,1,23264
final_layernorm,548,0,1,47231
lm_head,548,0,1,736
embedding,549,0,1,17344
input_layernorm,549,0,1,45888
rope,549,0,1,62304
post_layernorm,549,0,1,47152
gate_proj,549,0,1,736
up_proj,549,0,1,736
act_fn,549,0,1,23168
final_layernorm,549,0,1,47552
lm_head,549,0,1,736
embedding,550,0,1,17744
input_layernorm,550,0,1,46128
rope,550,0,1,62991
post_layernorm,550,0,1,47295
gate_proj,550,0,1,736
up_proj,550,0,1,736
act_fn,550,0,1,23344
final_layernorm,550,0,1,47505
lm_head,550,0,1,736
embedding,551,0,1,17535
input_layernorm,551,0,1,45952
rope,551,0,1,63056
post_layernorm,551,0,1,47345
gate_proj,551,0,1,736
up_proj,551,0,1,736
act_fn,551,0,1,23440
final_layernorm,551,0,1,47537
lm_head,551,0,1,736
embedding,552,0,1,17808
input_layernorm,552,0,1,45888
rope,552,0,1,62928
post_layernorm,552,0,1,46751
gate_proj,552,0,1,736
up_proj,552,0,1,736
act_fn,552,0,1,23327
final_layernorm,552,0,1,47056
lm_head,552,0,1,736
embedding,553,0,1,17792
input_layernorm,553,0,1,46592
rope,553,0,1,63312
post_layernorm,553,0,1,47440
gate_proj,553,0,1,736
up_proj,553,0,1,736
act_fn,553,0,1,23472
final_layernorm,553,0,1,47856
lm_head,553,0,1,736
embedding,554,0,1,17440
input_layernorm,554,0,1,46272
rope,554,0,1,62912
post_layernorm,554,0,1,47745
gate_proj,554,0,1,736
up_proj,554,0,1,736
act_fn,554,0,1,23520
final_layernorm,554,0,1,47584
lm_head,554,0,1,736
embedding,555,0,1,18032
input_layernorm,555,0,1,46575
rope,555,0,1,63473
post_layernorm,555,0,1,47359
gate_proj,555,0,1,736
up_proj,555,0,1,736
act_fn,555,0,1,23488
final_layernorm,555,0,1,47504
lm_head,555,0,1,736
embedding,556,0,1,17648
input_layernorm,556,0,1,45870
rope,556,0,1,63184
post_layernorm,556,0,1,47327
gate_proj,556,0,1,736
up_proj,556,0,1,736
act_fn,556,0,1,23408
final_layernorm,556,0,1,47600
lm_head,556,0,1,736
embedding,557,0,1,17760
input_layernorm,557,0,1,46528
rope,557,0,1,63520
post_layernorm,557,0,1,47632
gate_proj,557,0,1,736
up_proj,557,0,1,736
act_fn,557,0,1,23696
final_layernorm,557,0,1,47870
lm_head,557,0,1,736
embedding,558,0,1,17809
input_layernorm,558,0,1,46448
rope,558,0,1,63584
post_layernorm,558,0,1,47311
gate_proj,558,0,1,736
up_proj,558,0,1,736
act_fn,558,0,1,23792
final_layernorm,558,0,1,47838
lm_head,558,0,1,736
embedding,559,0,1,18080
input_layernorm,559,0,1,46352
rope,559,0,1,63136
post_layernorm,559,0,1,47169
gate_proj,559,0,1,736
up_proj,559,0,1,736
act_fn,559,0,1,23840
final_layernorm,559,0,1,47536
lm_head,559,0,1,736
embedding,560,0,1,17968
input_layernorm,560,0,1,46303
rope,560,0,1,64016
post_layernorm,560,0,1,47328
gate_proj,560,0,1,736
up_proj,560,0,1,736
act_fn,560,0,1,23920
final_layernorm,560,0,1,47359
lm_head,560,0,1,736
embedding,561,0,1,18639
input_layernorm,561,0,1,46257
rope,561,0,1,63233
post_layernorm,561,0,1,47473
act_fn,561,0,1,23920
final_layernorm,561,0,1,47855
lm_head,561,0,1,736
embedding,562,0,1,18560
input_layernorm,562,0,1,46593
rope,562,0,1,63775
post_layernorm,562,0,1,47775
act_fn,562,0,1,23871
final_layernorm,562,0,1,48001
lm_head,562,0,1,736
embedding,563,0,1,18464
input_layernorm,563,0,1,46704
rope,563,0,1,63424
post_layernorm,563,0,1,47936
act_fn,563,0,1,24144
final_layernorm,563,0,1,48192
lm_head,563,0,1,736
embedding,564,0,1,18512
input_layernorm,564,0,1,46624
rope,564,0,1,64240
post_layernorm,564,0,1,47728
act_fn,564,0,1,24176
final_layernorm,564,0,1,48048
lm_head,564,0,1,736
embedding,565,0,1,18512
input_layernorm,565,0,1,46591
rope,565,0,1,63375
post_layernorm,565,0,1,47296
act_fn,565,0,1,24608
final_layernorm,565,0,1,47792
lm_head,565,0,1,736
embedding,566,0,1,18447
input_layernorm,566,0,1,46768
rope,566,0,1,63551
post_layernorm,566,0,1,47571
act_fn,566,0,1,24528
final_layernorm,566,0,1,47808
lm_head,566,0,1,736
embedding,567,0,1,18543
input_layernorm,567,0,1,46960
rope,567,0,1,64143
post_layernorm,567,0,1,47760
act_fn,567,0,1,24639
final_layernorm,567,0,1,48016
lm_head,567,0,1,736
embedding,568,0,1,18640
input_layernorm,568,0,1,46559
rope,568,0,1,63824
post_layernorm,568,0,1,47440
act_fn,568,0,1,24624
final_layernorm,568,0,1,47776
lm_head,568,0,1,736
embedding,569,0,1,18527
input_layernorm,569,0,1,46784
rope,569,0,1,64383
post_layernorm,569,0,1,47553
act_fn,569,0,1,24496
final_layernorm,569,0,1,47808
lm_head,569,0,1,736
embedding,570,0,1,18672
input_layernorm,570,0,1,47023
rope,570,0,1,64464
post_layernorm,570,0,1,47968
act_fn,570,0,1,24655
final_layernorm,570,0,1,47870
lm_head,570,0,1,736
embedding,571,0,1,18816
input_layernorm,571,0,1,46752
rope,571,0,1,63776
post_layernorm,571,0,1,47568
act_fn,571,0,1,24672
final_layernorm,571,0,1,47922
lm_head,571,0,1,736
embedding,572,0,1,18656
input_layernorm,572,0,1,46960
rope,572,0,1,64192
post_layernorm,572,0,1,47794
act_fn,572,0,1,24625
final_layernorm,572,0,1,47824
lm_head,572,0,1,736
embedding,573,0,1,18672
input_layernorm,573,0,1,47281
rope,573,0,1,64640
post_layernorm,573,0,1,47904
act_fn,573,0,1,24911
final_layernorm,573,0,1,47728
lm_head,573,0,1,736
embedding,574,0,1,18528
input_layernorm,574,0,1,47249
rope,574,0,1,64447
post_layernorm,574,0,1,48144
act_fn,574,0,1,24944
final_layernorm,574,0,1,48064
lm_head,574,0,1,736
embedding,575,0,1,18751
input_layernorm,575,0,1,47472
rope,575,0,1,64512
post_layernorm,575,0,1,47905
act_fn,575,0,1,24816
final_layernorm,575,0,1,47951
lm_head,575,0,1,736
embedding,576,0,1,18416
input_layernorm,576,0,1,46768
rope,576,0,1,64289
post_layernorm,576,0,1,47857
act_fn,576,0,1,24863
final_layernorm,576,0,1,47295
lm_head,576,0,1,736
embedding,577,0,1,18448
input_layernorm,577,0,1,47089
rope,577,0,1,64624
post_layernorm,577,0,1,48176
act_fn,577,0,1,24815
final_layernorm,577,0,1,48479
lm_head,577,0,1,736
embedding,578,0,1,18208
input_layernorm,578,0,1,47313
rope,578,0,1,64670
post_layernorm,578,0,1,48000
act_fn,578,0,1,24879
final_layernorm,578,0,1,48176
lm_head,578,0,1,736
embedding,579,0,1,18464
input_layernorm,579,0,1,46992
rope,579,0,1,64223
post_layernorm,579,0,1,47808
act_fn,579,0,1,24815
final_layernorm,579,0,1,48288
lm_head,579,0,1,736
embedding,580,0,1,18175
input_layernorm,580,0,1,46945
rope,580,0,1,65183
post_layernorm,580,0,1,48081
act_fn,580,0,1,25055
final_layernorm,580,0,1,48350
lm_head,580,0,1,736
embedding,581,0,1,18320
input_layernorm,581,0,1,47216
rope,581,0,1,64561
post_layernorm,581,0,1,47904
act_fn,581,0,1,25231
final_layernorm,581,0,1,48096
lm_head,581,0,1,736
embedding,582,0,1,18160
input_layernorm,582,0,1,47328
rope,582,0,1,65102
post_layernorm,582,0,1,48256
act_fn,582,0,1,25056
final_layernorm,582,0,1,48576
lm_head,582,0,1,736
embedding,583,0,1,18479
input_layernorm,583,0,1,47296
rope,583,0,1,65199
post_layernorm,583,0,1,48400
act_fn,583,0,1,25136
final_layernorm,583,0,1,48464
lm_head,583,0,1,736
embedding,584,0,1,18335
input_layernorm,584,0,1,46831
rope,584,0,1,65280
post_layernorm,584,0,1,47744
act_fn,584,0,1,25135
final_layernorm,584,0,1,47968
lm_head,584,0,1,736
embedding,585,0,1,18320
input_layernorm,585,0,1,47279
rope,585,0,1,64720
post_layernorm,585,0,1,48207
act_fn,585,0,1,25120
final_layernorm,585,0,1,48493
lm_head,585,0,1,736
embedding,586,0,1,18560
input_layernorm,586,0,1,47648
rope,586,0,1,65216
post_layernorm,586,0,1,48464
act_fn,586,0,1,25216
final_layernorm,586,0,1,48704
lm_head,586,0,1,736
embedding,587,0,1,18288
input_layernorm,587,0,1,47247
rope,587,0,1,64895
post_layernorm,587,0,1,48320
act_fn,587,0,1,25408
final_layernorm,587,0,1,48511
lm_head,587,0,1,736
embedding,588,0,1,18560
input_layernorm,588,0,1,47185
rope,588,0,1,65632
post_layernorm,588,0,1,48352
act_fn,588,0,1,25472
final_layernorm,588,0,1,48544
lm_head,588,0,1,736
embedding,589,0,1,18448
input_layernorm,589,0,1,47136
rope,589,0,1,65071
post_layernorm,589,0,1,48239
act_fn,589,0,1,25456
final_layernorm,589,0,1,48432
lm_head,589,0,1,736
embedding,590,0,1,18431
input_layernorm,590,0,1,47294
rope,590,0,1,65217
post_layernorm,590,0,1,47935
act_fn,590,0,1,25711
final_layernorm,590,0,1,48543
lm_head,590,0,1,736
embedding,591,0,1,18832
input_layernorm,591,0,1,47295
rope,591,0,1,64800
post_layernorm,591,0,1,48512
act_fn,591,0,1,25520
final_layernorm,591,0,1,48481
lm_head,591,0,1,736
embedding,592,0,1,19375
input_layernorm,592,0,1,47152
rope,592,0,1,65057
post_layernorm,592,0,1,47952
act_fn,592,0,1,25535
final_layernorm,592,0,1,48159
lm_head,592,0,1,736
embedding,593,0,1,18928
input_layernorm,593,0,1,47679
rope,593,0,1,65264
post_layernorm,593,0,1,48593
act_fn,593,0,1,25680
final_layernorm,593,0,1,48480
lm_head,593,0,1,736
embedding,594,0,1,18880
input_layernorm,594,0,1,47424
rope,594,0,1,65231
post_layernorm,594,0,1,48304
act_fn,594,0,1,25840
final_layernorm,594,0,1,48881
lm_head,594,0,1,736
embedding,595,0,1,18864
input_layernorm,595,0,1,47488
rope,595,0,1,65538
post_layernorm,595,0,1,48496
act_fn,595,0,1,25871
final_layernorm,595,0,1,48591
lm_head,595,0,1,736
embedding,596,0,1,19167
input_layernorm,596,0,1,47455
rope,596,0,1,65825
post_layernorm,596,0,1,48304
act_fn,596,0,1,25936
final_layernorm,596,0,1,48673
lm_head,596,0,1,736
embedding,597,0,1,19088
input_layernorm,597,0,1,47584
rope,597,0,1,65504
post_layernorm,597,0,1,48305
act_fn,597,0,1,25920
final_layernorm,597,0,1,48671
lm_head,597,0,1,736
embedding,598,0,1,18864
input_layernorm,598,0,1,47407
rope,598,0,1,65312
post_layernorm,598,0,1,48352
act_fn,598,0,1,25984
final_layernorm,598,0,1,48384
lm_head,598,0,1,736
embedding,599,0,1,19136
input_layernorm,599,0,1,47568
rope,599,0,1,66112
post_layernorm,599,0,1,48656
act_fn,599,0,1,26240
final_layernorm,599,0,1,48912
lm_head,599,0,1,736
embedding,600,0,1,19088
input_layernorm,600,0,1,47680
rope,600,0,1,66334
post_layernorm,600,0,1,48512
act_fn,600,0,1,26112
final_layernorm,600,0,1,48528
lm_head,600,0,1,736
embedding,601,0,1,19567
input_layernorm,601,0,1,47585
rope,601,0,1,66113
post_layernorm,601,0,1,48784
act_fn,601,0,1,26320
final_layernorm,601,0,1,48863
lm_head,601,0,1,736
embedding,602,0,1,19311
input_layernorm,602,0,1,47505
rope,602,0,1,65680
post_layernorm,602,0,1,48576
act_fn,602,0,1,26337
final_layernorm,602,0,1,48752
lm_head,602,0,1,736
embedding,603,0,1,19504
input_layernorm,603,0,1,47857
rope,603,0,1,66623
post_layernorm,603,0,1,48736
act_fn,603,0,1,26609
final_layernorm,603,0,1,49184
lm_head,603,0,1,736
embedding,604,0,1,19535
input_layernorm,604,0,1,47680
rope,604,0,1,66352
post_layernorm,604,0,1,48928
act_fn,604,0,1,26623
final_layernorm,604,0,1,49184
lm_head,604,0,1,736
embedding,605,0,1,19696
input_layernorm,605,0,1,47712
rope,605,0,1,66400
post_layernorm,605,0,1,48863
act_fn,605,0,1,26545
final_layernorm,605,0,1,48959
lm_head,605,0,1,736
embedding,606,0,1,19712
input_layernorm,606,0,1,47968
rope,606,0,1,66450
post_layernorm,606,0,1,49056
act_fn,606,0,1,26416
final_layernorm,606,0,1,49230
lm_head,606,0,1,736
embedding,607,0,1,19456
input_layernorm,607,0,1,47552
rope,607,0,1,65776
post_layernorm,607,0,1,48639
act_fn,607,0,1,26640
final_layernorm,607,0,1,48992
lm_head,607,0,1,736
embedding,608,0,1,19584
input_layernorm,608,0,1,48160
rope,608,0,1,66896
post_layernorm,608,0,1,48976
gate_proj,608,0,1,736
up_proj,608,0,1,736
act_fn,608,0,1,26560
final_layernorm,608,0,1,48943
lm_head,608,0,1,736
embedding,609,0,1,19344
input_layernorm,609,0,1,47696
rope,609,0,1,66046
post_layernorm,609,0,1,48752
gate_proj,609,0,1,736
up_proj,609,0,1,736
act_fn,609,0,1,26591
final_layernorm,609,0,1,48785
lm_head,609,0,1,736
embedding,610,0,1,19696
input_layernorm,610,0,1,48144
rope,610,0,1,66592
post_layernorm,610,0,1,49071
gate_proj,610,0,1,736
up_proj,610,0,1,736
act_fn,610,0,1,26624
final_layernorm,610,0,1,49167
lm_head,610,0,1,736
embedding,611,0,1,19327
input_layernorm,611,0,1,47712
rope,611,0,1,66080
post_layernorm,611,0,1,49024
gate_proj,611,0,1,736
up_proj,611,0,1,736
act_fn,611,0,1,26624
final_layernorm,611,0,1,48976
lm_head,611,0,1,736
embedding,612,0,1,19664
input_layernorm,612,0,1,48126
rope,612,0,1,66417
post_layernorm,612,0,1,48975
gate_proj,612,0,1,736
up_proj,612,0,1,736
act_fn,612,0,1,27055
final_layernorm,612,0,1,49040
lm_head,612,0,1,736
embedding,613,0,1,19392
input_layernorm,613,0,1,47919
rope,613,0,1,66256
post_layernorm,613,0,1,48862
gate_proj,613,0,1,736
up_proj,613,0,1,736
act_fn,613,0,1,26880
final_layernorm,613,0,1,49376
lm_head,613,0,1,736
embedding,614,0,1,19856
input_layernorm,614,0,1,48224
rope,614,0,1,66912
post_layernorm,614,0,1,48912
gate_proj,614,0,1,736
up_proj,614,0,1,736
act_fn,614,0,1,26832
final_layernorm,614,0,1,49376
lm_head,614,0,1,736
embedding,615,0,1,19840
input_layernorm,615,0,1,48112
rope,615,0,1,66160
post_layernorm,615,0,1,49057
gate_proj,615,0,1,736
up_proj,615,0,1,736
act_fn,615,0,1,26943
final_layernorm,615,0,1,49247
lm_head,615,0,1,736
embedding,616,0,1,19840
input_layernorm,616,0,1,48257
rope,616,0,1,66785
post_layernorm,616,0,1,49200
gate_proj,616,0,1,736
up_proj,616,0,1,736
act_fn,616,0,1,27153
final_layernorm,616,0,1,49039
lm_head,616,0,1,736
embedding,617,0,1,19808
input_layernorm,617,0,1,48447
rope,617,0,1,66480
post_layernorm,617,0,1,49313
act_fn,617,0,1,27120
final_layernorm,617,0,1,49073
lm_head,617,0,1,736
embedding,618,0,1,19840
input_layernorm,618,0,1,48142
rope,618,0,1,66510
post_layernorm,618,0,1,49152
act_fn,618,0,1,27200
final_layernorm,618,0,1,49120
lm_head,618,0,1,736
embedding,619,0,1,19903
input_layernorm,619,0,1,48588
rope,619,0,1,67151
post_layernorm,619,0,1,49519
act_fn,619,0,1,27232
final_layernorm,619,0,1,49407
lm_head,619,0,1,736
embedding,620,0,1,19776
input_layernorm,620,0,1,48417
rope,620,0,1,66558
post_layernorm,620,0,1,49199
act_fn,620,0,1,27231
final_layernorm,620,0,1,49184
lm_head,620,0,1,736
embedding,621,0,1,19888
input_layernorm,621,0,1,48928
rope,621,0,1,67201
post_layernorm,621,0,1,49391
act_fn,621,0,1,27264
final_layernorm,621,0,1,49615
lm_head,621,0,1,736
embedding,622,0,1,19648
input_layernorm,622,0,1,48512
rope,622,0,1,66719
post_layernorm,622,0,1,49312
act_fn,622,0,1,27488
final_layernorm,622,0,1,49232
lm_head,622,0,1,736
embedding,623,0,1,19920
input_layernorm,623,0,1,48927
rope,623,0,1,66687
post_layernorm,623,0,1,49328
act_fn,623,0,1,27392
final_layernorm,623,0,1,49214
lm_head,623,0,1,736
embedding,624,0,1,20304
input_layernorm,624,0,1,48432
rope,624,0,1,67136
post_layernorm,624,0,1,49215
act_fn,624,0,1,27503
final_layernorm,624,0,1,49329
lm_head,624,0,1,736
embedding,625,0,1,19903
input_layernorm,625,0,1,48832
rope,625,0,1,66832
post_layernorm,625,0,1,49663
act_fn,625,0,1,27408
final_layernorm,625,0,1,49903
lm_head,625,0,1,736
embedding,626,0,1,20096
input_layernorm,626,0,1,48640
rope,626,0,1,67249
post_layernorm,626,0,1,49584
act_fn,626,0,1,27680
final_layernorm,626,0,1,49745
lm_head,626,0,1,736
embedding,627,0,1,20016
input_layernorm,627,0,1,48977
rope,627,0,1,66800
post_layernorm,627,0,1,49585
act_fn,627,0,1,27888
final_layernorm,627,0,1,49697
lm_head,627,0,1,736
embedding,628,0,1,19824
input_layernorm,628,0,1,48545
rope,628,0,1,67648
post_layernorm,628,0,1,49631
act_fn,628,0,1,27760
final_layernorm,628,0,1,49615
lm_head,628,0,1,736
embedding,629,0,1,20128
input_layernorm,629,0,1,49345
rope,629,0,1,67297
post_layernorm,629,0,1,49889
act_fn,629,0,1,27600
final_layernorm,629,0,1,49838
lm_head,629,0,1,736
embedding,630,0,1,19952
input_layernorm,630,0,1,48736
rope,630,0,1,67568
post_layernorm,630,0,1,49743
act_fn,630,0,1,27888
final_layernorm,630,0,1,49904
lm_head,630,0,1,736
embedding,631,0,1,19984
input_layernorm,631,0,1,48943
rope,631,0,1,67103
post_layernorm,631,0,1,49488
act_fn,631,0,1,27840
final_layernorm,631,0,1,50015
lm_head,631,0,1,736
embedding,632,0,1,20288
input_layernorm,632,0,1,48656
rope,632,0,1,67264
post_layernorm,632,0,1,49152
act_fn,632,0,1,27776
final_layernorm,632,0,1,49632
lm_head,632,0,1,736
embedding,633,0,1,19760
input_layernorm,633,0,1,48896
rope,633,0,1,67537
post_layernorm,633,0,1,49760
act_fn,633,0,1,28048
final_layernorm,633,0,1,49727
lm_head,633,0,1,736
embedding,634,0,1,19760
input_layernorm,634,0,1,48850
rope,634,0,1,67232
post_layernorm,634,0,1,49776
act_fn,634,0,1,27935
final_layernorm,634,0,1,49903
lm_head,634,0,1,736
embedding,635,0,1,20191
input_layernorm,635,0,1,49216
rope,635,0,1,67856
post_layernorm,635,0,1,49842
act_fn,635,0,1,28336
final_layernorm,635,0,1,50204
lm_head,635,0,1,736
embedding,636,0,1,20000
input_layernorm,636,0,1,49248
rope,636,0,1,68191
post_layernorm,636,0,1,49968
act_fn,636,0,1,28047
final_layernorm,636,0,1,49967
lm_head,636,0,1,736
embedding,637,0,1,20000
input_layernorm,637,0,1,49168
rope,637,0,1,67761
post_layernorm,637,0,1,49968
act_fn,637,0,1,28111
final_layernorm,637,0,1,50160
lm_head,637,0,1,736
embedding,638,0,1,19776
input_layernorm,638,0,1,48911
rope,638,0,1,67487
post_layernorm,638,0,1,49778
act_fn,638,0,1,28223
final_layernorm,638,0,1,49952
lm_head,638,0,1,736
embedding,639,0,1,19968
input_layernorm,639,0,1,49233
rope,639,0,1,68192
post_layernorm,639,0,1,50000
act_fn,639,0,1,28272
final_layernorm,639,0,1,50224
lm_head,639,0,1,736
embedding,640,0,1,20127
input_layernorm,640,0,1,49120
rope,640,0,1,68303
post_layernorm,640,0,1,49600
gate_proj,640,0,1,736
up_proj,640,0,1,736
act_fn,640,0,1,28336
final_layernorm,640,0,1,49728
lm_head,640,0,1,736
embedding,641,0,1,19840
input_layernorm,641,0,1,49053
rope,641,0,1,67888
post_layernorm,641,0,1,49968
gate_proj,641,0,1,736
up_proj,641,0,1,736
act_fn,641,0,1,28288
final_layernorm,641,0,1,49984
lm_head,641,0,1,736
embedding,642,0,1,19840
input_layernorm,642,0,1,49344
rope,642,0,1,67839
post_layernorm,642,0,1,49920
gate_proj,642,0,1,735
up_proj,642,0,1,736
act_fn,642,0,1,28368
final_layernorm,642,0,1,50255
lm_head,642,0,1,736
embedding,643,0,1,19824
input_layernorm,643,0,1,49457
rope,643,0,1,68003
post_layernorm,643,0,1,50047
gate_proj,643,0,1,736
up_proj,643,0,1,736
act_fn,643,0,1,28400
final_layernorm,643,0,1,49999
lm_head,643,0,1,736
embedding,644,0,1,19696
input_layernorm,644,0,1,49184
rope,644,0,1,68161
post_layernorm,644,0,1,50270
gate_proj,644,0,1,736
up_proj,644,0,1,736
act_fn,644,0,1,28543
final_layernorm,644,0,1,50144
lm_head,644,0,1,736
embedding,645,0,1,19696
input_layernorm,645,0,1,49584
rope,645,0,1,68016
post_layernorm,645,0,1,50048
gate_proj,645,0,1,736
up_proj,645,0,1,736
act_fn,645,0,1,28528
final_layernorm,645,0,1,50128
lm_head,645,0,1,736
embedding,646,0,1,19792
input_layernorm,646,0,1,49344
rope,646,0,1,68496
post_layernorm,646,0,1,50384
gate_proj,646,0,1,736
up_proj,646,0,1,736
act_fn,646,0,1,28833
final_layernorm,646,0,1,50159
lm_head,646,0,1,736
embedding,647,0,1,20048
input_layernorm,647,0,1,49935
rope,647,0,1,68510
post_layernorm,647,0,1,50368
gate_proj,647,0,1,736
up_proj,647,0,1,736
act_fn,647,0,1,28704
final_layernorm,647,0,1,50288
lm_head,647,0,1,736
embedding,648,0,1,19968
input_layernorm,648,0,1,49025
rope,648,0,1,68384
post_layernorm,648,0,1,49824
gate_proj,648,0,1,736
up_proj,648,0,1,736
act_fn,648,0,1,28480
final_layernorm,648,0,1,49839
lm_head,648,0,1,736
embedding,649,0,1,20224
input_layernorm,649,0,1,50001
rope,649,0,1,68800
post_layernorm,649,0,1,50815
gate_proj,649,0,1,736
up_proj,649,0,1,736
act_fn,649,0,1,28800
final_layernorm,649,0,1,50463
lm_head,649,0,1,736
embedding,650,0,1,20319
input_layernorm,650,0,1,49264
rope,650,0,1,68688
post_layernorm,650,0,1,50400
gate_proj,650,0,1,736
up_proj,650,0,1,736
act_fn,650,0,1,28784
final_layernorm,650,0,1,50255
lm_head,650,0,1,736
embedding,651,0,1,20207
input_layernorm,651,0,1,49521
rope,651,0,1,68480
post_layernorm,651,0,1,50304
gate_proj,651,0,1,736
up_proj,651,0,1,736
act_fn,651,0,1,28928
final_layernorm,651,0,1,50383
lm_head,651,0,1,736
embedding,652,0,1,20224
input_layernorm,652,0,1,49503
rope,652,0,1,68802
post_layernorm,652,0,1,50560
gate_proj,652,0,1,736
up_proj,652,0,1,736
act_fn,652,0,1,29120
final_layernorm,652,0,1,50574
lm_head,652,0,1,736
embedding,653,0,1,20160
input_layernorm,653,0,1,49888
rope,653,0,1,68273
post_layernorm,653,0,1,50240
gate_proj,653,0,1,736
up_proj,653,0,1,736
act_fn,653,0,1,29408
final_layernorm,653,0,1,50255
lm_head,653,0,1,736
embedding,654,0,1,20400
input_layernorm,654,0,1,49456
rope,654,0,1,68173
post_layernorm,654,0,1,50320
gate_proj,654,0,1,736
up_proj,654,0,1,736
act_fn,654,0,1,29071
final_layernorm,654,0,1,50653
lm_head,654,0,1,736
embedding,655,0,1,20400
input_layernorm,655,0,1,49856
rope,655,0,1,68239
post_layernorm,655,0,1,50656
gate_proj,655,0,1,736
up_proj,655,0,1,736
act_fn,655,0,1,29216
final_layernorm,655,0,1,50480
lm_head,655,0,1,736
embedding,656,0,1,20304
input_layernorm,656,0,1,49568
rope,656,0,1,69088
post_layernorm,656,0,1,50656
gate_proj,656,0,1,736
up_proj,656,0,1,736
act_fn,656,0,1,29232
final_layernorm,656,0,1,50336
lm_head,656,0,1,736
embedding,657,0,1,20352
input_layernorm,657,0,1,49997
rope,657,0,1,68497
post_layernorm,657,0,1,50592
gate_proj,657,0,1,736
up_proj,657,0,1,736
act_fn,657,0,1,29311
final_layernorm,657,0,1,50671
lm_head,657,0,1,736
embedding,658,0,1,20816
input_layernorm,658,0,1,49777
rope,658,0,1,68561
post_layernorm,658,0,1,50753
gate_proj,658,0,1,736
up_proj,658,0,1,736
act_fn,658,0,1,29376
final_layernorm,658,0,1,50737
lm_head,658,0,1,736
embedding,659,0,1,20480
input_layernorm,659,0,1,50047
rope,659,0,1,68688
post_layernorm,659,0,1,51022
gate_proj,659,0,1,736
up_proj,659,0,1,736
act_fn,659,0,1,29328
final_layernorm,659,0,1,50862
lm_head,659,0,1,736
embedding,660,0,1,20784
input_layernorm,660,0,1,49903
rope,660,0,1,69024
post_layernorm,660,0,1,50848
gate_proj,660,0,1,736
up_proj,660,0,1,736
act_fn,660,0,1,29456
final_layernorm,660,0,1,50816
lm_head,660,0,1,736
embedding,661,0,1,20848
input_layernorm,661,0,1,50384
rope,661,0,1,68977
post_layernorm,661,0,1,51039
gate_proj,661,0,1,736
up_proj,661,0,1,736
act_fn,661,0,1,29616
final_layernorm,661,0,1,50959
lm_head,661,0,1,736
embedding,662,0,1,20800
input_layernorm,662,0,1,49727
rope,662,0,1,69184
post_layernorm,662,0,1,50865
gate_proj,662,0,1,736
up_proj,662,0,1,736
act_fn,662,0,1,29824
final_layernorm,662,0,1,50736
lm_head,662,0,1,736
embedding,663,0,1,20656
input_layernorm,663,0,1,50096
rope,663,0,1,69488
post_layernorm,663,0,1,51201
gate_proj,663,0,1,736
up_proj,663,0,1,736
act_fn,663,0,1,30000
final_layernorm,663,0,1,50992
lm_head,663,0,1,736
embedding,664,0,1,20784
input_layernorm,664,0,1,49568
rope,664,0,1,68928
post_layernorm,664,0,1,50623
gate_proj,664,0,1,736
up_proj,664,0,1,736
act_fn,664,0,1,29567
final_layernorm,664,0,1,50608
lm_head,664,0,1,736
embedding,665,0,1,20720
input_layernorm,665,0,1,50352
rope,665,0,1,69440
post_layernorm,665,0,1,51280
gate_proj,665,0,1,736
up_proj,665,0,1,736
act_fn,665,0,1,29696
final_layernorm,665,0,1,51344
lm_head,665,0,1,736
embedding,666,0,1,20848
input_layernorm,666,0,1,49856
rope,666,0,1,69183
post_layernorm,666,0,1,50928
gate_proj,666,0,1,736
up_proj,666,0,1,736
act_fn,666,0,1,29711
final_layernorm,666,0,1,51025
lm_head,666,0,1,736
embedding,667,0,1,20528
input_layernorm,667,0,1,50576
rope,667,0,1,69712
post_layernorm,667,0,1,51552
gate_proj,667,0,1,736
up_proj,667,0,1,736
act_fn,667,0,1,29663
final_layernorm,667,0,1,51154
lm_head,667,0,1,736
embedding,668,0,1,20816
input_layernorm,668,0,1,50032
rope,668,0,1,69792
post_layernorm,668,0,1,50991
gate_proj,668,0,1,736
up_proj,668,0,1,736
act_fn,668,0,1,29936
final_layernorm,668,0,1,51264
lm_head,668,0,1,736
embedding,669,0,1,20735
input_layernorm,669,0,1,50353
rope,669,0,1,70046
post_layernorm,669,0,1,51312
gate_proj,669,0,1,736
up_proj,669,0,1,736
act_fn,669,0,1,29840
final_layernorm,669,0,1,51503
lm_head,669,0,1,736
embedding,670,0,1,20624
input_layernorm,670,0,1,50048
rope,670,0,1,69936
post_layernorm,670,0,1,51345
gate_proj,670,0,1,736
up_proj,670,0,1,736
act_fn,670,0,1,30032
final_layernorm,670,0,1,51215
lm_head,670,0,1,736
embedding,671,0,1,20672
input_layernorm,671,0,1,50592
rope,671,0,1,70144
post_layernorm,671,0,1,51216
gate_proj,671,0,1,736
up_proj,671,0,1,736
act_fn,671,0,1,30048
final_layernorm,671,0,1,51169
lm_head,671,0,1,736
embedding,672,0,1,20687
input_layernorm,672,0,1,50032
rope,672,0,1,70254
post_layernorm,672,0,1,51168
gate_proj,672,0,1,736
up_proj,672,0,1,736
act_fn,672,0,1,30320
final_layernorm,672,0,1,50609
lm_head,672,0,1,736
embedding,673,0,1,20687
input_layernorm,673,0,1,50528
rope,673,0,1,69982
post_layernorm,673,0,1,51710
gate_proj,673,0,1,736
up_proj,673,0,1,736
act_fn,673,0,1,29952
final_layernorm,673,0,1,50976
lm_head,673,0,1,736
embedding,674,0,1,20831
input_layernorm,674,0,1,49983
rope,674,0,1,69854
post_layernorm,674,0,1,51200
gate_proj,674,0,1,736
up_proj,674,0,1,736
act_fn,674,0,1,29856
final_layernorm,674,0,1,51199
lm_head,674,0,1,736
embedding,675,0,1,20735
input_layernorm,675,0,1,50528
rope,675,0,1,70175
post_layernorm,675,0,1,51633
gate_proj,675,0,1,736
up_proj,675,0,1,736
act_fn,675,0,1,30111
final_layernorm,675,0,1,50960
lm_head,675,0,1,736
embedding,676,0,1,20736
input_layernorm,676,0,1,50157
rope,676,0,1,70016
post_layernorm,676,0,1,51247
gate_proj,676,0,1,736
up_proj,676,0,1,736
act_fn,676,0,1,30079
final_layernorm,676,0,1,51329
lm_head,676,0,1,736
embedding,677,0,1,20752
input_layernorm,677,0,1,50832
rope,677,0,1,70272
post_layernorm,677,0,1,51424
gate_proj,677,0,1,736
up_proj,677,0,1,751
act_fn,677,0,1,30032
final_layernorm,677,0,1,51474
lm_head,677,0,1,736
embedding,678,0,1,20943
input_layernorm,678,0,1,50208
rope,678,0,1,70304
post_layernorm,678,0,1,51696
gate_proj,678,0,1,736
up_proj,678,0,1,736
act_fn,678,0,1,30272
final_layernorm,678,0,1,51376
lm_head,678,0,1,736
embedding,679,0,1,20704
input_layernorm,679,0,1,50704
rope,679,0,1,70512
post_layernorm,679,0,1,51663
gate_proj,679,0,1,736
up_proj,679,0,1,736
act_fn,679,0,1,30160
final_layernorm,679,0,1,51455
lm_head,679,0,1,736
embedding,680,0,1,21056
input_layernorm,680,0,1,50384
rope,680,0,1,70783
post_layernorm,680,0,1,51167
gate_proj,680,0,1,736
up_proj,680,0,1,736
act_fn,680,0,1,30624
final_layernorm,680,0,1,51056
lm_head,680,0,1,736
embedding,681,0,1,20592
input_layernorm,681,0,1,50977
rope,681,0,1,70273
post_layernorm,681,0,1,51312
gate_proj,681,0,1,736
up_proj,681,0,1,736
act_fn,681,0,1,30224
final_layernorm,681,0,1,51696
lm_head,681,0,1,736
embedding,682,0,1,20976
input_layernorm,682,0,1,50559
rope,682,0,1,70655
post_layernorm,682,0,1,51632
gate_proj,682,0,1,736
up_proj,682,0,1,736
act_fn,682,0,1,30321
final_layernorm,682,0,1,51522
lm_head,682,0,1,736
embedding,683,0,1,20832
input_layernorm,683,0,1,51150
rope,683,0,1,70575
post_layernorm,683,0,1,51999
gate_proj,683,0,1,736
up_proj,683,0,1,736
act_fn,683,0,1,30768
final_layernorm,683,0,1,51231
lm_head,683,0,1,736
embedding,684,0,1,21120
input_layernorm,684,0,1,50879
rope,684,0,1,70880
post_layernorm,684,0,1,51712
gate_proj,684,0,1,736
up_proj,684,0,1,736
act_fn,684,0,1,30847
final_layernorm,684,0,1,51137
lm_head,684,0,1,736
embedding,685,0,1,20863
input_layernorm,685,0,1,51136
rope,685,0,1,70480
post_layernorm,685,0,1,51840
gate_proj,685,0,1,736
up_proj,685,0,1,736
act_fn,685,0,1,30592
final_layernorm,685,0,1,51295
lm_head,685,0,1,736
embedding,686,0,1,20783
input_layernorm,686,0,1,50320
rope,686,0,1,69872
post_layernorm,686,0,1,51391
gate_proj,686,0,1,736
up_proj,686,0,1,736
act_fn,686,0,1,30768
final_layernorm,686,0,1,51201
lm_head,686,0,1,736
embedding,687,0,1,20896
input_layernorm,687,0,1,50910
rope,687,0,1,70336
post_layernorm,687,0,1,51409
gate_proj,687,0,1,736
up_proj,687,0,1,736
act_fn,687,0,1,30543
final_layernorm,687,0,1,51232
lm_head,687,0,1,736
embedding,688,0,1,21248
input_layernorm,688,0,1,50721
rope,688,0,1,70734
post_layernorm,688,0,1,51536
gate_proj,688,0,1,736
up_proj,688,0,1,736
act_fn,688,0,1,30928
final_layernorm,688,0,1,51070
lm_head,688,0,1,736
embedding,689,0,1,21072
input_layernorm,689,0,1,51088
rope,689,0,1,70386
post_layernorm,689,0,1,52032
gate_proj,689,0,1,736
up_proj,689,0,1,736
act_fn,689,0,1,30960
final_layernorm,689,0,1,51776
lm_head,689,0,1,736
embedding,690,0,1,21599
input_layernorm,690,0,1,50944
rope,690,0,1,70945
post_layernorm,690,0,1,52016
gate_proj,690,0,1,736
up_proj,690,0,1,736
act_fn,690,0,1,31215
final_layernorm,690,0,1,51488
lm_head,690,0,1,736
embedding,691,0,1,21456
input_layernorm,691,0,1,51439
rope,691,0,1,71312
post_layernorm,691,0,1,52096
gate_proj,691,0,1,736
up_proj,691,0,1,736
act_fn,691,0,1,31072
final_layernorm,691,0,1,51872
lm_head,691,0,1,736
embedding,692,0,1,21681
input_layernorm,692,0,1,51056
rope,692,0,1,71133
post_layernorm,692,0,1,52319
gate_proj,692,0,1,736
up_proj,692,0,1,736
act_fn,692,0,1,31104
final_layernorm,692,0,1,51488
lm_head,692,0,1,736
embedding,693,0,1,21599
input_layernorm,693,0,1,51200
rope,693,0,1,70976
post_layernorm,693,0,1,51983
gate_proj,693,0,1,736
up_proj,693,0,1,736
act_fn,693,0,1,31135
final_layernorm,693,0,1,51278
lm_head,693,0,1,736
embedding,694,0,1,21439
input_layernorm,694,0,1,51071
rope,694,0,1,70944
post_layernorm,694,0,1,51855
gate_proj,694,0,1,736
up_proj,694,0,1,736
act_fn,694,0,1,31168
final_layernorm,694,0,1,51599
lm_head,694,0,1,736
embedding,695,0,1,21248
input_layernorm,695,0,1,51440
rope,695,0,1,71216
post_layernorm,695,0,1,52208
gate_proj,695,0,1,736
up_proj,695,0,1,736
act_fn,695,0,1,31168
final_layernorm,695,0,1,51969
lm_head,695,0,1,736
embedding,696,0,1,21504
input_layernorm,696,0,1,50784
rope,696,0,1,70736
post_layernorm,696,0,1,51744
gate_proj,696,0,1,736
up_proj,696,0,1,736
act_fn,696,0,1,31439
final_layernorm,696,0,1,51184
lm_head,696,0,1,736
embedding,697,0,1,21743
input_layernorm,697,0,1,51599
rope,697,0,1,71040
post_layernorm,697,0,1,52319
gate_proj,697,0,1,736
up_proj,697,0,1,736
act_fn,697,0,1,31344
final_layernorm,697,0,1,51711
lm_head,697,0,1,736
embedding,698,0,1,21808
input_layernorm,698,0,1,51056
rope,698,0,1,71471
post_layernorm,698,0,1,52321
gate_proj,698,0,1,736
up_proj,698,0,1,736
act_fn,698,0,1,31457
final_layernorm,698,0,1,51872
lm_head,698,0,1,736
embedding,699,0,1,21712
input_layernorm,699,0,1,51472
rope,699,0,1,71231
post_layernorm,699,0,1,52462
gate_proj,699,0,1,736
up_proj,699,0,1,736
act_fn,699,0,1,31327
final_layernorm,699,0,1,51632
lm_head,699,0,1,736
embedding,700,0,1,21727
input_layernorm,700,0,1,51152
rope,700,0,1,71664
post_layernorm,700,0,1,52126
gate_proj,700,0,1,736
up_proj,700,0,1,736
act_fn,700,0,1,31568
final_layernorm,700,0,1,51888
lm_head,700,0,1,736
embedding,701,0,1,21600
input_layernorm,701,0,1,51794
rope,701,0,1,71219
post_layernorm,701,0,1,52351
gate_proj,701,0,1,736
up_proj,701,0,1,736
act_fn,701,0,1,31552
final_layernorm,701,0,1,51920
lm_head,701,0,1,736
embedding,702,0,1,21936
input_layernorm,702,0,1,51616
rope,702,0,1,72223
post_layernorm,702,0,1,52256
gate_proj,702,0,1,736
up_proj,702,0,1,736
act_fn,702,0,1,31488
final_layernorm,702,0,1,51840
lm_head,702,0,1,736
embedding,703,0,1,21600
input_layernorm,703,0,1,52016
rope,703,0,1,71792
post_layernorm,703,0,1,52752
gate_proj,703,0,1,736
up_proj,703,0,1,736
act_fn,703,0,1,31615
final_layernorm,703,0,1,51968
lm_head,703,0,1,736
embedding,704,0,1,22240
input_layernorm,704,0,1,51375
rope,704,0,1,72191
post_layernorm,704,0,1,52177
gate_proj,704,0,1,736
up_proj,704,0,1,736
act_fn,704,0,1,31585
final_layernorm,704,0,1,51376
lm_head,704,0,1,736
embedding,705,0,1,21648
input_layernorm,705,0,1,51648
rope,705,0,1,72432
post_layernorm,705,0,1,52639
gate_proj,705,0,1,736
up_proj,705,0,1,736
act_fn,705,0,1,31759
final_layernorm,705,0,1,52432
lm_head,705,0,1,736
embedding,706,0,1,21632
input_layernorm,706,0,1,51473
rope,706,0,1,72415
post_layernorm,706,0,1,52880
gate_proj,706,0,1,736
up_proj,706,0,1,736
act_fn,706,0,1,31696
final_layernorm,706,0,1,52430
lm_head,706,0,1,736
embedding,707,0,1,21728
input_layernorm,707,0,1,51791
rope,707,0,1,72688
post_layernorm,707,0,1,52591
gate_proj,707,0,1,736
up_proj,707,0,1,736
act_fn,707,0,1,31888
final_layernorm,707,0,1,52480
lm_head,707,0,1,719
embedding,708,0,1,21648
input_layernorm,708,0,1,51520
rope,708,0,1,72864
post_layernorm,708,0,1,52223
gate_proj,708,0,1,736
up_proj,708,0,1,736
act_fn,708,0,1,32016
final_layernorm,708,0,1,52256
lm_head,708,0,1,736
embedding,709,0,1,21808
input_layernorm,709,0,1,51887
rope,709,0,1,72800
post_layernorm,709,0,1,52944
gate_proj,709,0,1,736
up_proj,709,0,1,736
act_fn,709,0,1,31808
final_layernorm,709,0,1,52384
lm_head,709,0,1,736
embedding,710,0,1,21648
input_layernorm,710,0,1,51439
rope,710,0,1,72912
post_layernorm,710,0,1,53312
gate_proj,710,0,1,736
up_proj,710,0,1,736
act_fn,710,0,1,31951
final_layernorm,710,0,1,52513
lm_head,710,0,1,736
embedding,711,0,1,21809
input_layernorm,711,0,1,51632
rope,711,0,1,72351
post_layernorm,711,0,1,52672
gate_proj,711,0,1,736
up_proj,711,0,1,736
act_fn,711,0,1,32127
final_layernorm,711,0,1,52577
lm_head,711,0,1,736
embedding,712,0,1,21664
input_layernorm,712,0,1,51392
rope,712,0,1,72527
post_layernorm,712,0,1,51761
gate_proj,712,0,1,736
up_proj,712,0,1,736
act_fn,712,0,1,32320
final_layernorm,712,0,1,52047
lm_head,712,0,1,736
embedding,713,0,1,21727
input_layernorm,713,0,1,51649
rope,713,0,1,72048
post_layernorm,713,0,1,52431
gate_proj,713,0,1,736
up_proj,713,0,1,736
act_fn,713,0,1,32320
final_layernorm,713,0,1,52335
lm_head,713,0,1,736
embedding,714,0,1,21584
input_layernorm,714,0,1,51472
rope,714,0,1,72289
post_layernorm,714,0,1,53040
gate_proj,714,0,1,736
up_proj,714,0,1,736
act_fn,714,0,1,32416
final_layernorm,714,0,1,52751
lm_head,714,0,1,736
embedding,715,0,1,21616
input_layernorm,715,0,1,51920
rope,715,0,1,72272
post_layernorm,715,0,1,52766
gate_proj,715,0,1,736
up_proj,715,0,1,736
act_fn,715,0,1,32271
final_layernorm,715,0,1,52752
lm_head,715,0,1,736
embedding,716,0,1,21680
input_layernorm,716,0,1,51713
rope,716,0,1,72880
post_layernorm,716,0,1,52752
gate_proj,716,0,1,736
up_proj,716,0,1,736
act_fn,716,0,1,32400
final_layernorm,716,0,1,52703
lm_head,716,0,1,736
embedding,717,0,1,21936
input_layernorm,717,0,1,51999
rope,717,0,1,72257
post_layernorm,717,0,1,52720
gate_proj,717,0,1,736
up_proj,717,0,1,736
act_fn,717,0,1,32304
final_layernorm,717,0,1,52688
lm_head,717,0,1,736
embedding,718,0,1,21728
input_layernorm,718,0,1,51488
rope,718,0,1,72623
post_layernorm,718,0,1,53023
gate_proj,718,0,1,736
up_proj,718,0,1,736
act_fn,718,0,1,32624
final_layernorm,718,0,1,52800
lm_head,718,0,1,736
embedding,719,0,1,21808
input_layernorm,719,0,1,52048
rope,719,0,1,72337
post_layernorm,719,0,1,52784
gate_proj,719,0,1,736
up_proj,719,0,1,736
act_fn,719,0,1,32512
final_layernorm,719,0,1,52751
lm_head,719,0,1,736
embedding,720,0,1,21856
input_layernorm,720,0,1,51712
rope,720,0,1,72720
post_layernorm,720,0,1,52254
gate_proj,720,0,1,736
up_proj,720,0,1,736
act_fn,720,0,1,32607
final_layernorm,720,0,1,52544
lm_head,720,0,1,736
embedding,721,0,1,22128
input_layernorm,721,0,1,52479
rope,721,0,1,72624
post_layernorm,721,0,1,53136
gate_proj,721,0,1,736
up_proj,721,0,1,736
act_fn,721,0,1,32623
final_layernorm,721,0,1,53186
lm_head,721,0,1,736
embedding,722,0,1,21952
input_layernorm,722,0,1,51744
rope,722,0,1,72480
post_layernorm,722,0,1,53233
gate_proj,722,0,1,736
up_proj,722,0,1,736
act_fn,722,0,1,32783
final_layernorm,722,0,1,52815
lm_head,722,0,1,736
embedding,723,0,1,22480
input_layernorm,723,0,1,52320
rope,723,0,1,73136
post_layernorm,723,0,1,53345
gate_proj,723,0,1,736
up_proj,723,0,1,736
act_fn,723,0,1,33024
final_layernorm,723,0,1,53328
lm_head,723,0,1,736
embedding,724,0,1,22511
input_layernorm,724,0,1,52031
rope,724,0,1,73424
post_layernorm,724,0,1,52928
gate_proj,724,0,1,736
up_proj,724,0,1,736
act_fn,724,0,1,33216
final_layernorm,724,0,1,53072
lm_head,724,0,1,736
embedding,725,0,1,22543
input_layernorm,725,0,1,52400
rope,725,0,1,73312
post_layernorm,725,0,1,53088
gate_proj,725,0,1,736
up_proj,725,0,1,736
act_fn,725,0,1,33328
final_layernorm,725,0,1,53216
lm_head,725,0,1,736
embedding,726,0,1,22495
input_layernorm,726,0,1,52336
rope,726,0,1,73153
post_layernorm,726,0,1,53472
gate_proj,726,0,1,736
up_proj,726,0,1,736
act_fn,726,0,1,33136
final_layernorm,726,0,1,53232
lm_head,726,0,1,736
embedding,727,0,1,22560
input_layernorm,727,0,1,52288
rope,727,0,1,72880
post_layernorm,727,0,1,52911
gate_proj,727,0,1,736
up_proj,727,0,1,736
act_fn,727,0,1,33184
final_layernorm,727,0,1,53232
lm_head,727,0,1,736
embedding,728,0,1,22511
input_layernorm,728,0,1,52015
rope,728,0,1,73039
post_layernorm,728,0,1,52495
gate_proj,728,0,1,736
up_proj,728,0,1,736
act_fn,728,0,1,33776
final_layernorm,728,0,1,52975
lm_head,728,0,1,736
embedding,729,0,1,22944
input_layernorm,729,0,1,52671
rope,729,0,1,73568
post_layernorm,729,0,1,53615
gate_proj,729,0,1,736
up_proj,729,0,1,736
act_fn,729,0,1,32704
final_layernorm,729,0,1,53249
lm_head,729,0,1,736
embedding,730,0,1,22463
input_layernorm,730,0,1,52367
rope,730,0,1,73695
post_layernorm,730,0,1,53727
gate_proj,730,0,1,736
up_proj,730,0,1,736
act_fn,730,0,1,32783
final_layernorm,730,0,1,53248
lm_head,730,0,1,736
embedding,731,0,1,22528
input_layernorm,731,0,1,52653
rope,731,0,1,74144
post_layernorm,731,0,1,53456
gate_proj,731,0,1,736
up_proj,731,0,1,736
act_fn,731,0,1,32960
final_layernorm,731,0,1,53424
lm_head,731,0,1,736
embedding,732,0,1,22896
input_layernorm,732,0,1,52992
rope,732,0,1,73951
post_layernorm,732,0,1,53297
gate_proj,732,0,1,736
up_proj,732,0,1,736
act_fn,732,0,1,33008
final_layernorm,732,0,1,52894
lm_head,732,0,1,736
embedding,733,0,1,22656
input_layernorm,733,0,1,53104
rope,733,0,1,74146
post_layernorm,733,0,1,53296
gate_proj,733,0,1,736
up_proj,733,0,1,736
act_fn,733,0,1,33392
final_layernorm,733,0,1,53279
lm_head,733,0,1,736
embedding,734,0,1,22592
input_layernorm,734,0,1,53120
rope,734,0,1,73760
post_layernorm,734,0,1,53073
gate_proj,734,0,1,736
up_proj,734,0,1,736
act_fn,734,0,1,32928
final_layernorm,734,0,1,53056
lm_head,734,0,1,736
embedding,735,0,1,22640
input_layernorm,735,0,1,52528
rope,735,0,1,73408
post_layernorm,735,0,1,52896
gate_proj,735,0,1,736
up_proj,735,0,1,736
act_fn,735,0,1,33280
final_layernorm,735,0,1,52896
lm_head,735,0,1,736
embedding,736,0,1,22927
input_layernorm,736,0,1,52336
rope,736,0,1,74256
post_layernorm,736,0,1,53024
gate_proj,736,0,1,736
up_proj,736,0,1,736
act_fn,736,0,1,33424
final_layernorm,736,0,1,52638
lm_head,736,0,1,735
embedding,737,0,1,22656
input_layernorm,737,0,1,53040
rope,737,0,1,74079
post_layernorm,737,0,1,53663
gate_proj,737,0,1,736
up_proj,737,0,1,736
act_fn,737,0,1,33408
final_layernorm,737,0,1,53295
lm_head,737,0,1,736
embedding,738,0,1,22608
input_layernorm,738,0,1,53215
rope,738,0,1,74479
post_layernorm,738,0,1,53471
gate_proj,738,0,1,736
up_proj,738,0,1,736
act_fn,738,0,1,33360
final_layernorm,738,0,1,53200
lm_head,738,0,1,736
embedding,739,0,1,22976
input_layernorm,739,0,1,53135
rope,739,0,1,74336
post_layernorm,739,0,1,53743
gate_proj,739,0,1,736
up_proj,739,0,1,736
act_fn,739,0,1,33809
final_layernorm,739,0,1,53168
lm_head,739,0,1,736
embedding,740,0,1,22576
input_layernorm,740,0,1,52973
rope,740,0,1,74592
post_layernorm,740,0,1,53390
gate_proj,740,0,1,736
up_proj,740,0,1,736
act_fn,740,0,1,33392
final_layernorm,740,0,1,53267
lm_head,740,0,1,736
embedding,741,0,1,22752
input_layernorm,741,0,1,53055
rope,741,0,1,74639
post_layernorm,741,0,1,53648
gate_proj,741,0,1,736
up_proj,741,0,1,736
act_fn,741,0,1,33536
final_layernorm,741,0,1,53071
lm_head,741,0,1,736
embedding,742,0,1,22591
input_layernorm,742,0,1,53120
rope,742,0,1,74383
post_layernorm,742,0,1,53456
gate_proj,742,0,1,736
up_proj,742,0,1,736
act_fn,742,0,1,33392
final_layernorm,742,0,1,53055
lm_head,742,0,1,736
embedding,743,0,1,22960
input_layernorm,743,0,1,53360
rope,743,0,1,74416
post_layernorm,743,0,1,53725
gate_proj,743,0,1,736
up_proj,743,0,1,736
act_fn,743,0,1,33760
final_layernorm,743,0,1,53392
lm_head,743,0,1,736
embedding,744,0,1,22704
input_layernorm,744,0,1,53039
rope,744,0,1,74958
post_layernorm,744,0,1,53344
gate_proj,744,0,1,736
up_proj,744,0,1,736
act_fn,744,0,1,33792
final_layernorm,744,0,1,53135
lm_head,744,0,1,736
embedding,745,0,1,22816
input_layernorm,745,0,1,53327
rope,745,0,1,74464
post_layernorm,745,0,1,53778
gate_proj,745,0,1,736
up_proj,745,0,1,736
act_fn,745,0,1,33920
final_layernorm,745,0,1,53392
lm_head,745,0,1,736
embedding,746,0,1,22607
input_layernorm,746,0,1,53247
rope,746,0,1,74958
post_layernorm,746,0,1,53649
gate_proj,746,0,1,736
up_proj,746,0,1,736
act_fn,746,0,1,34304
final_layernorm,746,0,1,53856
lm_head,746,0,1,736
embedding,747,0,1,22880
input_layernorm,747,0,1,53119
rope,747,0,1,74513
post_layernorm,747,0,1,53440
gate_proj,747,0,1,736
up_proj,747,0,1,736
act_fn,747,0,1,34096
final_layernorm,747,0,1,53362
lm_head,747,0,1,736
embedding,748,0,1,22607
input_layernorm,748,0,1,53344
rope,748,0,1,75138
post_layernorm,748,0,1,53713
gate_proj,748,0,1,736
up_proj,748,0,1,752
act_fn,748,0,1,34175
final_layernorm,748,0,1,53887
lm_head,748,0,1,736
embedding,749,0,1,22895
input_layernorm,749,0,1,53073
rope,749,0,1,74254
post_layernorm,749,0,1,53376
gate_proj,749,0,1,736
up_proj,749,0,1,736
act_fn,749,0,1,33824
final_layernorm,749,0,1,53663
lm_head,749,0,1,736
embedding,750,0,1,22800
input_layernorm,750,0,1,53791
rope,750,0,1,74991
post_layernorm,750,0,1,53744
gate_proj,750,0,1,736
up_proj,750,0,1,736
act_fn,750,0,1,33840
final_layernorm,750,0,1,53953
lm_head,750,0,1,736
embedding,751,0,1,23039
input_layernorm,751,0,1,53584
rope,751,0,1,74864
post_layernorm,751,0,1,54111
gate_proj,751,0,1,736
up_proj,751,0,1,736
act_fn,751,0,1,34143
final_layernorm,751,0,1,53968
lm_head,751,0,1,736
embedding,752,0,1,23184
input_layernorm,752,0,1,53104
rope,752,0,1,75312
post_layernorm,752,0,1,53729
gate_proj,752,0,1,736
up_proj,752,0,1,736
act_fn,752,0,1,34432
final_layernorm,752,0,1,53537
lm_head,752,0,1,736
embedding,753,0,1,23088
input_layernorm,753,0,1,53616
rope,753,0,1,75103
post_layernorm,753,0,1,54080
gate_proj,753,0,1,736
up_proj,753,0,1,752
act_fn,753,0,1,34335
final_layernorm,753,0,1,53775
lm_head,753,0,1,736
embedding,754,0,1,22911
input_layernorm,754,0,1,53296
rope,754,0,1,75056
post_layernorm,754,0,1,53791
gate_proj,754,0,1,736
up_proj,754,0,1,736
act_fn,754,0,1,34448
final_layernorm,754,0,1,53985
lm_head,754,0,1,736
embedding,755,0,1,23424
input_layernorm,755,0,1,53488
rope,755,0,1,74992
post_layernorm,755,0,1,54194
gate_proj,755,0,1,736
up_proj,755,0,1,736
act_fn,755,0,1,34144
final_layernorm,755,0,1,53968
lm_head,755,0,1,736
embedding,756,0,1,23280
input_layernorm,756,0,1,53744
rope,756,0,1,75409
post_layernorm,756,0,1,54160
gate_proj,756,0,1,736
up_proj,756,0,1,736
act_fn,756,0,1,34640
final_layernorm,756,0,1,54272
lm_head,756,0,1,736
embedding,757,0,1,23760
input_layernorm,757,0,1,53552
rope,757,0,1,75087
post_layernorm,757,0,1,54208
gate_proj,757,0,1,736
up_proj,757,0,1,736
act_fn,757,0,1,34624
final_layernorm,757,0,1,54480
lm_head,757,0,1,736
embedding,758,0,1,23408
input_layernorm,758,0,1,53645
rope,758,0,1,75168
post_layernorm,758,0,1,54288
gate_proj,758,0,1,736
up_proj,758,0,1,736
act_fn,758,0,1,34415
final_layernorm,758,0,1,54238
lm_head,758,0,1,736
embedding,759,0,1,23407
input_layernorm,759,0,1,53888
rope,759,0,1,75216
post_layernorm,759,0,1,54033
gate_proj,759,0,1,736
up_proj,759,0,1,736
act_fn,759,0,1,34416
final_layernorm,759,0,1,54224
lm_head,759,0,1,736
embedding,760,0,1,23232
input_layernorm,760,0,1,53312
rope,760,0,1,74607
post_layernorm,760,0,1,53520
gate_proj,760,0,1,736
up_proj,760,0,1,736
act_fn,760,0,1,34528
final_layernorm,760,0,1,54064
lm_head,760,0,1,736
embedding,761,0,1,23968
input_layernorm,761,0,1,53646
rope,761,0,1,75200
post_layernorm,761,0,1,54144
gate_proj,761,0,1,736
up_proj,761,0,1,736
act_fn,761,0,1,34784
final_layernorm,761,0,1,54416
lm_head,761,0,1,736
embedding,762,0,1,23952
input_layernorm,762,0,1,54030
rope,762,0,1,75424
post_layernorm,762,0,1,54288
gate_proj,762,0,1,736
up_proj,762,0,1,736
act_fn,762,0,1,34544
final_layernorm,762,0,1,54418
lm_head,762,0,1,736
embedding,763,0,1,24320
input_layernorm,763,0,1,53952
rope,763,0,1,75297
post_layernorm,763,0,1,54560
gate_proj,763,0,1,736
up_proj,763,0,1,736
act_fn,763,0,1,34864
final_layernorm,763,0,1,54383
lm_head,763,0,1,736
embedding,764,0,1,23888
input_layernorm,764,0,1,53953
rope,764,0,1,75712
post_layernorm,764,0,1,54401
gate_proj,764,0,1,736
up_proj,764,0,1,736
act_fn,764,0,1,34672
final_layernorm,764,0,1,54526
lm_head,764,0,1,736
embedding,765,0,1,24031
input_layernorm,765,0,1,54112
rope,765,0,1,75824
post_layernorm,765,0,1,54545
gate_proj,765,0,1,736
up_proj,765,0,1,736
act_fn,765,0,1,34607
final_layernorm,765,0,1,54464
lm_head,765,0,1,736
embedding,766,0,1,23759
input_layernorm,766,0,1,54111
rope,766,0,1,75488
post_layernorm,766,0,1,54350
gate_proj,766,0,1,736
up_proj,766,0,1,736
act_fn,766,0,1,34560
final_layernorm,766,0,1,54624
lm_head,766,0,1,736
embedding,767,0,1,24112
input_layernorm,767,0,1,53840
rope,767,0,1,75408
post_layernorm,767,0,1,54225
gate_proj,767,0,1,736
up_proj,767,0,1,736
act_fn,767,0,1,35120
final_layernorm,767,0,1,54432
lm_head,767,0,1,736
embedding,768,0,1,23920
input_layernorm,768,0,1,53663
rope,768,0,1,76016
post_layernorm,768,0,1,54320
gate_proj,768,0,1,736
up_proj,768,0,1,736
act_fn,768,0,1,34799
final_layernorm,768,0,1,54112
lm_head,768,0,1,736
embedding,769,0,1,23744
input_layernorm,769,0,1,54080
rope,769,0,1,75663
post_layernorm,769,0,1,54512
gate_proj,769,0,1,736
up_proj,769,0,1,736
act_fn,769,0,1,34751
final_layernorm,769,0,1,54672
lm_head,769,0,1,736
embedding,770,0,1,23616
input_layernorm,770,0,1,54160
rope,770,0,1,76255
post_layernorm,770,0,1,54768
gate_proj,770,0,1,736
up_proj,770,0,1,736
act_fn,770,0,1,35055
final_layernorm,770,0,1,54384
lm_head,770,0,1,736
embedding,771,0,1,23503
input_layernorm,771,0,1,54272
rope,771,0,1,75901
post_layernorm,771,0,1,54576
gate_proj,771,0,1,736
up_proj,771,0,1,736
act_fn,771,0,1,34991
final_layernorm,771,0,1,54688
lm_head,771,0,1,736
embedding,772,0,1,23439
input_layernorm,772,0,1,53919
rope,772,0,1,75648
post_layernorm,772,0,1,54400
gate_proj,772,0,1,719
up_proj,772,0,1,736
act_fn,772,0,1,35152
final_layernorm,772,0,1,54574
lm_head,772,0,1,736
embedding,773,0,1,23280
input_layernorm,773,0,1,54369
rope,773,0,1,75727
post_layernorm,773,0,1,54639
gate_proj,773,0,1,736
up_proj,773,0,1,736
act_fn,773,0,1,35088
final_layernorm,773,0,1,54671
lm_head,773,0,1,736
embedding,774,0,1,23744
input_layernorm,774,0,1,54273
rope,774,0,1,75968
post_layernorm,774,0,1,55136
gate_proj,774,0,1,736
up_proj,774,0,1,736
act_fn,774,0,1,35248
final_layernorm,774,0,1,55102
lm_head,774,0,1,736
embedding,775,0,1,23520
input_layernorm,775,0,1,54463
rope,775,0,1,75217
post_layernorm,775,0,1,54656
gate_proj,775,0,1,736
up_proj,775,0,1,736
act_fn,775,0,1,35327
final_layernorm,775,0,1,54927
lm_head,775,0,1,736
embedding,776,0,1,23808
input_layernorm,776,0,1,54047
rope,776,0,1,76383
post_layernorm,776,0,1,54577
gate_proj,776,0,1,736
up_proj,776,0,1,736
act_fn,776,0,1,35568
final_layernorm,776,0,1,54431
lm_head,776,0,1,736
embedding,777,0,1,23712
input_layernorm,777,0,1,54512
rope,777,0,1,76207
post_layernorm,777,0,1,55072
gate_proj,777,0,1,736
up_proj,777,0,1,736
act_fn,777,0,1,35487
final_layernorm,777,0,1,54912
lm_head,777,0,1,736
embedding,778,0,1,23584
input_layernorm,778,0,1,54653
rope,778,0,1,76320
post_layernorm,778,0,1,55233
gate_proj,778,0,1,736
up_proj,778,0,1,736
act_fn,778,0,1,35760
final_layernorm,778,0,1,54865
lm_head,778,0,1,736
embedding,779,0,1,23696
input_layernorm,779,0,1,54576
rope,779,0,1,76080
post_layernorm,779,0,1,55360
gate_proj,779,0,1,736
up_proj,779,0,1,736
act_fn,779,0,1,35488
final_layernorm,779,0,1,54416
lm_head,779,0,1,736
embedding,780,0,1,23744
input_layernorm,780,0,1,54417
rope,780,0,1,76559
post_layernorm,780,0,1,55119
gate_proj,780,0,1,736
up_proj,780,0,1,736
act_fn,780,0,1,35488
final_layernorm,780,0,1,55056
lm_head,780,0,1,736
embedding,781,0,1,23424
input_layernorm,781,0,1,54560
rope,781,0,1,76526
post_layernorm,781,0,1,54991
gate_proj,781,0,1,736
up_proj,781,0,1,736
act_fn,781,0,1,35616
final_layernorm,781,0,1,54960
lm_head,781,0,1,736
embedding,782,0,1,23679
input_layernorm,782,0,1,54687
rope,782,0,1,76448
post_layernorm,782,0,1,55184
gate_proj,782,0,1,736
up_proj,782,0,1,736
act_fn,782,0,1,35680
final_layernorm,782,0,1,54877
lm_head,782,0,1,736
embedding,783,0,1,23648
input_layernorm,783,0,1,54848
rope,783,0,1,76432
post_layernorm,783,0,1,55312
gate_proj,783,0,1,736
up_proj,783,0,1,736
act_fn,783,0,1,35552
final_layernorm,783,0,1,54991
lm_head,783,0,1,736
embedding,784,0,1,23503
input_layernorm,784,0,1,54606
rope,784,0,1,76640
post_layernorm,784,0,1,54878
gate_proj,784,0,1,736
up_proj,784,0,1,736
act_fn,784,0,1,35664
final_layernorm,784,0,1,54736
lm_head,784,0,1,736
embedding,785,0,1,23535
input_layernorm,785,0,1,55008
rope,785,0,1,76303
post_layernorm,785,0,1,55536
gate_proj,785,0,1,736
up_proj,785,0,1,736
act_fn,785,0,1,35536
final_layernorm,785,0,1,55487
lm_head,785,0,1,736
embedding,786,0,1,23920
input_layernorm,786,0,1,55152
rope,786,0,1,76112
post_layernorm,786,0,1,55569
gate_proj,786,0,1,736
up_proj,786,0,1,736
act_fn,786,0,1,35552
final_layernorm,786,0,1,55647
lm_head,786,0,1,736
embedding,787,0,1,23888
input_layernorm,787,0,1,55120
rope,787,0,1,76671
post_layernorm,787,0,1,55296
gate_proj,787,0,1,736
up_proj,787,0,1,736
act_fn,787,0,1,35920
final_layernorm,787,0,1,55439
lm_head,787,0,1,736
embedding,788,0,1,24160
input_layernorm,788,0,1,55167
rope,788,0,1,76720
post_layernorm,788,0,1,55584
gate_proj,788,0,1,736
up_proj,788,0,1,736
act_fn,788,0,1,35744
final_layernorm,788,0,1,55440
lm_head,788,0,1,736
embedding,789,0,1,24352
input_layernorm,789,0,1,55184
rope,789,0,1,76464
post_layernorm,789,0,1,56000
gate_proj,789,0,1,736
up_proj,789,0,1,736
act_fn,789,0,1,35776
final_layernorm,789,0,1,55760
lm_head,789,0,1,736
embedding,790,0,1,24576
input_layernorm,790,0,1,55440
rope,790,0,1,76897
post_layernorm,790,0,1,56352
gate_proj,790,0,1,736
up_proj,790,0,1,736
act_fn,790,0,1,35856
final_layernorm,790,0,1,55680
lm_head,790,0,1,736
embedding,791,0,1,24224
input_layernorm,791,0,1,55600
rope,791,0,1,76575
post_layernorm,791,0,1,56431
gate_proj,791,0,1,736
up_proj,791,0,1,736
act_fn,791,0,1,35920
final_layernorm,791,0,1,55857
lm_head,791,0,1,736
embedding,792,0,1,24448
input_layernorm,792,0,1,55167
rope,792,0,1,77072
post_layernorm,792,0,1,55791
gate_proj,792,0,1,736
up_proj,792,0,1,752
act_fn,792,0,1,35983
final_layernorm,792,0,1,55647
lm_head,792,0,1,736
embedding,793,0,1,24176
input_layernorm,793,0,1,55855
rope,793,0,1,77103
post_layernorm,793,0,1,57151
gate_proj,793,0,1,736
up_proj,793,0,1,736
act_fn,793,0,1,36000
final_layernorm,793,0,1,56720
lm_head,793,0,1,736
embedding,794,0,1,24367
input_layernorm,794,0,1,56175
rope,794,0,1,76990
post_layernorm,794,0,1,57488
gate_proj,794,0,1,736
up_proj,794,0,1,736
act_fn,794,0,1,36224
final_layernorm,794,0,1,56831
lm_head,794,0,1,736
embedding,795,0,1,24272
input_layernorm,795,0,1,56000
rope,795,0,1,76800
post_layernorm,795,0,1,57248
gate_proj,795,0,1,736
up_proj,795,0,1,736
act_fn,795,0,1,36400
final_layernorm,795,0,1,56832
lm_head,795,0,1,736
embedding,796,0,1,24496
input_layernorm,796,0,1,56288
rope,796,0,1,77567
post_layernorm,796,0,1,57183
gate_proj,796,0,1,736
up_proj,796,0,1,736
act_fn,796,0,1,36560
final_layernorm,796,0,1,57072
lm_head,796,0,1,736
embedding,797,0,1,24432
input_layernorm,797,0,1,56352
rope,797,0,1,77649
post_layernorm,797,0,1,57951
gate_proj,797,0,1,736
up_proj,797,0,1,736
act_fn,797,0,1,36432
final_layernorm,797,0,1,57152
lm_head,797,0,1,736
embedding,798,0,1,24352
input_layernorm,798,0,1,56305
rope,798,0,1,76972
post_layernorm,798,0,1,57600
gate_proj,798,0,1,736
up_proj,798,0,1,736
act_fn,798,0,1,36624
final_layernorm,798,0,1,56941
lm_head,798,0,1,736
embedding,799,0,1,24336
input_layernorm,799,0,1,56383
rope,799,0,1,76688
post_layernorm,799,0,1,57168
gate_proj,799,0,1,736
up_proj,799,0,1,736
act_fn,799,0,1,36304
final_layernorm,799,0,1,57007
lm_head,799,0,1,736
embedding,800,0,1,24368
input_layernorm,800,0,1,55824
rope,800,0,1,77184
post_layernorm,800,0,1,56672
gate_proj,800,0,1,736
up_proj,800,0,1,736
act_fn,800,0,1,36464
final_layernorm,800,0,1,56496
lm_head,800,0,1,736
embedding,801,0,1,24112
input_layernorm,801,0,1,56239
rope,801,0,1,77184
post_layernorm,801,0,1,57440
gate_proj,801,0,1,736
up_proj,801,0,1,736
act_fn,801,0,1,36015
final_layernorm,801,0,1,57202
lm_head,801,0,1,736
embedding,802,0,1,24592
input_layernorm,802,0,1,56288
rope,802,0,1,78128
post_layernorm,802,0,1,58512
gate_proj,802,0,1,736
up_proj,802,0,1,736
act_fn,802,0,1,36031
final_layernorm,802,0,1,57104
lm_head,802,0,1,736
embedding,803,0,1,24016
input_layernorm,803,0,1,56414
rope,803,0,1,78287
post_layernorm,803,0,1,57823
gate_proj,803,0,1,736
up_proj,803,0,1,736
act_fn,803,0,1,35968
final_layernorm,803,0,1,57087
lm_head,803,0,1,736
embedding,804,0,1,24304
input_layernorm,804,0,1,56383
rope,804,0,1,78127
post_layernorm,804,0,1,57920
gate_proj,804,0,1,736
up_proj,804,0,1,767
act_fn,804,0,1,36319
final_layernorm,804,0,1,57329
lm_head,804,0,1,736
embedding,805,0,1,24016
input_layernorm,805,0,1,56015
rope,805,0,1,77776
post_layernorm,805,0,1,57759
gate_proj,805,0,1,736
up_proj,805,0,1,736
act_fn,805,0,1,36336
final_layernorm,805,0,1,57134
lm_head,805,0,1,736
embedding,806,0,1,24176
input_layernorm,806,0,1,56063
rope,806,0,1,77408
post_layernorm,806,0,1,58112
gate_proj,806,0,1,736
up_proj,806,0,1,736
act_fn,806,0,1,36608
final_layernorm,806,0,1,57312
lm_head,806,0,1,736
embedding,807,0,1,24000
input_layernorm,807,0,1,56287
rope,807,0,1,77184
post_layernorm,807,0,1,57615
gate_proj,807,0,1,736
up_proj,807,0,1,736
act_fn,807,0,1,36000
final_layernorm,807,0,1,57023
lm_head,807,0,1,736
embedding,808,0,1,24384
input_layernorm,808,0,1,56542
rope,808,0,1,78127
post_layernorm,808,0,1,57567
gate_proj,808,0,1,736
up_proj,808,0,1,736
act_fn,808,0,1,36800
final_layernorm,808,0,1,56784
lm_head,808,0,1,736
embedding,809,0,1,24368
input_layernorm,809,0,1,56371
rope,809,0,1,78368
post_layernorm,809,0,1,58240
gate_proj,809,0,1,736
up_proj,809,0,1,736
act_fn,809,0,1,36496
final_layernorm,809,0,1,57455
lm_head,809,0,1,736
embedding,810,0,1,24160
input_layernorm,810,0,1,56513
rope,810,0,1,77985
post_layernorm,810,0,1,58400
gate_proj,810,0,1,736
up_proj,810,0,1,736
act_fn,810,0,1,36639
final_layernorm,810,0,1,57343
lm_head,810,0,1,736
embedding,811,0,1,24112
input_layernorm,811,0,1,56546
rope,811,0,1,77615
post_layernorm,811,0,1,57886
gate_proj,811,0,1,736
up_proj,811,0,1,736
act_fn,811,0,1,36448
final_layernorm,811,0,1,57457
lm_head,811,0,1,736
embedding,812,0,1,24144
input_layernorm,812,0,1,56385
rope,812,0,1,77809
post_layernorm,812,0,1,57552
gate_proj,812,0,1,736
up_proj,812,0,1,736
act_fn,812,0,1,36800
final_layernorm,812,0,1,57648
lm_head,812,0,1,736
embedding,813,0,1,24016
input_layernorm,813,0,1,56704
rope,813,0,1,78286
post_layernorm,813,0,1,57921
gate_proj,813,0,1,736
up_proj,813,0,1,736
act_fn,813,0,1,37232
final_layernorm,813,0,1,57440
lm_head,813,0,1,736
embedding,814,0,1,24144
input_layernorm,814,0,1,56704
rope,814,0,1,78304
post_layernorm,814,0,1,58623
gate_proj,814,0,1,736
up_proj,814,0,1,736
act_fn,814,0,1,36351
final_layernorm,814,0,1,57535
lm_head,814,0,1,736
embedding,815,0,1,24016
input_layernorm,815,0,1,56558
rope,815,0,1,78032
post_layernorm,815,0,1,57968
gate_proj,815,0,1,736
up_proj,815,0,1,736
act_fn,815,0,1,36624
final_layernorm,815,0,1,57536
lm_head,815,0,1,736
embedding,816,0,1,24320
input_layernorm,816,0,1,56753
rope,816,0,1,78335
post_layernorm,816,0,1,57472
gate_proj,816,0,1,736
up_proj,816,0,1,736
act_fn,816,0,1,36592
final_layernorm,816,0,1,56944
lm_head,816,0,1,736
embedding,817,0,1,24992
input_layernorm,817,0,1,56861
rope,817,0,1,79136
post_layernorm,817,0,1,58575
gate_proj,817,0,1,736
up_proj,817,0,1,736
act_fn,817,0,1,37136
final_layernorm,817,0,1,57662
lm_head,817,0,1,736
embedding,818,0,1,25647
input_layernorm,818,0,1,57248
rope,818,0,1,78785
post_layernorm,818,0,1,58992
gate_proj,818,0,1,736
up_proj,818,0,1,736
act_fn,818,0,1,36736
final_layernorm,818,0,1,57600
lm_head,818,0,1,736
embedding,819,0,1,25264
input_layernorm,819,0,1,57038
rope,819,0,1,78973
post_layernorm,819,0,1,58688
gate_proj,819,0,1,736
up_proj,819,0,1,736
act_fn,819,0,1,37248
final_layernorm,819,0,1,57680
lm_head,819,0,1,736
embedding,820,0,1,25184
input_layernorm,820,0,1,56928
rope,820,0,1,78369
post_layernorm,820,0,1,58528
gate_proj,820,0,1,736
up_proj,820,0,1,736
act_fn,820,0,1,37136
final_layernorm,820,0,1,57552
lm_head,820,0,1,736
embedding,821,0,1,25328
input_layernorm,821,0,1,57182
rope,821,0,1,79247
post_layernorm,821,0,1,58752
gate_proj,821,0,1,736
up_proj,821,0,1,736
act_fn,821,0,1,36992
final_layernorm,821,0,1,57919
lm_head,821,0,1,736
embedding,822,0,1,25504
input_layernorm,822,0,1,57504
rope,822,0,1,79184
post_layernorm,822,0,1,59185
gate_proj,822,0,1,736
up_proj,822,0,1,736
act_fn,822,0,1,37519
final_layernorm,822,0,1,57808
lm_head,822,0,1,736
embedding,823,0,1,25568
input_layernorm,823,0,1,56879
rope,823,0,1,78784
post_layernorm,823,0,1,58833
gate_proj,823,0,1,736
up_proj,823,0,1,736
act_fn,823,0,1,37471
final_layernorm,823,0,1,57744
lm_head,823,0,1,736
embedding,824,0,1,25728
input_layernorm,824,0,1,56862
rope,824,0,1,79104
post_layernorm,824,0,1,57920
gate_proj,824,0,1,736
up_proj,824,0,1,736
act_fn,824,0,1,37136
final_layernorm,824,0,1,57660
lm_head,824,0,1,736
embedding,825,0,1,25504
input_layernorm,825,0,1,57200
rope,825,0,1,78862
post_layernorm,825,0,1,58336
gate_proj,825,0,1,736
up_proj,825,0,1,736
act_fn,825,0,1,37168
final_layernorm,825,0,1,57713
lm_head,825,0,1,736
embedding,826,0,1,25552
input_layernorm,826,0,1,56992
rope,826,0,1,78911
post_layernorm,826,0,1,58912
gate_proj,826,0,1,736
up_proj,826,0,1,736
act_fn,826,0,1,37376
final_layernorm,826,0,1,57824
lm_head,826,0,1,736
embedding,827,0,1,25568
input_layernorm,827,0,1,57311
rope,827,0,1,78957
post_layernorm,827,0,1,58767
gate_proj,827,0,1,736
up_proj,827,0,1,736
act_fn,827,0,1,37103
final_layernorm,827,0,1,58049
lm_head,827,0,1,736
embedding,828,0,1,25648
input_layernorm,828,0,1,57182
rope,828,0,1,79794
post_layernorm,828,0,1,58736
gate_proj,828,0,1,736
up_proj,828,0,1,736
act_fn,828,0,1,38030
final_layernorm,828,0,1,57904
lm_head,828,0,1,736
embedding,829,0,1,26016
input_layernorm,829,0,1,57457
rope,829,0,1,79807
post_layernorm,829,0,1,59296
gate_proj,829,0,1,736
up_proj,829,0,1,736
act_fn,829,0,1,37536
final_layernorm,829,0,1,58252
lm_head,829,0,1,736
embedding,830,0,1,25840
input_layernorm,830,0,1,57392
rope,830,0,1,79648
post_layernorm,830,0,1,59648
gate_proj,830,0,1,736
up_proj,830,0,1,736
act_fn,830,0,1,37616
final_layernorm,830,0,1,58208
lm_head,830,0,1,736
embedding,831,0,1,25728
input_layernorm,831,0,1,57521
rope,831,0,1,79823
post_layernorm,831,0,1,58929
gate_proj,831,0,1,736
up_proj,831,0,1,736
act_fn,831,0,1,37680
final_layernorm,831,0,1,58510
lm_head,831,0,1,736
embedding,832,0,1,24816
input_layernorm,832,0,1,57264
rope,832,0,1,80289
post_layernorm,832,0,1,57679
gate_proj,832,0,1,736
up_proj,832,0,1,736
act_fn,832,0,1,37520
final_layernorm,832,0,1,58016
lm_head,832,0,1,736
embedding,833,0,1,25152
input_layernorm,833,0,1,57486
rope,833,0,1,79216
post_layernorm,833,0,1,58672
gate_proj,833,0,1,736
up_proj,833,0,1,736
act_fn,833,0,1,37664
final_layernorm,833,0,1,58063
lm_head,833,0,1,736
embedding,834,0,1,24864
input_layernorm,834,0,1,57328
rope,834,0,1,79456
post_layernorm,834,0,1,59104
gate_proj,834,0,1,736
up_proj,834,0,1,736
act_fn,834,0,1,37664
final_layernorm,834,0,1,58210
lm_head,834,0,1,736
embedding,835,0,1,24896
input_layernorm,835,0,1,57743
rope,835,0,1,79888
post_layernorm,835,0,1,59296
gate_proj,835,0,1,736
up_proj,835,0,1,736
act_fn,835,0,1,38032
final_layernorm,835,0,1,58382
lm_head,835,0,1,736
embedding,836,0,1,25056
input_layernorm,836,0,1,57583
rope,836,0,1,80400
post_layernorm,836,0,1,58960
gate_proj,836,0,1,736
up_proj,836,0,1,736
act_fn,836,0,1,37904
final_layernorm,836,0,1,58672
lm_head,836,0,1,736
embedding,837,0,1,24960
input_layernorm,837,0,1,57584
rope,837,0,1,79854
post_layernorm,837,0,1,59343
gate_proj,837,0,1,736
up_proj,837,0,1,736
act_fn,837,0,1,38449
final_layernorm,837,0,1,58607
lm_head,837,0,1,736
embedding,838,0,1,24816
input_layernorm,838,0,1,57407
rope,838,0,1,79551
post_layernorm,838,0,1,59263
gate_proj,838,0,1,736
up_proj,838,0,1,736
act_fn,838,0,1,38063
final_layernorm,838,0,1,58545
lm_head,838,0,1,736
embedding,839,0,1,24704
input_layernorm,839,0,1,57647
rope,839,0,1,79391
post_layernorm,839,0,1,58896
gate_proj,839,0,1,736
up_proj,839,0,1,736
act_fn,839,0,1,37807
final_layernorm,839,0,1,58704
lm_head,839,0,1,736
embedding,840,0,1,24896
input_layernorm,840,0,1,57408
rope,840,0,1,80177
post_layernorm,840,0,1,58609
gate_proj,840,0,1,736
up_proj,840,0,1,736
act_fn,840,0,1,38223
final_layernorm,840,0,1,58271
lm_head,840,0,1,736
embedding,841,0,1,25248
input_layernorm,841,0,1,57952
rope,841,0,1,80544
post_layernorm,841,0,1,59311
gate_proj,841,0,1,736
up_proj,841,0,1,736
act_fn,841,0,1,38320
final_layernorm,841,0,1,58702
lm_head,841,0,1,736
embedding,842,0,1,24832
input_layernorm,842,0,1,57263
rope,842,0,1,79564
post_layernorm,842,0,1,59344
gate_proj,842,0,1,736
up_proj,842,0,1,736
act_fn,842,0,1,38303
final_layernorm,842,0,1,58286
lm_head,842,0,1,736
embedding,843,0,1,24928
input_layernorm,843,0,1,57791
rope,843,0,1,80287
post_layernorm,843,0,1,59584
gate_proj,843,0,1,736
up_proj,843,0,1,736
act_fn,843,0,1,38832
final_layernorm,843,0,1,58687
lm_head,843,0,1,736
embedding,844,0,1,25232
input_layernorm,844,0,1,57617
rope,844,0,1,80592
post_layernorm,844,0,1,59296
gate_proj,844,0,1,736
up_proj,844,0,1,736
act_fn,844,0,1,38368
final_layernorm,844,0,1,58684
lm_head,844,0,1,736
embedding,845,0,1,25264
input_layernorm,845,0,1,58254
rope,845,0,1,80496
post_layernorm,845,0,1,59552
gate_proj,845,0,1,736
up_proj,845,0,1,736
act_fn,845,0,1,38465
final_layernorm,845,0,1,58960
lm_head,845,0,1,736
embedding,846,0,1,25344
input_layernorm,846,0,1,58160
rope,846,0,1,80449
post_layernorm,846,0,1,59711
gate_proj,846,0,1,736
up_proj,846,0,1,736
act_fn,846,0,1,38399
final_layernorm,846,0,1,58751
lm_head,846,0,1,736
embedding,847,0,1,25248
input_layernorm,847,0,1,58079
rope,847,0,1,80720
post_layernorm,847,0,1,59840
gate_proj,847,0,1,736
up_proj,847,0,1,736
act_fn,847,0,1,38609
final_layernorm,847,0,1,59040
lm_head,847,0,1,736
embedding,848,0,1,25200
input_layernorm,848,0,1,57665
rope,848,0,1,80687
post_layernorm,848,0,1,59055
gate_proj,848,0,1,736
up_proj,848,0,1,736
act_fn,848,0,1,38655
final_layernorm,848,0,1,58656
lm_head,848,0,1,736
embedding,849,0,1,24944
input_layernorm,849,0,1,58160
rope,849,0,1,80528
post_layernorm,849,0,1,59808
gate_proj,849,0,1,736
up_proj,849,0,1,736
act_fn,849,0,1,38944
final_layernorm,849,0,1,58768
lm_head,849,0,1,736
embedding,850,0,1,25216
input_layernorm,850,0,1,58114
rope,850,0,1,80800
post_layernorm,850,0,1,60048
gate_proj,850,0,1,736
up_proj,850,0,1,736
act_fn,850,0,1,38736
final_layernorm,850,0,1,58640
lm_head,850,0,1,736
embedding,851,0,1,25296
input_layernorm,851,0,1,58082
rope,851,0,1,80832
post_layernorm,851,0,1,59714
gate_proj,851,0,1,736
up_proj,851,0,1,736
act_fn,851,0,1,39088
final_layernorm,851,0,1,58913
lm_head,851,0,1,736
embedding,852,0,1,25248
input_layernorm,852,0,1,57920
rope,852,0,1,80943
post_layernorm,852,0,1,59599
gate_proj,852,0,1,736
up_proj,852,0,1,736
act_fn,852,0,1,38912
final_layernorm,852,0,1,58992
lm_head,852,0,1,736
embedding,853,0,1,25552
input_layernorm,853,0,1,58479
rope,853,0,1,80674
post_layernorm,853,0,1,59680
gate_proj,853,0,1,736
up_proj,853,0,1,736
act_fn,853,0,1,38976
final_layernorm,853,0,1,59424
lm_head,853,0,1,736
embedding,854,0,1,25296
input_layernorm,854,0,1,57457
rope,854,0,1,80720
post_layernorm,854,0,1,58975
gate_proj,854,0,1,736
up_proj,854,0,1,736
act_fn,854,0,1,39247
final_layernorm,854,0,1,58464
lm_head,854,0,1,736
embedding,855,0,1,25424
input_layernorm,855,0,1,57808
rope,855,0,1,80751
post_layernorm,855,0,1,59168
gate_proj,855,0,1,736
up_proj,855,0,1,736
act_fn,855,0,1,39056
final_layernorm,855,0,1,58462
lm_head,855,0,1,736
embedding,856,0,1,25312
input_layernorm,856,0,1,57536
rope,856,0,1,80864
post_layernorm,856,0,1,58512
gate_proj,856,0,1,736
up_proj,856,0,1,736
act_fn,856,0,1,38880
final_layernorm,856,0,1,58240
lm_head,856,0,1,736
embedding,857,0,1,25696
input_layernorm,857,0,1,58079
rope,857,0,1,81423
post_layernorm,857,0,1,59632
gate_proj,857,0,1,736
up_proj,857,0,1,736
act_fn,857,0,1,39199
final_layernorm,857,0,1,59008
lm_head,857,0,1,736
embedding,858,0,1,25696
input_layernorm,858,0,1,57855
rope,858,0,1,81103
post_layernorm,858,0,1,59039
gate_proj,858,0,1,736
up_proj,858,0,1,736
act_fn,858,0,1,39438
final_layernorm,858,0,1,58733
lm_head,858,0,1,736
embedding,859,0,1,26047
input_layernorm,859,0,1,57916
rope,859,0,1,81279
post_layernorm,859,0,1,59280
gate_proj,859,0,1,736
up_proj,859,0,1,736
act_fn,859,0,1,39328
final_layernorm,859,0,1,58848
lm_head,859,0,1,736
embedding,860,0,1,25616
input_layernorm,860,0,1,57901
rope,860,0,1,81008
post_layernorm,860,0,1,58992
gate_proj,860,0,1,736
up_proj,860,0,1,736
act_fn,860,0,1,39248
final_layernorm,860,0,1,58832
lm_head,860,0,1,736
embedding,861,0,1,26000
input_layernorm,861,0,1,58542
rope,861,0,1,81696
post_layernorm,861,0,1,59600
gate_proj,861,0,1,736
up_proj,861,0,1,736
act_fn,861,0,1,39697
final_layernorm,861,0,1,59069
lm_head,861,0,1,736
embedding,862,0,1,26080
input_layernorm,862,0,1,58193
rope,862,0,1,81792
post_layernorm,862,0,1,59968
gate_proj,862,0,1,736
up_proj,862,0,1,736
act_fn,862,0,1,39391
final_layernorm,862,0,1,59248
lm_head,862,0,1,736
embedding,863,0,1,25776
input_layernorm,863,0,1,58430
rope,863,0,1,81904
post_layernorm,863,0,1,59824
gate_proj,863,0,1,736
up_proj,863,0,1,736
act_fn,863,0,1,40111
final_layernorm,863,0,1,59198
lm_head,863,0,1,736
embedding,864,0,1,25984
input_layernorm,864,0,1,58192
rope,864,0,1,82208
post_layernorm,864,0,1,59680
gate_proj,864,0,1,736
up_proj,864,0,1,736
act_fn,864,0,1,39296
final_layernorm,864,0,1,58606
lm_head,864,0,1,736
embedding,865,0,1,26496
input_layernorm,865,0,1,58160
rope,865,0,1,81744
post_layernorm,865,0,1,59536
gate_proj,865,0,1,736
up_proj,865,0,1,736
act_fn,865,0,1,39488
final_layernorm,865,0,1,59105
lm_head,865,0,1,736
embedding,866,0,1,26687
input_layernorm,866,0,1,58241
rope,866,0,1,81968
post_layernorm,866,0,1,59999
gate_proj,866,0,1,736
up_proj,866,0,1,736
act_fn,866,0,1,40095
final_layernorm,866,0,1,58880
lm_head,866,0,1,736
embedding,867,0,1,26736
input_layernorm,867,0,1,58608
rope,867,0,1,81633
post_layernorm,867,0,1,59904
gate_proj,867,0,1,736
up_proj,867,0,1,736
act_fn,867,0,1,39568
final_layernorm,867,0,1,59264
lm_head,867,0,1,736
embedding,868,0,1,26560
input_layernorm,868,0,1,57997
rope,868,0,1,81264
post_layernorm,868,0,1,59311
gate_proj,868,0,1,736
up_proj,868,0,1,736
act_fn,868,0,1,40048
final_layernorm,868,0,1,59408
lm_head,868,0,1,736
embedding,869,0,1,26704
input_layernorm,869,0,1,58464
rope,869,0,1,81823
post_layernorm,869,0,1,59983
gate_proj,869,0,1,736
up_proj,869,0,1,736
act_fn,869,0,1,39936
final_layernorm,869,0,1,59360
lm_head,869,0,1,736
embedding,870,0,1,26543
input_layernorm,870,0,1,58285
rope,870,0,1,81825
post_layernorm,870,0,1,59760
gate_proj,870,0,1,736
up_proj,870,0,1,736
act_fn,870,0,1,40336
final_layernorm,870,0,1,59346
lm_head,870,0,1,736
embedding,871,0,1,26528
input_layernorm,871,0,1,58511
rope,871,0,1,82013
post_layernorm,871,0,1,59664
gate_proj,871,0,1,736
up_proj,871,0,1,736
act_fn,871,0,1,39824
final_layernorm,871,0,1,59122
lm_head,871,0,1,736
embedding,872,0,1,26288
input_layernorm,872,0,1,58080
rope,872,0,1,81600
post_layernorm,872,0,1,59551
gate_proj,872,0,1,736
up_proj,872,0,1,736
act_fn,872,0,1,39951
final_layernorm,872,0,1,58881
lm_head,872,0,1,736
embedding,873,0,1,26416
input_layernorm,873,0,1,58880
rope,873,0,1,82142
post_layernorm,873,0,1,59985
gate_proj,873,0,1,735
up_proj,873,0,1,736
act_fn,873,0,1,39984
final_layernorm,873,0,1,59408
lm_head,873,0,1,736
embedding,874,0,1,26768
input_layernorm,874,0,1,58864
rope,874,0,1,82048
post_layernorm,874,0,1,60064
gate_proj,874,0,1,736
up_proj,874,0,1,736
act_fn,874,0,1,39935
final_layernorm,874,0,1,59504
lm_head,874,0,1,736
embedding,875,0,1,26624
input_layernorm,875,0,1,58674
rope,875,0,1,81952
post_layernorm,875,0,1,60176
gate_proj,875,0,1,736
up_proj,875,0,1,736
act_fn,875,0,1,40368
final_layernorm,875,0,1,59824
lm_head,875,0,1,736
embedding,876,0,1,26704
input_layernorm,876,0,1,58560
rope,876,0,1,82319
post_layernorm,876,0,1,60176
gate_proj,876,0,1,736
up_proj,876,0,1,736
act_fn,876,0,1,40415
final_layernorm,876,0,1,59551
lm_head,876,0,1,736
embedding,877,0,1,26704
input_layernorm,877,0,1,59056
rope,877,0,1,82672
post_layernorm,877,0,1,60383
gate_proj,877,0,1,736
up_proj,877,0,1,768
act_fn,877,0,1,40559
final_layernorm,877,0,1,60128
lm_head,877,0,1,736
embedding,878,0,1,26816
input_layernorm,878,0,1,58753
rope,878,0,1,82464
post_layernorm,878,0,1,60128
gate_proj,878,0,1,736
up_proj,878,0,1,736
act_fn,878,0,1,40959
final_layernorm,878,0,1,60000
lm_head,878,0,1,736
embedding,879,0,1,26831
input_layernorm,879,0,1,58496
rope,879,0,1,82688
post_layernorm,879,0,1,60146
gate_proj,879,0,1,736
up_proj,879,0,1,736
act_fn,879,0,1,40767
final_layernorm,879,0,1,59842
lm_head,879,0,1,736
embedding,880,0,1,26751
input_layernorm,880,0,1,58609
rope,880,0,1,82832
post_layernorm,880,0,1,59648
gate_proj,880,0,1,736
up_proj,880,0,1,736
act_fn,880,0,1,41023
final_layernorm,880,0,1,59824
lm_head,880,0,1,736
embedding,881,0,1,26288
input_layernorm,881,0,1,58670
rope,881,0,1,82799
post_layernorm,881,0,1,60143
gate_proj,881,0,1,736
up_proj,881,0,1,736
act_fn,881,0,1,40928
final_layernorm,881,0,1,60113
lm_head,881,0,1,736
embedding,882,0,1,26208
input_layernorm,882,0,1,58977
rope,882,0,1,82876
post_layernorm,882,0,1,60511
gate_proj,882,0,1,736
up_proj,882,0,1,736
act_fn,882,0,1,41327
final_layernorm,882,0,1,60256
lm_head,882,0,1,736
embedding,883,0,1,26319
input_layernorm,883,0,1,58752
rope,883,0,1,82785
post_layernorm,883,0,1,60368
gate_proj,883,0,1,736
up_proj,883,0,1,736
act_fn,883,0,1,41072
final_layernorm,883,0,1,59965
lm_head,883,0,1,736
embedding,884,0,1,26080
input_layernorm,884,0,1,59423
rope,884,0,1,83120
post_layernorm,884,0,1,60463
gate_proj,884,0,1,736
up_proj,884,0,1,736
act_fn,884,0,1,41167
final_layernorm,884,0,1,60048
lm_head,884,0,1,736
embedding,885,0,1,26144
input_layernorm,885,0,1,59102
rope,885,0,1,82864
post_layernorm,885,0,1,60544
gate_proj,885,0,1,736
up_proj,885,0,1,736
act_fn,885,0,1,41391
final_layernorm,885,0,1,60320
lm_head,885,0,1,736
embedding,886,0,1,26480
input_layernorm,886,0,1,58896
rope,886,0,1,83008
post_layernorm,886,0,1,60832
gate_proj,886,0,1,736
up_proj,886,0,1,736
act_fn,886,0,1,41360
final_layernorm,886,0,1,60480
lm_head,886,0,1,736
embedding,887,0,1,25984
input_layernorm,887,0,1,58848
rope,887,0,1,82207
post_layernorm,887,0,1,60225
gate_proj,887,0,1,736
up_proj,887,0,1,736
act_fn,887,0,1,41456
final_layernorm,887,0,1,59823
lm_head,887,0,1,736
embedding,888,0,1,26305
input_layernorm,888,0,1,58623
rope,888,0,1,83153
post_layernorm,888,0,1,60337
gate_proj,888,0,1,736
up_proj,888,0,1,736
act_fn,888,0,1,41552
final_layernorm,888,0,1,59872
lm_head,888,0,1,736
embedding,889,0,1,26816
input_layernorm,889,0,1,59425
rope,889,0,1,83359
post_layernorm,889,0,1,60511
gate_proj,889,0,1,736
up_proj,889,0,1,736
act_fn,889,0,1,41696
final_layernorm,889,0,1,60080
lm_head,889,0,1,736
embedding,890,0,1,26639
input_layernorm,890,0,1,59118
rope,890,0,1,82977
post_layernorm,890,0,1,60975
gate_proj,890,0,1,736
up_proj,890,0,1,736
act_fn,890,0,1,41408
final_layernorm,890,0,1,60304
lm_head,890,0,1,736
embedding,891,0,1,26783
input_layernorm,891,0,1,59440
rope,891,0,1,82943
post_layernorm,891,0,1,60784
gate_proj,891,0,1,736
up_proj,891,0,1,736
act_fn,891,0,1,41375
final_layernorm,891,0,1,60061
lm_head,891,0,1,736
embedding,892,0,1,26960
input_layernorm,892,0,1,59839
rope,892,0,1,83297
post_layernorm,892,0,1,60845
gate_proj,892,0,1,736
up_proj,892,0,1,736
act_fn,892,0,1,41600
final_layernorm,892,0,1,60432
lm_head,892,0,1,736
embedding,893,0,1,26784
input_layernorm,893,0,1,59664
rope,893,0,1,82575
post_layernorm,893,0,1,60640
gate_proj,893,0,1,736
up_proj,893,0,1,736
act_fn,893,0,1,41856
final_layernorm,893,0,1,60511
lm_head,893,0,1,736
embedding,894,0,1,26960
input_layernorm,894,0,1,59502
rope,894,0,1,83472
post_layernorm,894,0,1,60527
gate_proj,894,0,1,736
up_proj,894,0,1,736
act_fn,894,0,1,41760
final_layernorm,894,0,1,60575
lm_head,894,0,1,736
embedding,895,0,1,26608
input_layernorm,895,0,1,59375
rope,895,0,1,83344
post_layernorm,895,0,1,60720
gate_proj,895,0,1,736
up_proj,895,0,1,736
act_fn,895,0,1,42047
final_layernorm,895,0,1,60321
lm_head,895,0,1,736
embedding,896,0,1,27087
input_layernorm,896,0,1,59296
rope,896,0,1,83567
post_layernorm,896,0,1,60944
gate_proj,896,0,1,736
up_proj,896,0,1,736
act_fn,896,0,1,42032
final_layernorm,896,0,1,60110
lm_head,896,0,1,736
embedding,897,0,1,26896
input_layernorm,897,0,1,60016
rope,897,0,1,83328
post_layernorm,897,0,1,61040
gate_proj,897,0,1,736
up_proj,897,0,1,736
act_fn,897,0,1,42096
final_layernorm,897,0,1,60398
lm_head,897,0,1,736
embedding,898,0,1,26896
input_layernorm,898,0,1,59761
rope,898,0,1,83855
post_layernorm,898,0,1,61167
gate_proj,898,0,1,736
up_proj,898,0,1,736
act_fn,898,0,1,41744
final_layernorm,898,0,1,60525
lm_head,898,0,1,736
embedding,899,0,1,26847
input_layernorm,899,0,1,59759
rope,899,0,1,83855
post_layernorm,899,0,1,60768
gate_proj,899,0,1,736
up_proj,899,0,1,736
act_fn,899,0,1,41887
final_layernorm,899,0,1,60736
lm_head,899,0,1,736
embedding,900,0,1,26832
input_layernorm,900,0,1,60191
rope,900,0,1,83856
post_layernorm,900,0,1,60881
gate_proj,900,0,1,736
up_proj,900,0,1,736
act_fn,900,0,1,41920
final_layernorm,900,0,1,60752
lm_head,900,0,1,736
embedding,901,0,1,26912
input_layernorm,901,0,1,59728
rope,901,0,1,83676
post_layernorm,901,0,1,60927
gate_proj,901,0,1,736
up_proj,901,0,1,736
act_fn,901,0,1,41872
final_layernorm,901,0,1,60751
lm_head,901,0,1,736
embedding,902,0,1,26879
input_layernorm,902,0,1,60049
rope,902,0,1,83886
post_layernorm,902,0,1,60992
gate_proj,902,0,1,736
up_proj,902,0,1,736
act_fn,902,0,1,41904
final_layernorm,902,0,1,60528
lm_head,902,0,1,736
embedding,903,0,1,26816
input_layernorm,903,0,1,60079
rope,903,0,1,83920
post_layernorm,903,0,1,61199
gate_proj,903,0,1,736
up_proj,903,0,1,736
act_fn,903,0,1,41712
final_layernorm,903,0,1,60911
lm_head,903,0,1,736
embedding,904,0,1,26896
input_layernorm,904,0,1,59456
rope,904,0,1,84625
post_layernorm,904,0,1,60575
gate_proj,904,0,1,736
up_proj,904,0,1,736
act_fn,904,0,1,41968
final_layernorm,904,0,1,60464
lm_head,904,0,1,736
embedding,905,0,1,26848
input_layernorm,905,0,1,60080
rope,905,0,1,84030
post_layernorm,905,0,1,61168
gate_proj,905,0,1,736
up_proj,905,0,1,736
act_fn,905,0,1,42272
final_layernorm,905,0,1,60799
lm_head,905,0,1,736
embedding,906,0,1,26687
input_layernorm,906,0,1,59999
rope,906,0,1,83934
post_layernorm,906,0,1,60832
gate_proj,906,0,1,736
up_proj,906,0,1,736
act_fn,906,0,1,42368
final_layernorm,906,0,1,60608
lm_head,906,0,1,736
embedding,907,0,1,27103
input_layernorm,907,0,1,59839
rope,907,0,1,84062
post_layernorm,907,0,1,61103
gate_proj,907,0,1,736
up_proj,907,0,1,736
act_fn,907,0,1,42512
final_layernorm,907,0,1,60560
lm_head,907,0,1,736
embedding,908,0,1,26799
input_layernorm,908,0,1,59854
rope,908,0,1,84029
post_layernorm,908,0,1,61008
gate_proj,908,0,1,736
up_proj,908,0,1,736
act_fn,908,0,1,42160
final_layernorm,908,0,1,60626
lm_head,908,0,1,736
embedding,909,0,1,27248
input_layernorm,909,0,1,59983
rope,909,0,1,84240
post_layernorm,909,0,1,61375
gate_proj,909,0,1,736
up_proj,909,0,1,736
act_fn,909,0,1,42479
final_layernorm,909,0,1,60992
lm_head,909,0,1,736
embedding,910,0,1,26720
input_layernorm,910,0,1,59983
rope,910,0,1,84398
post_layernorm,910,0,1,61184
gate_proj,910,0,1,736
up_proj,910,0,1,736
act_fn,910,0,1,42289
final_layernorm,910,0,1,60975
lm_head,910,0,1,736
embedding,911,0,1,26912
input_layernorm,911,0,1,60205
rope,911,0,1,84527
post_layernorm,911,0,1,61519
gate_proj,911,0,1,736
up_proj,911,0,1,736
act_fn,911,0,1,42607
final_layernorm,911,0,1,61328
lm_head,911,0,1,736
embedding,912,0,1,26944
input_layernorm,912,0,1,59743
rope,912,0,1,84579
post_layernorm,912,0,1,61150
gate_proj,912,0,1,736
up_proj,912,0,1,736
act_fn,912,0,1,42112
final_layernorm,912,0,1,60720
lm_head,912,0,1,736
embedding,913,0,1,27056
input_layernorm,913,0,1,60432
rope,913,0,1,84512
post_layernorm,913,0,1,61504
gate_proj,913,0,1,736
up_proj,913,0,1,736
act_fn,913,0,1,42384
final_layernorm,913,0,1,60911
lm_head,913,0,1,736
embedding,914,0,1,27152
input_layernorm,914,0,1,60175
rope,914,0,1,84687
post_layernorm,914,0,1,61600
gate_proj,914,0,1,736
up_proj,914,0,1,736
act_fn,914,0,1,42560
final_layernorm,914,0,1,60737
lm_head,914,0,1,736
embedding,915,0,1,27104
input_layernorm,915,0,1,60527
rope,915,0,1,84846
post_layernorm,915,0,1,61439
gate_proj,915,0,1,736
up_proj,915,0,1,736
act_fn,915,0,1,42944
final_layernorm,915,0,1,60896
lm_head,915,0,1,736
embedding,916,0,1,26928
input_layernorm,916,0,1,60351
rope,916,0,1,84622
post_layernorm,916,0,1,61598
gate_proj,916,0,1,736
up_proj,916,0,1,736
act_fn,916,0,1,43056
final_layernorm,916,0,1,60960
lm_head,916,0,1,736
embedding,917,0,1,26944
input_layernorm,917,0,1,60831
rope,917,0,1,84925
post_layernorm,917,0,1,61601
gate_proj,917,0,1,736
up_proj,917,0,1,736
act_fn,917,0,1,43088
final_layernorm,917,0,1,61245
lm_head,917,0,1,736
embedding,918,0,1,27167
input_layernorm,918,0,1,60448
rope,918,0,1,84751
post_layernorm,918,0,1,61520
gate_proj,918,0,1,736
up_proj,918,0,1,736
act_fn,918,0,1,42992
final_layernorm,918,0,1,60975
lm_head,918,0,1,736
embedding,919,0,1,27486
input_layernorm,919,0,1,60944
rope,919,0,1,84752
post_layernorm,919,0,1,61888
gate_proj,919,0,1,736
up_proj,919,0,1,736
act_fn,919,0,1,43568
final_layernorm,919,0,1,61135
lm_head,919,0,1,736
embedding,920,0,1,27167
input_layernorm,920,0,1,60768
rope,920,0,1,84848
post_layernorm,920,0,1,61552
gate_proj,920,0,1,736
up_proj,920,0,1,736
act_fn,920,0,1,43344
final_layernorm,920,0,1,60895
lm_head,920,0,1,736
embedding,921,0,1,27120
input_layernorm,921,0,1,60591
rope,921,0,1,84162
post_layernorm,921,0,1,61455
gate_proj,921,0,1,736
up_proj,921,0,1,736
act_fn,921,0,1,43472
final_layernorm,921,0,1,60832
lm_head,921,0,1,736
embedding,922,0,1,27552
input_layernorm,922,0,1,61151
rope,922,0,1,84959
post_layernorm,922,0,1,61520
gate_proj,922,0,1,736
up_proj,922,0,1,736
act_fn,922,0,1,43312
final_layernorm,922,0,1,61376
lm_head,922,0,1,736
embedding,923,0,1,27440
input_layernorm,923,0,1,60896
rope,923,0,1,85055
post_layernorm,923,0,1,61647
gate_proj,923,0,1,736
up_proj,923,0,1,736
act_fn,923,0,1,43488
final_layernorm,923,0,1,61391
lm_head,923,0,1,736
embedding,924,0,1,27920
input_layernorm,924,0,1,60816
rope,924,0,1,85392
post_layernorm,924,0,1,61728
gate_proj,924,0,1,736
up_proj,924,0,1,736
act_fn,924,0,1,43984
final_layernorm,924,0,1,61378
lm_head,924,0,1,736
embedding,925,0,1,27679
input_layernorm,925,0,1,60847
rope,925,0,1,85198
post_layernorm,925,0,1,61902
gate_proj,925,0,1,736
up_proj,925,0,1,736
act_fn,925,0,1,43647
final_layernorm,925,0,1,60863
lm_head,925,0,1,736
embedding,926,0,1,27696
input_layernorm,926,0,1,61102
rope,926,0,1,85232
post_layernorm,926,0,1,61520
gate_proj,926,0,1,736
up_proj,926,0,1,736
act_fn,926,0,1,43648
final_layernorm,926,0,1,61024
lm_head,926,0,1,736
embedding,927,0,1,27632
input_layernorm,927,0,1,61150
rope,927,0,1,85440
post_layernorm,927,0,1,62112
gate_proj,927,0,1,736
up_proj,927,0,1,736
act_fn,927,0,1,43472
final_layernorm,927,0,1,61296
lm_head,927,0,1,736
embedding,928,0,1,27600
input_layernorm,928,0,1,61087
rope,928,0,1,85616
post_layernorm,928,0,1,61809
gate_proj,928,0,1,736
up_proj,928,0,1,736
act_fn,928,0,1,43967
final_layernorm,928,0,1,61488
lm_head,928,0,1,736
embedding,929,0,1,27648
input_layernorm,929,0,1,61360
rope,929,0,1,85823
post_layernorm,929,0,1,62144
gate_proj,929,0,1,736
up_proj,929,0,1,736
act_fn,929,0,1,43855
final_layernorm,929,0,1,61551
lm_head,929,0,1,736
embedding,930,0,1,27968
input_layernorm,930,0,1,61200
rope,930,0,1,85759
post_layernorm,930,0,1,62480
gate_proj,930,0,1,736
up_proj,930,0,1,736
act_fn,930,0,1,43728
final_layernorm,930,0,1,61392
lm_head,930,0,1,736
embedding,931,0,1,27519
input_layernorm,931,0,1,61168
rope,931,0,1,85167
post_layernorm,931,0,1,62192
gate_proj,931,0,1,736
up_proj,931,0,1,736
act_fn,931,0,1,44352
final_layernorm,931,0,1,60944
lm_head,931,0,1,736
embedding,932,0,1,27904
input_layernorm,932,0,1,61232
rope,932,0,1,86078
post_layernorm,932,0,1,62224
gate_proj,932,0,1,736
up_proj,932,0,1,736
act_fn,932,0,1,44112
final_layernorm,932,0,1,61472
lm_head,932,0,1,736
embedding,933,0,1,27871
input_layernorm,933,0,1,61343
rope,933,0,1,86369
post_layernorm,933,0,1,62800
gate_proj,933,0,1,736
up_proj,933,0,1,736
act_fn,933,0,1,43696
final_layernorm,933,0,1,61870
lm_head,933,0,1,736
embedding,934,0,1,27792
input_layernorm,934,0,1,61281
rope,934,0,1,86416
post_layernorm,934,0,1,62176
gate_proj,934,0,1,736
up_proj,934,0,1,736
act_fn,934,0,1,44303
final_layernorm,934,0,1,61344
lm_head,934,0,1,736
embedding,935,0,1,27808
input_layernorm,935,0,1,61471
rope,935,0,1,86688
post_layernorm,935,0,1,62672
gate_proj,935,0,1,736
up_proj,935,0,1,736
act_fn,935,0,1,44560
final_layernorm,935,0,1,61680
lm_head,935,0,1,736
embedding,936,0,1,27696
input_layernorm,936,0,1,61601
rope,936,0,1,86688
post_layernorm,936,0,1,62848
gate_proj,936,0,1,736
up_proj,936,0,1,736
act_fn,936,0,1,44656
final_layernorm,936,0,1,61616
lm_head,936,0,1,736
embedding,937,0,1,27775
input_layernorm,937,0,1,61920
rope,937,0,1,86670
post_layernorm,937,0,1,62751
gate_proj,937,0,1,736
up_proj,937,0,1,736
act_fn,937,0,1,44576
final_layernorm,937,0,1,61616
lm_head,937,0,1,736
embedding,938,0,1,27600
input_layernorm,938,0,1,61582
rope,938,0,1,86879
post_layernorm,938,0,1,62960
gate_proj,938,0,1,736
up_proj,938,0,1,736
act_fn,938,0,1,44383
final_layernorm,938,0,1,61742
lm_head,938,0,1,736
embedding,939,0,1,27807
input_layernorm,939,0,1,61664
rope,939,0,1,86736
post_layernorm,939,0,1,62896
gate_proj,939,0,1,736
up_proj,939,0,1,736
act_fn,939,0,1,44511
final_layernorm,939,0,1,62034
lm_head,939,0,1,736
embedding,940,0,1,27711
input_layernorm,940,0,1,61457
rope,940,0,1,87039
post_layernorm,940,0,1,63102
gate_proj,940,0,1,736
up_proj,940,0,1,736
act_fn,940,0,1,44927
final_layernorm,940,0,1,61969
lm_head,940,0,1,736
embedding,941,0,1,27776
input_layernorm,941,0,1,61855
rope,941,0,1,86864
post_layernorm,941,0,1,62704
gate_proj,941,0,1,736
up_proj,941,0,1,736
act_fn,941,0,1,44848
final_layernorm,941,0,1,62336
lm_head,941,0,1,736
embedding,942,0,1,27584
input_layernorm,942,0,1,61360
rope,942,0,1,86016
post_layernorm,942,0,1,62288
gate_proj,942,0,1,736
up_proj,942,0,1,736
act_fn,942,0,1,45152
final_layernorm,942,0,1,62239
lm_head,942,0,1,736
embedding,943,0,1,27807
input_layernorm,943,0,1,62222
rope,943,0,1,86767
post_layernorm,943,0,1,63006
gate_proj,943,0,1,736
up_proj,943,0,1,736
act_fn,943,0,1,45071
final_layernorm,943,0,1,62560
lm_head,943,0,1,736
embedding,944,0,1,27760
input_layernorm,944,0,1,61360
rope,944,0,1,87215
post_layernorm,944,0,1,62623
gate_proj,944,0,1,736
up_proj,944,0,1,736
act_fn,944,0,1,44544
final_layernorm,944,0,1,62096
lm_head,944,0,1,736
embedding,945,0,1,27920
input_layernorm,945,0,1,62112
rope,945,0,1,86833
post_layernorm,945,0,1,62976
gate_proj,945,0,1,736
up_proj,945,0,1,736
act_fn,945,0,1,45119
final_layernorm,945,0,1,62496
lm_head,945,0,1,736
embedding,946,0,1,27952
input_layernorm,946,0,1,62480
rope,946,0,1,87041
post_layernorm,946,0,1,63184
gate_proj,946,0,1,736
up_proj,946,0,1,736
act_fn,946,0,1,45056
final_layernorm,946,0,1,62783
lm_head,946,0,1,736
embedding,947,0,1,27968
input_layernorm,947,0,1,61710
rope,947,0,1,86831
post_layernorm,947,0,1,62911
gate_proj,947,0,1,736
up_proj,947,0,1,736
act_fn,947,0,1,45393
final_layernorm,947,0,1,62704
lm_head,947,0,1,736
embedding,948,0,1,27600
input_layernorm,948,0,1,61728
rope,948,0,1,86704
post_layernorm,948,0,1,62543
gate_proj,948,0,1,736
up_proj,948,0,1,736
act_fn,948,0,1,45631
final_layernorm,948,0,1,62176
lm_head,948,0,1,735
embedding,949,0,1,27808
input_layernorm,949,0,1,62224
rope,949,0,1,87167
post_layernorm,949,0,1,63471
gate_proj,949,0,1,736
up_proj,949,0,1,736
act_fn,949,0,1,45184
final_layernorm,949,0,1,62816
lm_head,949,0,1,736
embedding,950,0,1,27775
input_layernorm,950,0,1,62288
rope,950,0,1,87247
post_layernorm,950,0,1,62976
gate_proj,950,0,1,736
up_proj,950,0,1,736
act_fn,950,0,1,45552
final_layernorm,950,0,1,62812
lm_head,950,0,1,736
embedding,951,0,1,27904
input_layernorm,951,0,1,62175
rope,951,0,1,87103
post_layernorm,951,0,1,63038
gate_proj,951,0,1,736
up_proj,951,0,1,736
act_fn,951,0,1,45743
final_layernorm,951,0,1,62321
lm_head,951,0,1,736
embedding,952,0,1,27983
input_layernorm,952,0,1,61936
rope,952,0,1,88048
post_layernorm,952,0,1,63327
gate_proj,952,0,1,736
up_proj,952,0,1,736
act_fn,952,0,1,46000
final_layernorm,952,0,1,62593
lm_head,952,0,1,736
embedding,953,0,1,28399
input_layernorm,953,0,1,62400
rope,953,0,1,87411
post_layernorm,953,0,1,63071
gate_proj,953,0,1,736
up_proj,953,0,1,736
act_fn,953,0,1,46208
final_layernorm,953,0,1,62608
lm_head,953,0,1,736
embedding,954,0,1,28032
input_layernorm,954,0,1,62081
rope,954,0,1,87024
post_layernorm,954,0,1,63152
gate_proj,954,0,1,736
up_proj,954,0,1,736
act_fn,954,0,1,45919
final_layernorm,954,0,1,62592
lm_head,954,0,1,736
embedding,955,0,1,28528
input_layernorm,955,0,1,62050
rope,955,0,1,87487
post_layernorm,955,0,1,63423
gate_proj,955,0,1,736
up_proj,955,0,1,736
act_fn,955,0,1,45648
final_layernorm,955,0,1,62671
lm_head,955,0,1,736
embedding,956,0,1,28736
input_layernorm,956,0,1,62545
rope,956,0,1,87761
post_layernorm,956,0,1,63024
gate_proj,956,0,1,736
up_proj,956,0,1,736
act_fn,956,0,1,45840
final_layernorm,956,0,1,62736
lm_head,956,0,1,736
embedding,957,0,1,28416
input_layernorm,957,0,1,62575
rope,957,0,1,87727
post_layernorm,957,0,1,63456
gate_proj,957,0,1,736
up_proj,957,0,1,736
act_fn,957,0,1,46272
final_layernorm,957,0,1,62897
lm_head,957,0,1,736
embedding,958,0,1,28592
input_layernorm,958,0,1,62528
rope,958,0,1,87680
post_layernorm,958,0,1,63710
gate_proj,958,0,1,736
up_proj,958,0,1,736
act_fn,958,0,1,46095
final_layernorm,958,0,1,62703
lm_head,958,0,1,736
embedding,959,0,1,28288
input_layernorm,959,0,1,62832
rope,959,0,1,87487
post_layernorm,959,0,1,63568
gate_proj,959,0,1,736
up_proj,959,0,1,735
act_fn,959,0,1,46271
final_layernorm,959,0,1,62976
lm_head,959,0,1,736
embedding,960,0,1,28464
input_layernorm,960,0,1,61711
rope,960,0,1,87168
post_layernorm,960,0,1,62896
gate_proj,960,0,1,736
up_proj,960,0,1,736
act_fn,960,0,1,46047
final_layernorm,960,0,1,62081
lm_head,960,0,1,736
embedding,961,0,1,28224
input_layernorm,961,0,1,62479
rope,961,0,1,87824
post_layernorm,961,0,1,63344
gate_proj,961,0,1,736
up_proj,961,0,1,736
act_fn,961,0,1,46527
final_layernorm,961,0,1,62960
lm_head,961,0,1,736
embedding,962,0,1,28368
input_layernorm,962,0,1,62254
rope,962,0,1,87569
post_layernorm,962,0,1,63360
gate_proj,962,0,1,719
up_proj,962,0,1,752
act_fn,962,0,1,46239
final_layernorm,962,0,1,62703
lm_head,962,0,1,736
embedding,963,0,1,28288
input_layernorm,963,0,1,62223
rope,963,0,1,86864
post_layernorm,963,0,1,62929
gate_proj,963,0,1,736
up_proj,963,0,1,736
act_fn,963,0,1,46287
final_layernorm,963,0,1,62640
lm_head,963,0,1,736
embedding,964,0,1,28081
input_layernorm,964,0,1,62321
rope,964,0,1,87855
post_layernorm,964,0,1,63185
gate_proj,964,0,1,736
up_proj,964,0,1,736
act_fn,964,0,1,46175
final_layernorm,964,0,1,62831
lm_head,964,0,1,736
embedding,965,0,1,28400
input_layernorm,965,0,1,62079
rope,965,0,1,87424
post_layernorm,965,0,1,63232
gate_proj,965,0,1,736
up_proj,965,0,1,736
act_fn,965,0,1,46352
final_layernorm,965,0,1,62799
lm_head,965,0,1,736
embedding,966,0,1,28432
input_layernorm,966,0,1,62752
rope,966,0,1,88351
post_layernorm,966,0,1,63680
gate_proj,966,0,1,736
up_proj,966,0,1,736
act_fn,966,0,1,46464
final_layernorm,966,0,1,63280
lm_head,966,0,1,736
embedding,967,0,1,28416
input_layernorm,967,0,1,62448
rope,967,0,1,88032
post_layernorm,967,0,1,63663
gate_proj,967,0,1,736
up_proj,967,0,1,736
act_fn,967,0,1,46799
final_layernorm,967,0,1,63072
lm_head,967,0,1,736
embedding,968,0,1,28303
input_layernorm,968,0,1,62190
rope,968,0,1,87968
post_layernorm,968,0,1,62783
gate_proj,968,0,1,736
up_proj,968,0,1,736
act_fn,968,0,1,46527
final_layernorm,968,0,1,62048
lm_head,968,0,1,736
embedding,969,0,1,28128
input_layernorm,969,0,1,62575
rope,969,0,1,88047
post_layernorm,969,0,1,63534
gate_proj,969,0,1,736
up_proj,969,0,1,736
act_fn,969,0,1,46656
final_layernorm,969,0,1,63376
lm_head,969,0,1,736
embedding,970,0,1,28384
input_layernorm,970,0,1,62959
rope,970,0,1,88383
post_layernorm,970,0,1,63759
gate_proj,970,0,1,736
up_proj,970,0,1,736
act_fn,970,0,1,46703
final_layernorm,970,0,1,63681
lm_head,970,0,1,736
embedding,971,0,1,28208
input_layernorm,971,0,1,62575
rope,971,0,1,87936
post_layernorm,971,0,1,63680
gate_proj,971,0,1,736
up_proj,971,0,1,736
act_fn,971,0,1,46753
final_layernorm,971,0,1,63056
lm_head,971,0,1,736
embedding,972,0,1,28192
input_layernorm,972,0,1,63200
rope,972,0,1,88894
post_layernorm,972,0,1,64127
gate_proj,972,0,1,736
up_proj,972,0,1,736
act_fn,972,0,1,46800
final_layernorm,972,0,1,63456
lm_head,972,0,1,736
embedding,973,0,1,28160
input_layernorm,973,0,1,62128
rope,973,0,1,87601
post_layernorm,973,0,1,63393
gate_proj,973,0,1,736
up_proj,973,0,1,736
act_fn,973,0,1,46752
final_layernorm,973,0,1,63200
lm_head,973,0,1,736
embedding,974,0,1,28368
input_layernorm,974,0,1,62800
rope,974,0,1,88064
post_layernorm,974,0,1,63215
gate_proj,974,0,1,736
up_proj,974,0,1,736
act_fn,974,0,1,46848
final_layernorm,974,0,1,63296
lm_head,974,0,1,736
embedding,975,0,1,28672
input_layernorm,975,0,1,62813
rope,975,0,1,89232
post_layernorm,975,0,1,64127
gate_proj,975,0,1,736
up_proj,975,0,1,736
act_fn,975,0,1,46880
final_layernorm,975,0,1,63407
lm_head,975,0,1,736
embedding,976,0,1,28384
input_layernorm,976,0,1,62496
rope,976,0,1,89136
post_layernorm,976,0,1,63296
gate_proj,976,0,1,736
up_proj,976,0,1,736
act_fn,976,0,1,46784
final_layernorm,976,0,1,63186
lm_head,976,0,1,736
embedding,977,0,1,28400
input_layernorm,977,0,1,63040
rope,977,0,1,88720
post_layernorm,977,0,1,64207
gate_proj,977,0,1,736
up_proj,977,0,1,736
act_fn,977,0,1,47136
final_layernorm,977,0,1,63776
lm_head,977,0,1,736
embedding,978,0,1,28128
input_layernorm,978,0,1,62656
rope,978,0,1,88143
post_layernorm,978,0,1,63727
gate_proj,978,0,1,736
up_proj,978,0,1,736
act_fn,978,0,1,47232
final_layernorm,978,0,1,63407
lm_head,978,0,1,736
embedding,979,0,1,28432
input_layernorm,979,0,1,63298
rope,979,0,1,88482
post_layernorm,979,0,1,63775
gate_proj,979,0,1,736
up_proj,979,0,1,736
act_fn,979,0,1,47279
final_layernorm,979,0,1,63407
lm_head,979,0,1,736
embedding,980,0,1,28304
input_layernorm,980,0,1,63342
rope,980,0,1,88144
post_layernorm,980,0,1,63584
gate_proj,980,0,1,736
up_proj,980,0,1,736
act_fn,980,0,1,47632
final_layernorm,980,0,1,63360
lm_head,980,0,1,736
embedding,981,0,1,28832
input_layernorm,981,0,1,63422
rope,981,0,1,89279
post_layernorm,981,0,1,64591
gate_proj,981,0,1,736
up_proj,981,0,1,736
act_fn,981,0,1,47424
final_layernorm,981,0,1,63648
lm_head,981,0,1,736
embedding,982,0,1,28367
input_layernorm,982,0,1,63376
rope,982,0,1,89120
post_layernorm,982,0,1,64208
gate_proj,982,0,1,736
up_proj,982,0,1,736
act_fn,982,0,1,47695
final_layernorm,982,0,1,63761
lm_head,982,0,1,736
embedding,983,0,1,28624
input_layernorm,983,0,1,63182
rope,983,0,1,89152
post_layernorm,983,0,1,64432
gate_proj,983,0,1,736
up_proj,983,0,1,736
act_fn,983,0,1,47552
final_layernorm,983,0,1,63792
lm_head,983,0,1,736
embedding,984,0,1,28672
input_layernorm,984,0,1,63006
rope,984,0,1,89294
post_layernorm,984,0,1,64463
gate_proj,984,0,1,736
up_proj,984,0,1,736
act_fn,984,0,1,47359
final_layernorm,984,0,1,63359
lm_head,984,0,1,736
embedding,985,0,1,28751
input_layernorm,985,0,1,63536
rope,985,0,1,89184
post_layernorm,985,0,1,64496
gate_proj,985,0,1,736
up_proj,985,0,1,736
act_fn,985,0,1,47776
final_layernorm,985,0,1,63855
lm_head,985,0,1,736
embedding,986,0,1,28800
input_layernorm,986,0,1,63536
rope,986,0,1,88992
post_layernorm,986,0,1,64863
gate_proj,986,0,1,735
up_proj,986,0,1,736
act_fn,986,0,1,47824
final_layernorm,986,0,1,64097
lm_head,986,0,1,736
embedding,987,0,1,28944
input_layernorm,987,0,1,63949
rope,987,0,1,89168
post_layernorm,987,0,1,64384
gate_proj,987,0,1,736
up_proj,987,0,1,736
act_fn,987,0,1,47904
final_layernorm,987,0,1,64112
lm_head,987,0,1,736
embedding,988,0,1,29168
input_layernorm,988,0,1,63887
rope,988,0,1,89376
post_layernorm,988,0,1,64591
gate_proj,988,0,1,736
up_proj,988,0,1,736
act_fn,988,0,1,47968
final_layernorm,988,0,1,63952
lm_head,988,0,1,736
embedding,989,0,1,29312
input_layernorm,989,0,1,63822
rope,989,0,1,89407
post_layernorm,989,0,1,64560
gate_proj,989,0,1,736
up_proj,989,0,1,736
act_fn,989,0,1,47696
final_layernorm,989,0,1,64256
lm_head,989,0,1,736
embedding,990,0,1,29439
input_layernorm,990,0,1,63792
rope,990,0,1,89424
post_layernorm,990,0,1,64447
gate_proj,990,0,1,736
up_proj,990,0,1,736
act_fn,990,0,1,48224
final_layernorm,990,0,1,64224
lm_head,990,0,1,736
embedding,991,0,1,29552
input_layernorm,991,0,1,63407
rope,991,0,1,89505
post_layernorm,991,0,1,64895
gate_proj,991,0,1,736
up_proj,991,0,1,736
act_fn,991,0,1,48000
final_layernorm,991,0,1,64048
lm_head,991,0,1,736
embedding,992,0,1,29456
input_layernorm,992,0,1,62800
rope,992,0,1,88689
post_layernorm,992,0,1,63855
gate_proj,992,0,1,736
up_proj,992,0,1,736
act_fn,992,0,1,47712
final_layernorm,992,0,1,63407
lm_head,992,0,1,736
embedding,993,0,1,29392
input_layernorm,993,0,1,63680
rope,993,0,1,89280
post_layernorm,993,0,1,64544
gate_proj,993,0,1,736
up_proj,993,0,1,736
act_fn,993,0,1,48816
final_layernorm,993,0,1,64288
lm_head,993,0,1,736
embedding,994,0,1,29216
input_layernorm,994,0,1,63825
rope,994,0,1,89678
post_layernorm,994,0,1,65024
gate_proj,994,0,1,736
up_proj,994,0,1,736
act_fn,994,0,1,48256
final_layernorm,994,0,1,64687
lm_head,994,0,1,736
embedding,995,0,1,29408
input_layernorm,995,0,1,63951
rope,995,0,1,89885
post_layernorm,995,0,1,64992
gate_proj,995,0,1,736
up_proj,995,0,1,736
act_fn,995,0,1,48624
final_layernorm,995,0,1,64592
lm_head,995,0,1,736
embedding,996,0,1,29104
input_layernorm,996,0,1,63857
rope,996,0,1,90016
post_layernorm,996,0,1,64912
gate_proj,996,0,1,736
up_proj,996,0,1,736
act_fn,996,0,1,48527
final_layernorm,996,0,1,64512
lm_head,996,0,1,736
embedding,997,0,1,29311
input_layernorm,997,0,1,63280
rope,997,0,1,89104
post_layernorm,997,0,1,64080
gate_proj,997,0,1,736
up_proj,997,0,1,736
act_fn,997,0,1,47776
final_layernorm,997,0,1,64575
lm_head,997,0,1,736
embedding,998,0,1,29440
input_layernorm,998,0,1,63871
rope,998,0,1,90096
post_layernorm,998,0,1,65056
gate_proj,998,0,1,736
up_proj,998,0,1,736
act_fn,998,0,1,48767
final_layernorm,998,0,1,64942
lm_head,998,0,1,736
embedding,999,0,1,29328
input_layernorm,999,0,1,64143
rope,999,0,1,89792
post_layernorm,999,0,1,65024
gate_proj,999,0,1,736
up_proj,999,0,1,736
act_fn,999,0,1,48512
final_layernorm,999,0,1,64720
lm_head,999,0,1,736
embedding,1000,0,1,29215
input_layernorm,1000,0,1,63538
rope,1000,0,1,89392
post_layernorm,1000,0,1,64592
gate_proj,1000,0,1,736
up_proj,1000,0,1,736
act_fn,1000,0,1,48479
final_layernorm,1000,0,1,64353
lm_head,1000,0,1,736
embedding,1001,0,1,28912
input_layernorm,1001,0,1,64142
rope,1001,0,1,89487
post_layernorm,1001,0,1,64240
gate_proj,1001,0,1,736
up_proj,1001,0,1,736
act_fn,1001,0,1,48671
final_layernorm,1001,0,1,65039
lm_head,1001,0,1,736
embedding,1002,0,1,28976
input_layernorm,1002,0,1,64208
rope,1002,0,1,89744
post_layernorm,1002,0,1,64672
gate_proj,1002,0,1,736
up_proj,1002,0,1,736
act_fn,1002,0,1,48944
final_layernorm,1002,0,1,64831
lm_head,1002,0,1,736
embedding,1003,0,1,29088
input_layernorm,1003,0,1,63902
rope,1003,0,1,89744
post_layernorm,1003,0,1,64687
gate_proj,1003,0,1,736
up_proj,1003,0,1,736
act_fn,1003,0,1,49056
final_layernorm,1003,0,1,65199
lm_head,1003,0,1,736
embedding,1004,0,1,29456
input_layernorm,1004,0,1,64320
rope,1004,0,1,90879
post_layernorm,1004,0,1,65392
gate_proj,1004,0,1,736
up_proj,1004,0,1,736
act_fn,1004,0,1,49088
final_layernorm,1004,0,1,65118
lm_head,1004,0,1,736
embedding,1005,0,1,29263
input_layernorm,1005,0,1,64641
rope,1005,0,1,90385
post_layernorm,1005,0,1,65327
gate_proj,1005,0,1,736
up_proj,1005,0,1,736
act_fn,1005,0,1,49679
final_layernorm,1005,0,1,65456
lm_head,1005,0,1,736
embedding,1006,0,1,29392
input_layernorm,1006,0,1,64241
rope,1006,0,1,90606
post_layernorm,1006,0,1,65440
gate_proj,1006,0,1,736
up_proj,1006,0,1,736
act_fn,1006,0,1,49168
final_layernorm,1006,0,1,65649
lm_head,1006,0,1,736
embedding,1007,0,1,29600
input_layernorm,1007,0,1,64352
rope,1007,0,1,90496
post_layernorm,1007,0,1,65360
gate_proj,1007,0,1,736
up_proj,1007,0,1,736
act_fn,1007,0,1,49456
final_layernorm,1007,0,1,65582
lm_head,1007,0,1,736
embedding,1008,0,1,29423
input_layernorm,1008,0,1,64369
rope,1008,0,1,90686
post_layernorm,1008,0,1,65120
gate_proj,1008,0,1,736
up_proj,1008,0,1,736
act_fn,1008,0,1,49136
final_layernorm,1008,0,1,65392
lm_head,1008,0,1,736
embedding,1009,0,1,30255
input_layernorm,1009,0,1,65057
rope,1009,0,1,90671
post_layernorm,1009,0,1,65600
gate_proj,1009,0,1,736
up_proj,1009,0,1,736
act_fn,1009,0,1,48768
final_layernorm,1009,0,1,65696
lm_head,1009,0,1,736
embedding,1010,0,1,30272
input_layernorm,1010,0,1,64577
rope,1010,0,1,90560
post_layernorm,1010,0,1,65487
gate_proj,1010,0,1,736
up_proj,1010,0,1,736
act_fn,1010,0,1,48720
final_layernorm,1010,0,1,65615
lm_head,1010,0,1,736
embedding,1011,0,1,30463
input_layernorm,1011,0,1,64575
rope,1011,0,1,90849
post_layernorm,1011,0,1,65634
gate_proj,1011,0,1,736
up_proj,1011,0,1,736
act_fn,1011,0,1,48848
final_layernorm,1011,0,1,65568
lm_head,1011,0,1,736
embedding,1012,0,1,30224
input_layernorm,1012,0,1,64336
rope,1012,0,1,91279
post_layernorm,1012,0,1,65936
gate_proj,1012,0,1,736
up_proj,1012,0,1,736
act_fn,1012,0,1,49327
final_layernorm,1012,0,1,65759
lm_head,1012,0,1,736
embedding,1013,0,1,30240
input_layernorm,1013,0,1,64976
rope,1013,0,1,90752
post_layernorm,1013,0,1,65903
gate_proj,1013,0,1,736
up_proj,1013,0,1,736
act_fn,1013,0,1,49280
final_layernorm,1013,0,1,65888
lm_head,1013,0,1,736
embedding,1014,0,1,30544
input_layernorm,1014,0,1,64720
rope,1014,0,1,90991
post_layernorm,1014,0,1,65375
gate_proj,1014,0,1,736
up_proj,1014,0,1,736
act_fn,1014,0,1,49104
final_layernorm,1014,0,1,66352
lm_head,1014,0,1,736
embedding,1015,0,1,30128
input_layernorm,1015,0,1,65103
rope,1015,0,1,90320
post_layernorm,1015,0,1,65311
gate_proj,1015,0,1,736
up_proj,1015,0,1,736
act_fn,1015,0,1,49072
final_layernorm,1015,0,1,65680
lm_head,1015,0,1,736
embedding,1016,0,1,30480
input_layernorm,1016,0,1,64703
rope,1016,0,1,91393
post_layernorm,1016,0,1,65664
gate_proj,1016,0,1,736
up_proj,1016,0,1,736
act_fn,1016,0,1,49423
final_layernorm,1016,0,1,66305
lm_head,1016,0,1,736
embedding,1017,0,1,30416
input_layernorm,1017,0,1,65744
rope,1017,0,1,91312
post_layernorm,1017,0,1,65728
gate_proj,1017,0,1,736
up_proj,1017,0,1,736
act_fn,1017,0,1,49487
final_layernorm,1017,0,1,66239
lm_head,1017,0,1,736
embedding,1018,0,1,30656
input_layernorm,1018,0,1,65168
rope,1018,0,1,91278
post_layernorm,1018,0,1,65903
gate_proj,1018,0,1,736
up_proj,1018,0,1,736
act_fn,1018,0,1,49328
final_layernorm,1018,0,1,66193
lm_head,1018,0,1,736
embedding,1019,0,1,30511
input_layernorm,1019,0,1,65680
rope,1019,0,1,91424
post_layernorm,1019,0,1,65902
gate_proj,1019,0,1,736
up_proj,1019,0,1,736
act_fn,1019,0,1,49792
final_layernorm,1019,0,1,66464
lm_head,1019,0,1,736
embedding,1020,0,1,30864
input_layernorm,1020,0,1,65213
rope,1020,0,1,91585
post_layernorm,1020,0,1,66495
gate_proj,1020,0,1,736
up_proj,1020,0,1,736
act_fn,1020,0,1,49440
final_layernorm,1020,0,1,66480
lm_head,1020,0,1,736
embedding,1021,0,1,30912
input_layernorm,1021,0,1,65552
rope,1021,0,1,91470
post_layernorm,1021,0,1,66831
gate_proj,1021,0,1,736
up_proj,1021,0,1,736
act_fn,1021,0,1,49536
final_layernorm,1021,0,1,66384
lm_head,1021,0,1,736
embedding,1022,0,1,30944
input_layernorm,1022,0,1,65712
rope,1022,0,1,91535
post_layernorm,1022,0,1,66112
gate_proj,1022,0,1,736
up_proj,1022,0,1,736
act_fn,1022,0,1,49823
final_layernorm,1022,0,1,67056
lm_head,1022,0,1,736
embedding,1023,0,1,31168
input_layernorm,1023,0,1,65951
rope,1023,0,1,91040
post_layernorm,1023,0,1,66240
gate_proj,1023,0,1,736
up_proj,1023,0,1,736
act_fn,1023,0,1,49599
final_layernorm,1023,0,1,66830
lm_head,1023,0,1,736
embedding,1024,0,1,30592
input_layernorm,1024,0,1,64816
rope,1024,0,1,91791
post_layernorm,1024,0,1,65712
gate_proj,1024,0,1,736
up_proj,1024,0,1,736
act_fn,1024,0,1,49488
final_layernorm,1024,0,1,65648
lm_head,1024,0,1,736
embedding,1025,0,1,30800
input_layernorm,1025,0,1,65262
rope,1025,0,1,90720
post_layernorm,1025,0,1,65983
gate_proj,1025,0,1,736
up_proj,1025,0,1,736
act_fn,1025,0,1,49615
final_layernorm,1025,0,1,66605
lm_head,1025,0,1,736
embedding,1026,0,1,31087
input_layernorm,1026,0,1,65087
rope,1026,0,1,91760
post_layernorm,1026,0,1,66560
gate_proj,1026,0,1,736
up_proj,1026,0,1,736
act_fn,1026,0,1,49952
final_layernorm,1026,0,1,66304
lm_head,1026,0,1,736
embedding,1027,0,1,31280
input_layernorm,1027,0,1,64897
rope,1027,0,1,90895
post_layernorm,1027,0,1,66000
gate_proj,1027,0,1,736
up_proj,1027,0,1,736
act_fn,1027,0,1,49855
final_layernorm,1027,0,1,66320
lm_head,1027,0,1,736
embedding,1028,0,1,30960
input_layernorm,1028,0,1,65377
rope,1028,0,1,92176
post_layernorm,1028,0,1,66895
gate_proj,1028,0,1,736
up_proj,1028,0,1,736
act_fn,1028,0,1,50112
final_layernorm,1028,0,1,66686
lm_head,1028,0,1,736
embedding,1029,0,1,31200
input_layernorm,1029,0,1,65728
rope,1029,0,1,91840
post_layernorm,1029,0,1,67024
gate_proj,1029,0,1,736
up_proj,1029,0,1,736
act_fn,1029,0,1,50048
final_layernorm,1029,0,1,66542
lm_head,1029,0,1,736
embedding,1030,0,1,31392
input_layernorm,1030,0,1,65711
rope,1030,0,1,91983
post_layernorm,1030,0,1,67199
gate_proj,1030,0,1,736
up_proj,1030,0,1,736
act_fn,1030,0,1,50416
final_layernorm,1030,0,1,66543
lm_head,1030,0,1,736
embedding,1031,0,1,31280
input_layernorm,1031,0,1,65840
rope,1031,0,1,91744
post_layernorm,1031,0,1,66928
gate_proj,1031,0,1,736
up_proj,1031,0,1,736
act_fn,1031,0,1,50320
final_layernorm,1031,0,1,66704
lm_head,1031,0,1,736
embedding,1032,0,1,31296
input_layernorm,1032,0,1,65760
rope,1032,0,1,92223
post_layernorm,1032,0,1,66800
gate_proj,1032,0,1,736
up_proj,1032,0,1,736
act_fn,1032,0,1,50079
final_layernorm,1032,0,1,66447
lm_head,1032,0,1,736
embedding,1033,0,1,31088
input_layernorm,1033,0,1,65776
rope,1033,0,1,91055
post_layernorm,1033,0,1,66513
gate_proj,1033,0,1,736
up_proj,1033,0,1,736
act_fn,1033,0,1,50223
final_layernorm,1033,0,1,66160
lm_head,1033,0,1,736
embedding,1034,0,1,30736
input_layernorm,1034,0,1,66384
rope,1034,0,1,91631
post_layernorm,1034,0,1,66559
gate_proj,1034,0,1,736
up_proj,1034,0,1,736
act_fn,1034,0,1,50127
final_layernorm,1034,0,1,66767
lm_head,1034,0,1,736
embedding,1035,0,1,31280
input_layernorm,1035,0,1,66112
rope,1035,0,1,92511
post_layernorm,1035,0,1,66961
gate_proj,1035,0,1,736
up_proj,1035,0,1,752
act_fn,1035,0,1,50432
final_layernorm,1035,0,1,67135
lm_head,1035,0,1,736
embedding,1036,0,1,31104
input_layernorm,1036,0,1,65632
rope,1036,0,1,92144
post_layernorm,1036,0,1,67008
gate_proj,1036,0,1,736
up_proj,1036,0,1,736
act_fn,1036,0,1,50896
final_layernorm,1036,0,1,66897
lm_head,1036,0,1,736
embedding,1037,0,1,31200
input_layernorm,1037,0,1,66033
rope,1037,0,1,91552
post_layernorm,1037,0,1,66752
gate_proj,1037,0,1,736
up_proj,1037,0,1,736
act_fn,1037,0,1,50591
final_layernorm,1037,0,1,66864
lm_head,1037,0,1,736
embedding,1038,0,1,30960
input_layernorm,1038,0,1,65840
rope,1038,0,1,92496
post_layernorm,1038,0,1,67520
gate_proj,1038,0,1,736
up_proj,1038,0,1,736
act_fn,1038,0,1,50336
final_layernorm,1038,0,1,67184
lm_head,1038,0,1,736
embedding,1039,0,1,31264
input_layernorm,1039,0,1,66143
rope,1039,0,1,92704
post_layernorm,1039,0,1,67568
gate_proj,1039,0,1,736
up_proj,1039,0,1,736
act_fn,1039,0,1,50576
final_layernorm,1039,0,1,67024
lm_head,1039,0,1,736
embedding,1040,0,1,31184
input_layernorm,1040,0,1,65679
rope,1040,0,1,92592
post_layernorm,1040,0,1,67535
gate_proj,1040,0,1,736
up_proj,1040,0,1,736
act_fn,1040,0,1,50847
final_layernorm,1040,0,1,67136
lm_head,1040,0,1,736
embedding,1041,0,1,30336
input_layernorm,1041,0,1,66591
rope,1041,0,1,92623
post_layernorm,1041,0,1,67888
gate_proj,1041,0,1,736
up_proj,1041,0,1,736
act_fn,1041,0,1,50688
final_layernorm,1041,0,1,67471
lm_head,1041,0,1,736
embedding,1042,0,1,30208
input_layernorm,1042,0,1,66255
rope,1042,0,1,92319
post_layernorm,1042,0,1,67520
gate_proj,1042,0,1,736
up_proj,1042,0,1,736
act_fn,1042,0,1,50719
final_layernorm,1042,0,1,67311
lm_head,1042,0,1,736
embedding,1043,0,1,29936
input_layernorm,1043,0,1,66576
rope,1043,0,1,91760
post_layernorm,1043,0,1,67281
gate_proj,1043,0,1,736
up_proj,1043,0,1,736
act_fn,1043,0,1,51040
final_layernorm,1043,0,1,67023
lm_head,1043,0,1,736
embedding,1044,0,1,30192
input_layernorm,1044,0,1,66303
rope,1044,0,1,92497
post_layernorm,1044,0,1,67248
gate_proj,1044,0,1,736
up_proj,1044,0,1,736
act_fn,1044,0,1,50767
final_layernorm,1044,0,1,67185
lm_head,1044,0,1,736
embedding,1045,0,1,30544
input_layernorm,1045,0,1,66543
rope,1045,0,1,92512
post_layernorm,1045,0,1,67439
gate_proj,1045,0,1,736
up_proj,1045,0,1,736
act_fn,1045,0,1,50879
final_layernorm,1045,0,1,67343
lm_head,1045,0,1,736
embedding,1046,0,1,30624
input_layernorm,1046,0,1,66432
rope,1046,0,1,92527
post_layernorm,1046,0,1,67456
gate_proj,1046,0,1,736
up_proj,1046,0,1,736
act_fn,1046,0,1,51071
final_layernorm,1046,0,1,67697
lm_head,1046,0,1,736
embedding,1047,0,1,30224
input_layernorm,1047,0,1,66431
rope,1047,0,1,91664
post_layernorm,1047,0,1,67296
gate_proj,1047,0,1,736
up_proj,1047,0,1,736
act_fn,1047,0,1,50928
final_layernorm,1047,0,1,67216
lm_head,1047,0,1,736
embedding,1048,0,1,30384
input_layernorm,1048,0,1,66352
rope,1048,0,1,92831
post_layernorm,1048,0,1,66912
gate_proj,1048,0,1,736
up_proj,1048,0,1,736
act_fn,1048,0,1,50992
final_layernorm,1048,0,1,66912
lm_head,1048,0,1,736
embedding,1049,0,1,30048
input_layernorm,1049,0,1,66416
rope,1049,0,1,92288
post_layernorm,1049,0,1,67171
gate_proj,1049,0,1,736
up_proj,1049,0,1,736
act_fn,1049,0,1,51248
final_layernorm,1049,0,1,67440
lm_head,1049,0,1,736
embedding,1050,0,1,30368
input_layernorm,1050,0,1,66656
rope,1050,0,1,91874
post_layernorm,1050,0,1,67280
gate_proj,1050,0,1,736
up_proj,1050,0,1,736
act_fn,1050,0,1,51727
final_layernorm,1050,0,1,67296
lm_head,1050,0,1,736
embedding,1051,0,1,30864
input_layernorm,1051,0,1,67375
rope,1051,0,1,93168
post_layernorm,1051,0,1,67935
gate_proj,1051,0,1,736
up_proj,1051,0,1,736
act_fn,1051,0,1,51584
final_layernorm,1051,0,1,67871
lm_head,1051,0,1,736
embedding,1052,0,1,30416
input_layernorm,1052,0,1,67039
rope,1052,0,1,93311
post_layernorm,1052,0,1,68016
gate_proj,1052,0,1,736
up_proj,1052,0,1,736
act_fn,1052,0,1,51136
final_layernorm,1052,0,1,68096
lm_head,1052,0,1,736
embedding,1053,0,1,30607
input_layernorm,1053,0,1,67616
rope,1053,0,1,93472
post_layernorm,1053,0,1,68192
gate_proj,1053,0,1,736
up_proj,1053,0,1,736
act_fn,1053,0,1,51343
final_layernorm,1053,0,1,67566
lm_head,1053,0,1,736
embedding,1054,0,1,31200
input_layernorm,1054,0,1,67168
rope,1054,0,1,93617
post_layernorm,1054,0,1,68031
gate_proj,1054,0,1,736
up_proj,1054,0,1,736
act_fn,1054,0,1,51280
final_layernorm,1054,0,1,67743
lm_head,1054,0,1,736
embedding,1055,0,1,31120
input_layernorm,1055,0,1,67296
rope,1055,0,1,93376
post_layernorm,1055,0,1,68097
gate_proj,1055,0,1,736
up_proj,1055,0,1,736
act_fn,1055,0,1,51584
final_layernorm,1055,0,1,68032
lm_head,1055,0,1,736
embedding,1056,0,1,31087
input_layernorm,1056,0,1,66928
rope,1056,0,1,94415
post_layernorm,1056,0,1,67759
gate_proj,1056,0,1,736
up_proj,1056,0,1,736
act_fn,1056,0,1,51552
final_layernorm,1056,0,1,67776
lm_head,1056,0,1,736
embedding,1057,0,1,31264
input_layernorm,1057,0,1,67408
rope,1057,0,1,94653
post_layernorm,1057,0,1,67920
gate_proj,1057,0,1,736
up_proj,1057,0,1,736
act_fn,1057,0,1,51488
final_layernorm,1057,0,1,67567
lm_head,1057,0,1,736
embedding,1058,0,1,31312
input_layernorm,1058,0,1,66672
rope,1058,0,1,94463
post_layernorm,1058,0,1,67504
gate_proj,1058,0,1,736
up_proj,1058,0,1,736
act_fn,1058,0,1,51648
final_layernorm,1058,0,1,67695
lm_head,1058,0,1,736
embedding,1059,0,1,30912
input_layernorm,1059,0,1,67679
rope,1059,0,1,95135
post_layernorm,1059,0,1,68462
gate_proj,1059,0,1,736
up_proj,1059,0,1,736
act_fn,1059,0,1,51712
final_layernorm,1059,0,1,67728
lm_head,1059,0,1,736
embedding,1060,0,1,31376
input_layernorm,1060,0,1,67487
rope,1060,0,1,95937
post_layernorm,1060,0,1,68270
gate_proj,1060,0,1,736
up_proj,1060,0,1,736
act_fn,1060,0,1,52159
final_layernorm,1060,0,1,67728
lm_head,1060,0,1,736
embedding,1061,0,1,30624
input_layernorm,1061,0,1,66944
rope,1061,0,1,94015
post_layernorm,1061,0,1,67616
gate_proj,1061,0,1,736
up_proj,1061,0,1,736
act_fn,1061,0,1,51984
final_layernorm,1061,0,1,67343
lm_head,1061,0,1,736
embedding,1062,0,1,30688
input_layernorm,1062,0,1,67007
rope,1062,0,1,94399
post_layernorm,1062,0,1,67616
gate_proj,1062,0,1,736
up_proj,1062,0,1,736
act_fn,1062,0,1,52032
final_layernorm,1062,0,1,67248
lm_head,1062,0,1,736
embedding,1063,0,1,31008
input_layernorm,1063,0,1,67504
rope,1063,0,1,95615
post_layernorm,1063,0,1,68111
gate_proj,1063,0,1,736
up_proj,1063,0,1,736
act_fn,1063,0,1,51984
final_layernorm,1063,0,1,67872
lm_head,1063,0,1,736
embedding,1064,0,1,31200
input_layernorm,1064,0,1,67696
rope,1064,0,1,95984
post_layernorm,1064,0,1,68176
gate_proj,1064,0,1,736
up_proj,1064,0,1,736
act_fn,1064,0,1,51887
final_layernorm,1064,0,1,68049
lm_head,1064,0,1,736
embedding,1065,0,1,32175
input_layernorm,1065,0,1,67199
rope,1065,0,1,95615
post_layernorm,1065,0,1,68354
gate_proj,1065,0,1,736
up_proj,1065,0,1,736
act_fn,1065,0,1,51887
final_layernorm,1065,0,1,68239
lm_head,1065,0,1,736
embedding,1066,0,1,31936
input_layernorm,1066,0,1,67808
rope,1066,0,1,96048
post_layernorm,1066,0,1,68753
gate_proj,1066,0,1,736
up_proj,1066,0,1,736
act_fn,1066,0,1,51839
final_layernorm,1066,0,1,68448
lm_head,1066,0,1,736
embedding,1067,0,1,31792
input_layernorm,1067,0,1,67697
rope,1067,0,1,94928
post_layernorm,1067,0,1,68128
gate_proj,1067,0,1,736
up_proj,1067,0,1,736
act_fn,1067,0,1,51872
final_layernorm,1067,0,1,67360
lm_head,1067,0,1,736
embedding,1068,0,1,32208
input_layernorm,1068,0,1,68080
rope,1068,0,1,96305
post_layernorm,1068,0,1,69263
gate_proj,1068,0,1,736
up_proj,1068,0,1,736
act_fn,1068,0,1,51823
final_layernorm,1068,0,1,68656
lm_head,1068,0,1,736
embedding,1069,0,1,32287
input_layernorm,1069,0,1,68048
rope,1069,0,1,95583
post_layernorm,1069,0,1,69248
gate_proj,1069,0,1,736
up_proj,1069,0,1,736
act_fn,1069,0,1,52160
final_layernorm,1069,0,1,68703
lm_head,1069,0,1,736
embedding,1070,0,1,32144
input_layernorm,1070,0,1,67632
rope,1070,0,1,96208
post_layernorm,1070,0,1,69073
gate_proj,1070,0,1,736
up_proj,1070,0,1,736
act_fn,1070,0,1,52352
final_layernorm,1070,0,1,68272
lm_head,1070,0,1,736
embedding,1071,0,1,32144
input_layernorm,1071,0,1,68238
rope,1071,0,1,95759
post_layernorm,1071,0,1,68927
gate_proj,1071,0,1,736
up_proj,1071,0,1,736
act_fn,1071,0,1,52000
final_layernorm,1071,0,1,68063
lm_head,1071,0,1,736
embedding,1072,0,1,31343
input_layernorm,1072,0,1,67680
rope,1072,0,1,96352
post_layernorm,1072,0,1,69249
gate_proj,1072,0,1,736
up_proj,1072,0,1,736
act_fn,1072,0,1,52543
final_layernorm,1072,0,1,68048
lm_head,1072,0,1,736
embedding,1073,0,1,32255
input_layernorm,1073,0,1,68112
rope,1073,0,1,96048
post_layernorm,1073,0,1,69471
gate_proj,1073,0,1,736
up_proj,1073,0,1,768
act_fn,1073,0,1,52688
final_layernorm,1073,0,1,68642
lm_head,1073,0,1,736
embedding,1074,0,1,31759
input_layernorm,1074,0,1,67888
rope,1074,0,1,96031
post_layernorm,1074,0,1,69218
gate_proj,1074,0,1,736
up_proj,1074,0,1,736
act_fn,1074,0,1,52464
final_layernorm,1074,0,1,68560
lm_head,1074,0,1,736
embedding,1075,0,1,32320
input_layernorm,1075,0,1,68480
rope,1075,0,1,96160
post_layernorm,1075,0,1,69648
gate_proj,1075,0,1,736
up_proj,1075,0,1,736
act_fn,1075,0,1,53104
final_layernorm,1075,0,1,68897
lm_head,1075,0,1,736
embedding,1076,0,1,32096
input_layernorm,1076,0,1,68096
rope,1076,0,1,96128
post_layernorm,1076,0,1,69616
gate_proj,1076,0,1,736
up_proj,1076,0,1,736
act_fn,1076,0,1,52752
final_layernorm,1076,0,1,68993
lm_head,1076,0,1,736
embedding,1077,0,1,32223
input_layernorm,1077,0,1,68399
rope,1077,0,1,96239
post_layernorm,1077,0,1,69712
gate_proj,1077,0,1,736
up_proj,1077,0,1,736
act_fn,1077,0,1,52927
final_layernorm,1077,0,1,68848
lm_head,1077,0,1,736
embedding,1078,0,1,32191
input_layernorm,1078,0,1,68206
rope,1078,0,1,96000
post_layernorm,1078,0,1,69520
gate_proj,1078,0,1,736
up_proj,1078,0,1,736
act_fn,1078,0,1,53263
final_layernorm,1078,0,1,69231
lm_head,1078,0,1,736
embedding,1079,0,1,32063
input_layernorm,1079,0,1,68671
rope,1079,0,1,96720
post_layernorm,1079,0,1,70080
gate_proj,1079,0,1,736
up_proj,1079,0,1,736
act_fn,1079,0,1,53008
final_layernorm,1079,0,1,68929
lm_head,1079,0,1,736
embedding,1080,0,1,31824
input_layernorm,1080,0,1,68031
rope,1080,0,1,96222
post_layernorm,1080,0,1,69088
gate_proj,1080,0,1,736
up_proj,1080,0,1,736
act_fn,1080,0,1,53072
final_layernorm,1080,0,1,68863
lm_head,1080,0,1,736
embedding,1081,0,1,32223
input_layernorm,1081,0,1,68911
rope,1081,0,1,96609
post_layernorm,1081,0,1,70143
gate_proj,1081,0,1,736
up_proj,1081,0,1,736
act_fn,1081,0,1,53248
final_layernorm,1081,0,1,69103
lm_head,1081,0,1,736
embedding,1082,0,1,32079
input_layernorm,1082,0,1,68352
rope,1082,0,1,96719
post_layernorm,1082,0,1,69616
gate_proj,1082,0,1,736
up_proj,1082,0,1,736
act_fn,1082,0,1,53168
final_layernorm,1082,0,1,69391
lm_head,1082,0,1,736
embedding,1083,0,1,32447
input_layernorm,1083,0,1,68607
rope,1083,0,1,96640
post_layernorm,1083,0,1,70047
gate_proj,1083,0,1,736
up_proj,1083,0,1,736
act_fn,1083,0,1,53312
final_layernorm,1083,0,1,68991
lm_head,1083,0,1,736
embedding,1084,0,1,32239
input_layernorm,1084,0,1,68832
rope,1084,0,1,97264
post_layernorm,1084,0,1,69792
gate_proj,1084,0,1,736
up_proj,1084,0,1,736
act_fn,1084,0,1,53008
final_layernorm,1084,0,1,68942
lm_head,1084,0,1,736
embedding,1085,0,1,32575
input_layernorm,1085,0,1,69074
rope,1085,0,1,96849
post_layernorm,1085,0,1,69950
gate_proj,1085,0,1,736
up_proj,1085,0,1,736
act_fn,1085,0,1,53152
final_layernorm,1085,0,1,68768
lm_head,1085,0,1,736
embedding,1086,0,1,32752
input_layernorm,1086,0,1,68894
rope,1086,0,1,97216
post_layernorm,1086,0,1,70207
gate_proj,1086,0,1,736
up_proj,1086,0,1,736
act_fn,1086,0,1,53295
final_layernorm,1086,0,1,69151
lm_head,1086,0,1,736
embedding,1087,0,1,32640
input_layernorm,1087,0,1,68976
rope,1087,0,1,97025
post_layernorm,1087,0,1,70192
gate_proj,1087,0,1,736
up_proj,1087,0,1,736
act_fn,1087,0,1,53744
final_layernorm,1087,0,1,69120
lm_head,1087,0,1,736
embedding,1088,0,1,32575
input_layernorm,1088,0,1,68096
rope,1088,0,1,97520
post_layernorm,1088,0,1,69921
gate_proj,1088,0,1,736
up_proj,1088,0,1,736
act_fn,1088,0,1,52960
final_layernorm,1088,0,1,69055
lm_head,1088,0,1,736
embedding,1089,0,1,31519
input_layernorm,1089,0,1,68750
rope,1089,0,1,95968
post_layernorm,1089,0,1,70032
gate_proj,1089,0,1,736
up_proj,1089,0,1,736
act_fn,1089,0,1,53568
final_layernorm,1089,0,1,68864
lm_head,1089,0,1,704
embedding,1090,0,1,31743
input_layernorm,1090,0,1,68671
rope,1090,0,1,97089
post_layernorm,1090,0,1,70816
gate_proj,1090,0,1,736
up_proj,1090,0,1,736
act_fn,1090,0,1,53792
final_layernorm,1090,0,1,69872
lm_head,1090,0,1,736
embedding,1091,0,1,32256
input_layernorm,1091,0,1,69583
rope,1091,0,1,97390
post_layernorm,1091,0,1,69968
gate_proj,1091,0,1,736
up_proj,1091,0,1,736
act_fn,1091,0,1,53807
final_layernorm,1091,0,1,69489
lm_head,1091,0,1,736
embedding,1092,0,1,32255
input_layernorm,1092,0,1,69024
rope,1092,0,1,98001
post_layernorm,1092,0,1,70577
gate_proj,1092,0,1,736
up_proj,1092,0,1,736
act_fn,1092,0,1,53823
final_layernorm,1092,0,1,69840
lm_head,1092,0,1,736
embedding,1093,0,1,31440
input_layernorm,1093,0,1,68496
rope,1093,0,1,96304
post_layernorm,1093,0,1,69809
gate_proj,1093,0,1,736
up_proj,1093,0,1,736
act_fn,1093,0,1,53664
final_layernorm,1093,0,1,68992
lm_head,1093,0,1,736
embedding,1094,0,1,32144
input_layernorm,1094,0,1,69295
rope,1094,0,1,98033
post_layernorm,1094,0,1,70688
gate_proj,1094,0,1,736
up_proj,1094,0,1,736
act_fn,1094,0,1,53888
final_layernorm,1094,0,1,69871
lm_head,1094,0,1,736
embedding,1095,0,1,31871
input_layernorm,1095,0,1,69121
rope,1095,0,1,97744
post_layernorm,1095,0,1,70768
gate_proj,1095,0,1,736
up_proj,1095,0,1,736
act_fn,1095,0,1,53936
final_layernorm,1095,0,1,69376
lm_head,1095,0,1,736
embedding,1096,0,1,31808
input_layernorm,1096,0,1,68992
rope,1096,0,1,98050
post_layernorm,1096,0,1,70112
gate_proj,1096,0,1,736
up_proj,1096,0,1,736
act_fn,1096,0,1,53968
final_layernorm,1096,0,1,69488
lm_head,1096,0,1,736
embedding,1097,0,1,32111
input_layernorm,1097,0,1,69376
rope,1097,0,1,98271
post_layernorm,1097,0,1,70863
gate_proj,1097,0,1,736
up_proj,1097,0,1,736
act_fn,1097,0,1,54128
final_layernorm,1097,0,1,69664
lm_head,1097,0,1,736
embedding,1098,0,1,31632
input_layernorm,1098,0,1,69087
rope,1098,0,1,98239
post_layernorm,1098,0,1,70735
gate_proj,1098,0,1,736
up_proj,1098,0,1,736
act_fn,1098,0,1,54335
final_layernorm,1098,0,1,69840
lm_head,1098,0,1,736
embedding,1099,0,1,32271
input_layernorm,1099,0,1,69216
rope,1099,0,1,98207
post_layernorm,1099,0,1,71089
gate_proj,1099,0,1,736
up_proj,1099,0,1,736
act_fn,1099,0,1,54080
final_layernorm,1099,0,1,69903
lm_head,1099,0,1,736
embedding,1100,0,1,31776
input_layernorm,1100,0,1,68704
rope,1100,0,1,97808
post_layernorm,1100,0,1,70528
gate_proj,1100,0,1,736
up_proj,1100,0,1,736
act_fn,1100,0,1,54352
final_layernorm,1100,0,1,69823
lm_head,1100,0,1,736
embedding,1101,0,1,32255
input_layernorm,1101,0,1,69535
rope,1101,0,1,98511
post_layernorm,1101,0,1,71088
gate_proj,1101,0,1,736
up_proj,1101,0,1,736
act_fn,1101,0,1,54528
final_layernorm,1101,0,1,70000
lm_head,1101,0,1,736
embedding,1102,0,1,32160
input_layernorm,1102,0,1,69552
rope,1102,0,1,98671
post_layernorm,1102,0,1,71424
gate_proj,1102,0,1,736
up_proj,1102,0,1,736
act_fn,1102,0,1,54304
final_layernorm,1102,0,1,70401
lm_head,1102,0,1,736
embedding,1103,0,1,32127
input_layernorm,1103,0,1,69376
rope,1103,0,1,98480
post_layernorm,1103,0,1,71376
gate_proj,1103,0,1,736
up_proj,1103,0,1,736
act_fn,1103,0,1,54911
final_layernorm,1103,0,1,70303
lm_head,1103,0,1,736
embedding,1104,0,1,32128
input_layernorm,1104,0,1,69455
rope,1104,0,1,99103
post_layernorm,1104,0,1,70943
gate_proj,1104,0,1,736
up_proj,1104,0,1,736
act_fn,1104,0,1,54560
final_layernorm,1104,0,1,69839
lm_head,1104,0,1,736
embedding,1105,0,1,31839
input_layernorm,1105,0,1,68847
rope,1105,0,1,97632
post_layernorm,1105,0,1,70991
gate_proj,1105,0,1,736
up_proj,1105,0,1,736
act_fn,1105,0,1,54320
final_layernorm,1105,0,1,70017
lm_head,1105,0,1,736
embedding,1106,0,1,32368
input_layernorm,1106,0,1,69568
rope,1106,0,1,99136
post_layernorm,1106,0,1,71568
gate_proj,1106,0,1,736
up_proj,1106,0,1,736
act_fn,1106,0,1,54528
final_layernorm,1106,0,1,70399
lm_head,1106,0,1,736
embedding,1107,0,1,32063
input_layernorm,1107,0,1,69727
rope,1107,0,1,98593
post_layernorm,1107,0,1,71761
gate_proj,1107,0,1,736
up_proj,1107,0,1,736
act_fn,1107,0,1,54464
final_layernorm,1107,0,1,69952
lm_head,1107,0,1,736
embedding,1108,0,1,32176
input_layernorm,1108,0,1,69424
rope,1108,0,1,99216
post_layernorm,1108,0,1,72144
gate_proj,1108,0,1,736
up_proj,1108,0,1,736
act_fn,1108,0,1,55167
final_layernorm,1108,0,1,70176
lm_head,1108,0,1,736
embedding,1109,0,1,31855
input_layernorm,1109,0,1,69167
rope,1109,0,1,97454
post_layernorm,1109,0,1,71121
gate_proj,1109,0,1,736
up_proj,1109,0,1,736
act_fn,1109,0,1,54735
final_layernorm,1109,0,1,70048
lm_head,1109,0,1,736
embedding,1110,0,1,32175
input_layernorm,1110,0,1,69906
rope,1110,0,1,98896
post_layernorm,1110,0,1,72064
gate_proj,1110,0,1,736
up_proj,1110,0,1,736
act_fn,1110,0,1,54847
final_layernorm,1110,0,1,70288
lm_head,1110,0,1,736
embedding,1111,0,1,31984
input_layernorm,1111,0,1,69311
rope,1111,0,1,97376
post_layernorm,1111,0,1,71807
gate_proj,1111,0,1,736
up_proj,1111,0,1,736
act_fn,1111,0,1,54720
final_layernorm,1111,0,1,70288
lm_head,1111,0,1,736
embedding,1112,0,1,32383
input_layernorm,1112,0,1,69248
rope,1112,0,1,99006
post_layernorm,1112,0,1,72000
gate_proj,1112,0,1,736
up_proj,1112,0,1,736
act_fn,1112,0,1,55104
final_layernorm,1112,0,1,70465
lm_head,1112,0,1,736
embedding,1113,0,1,32576
input_layernorm,1113,0,1,70256
rope,1113,0,1,99376
post_layernorm,1113,0,1,72463
gate_proj,1113,0,1,736
up_proj,1113,0,1,736
act_fn,1113,0,1,54943
final_layernorm,1113,0,1,71008
lm_head,1113,0,1,736
embedding,1114,0,1,32560
input_layernorm,1114,0,1,70127
rope,1114,0,1,99248
post_layernorm,1114,0,1,72816
gate_proj,1114,0,1,736
up_proj,1114,0,1,736
act_fn,1114,0,1,55360
final_layernorm,1114,0,1,70881
lm_head,1114,0,1,736
embedding,1115,0,1,32144
input_layernorm,1115,0,1,70337
rope,1115,0,1,98079
post_layernorm,1115,0,1,72127
gate_proj,1115,0,1,736
up_proj,1115,0,1,736
act_fn,1115,0,1,55487
final_layernorm,1115,0,1,70704
lm_head,1115,0,1,736
embedding,1116,0,1,32192
input_layernorm,1116,0,1,70096
rope,1116,0,1,99712
post_layernorm,1116,0,1,73007
gate_proj,1116,0,1,719
up_proj,1116,0,1,737
act_fn,1116,0,1,55472
final_layernorm,1116,0,1,71472
lm_head,1116,0,1,736
embedding,1117,0,1,32543
input_layernorm,1117,0,1,70400
rope,1117,0,1,99472
post_layernorm,1117,0,1,73072
gate_proj,1117,0,1,736
up_proj,1117,0,1,736
act_fn,1117,0,1,55503
final_layernorm,1117,0,1,71088
lm_head,1117,0,1,736
embedding,1118,0,1,32512
input_layernorm,1118,0,1,70064
rope,1118,0,1,99552
post_layernorm,1118,0,1,73521
gate_proj,1118,0,1,736
up_proj,1118,0,1,736
act_fn,1118,0,1,55359
final_layernorm,1118,0,1,71248
lm_head,1118,0,1,736
embedding,1119,0,1,32432
input_layernorm,1119,0,1,70064
rope,1119,0,1,99343
post_layernorm,1119,0,1,72544
gate_proj,1119,0,1,736
up_proj,1119,0,1,736
act_fn,1119,0,1,55040
final_layernorm,1119,0,1,71136
lm_head,1119,0,1,736
embedding,1120,0,1,32576
input_layernorm,1120,0,1,70223
rope,1120,0,1,99728
post_layernorm,1120,0,1,73424
gate_proj,1120,0,1,736
up_proj,1120,0,1,736
act_fn,1120,0,1,55296
final_layernorm,1120,0,1,70944
lm_head,1120,0,1,736
embedding,1121,0,1,33297
input_layernorm,1121,0,1,70432
rope,1121,0,1,99919
post_layernorm,1121,0,1,73423
gate_proj,1121,0,1,736
up_proj,1121,0,1,736
act_fn,1121,0,1,54111
final_layernorm,1121,0,1,71632
lm_head,1121,0,1,736
embedding,1122,0,1,33472
input_layernorm,1122,0,1,70000
rope,1122,0,1,99439
post_layernorm,1122,0,1,72784
gate_proj,1122,0,1,736
up_proj,1122,0,1,736
act_fn,1122,0,1,54688
final_layernorm,1122,0,1,71648
lm_head,1122,0,1,736
embedding,1123,0,1,33872
input_layernorm,1123,0,1,70688
rope,1123,0,1,99887
post_layernorm,1123,0,1,73231
gate_proj,1123,0,1,736
up_proj,1123,0,1,736
act_fn,1123,0,1,54576
final_layernorm,1123,0,1,72400
lm_head,1123,0,1,736
embedding,1124,0,1,33024
input_layernorm,1124,0,1,70576
rope,1124,0,1,99008
post_layernorm,1124,0,1,72783
gate_proj,1124,0,1,736
up_proj,1124,0,1,736
act_fn,1124,0,1,54960
final_layernorm,1124,0,1,72064
lm_head,1124,0,1,736
embedding,1125,0,1,33567
input_layernorm,1125,0,1,70944
rope,1125,0,1,99871
post_layernorm,1125,0,1,72896
gate_proj,1125,0,1,736
up_proj,1125,0,1,752
act_fn,1125,0,1,54704
final_layernorm,1125,0,1,71904
lm_head,1125,0,1,736
embedding,1126,0,1,33760
input_layernorm,1126,0,1,70928
rope,1126,0,1,99680
post_layernorm,1126,0,1,73823
gate_proj,1126,0,1,736
up_proj,1126,0,1,736
act_fn,1126,0,1,54928
final_layernorm,1126,0,1,72064
lm_head,1126,0,1,736
embedding,1127,0,1,33536
input_layernorm,1127,0,1,71184
rope,1127,0,1,100078
post_layernorm,1127,0,1,73361
gate_proj,1127,0,1,736
up_proj,1127,0,1,768
act_fn,1127,0,1,54880
final_layernorm,1127,0,1,72270
lm_head,1127,0,1,736
embedding,1128,0,1,33503
input_layernorm,1128,0,1,70928
rope,1128,0,1,100544
post_layernorm,1128,0,1,73407
gate_proj,1128,0,1,736
up_proj,1128,0,1,737
act_fn,1128,0,1,55199
final_layernorm,1128,0,1,72031
lm_head,1128,0,1,736
embedding,1129,0,1,33455
input_layernorm,1129,0,1,70368
rope,1129,0,1,99264
post_layernorm,1129,0,1,72641
gate_proj,1129,0,1,736
up_proj,1129,0,1,736
act_fn,1129,0,1,55232
final_layernorm,1129,0,1,71936
lm_head,1129,0,1,736
embedding,1130,0,1,33631
input_layernorm,1130,0,1,70991
rope,1130,0,1,100368
post_layernorm,1130,0,1,73616
gate_proj,1130,0,1,736
up_proj,1130,0,1,736
act_fn,1130,0,1,54688
final_layernorm,1130,0,1,72591
lm_head,1130,0,1,736
embedding,1131,0,1,33951
input_layernorm,1131,0,1,70912
rope,1131,0,1,100864
post_layernorm,1131,0,1,74157
gate_proj,1131,0,1,736
up_proj,1131,0,1,736
act_fn,1131,0,1,54575
final_layernorm,1131,0,1,72144
lm_head,1131,0,1,736
embedding,1132,0,1,33519
input_layernorm,1132,0,1,71024
rope,1132,0,1,100735
post_layernorm,1132,0,1,74240
gate_proj,1132,0,1,736
up_proj,1132,0,1,736
act_fn,1132,0,1,55359
final_layernorm,1132,0,1,72865
lm_head,1132,0,1,736
embedding,1133,0,1,33728
input_layernorm,1133,0,1,71408
rope,1133,0,1,100783
post_layernorm,1133,0,1,73888
gate_proj,1133,0,1,736
up_proj,1133,0,1,880
act_fn,1133,0,1,54944
final_layernorm,1133,0,1,72673
lm_head,1133,0,1,736
embedding,1134,0,1,33520
input_layernorm,1134,0,1,71455
rope,1134,0,1,100880
post_layernorm,1134,0,1,73440
gate_proj,1134,0,1,736
up_proj,1134,0,1,736
act_fn,1134,0,1,55232
final_layernorm,1134,0,1,73023
lm_head,1134,0,1,736
embedding,1135,0,1,33472
input_layernorm,1135,0,1,71024
rope,1135,0,1,100512
post_layernorm,1135,0,1,73872
gate_proj,1135,0,1,736
up_proj,1135,0,1,736
act_fn,1135,0,1,55487
final_layernorm,1135,0,1,72576
lm_head,1135,0,1,736
embedding,1136,0,1,33487
input_layernorm,1136,0,1,70849
rope,1136,0,1,100290
post_layernorm,1136,0,1,73232
gate_proj,1136,0,1,736
up_proj,1136,0,1,736
act_fn,1136,0,1,55168
final_layernorm,1136,0,1,72671
lm_head,1136,0,1,736
embedding,1137,0,1,33855
input_layernorm,1137,0,1,72111
rope,1137,0,1,101215
post_layernorm,1137,0,1,74255
gate_proj,1137,0,1,736
up_proj,1137,0,1,736
act_fn,1137,0,1,54992
final_layernorm,1137,0,1,73280
lm_head,1137,0,1,736
embedding,1138,0,1,33456
input_layernorm,1138,0,1,71824
rope,1138,0,1,101727
post_layernorm,1138,0,1,74703
gate_proj,1138,0,1,736
up_proj,1138,0,1,736
act_fn,1138,0,1,55679
final_layernorm,1138,0,1,73648
lm_head,1138,0,1,736
embedding,1139,0,1,33536
input_layernorm,1139,0,1,71616
rope,1139,0,1,101312
post_layernorm,1139,0,1,74256
gate_proj,1139,0,1,736
up_proj,1139,0,1,880
act_fn,1139,0,1,55248
final_layernorm,1139,0,1,73104
lm_head,1139,0,1,736
embedding,1140,0,1,33856
input_layernorm,1140,0,1,71663
rope,1140,0,1,102031
post_layernorm,1140,0,1,74495
gate_proj,1140,0,1,736
up_proj,1140,0,1,736
act_fn,1140,0,1,55583
final_layernorm,1140,0,1,73809
lm_head,1140,0,1,736
embedding,1141,0,1,33632
input_layernorm,1141,0,1,72256
rope,1141,0,1,101551
post_layernorm,1141,0,1,74225
gate_proj,1141,0,1,736
up_proj,1141,0,1,736
act_fn,1141,0,1,55216
final_layernorm,1141,0,1,73697
lm_head,1141,0,1,736
embedding,1142,0,1,33360
input_layernorm,1142,0,1,71200
rope,1142,0,1,100609
post_layernorm,1142,0,1,73950
gate_proj,1142,0,1,736
up_proj,1142,0,1,736
act_fn,1142,0,1,56126
final_layernorm,1142,0,1,72926
lm_head,1142,0,1,736
embedding,1143,0,1,33600
input_layernorm,1143,0,1,72000
rope,1143,0,1,100672
post_layernorm,1143,0,1,74192
gate_proj,1143,0,1,736
up_proj,1143,0,1,736
act_fn,1143,0,1,56080
final_layernorm,1143,0,1,73823
lm_head,1143,0,1,736
embedding,1144,0,1,33264
input_layernorm,1144,0,1,71665
rope,1144,0,1,101104
post_layernorm,1144,0,1,73792
gate_proj,1144,0,1,736
up_proj,1144,0,1,736
act_fn,1144,0,1,56160
final_layernorm,1144,0,1,72687
lm_head,1144,0,1,720
embedding,1145,0,1,33872
input_layernorm,1145,0,1,72591
rope,1145,0,1,101136
post_layernorm,1145,0,1,74398
gate_proj,1145,0,1,736
up_proj,1145,0,1,736
act_fn,1145,0,1,55967
final_layernorm,1145,0,1,73681
lm_head,1145,0,1,736
embedding,1146,0,1,33792
input_layernorm,1146,0,1,72431
rope,1146,0,1,102208
post_layernorm,1146,0,1,74480
gate_proj,1146,0,1,736
up_proj,1146,0,1,736
act_fn,1146,0,1,56048
final_layernorm,1146,0,1,73808
lm_head,1146,0,1,736
embedding,1147,0,1,33936
input_layernorm,1147,0,1,72128
rope,1147,0,1,101406
post_layernorm,1147,0,1,74687
gate_proj,1147,0,1,736
up_proj,1147,0,1,736
act_fn,1147,0,1,56223
final_layernorm,1147,0,1,74272
lm_head,1147,0,1,736
embedding,1148,0,1,34031
input_layernorm,1148,0,1,72832
rope,1148,0,1,102368
post_layernorm,1148,0,1,74992
gate_proj,1148,0,1,736
up_proj,1148,0,1,736
act_fn,1148,0,1,56304
final_layernorm,1148,0,1,74703
lm_head,1148,0,1,736
embedding,1149,0,1,34144
input_layernorm,1149,0,1,72992
rope,1149,0,1,102383
post_layernorm,1149,0,1,74817
gate_proj,1149,0,1,736
up_proj,1149,0,1,736
act_fn,1149,0,1,55984
final_layernorm,1149,0,1,74864
lm_head,1149,0,1,736
embedding,1150,0,1,33920
input_layernorm,1150,0,1,72432
rope,1150,0,1,101953
post_layernorm,1150,0,1,74894
gate_proj,1150,0,1,736
up_proj,1150,0,1,736
act_fn,1150,0,1,55968
final_layernorm,1150,0,1,74576
lm_head,1150,0,1,736
embedding,1151,0,1,33423
input_layernorm,1151,0,1,72687
rope,1151,0,1,101360
post_layernorm,1151,0,1,75200
gate_proj,1151,0,1,736
up_proj,1151,0,1,736
act_fn,1151,0,1,55968
final_layernorm,1151,0,1,74560
lm_head,1151,0,1,736
embedding,1152,0,1,33872
input_layernorm,1152,0,1,72560
rope,1152,0,1,102321
post_layernorm,1152,0,1,74944
gate_proj,1152,0,1,736
up_proj,1152,0,1,736
act_fn,1152,0,1,55920
final_layernorm,1152,0,1,74497
lm_head,1152,0,1,736
embedding,1153,0,1,34271
input_layernorm,1153,0,1,73520
rope,1153,0,1,102320
post_layernorm,1153,0,1,75695
gate_proj,1153,0,1,736
up_proj,1153,0,1,864
act_fn,1153,0,1,56591
final_layernorm,1153,0,1,74895
lm_head,1153,0,1,736
embedding,1154,0,1,34640
input_layernorm,1154,0,1,73329
rope,1154,0,1,102656
post_layernorm,1154,0,1,75456
gate_proj,1154,0,1,736
up_proj,1154,0,1,736
act_fn,1154,0,1,56992
final_layernorm,1154,0,1,74591
lm_head,1154,0,1,736
embedding,1155,0,1,34063
input_layernorm,1155,0,1,73550
rope,1155,0,1,102272
post_layernorm,1155,0,1,75264
gate_proj,1155,0,1,736
up_proj,1155,0,1,752
act_fn,1155,0,1,56368
final_layernorm,1155,0,1,75311
lm_head,1155,0,1,736
embedding,1156,0,1,34016
input_layernorm,1156,0,1,73680
rope,1156,0,1,101967
post_layernorm,1156,0,1,75232
gate_proj,1156,0,1,736
up_proj,1156,0,1,736
act_fn,1156,0,1,56928
final_layernorm,1156,0,1,75120
lm_head,1156,0,1,736
embedding,1157,0,1,34015
input_layernorm,1157,0,1,73424
rope,1157,0,1,101889
post_layernorm,1157,0,1,74720
gate_proj,1157,0,1,736
up_proj,1157,0,1,736
act_fn,1157,0,1,57071
final_layernorm,1157,0,1,75328
lm_head,1157,0,1,736
embedding,1158,0,1,33935
input_layernorm,1158,0,1,73888
rope,1158,0,1,101954
post_layernorm,1158,0,1,75104
gate_proj,1158,0,1,736
up_proj,1158,0,1,736
act_fn,1158,0,1,57040
final_layernorm,1158,0,1,75407
lm_head,1158,0,1,736
embedding,1159,0,1,34144
input_layernorm,1159,0,1,74272
rope,1159,0,1,102479
post_layernorm,1159,0,1,76112
gate_proj,1159,0,1,736
up_proj,1159,0,1,736
act_fn,1159,0,1,56960
final_layernorm,1159,0,1,75328
lm_head,1159,0,1,736
embedding,1160,0,1,33760
input_layernorm,1160,0,1,73249
rope,1160,0,1,101697
post_layernorm,1160,0,1,75056
gate_proj,1160,0,1,736
up_proj,1160,0,1,736
act_fn,1160,0,1,56927
final_layernorm,1160,0,1,75072
lm_head,1160,0,1,736
embedding,1161,0,1,35088
input_layernorm,1161,0,1,74478
rope,1161,0,1,103039
post_layernorm,1161,0,1,75840
gate_proj,1161,0,1,736
up_proj,1161,0,1,736
act_fn,1161,0,1,57008
final_layernorm,1161,0,1,75761
lm_head,1161,0,1,736
embedding,1162,0,1,34448
input_layernorm,1162,0,1,74768
rope,1162,0,1,103262
post_layernorm,1162,0,1,76192
gate_proj,1162,0,1,736
up_proj,1162,0,1,736
act_fn,1162,0,1,56847
final_layernorm,1162,0,1,75808
lm_head,1162,0,1,736
embedding,1163,0,1,34768
input_layernorm,1163,0,1,75248
rope,1163,0,1,102944
post_layernorm,1163,0,1,76016
gate_proj,1163,0,1,736
up_proj,1163,0,1,736
act_fn,1163,0,1,57040
final_layernorm,1163,0,1,76000
lm_head,1163,0,1,736
embedding,1164,0,1,34464
input_layernorm,1164,0,1,74944
rope,1164,0,1,103376
post_layernorm,1164,0,1,75935
gate_proj,1164,0,1,736
up_proj,1164,0,1,879
act_fn,1164,0,1,57184
final_layernorm,1164,0,1,76000
lm_head,1164,0,1,736
embedding,1165,0,1,34528
input_layernorm,1165,0,1,74576
rope,1165,0,1,101919
post_layernorm,1165,0,1,75696
gate_proj,1165,0,1,736
up_proj,1165,0,1,737
act_fn,1165,0,1,57632
final_layernorm,1165,0,1,76080
lm_head,1165,0,1,736
embedding,1166,0,1,34367
input_layernorm,1166,0,1,75057
rope,1166,0,1,103184
post_layernorm,1166,0,1,76272
gate_proj,1166,0,1,736
up_proj,1166,0,1,736
act_fn,1166,0,1,57488
final_layernorm,1166,0,1,76399
lm_head,1166,0,1,736
embedding,1167,0,1,34752
input_layernorm,1167,0,1,75791
rope,1167,0,1,103552
post_layernorm,1167,0,1,76416
gate_proj,1167,0,1,736
up_proj,1167,0,1,736
act_fn,1167,0,1,57104
final_layernorm,1167,0,1,76624
lm_head,1167,0,1,736
embedding,1168,0,1,34176
input_layernorm,1168,0,1,75680
rope,1168,0,1,103679
post_layernorm,1168,0,1,75520
gate_proj,1168,0,1,736
up_proj,1168,0,1,863
act_fn,1168,0,1,57424
final_layernorm,1168,0,1,76048
lm_head,1168,0,1,736
embedding,1169,0,1,34575
input_layernorm,1169,0,1,76097
rope,1169,0,1,103458
post_layernorm,1169,0,1,75920
gate_proj,1169,0,1,736
up_proj,1169,0,1,736
act_fn,1169,0,1,57665
final_layernorm,1169,0,1,76512
lm_head,1169,0,1,736
embedding,1170,0,1,34656
input_layernorm,1170,0,1,76494
rope,1170,0,1,103663
post_layernorm,1170,0,1,76575
gate_proj,1170,0,1,736
up_proj,1170,0,1,768
act_fn,1170,0,1,57392
final_layernorm,1170,0,1,77056
lm_head,1170,0,1,736
embedding,1171,0,1,34863
input_layernorm,1171,0,1,76928
rope,1171,0,1,103775
post_layernorm,1171,0,1,76608
gate_proj,1171,0,1,736
up_proj,1171,0,1,736
act_fn,1171,0,1,57455
final_layernorm,1171,0,1,77135
lm_head,1171,0,1,736
embedding,1172,0,1,34768
input_layernorm,1172,0,1,76863
rope,1172,0,1,103776
post_layernorm,1172,0,1,77120
gate_proj,1172,0,1,736
up_proj,1172,0,1,736
act_fn,1172,0,1,57776
final_layernorm,1172,0,1,77568
lm_head,1172,0,1,736
embedding,1173,0,1,34944
input_layernorm,1173,0,1,77168
rope,1173,0,1,103742
post_layernorm,1173,0,1,76960
gate_proj,1173,0,1,736
up_proj,1173,0,1,736
act_fn,1173,0,1,57712
final_layernorm,1173,0,1,78031
lm_head,1173,0,1,736
embedding,1174,0,1,34944
input_layernorm,1174,0,1,77119
rope,1174,0,1,104178
post_layernorm,1174,0,1,76607
gate_proj,1174,0,1,736
up_proj,1174,0,1,736
act_fn,1174,0,1,57809
final_layernorm,1174,0,1,77903
lm_head,1174,0,1,736
embedding,1175,0,1,34528
input_layernorm,1175,0,1,77472
rope,1175,0,1,103984
post_layernorm,1175,0,1,76992
gate_proj,1175,0,1,736
up_proj,1175,0,1,864
act_fn,1175,0,1,57807
final_layernorm,1175,0,1,77424
lm_head,1175,0,1,736
embedding,1176,0,1,34607
input_layernorm,1176,0,1,77345
rope,1176,0,1,104111
post_layernorm,1176,0,1,76928
gate_proj,1176,0,1,736
up_proj,1176,0,1,880
act_fn,1176,0,1,57598
final_layernorm,1176,0,1,77441
lm_head,1176,0,1,736
embedding,1177,0,1,34848
input_layernorm,1177,0,1,77678
rope,1177,0,1,103967
post_layernorm,1177,0,1,76848
gate_proj,1177,0,1,736
up_proj,1177,0,1,736
act_fn,1177,0,1,57601
final_layernorm,1177,0,1,78255
lm_head,1177,0,1,736
embedding,1178,0,1,35056
input_layernorm,1178,0,1,77424
rope,1178,0,1,104432
post_layernorm,1178,0,1,76880
gate_proj,1178,0,1,736
up_proj,1178,0,1,752
act_fn,1178,0,1,57984
final_layernorm,1178,0,1,78064
lm_head,1178,0,1,736
embedding,1179,0,1,34832
input_layernorm,1179,0,1,77696
rope,1179,0,1,104208
post_layernorm,1179,0,1,76866
gate_proj,1179,0,1,736
up_proj,1179,0,1,768
act_fn,1179,0,1,57809
final_layernorm,1179,0,1,78399
lm_head,1179,0,1,735
embedding,1180,0,1,34927
input_layernorm,1180,0,1,77855
rope,1180,0,1,103664
post_layernorm,1180,0,1,76608
gate_proj,1180,0,1,736
up_proj,1180,0,1,736
act_fn,1180,0,1,57858
final_layernorm,1180,0,1,77744
lm_head,1180,0,1,736
embedding,1181,0,1,35056
input_layernorm,1181,0,1,78000
rope,1181,0,1,103824
post_layernorm,1181,0,1,76720
gate_proj,1181,0,1,736
up_proj,1181,0,1,768
act_fn,1181,0,1,58224
final_layernorm,1181,0,1,78016
lm_head,1181,0,1,736
embedding,1182,0,1,34591
input_layernorm,1182,0,1,77648
rope,1182,0,1,103440
post_layernorm,1182,0,1,77056
gate_proj,1182,0,1,736
up_proj,1182,0,1,736
act_fn,1182,0,1,57775
final_layernorm,1182,0,1,78174
lm_head,1182,0,1,736
embedding,1183,0,1,34879
input_layernorm,1183,0,1,78015
rope,1183,0,1,103360
post_layernorm,1183,0,1,77023
gate_proj,1183,0,1,736
up_proj,1183,0,1,736
act_fn,1183,0,1,58256
final_layernorm,1183,0,1,78480
lm_head,1183,0,1,736
embedding,1184,0,1,34368
input_layernorm,1184,0,1,78574
rope,1184,0,1,104400
post_layernorm,1184,0,1,77055
gate_proj,1184,0,1,736
up_proj,1184,0,1,752
act_fn,1184,0,1,57360
final_layernorm,1184,0,1,78544
lm_head,1184,0,1,736
embedding,1185,0,1,35167
input_layernorm,1185,0,1,78258
rope,1185,0,1,104465
post_layernorm,1185,0,1,77950
gate_proj,1185,0,1,736
up_proj,1185,0,1,736
act_fn,1185,0,1,58224
final_layernorm,1185,0,1,78512
lm_head,1185,0,1,736
embedding,1186,0,1,35488
input_layernorm,1186,0,1,78176
rope,1186,0,1,103888
post_layernorm,1186,0,1,77408
gate_proj,1186,0,1,736
up_proj,1186,0,1,736
act_fn,1186,0,1,57743
final_layernorm,1186,0,1,79055
lm_head,1186,0,1,736
embedding,1187,0,1,35776
input_layernorm,1187,0,1,78512
rope,1187,0,1,104269
post_layernorm,1187,0,1,77472
gate_proj,1187,0,1,736
up_proj,1187,0,1,736
act_fn,1187,0,1,58590
final_layernorm,1187,0,1,78848
lm_head,1187,0,1,736
embedding,1188,0,1,35424
input_layernorm,1188,0,1,79152
rope,1188,0,1,104991
post_layernorm,1188,0,1,77713
gate_proj,1188,0,1,736
up_proj,1188,0,1,768
act_fn,1188,0,1,58623
final_layernorm,1188,0,1,79217
lm_head,1188,0,1,736
embedding,1189,0,1,35328
input_layernorm,1189,0,1,78768
rope,1189,0,1,103217
post_layernorm,1189,0,1,77599
gate_proj,1189,0,1,736
up_proj,1189,0,1,1024
act_fn,1189,0,1,58640
final_layernorm,1189,0,1,79214
lm_head,1189,0,1,736
embedding,1190,0,1,35664
input_layernorm,1190,0,1,79424
rope,1190,0,1,105374
post_layernorm,1190,0,1,78784
gate_proj,1190,0,1,736
up_proj,1190,0,1,848
act_fn,1190,0,1,58319
final_layernorm,1190,0,1,79918
lm_head,1190,0,1,736
embedding,1191,0,1,36048
input_layernorm,1191,0,1,79661
rope,1191,0,1,105153
post_layernorm,1191,0,1,78817
gate_proj,1191,0,1,736
up_proj,1191,0,1,879
act_fn,1191,0,1,58623
final_layernorm,1191,0,1,79728
lm_head,1191,0,1,736
embedding,1192,0,1,35775
input_layernorm,1192,0,1,79184
rope,1192,0,1,105408
post_layernorm,1192,0,1,77873
gate_proj,1192,0,1,736
up_proj,1192,0,1,736
act_fn,1192,0,1,59104
final_layernorm,1192,0,1,79135
lm_head,1192,0,1,736
embedding,1193,0,1,35760
input_layernorm,1193,0,1,79903
rope,1193,0,1,104752
post_layernorm,1193,0,1,79296
gate_proj,1193,0,1,736
up_proj,1193,0,1,752
act_fn,1193,0,1,58592
final_layernorm,1193,0,1,79741
lm_head,1193,0,1,736
embedding,1194,0,1,35904
input_layernorm,1194,0,1,79744
rope,1194,0,1,105168
post_layernorm,1194,0,1,78289
gate_proj,1194,0,1,736
up_proj,1194,0,1,879
act_fn,1194,0,1,58863
final_layernorm,1194,0,1,79539
lm_head,1194,0,1,736
embedding,1195,0,1,35535
input_layernorm,1195,0,1,80062
rope,1195,0,1,105361
post_layernorm,1195,0,1,78943
gate_proj,1195,0,1,736
up_proj,1195,0,1,848
act_fn,1195,0,1,58991
final_layernorm,1195,0,1,80176
lm_head,1195,0,1,736
embedding,1196,0,1,35312
input_layernorm,1196,0,1,79632
rope,1196,0,1,105438
post_layernorm,1196,0,1,78655
gate_proj,1196,0,1,736
up_proj,1196,0,1,736
act_fn,1196,0,1,59184
final_layernorm,1196,0,1,79921
lm_head,1196,0,1,736
embedding,1197,0,1,35759
input_layernorm,1197,0,1,80080
rope,1197,0,1,105503
post_layernorm,1197,0,1,78896
gate_proj,1197,0,1,736
up_proj,1197,0,1,736
act_fn,1197,0,1,59055
final_layernorm,1197,0,1,80254
lm_head,1197,0,1,736
embedding,1198,0,1,35456
input_layernorm,1198,0,1,79935
rope,1198,0,1,104702
post_layernorm,1198,0,1,79072
gate_proj,1198,0,1,736
up_proj,1198,0,1,736
act_fn,1198,0,1,59105
final_layernorm,1198,0,1,79904
lm_head,1198,0,1,736
embedding,1199,0,1,35344
input_layernorm,1199,0,1,80335
rope,1199,0,1,105601
post_layernorm,1199,0,1,79457
gate_proj,1199,0,1,736
up_proj,1199,0,1,736
act_fn,1199,0,1,58607
final_layernorm,1199,0,1,80030
lm_head,1199,0,1,736
embedding,1200,0,1,36048
input_layernorm,1200,0,1,80064
rope,1200,0,1,105824
post_layernorm,1200,0,1,79138
gate_proj,1200,0,1,736
up_proj,1200,0,1,736
act_fn,1200,0,1,59231
final_layernorm,1200,0,1,80301
lm_head,1200,0,1,736
embedding,1201,0,1,35120
input_layernorm,1201,0,1,79986
rope,1201,0,1,105070
post_layernorm,1201,0,1,78688
gate_proj,1201,0,1,736
up_proj,1201,0,1,736
act_fn,1201,0,1,58784
final_layernorm,1201,0,1,79632
lm_head,1201,0,1,736
embedding,1202,0,1,36239
input_layernorm,1202,0,1,80625
rope,1202,0,1,105696
post_layernorm,1202,0,1,79264
gate_proj,1202,0,1,736
up_proj,1202,0,1,752
act_fn,1202,0,1,58848
final_layernorm,1202,0,1,80128
lm_head,1202,0,1,736
embedding,1203,0,1,35568
input_layernorm,1203,0,1,80402
rope,1203,0,1,105135
post_layernorm,1203,0,1,78528
gate_proj,1203,0,1,736
up_proj,1203,0,1,736
act_fn,1203,0,1,59232
final_layernorm,1203,0,1,80192
lm_head,1203,0,1,736
embedding,1204,0,1,35408
input_layernorm,1204,0,1,80576
rope,1204,0,1,105328
post_layernorm,1204,0,1,79408
gate_proj,1204,0,1,736
up_proj,1204,0,1,848
act_fn,1204,0,1,59456
final_layernorm,1204,0,1,80222
lm_head,1204,0,1,736
embedding,1205,0,1,35696
input_layernorm,1205,0,1,80720
rope,1205,0,1,105760
post_layernorm,1205,0,1,79392
gate_proj,1205,0,1,736
up_proj,1205,0,1,736
act_fn,1205,0,1,59359
final_layernorm,1205,0,1,81232
lm_head,1205,0,1,736
embedding,1206,0,1,35600
input_layernorm,1206,0,1,80831
rope,1206,0,1,105825
post_layernorm,1206,0,1,80320
gate_proj,1206,0,1,736
up_proj,1206,0,1,736
act_fn,1206,0,1,59104
final_layernorm,1206,0,1,80416
lm_head,1206,0,1,736
embedding,1207,0,1,35328
input_layernorm,1207,0,1,80928
rope,1207,0,1,105824
post_layernorm,1207,0,1,79310
gate_proj,1207,0,1,736
up_proj,1207,0,1,736
act_fn,1207,0,1,58975
final_layernorm,1207,0,1,80878
lm_head,1207,0,1,736
embedding,1208,0,1,35440
input_layernorm,1208,0,1,80127
rope,1208,0,1,105215
post_layernorm,1208,0,1,79136
gate_proj,1208,0,1,736
up_proj,1208,0,1,752
act_fn,1208,0,1,59839
final_layernorm,1208,0,1,79695
lm_head,1208,0,1,736
embedding,1209,0,1,35472
input_layernorm,1209,0,1,81151
rope,1209,0,1,106160
post_layernorm,1209,0,1,80239
gate_proj,1209,0,1,736
up_proj,1209,0,1,736
act_fn,1209,0,1,59920
final_layernorm,1209,0,1,80656
lm_head,1209,0,1,736
embedding,1210,0,1,35744
input_layernorm,1210,0,1,81007
rope,1210,0,1,106366
post_layernorm,1210,0,1,80751
gate_proj,1210,0,1,736
up_proj,1210,0,1,752
act_fn,1210,0,1,59360
final_layernorm,1210,0,1,80384
lm_head,1210,0,1,736
embedding,1211,0,1,35727
input_layernorm,1211,0,1,81120
rope,1211,0,1,106272
post_layernorm,1211,0,1,80367
gate_proj,1211,0,1,735
up_proj,1211,0,1,880
act_fn,1211,0,1,59824
final_layernorm,1211,0,1,80752
lm_head,1211,0,1,736
embedding,1212,0,1,36000
input_layernorm,1212,0,1,81120
rope,1212,0,1,106640
post_layernorm,1212,0,1,80319
gate_proj,1212,0,1,736
up_proj,1212,0,1,736
act_fn,1212,0,1,59728
final_layernorm,1212,0,1,80880
lm_head,1212,0,1,736
embedding,1213,0,1,35440
input_layernorm,1213,0,1,81024
rope,1213,0,1,104943
post_layernorm,1213,0,1,80065
gate_proj,1213,0,1,736
up_proj,1213,0,1,736
act_fn,1213,0,1,59984
final_layernorm,1213,0,1,80512
lm_head,1213,0,1,736
embedding,1214,0,1,35552
input_layernorm,1214,0,1,81600
rope,1214,0,1,106528
post_layernorm,1214,0,1,80512
gate_proj,1214,0,1,736
up_proj,1214,0,1,736
act_fn,1214,0,1,59840
final_layernorm,1214,0,1,81135
lm_head,1214,0,1,736
embedding,1215,0,1,35775
input_layernorm,1215,0,1,81265
rope,1215,0,1,106512
post_layernorm,1215,0,1,80674
gate_proj,1215,0,1,736
up_proj,1215,0,1,736
act_fn,1215,0,1,60016
final_layernorm,1215,0,1,81424
lm_head,1215,0,1,736
embedding,1216,0,1,35823
input_layernorm,1216,0,1,81423
rope,1216,0,1,107007
post_layernorm,1216,0,1,79904
gate_proj,1216,0,1,736
up_proj,1216,0,1,736
act_fn,1216,0,1,59744
final_layernorm,1216,0,1,80576
lm_head,1216,0,1,736
embedding,1217,0,1,36192
input_layernorm,1217,0,1,81391
rope,1217,0,1,106430
post_layernorm,1217,0,1,80896
gate_proj,1217,0,1,736
up_proj,1217,0,1,736
act_fn,1217,0,1,60335
final_layernorm,1217,0,1,80832
lm_head,1217,0,1,736
embedding,1218,0,1,35904
input_layernorm,1218,0,1,81856
rope,1218,0,1,106960
post_layernorm,1218,0,1,80463
gate_proj,1218,0,1,736
up_proj,1218,0,1,752
act_fn,1218,0,1,60128
final_layernorm,1218,0,1,81391
lm_head,1218,0,1,736
embedding,1219,0,1,36832
input_layernorm,1219,0,1,82000
rope,1219,0,1,107023
post_layernorm,1219,0,1,80975
gate_proj,1219,0,1,736
up_proj,1219,0,1,736
act_fn,1219,0,1,60159
final_layernorm,1219,0,1,81456
lm_head,1219,0,1,736
embedding,1220,0,1,36048
input_layernorm,1220,0,1,81200
rope,1220,0,1,105999
post_layernorm,1220,0,1,79680
gate_proj,1220,0,1,736
up_proj,1220,0,1,736
act_fn,1220,0,1,60592
final_layernorm,1220,0,1,80975
lm_head,1220,0,1,736
embedding,1221,0,1,36256
input_layernorm,1221,0,1,80958
rope,1221,0,1,105666
post_layernorm,1221,0,1,79744
gate_proj,1221,0,1,736
up_proj,1221,0,1,736
act_fn,1221,0,1,60000
final_layernorm,1221,0,1,80400
lm_head,1221,0,1,736
embedding,1222,0,1,36688
input_layernorm,1222,0,1,81839
rope,1222,0,1,107072
post_layernorm,1222,0,1,80641
gate_proj,1222,0,1,736
up_proj,1222,0,1,736
act_fn,1222,0,1,60368
final_layernorm,1222,0,1,80990
lm_head,1222,0,1,736
embedding,1223,0,1,36384
input_layernorm,1223,0,1,81457
rope,1223,0,1,106175
post_layernorm,1223,0,1,79903
gate_proj,1223,0,1,736
up_proj,1223,0,1,863
act_fn,1223,0,1,60079
final_layernorm,1223,0,1,80735
lm_head,1223,0,1,736
embedding,1224,0,1,36176
input_layernorm,1224,0,1,81727
rope,1224,0,1,107857
post_layernorm,1224,0,1,80975
gate_proj,1224,0,1,736
up_proj,1224,0,1,736
act_fn,1224,0,1,60095
final_layernorm,1224,0,1,81278
lm_head,1224,0,1,736
embedding,1225,0,1,36464
input_layernorm,1225,0,1,82081
rope,1225,0,1,107344
post_layernorm,1225,0,1,81328
gate_proj,1225,0,1,736
up_proj,1225,0,1,736
act_fn,1225,0,1,60544
final_layernorm,1225,0,1,81439
lm_head,1225,0,1,736
embedding,1226,0,1,36176
input_layernorm,1226,0,1,82160
rope,1226,0,1,107232
post_layernorm,1226,0,1,80911
gate_proj,1226,0,1,736
up_proj,1226,0,1,768
act_fn,1226,0,1,60031
final_layernorm,1226,0,1,81744
lm_head,1226,0,1,736
embedding,1227,0,1,36864
input_layernorm,1227,0,1,82768
rope,1227,0,1,108192
post_layernorm,1227,0,1,81485
gate_proj,1227,0,1,736
up_proj,1227,0,1,736
act_fn,1227,0,1,60208
final_layernorm,1227,0,1,81998
lm_head,1227,0,1,736
embedding,1228,0,1,36560
input_layernorm,1228,0,1,83280
rope,1228,0,1,108751
post_layernorm,1228,0,1,81408
gate_proj,1228,0,1,736
up_proj,1228,0,1,768
act_fn,1228,0,1,60942
final_layernorm,1228,0,1,82048
lm_head,1228,0,1,736
embedding,1229,0,1,36576
input_layernorm,1229,0,1,82223
rope,1229,0,1,108414
post_layernorm,1229,0,1,82735
gate_proj,1229,0,1,736
up_proj,1229,0,1,736
act_fn,1229,0,1,60752
final_layernorm,1229,0,1,83678
lm_head,1229,0,1,736
embedding,1230,0,1,36464
input_layernorm,1230,0,1,82480
rope,1230,0,1,108448
post_layernorm,1230,0,1,82593
gate_proj,1230,0,1,736
up_proj,1230,0,1,736
act_fn,1230,0,1,60736
final_layernorm,1230,0,1,83695
lm_head,1230,0,1,736
embedding,1231,0,1,36128
input_layernorm,1231,0,1,81953
rope,1231,0,1,107007
post_layernorm,1231,0,1,82272
gate_proj,1231,0,1,736
up_proj,1231,0,1,736
act_fn,1231,0,1,60656
final_layernorm,1231,0,1,83185
lm_head,1231,0,1,736
embedding,1232,0,1,35599
input_layernorm,1232,0,1,81505
rope,1232,0,1,108096
post_layernorm,1232,0,1,81279
gate_proj,1232,0,1,736
up_proj,1232,0,1,880
act_fn,1232,0,1,60928
final_layernorm,1232,0,1,83217
lm_head,1232,0,1,736
embedding,1233,0,1,36559
input_layernorm,1233,0,1,82416
rope,1233,0,1,108560
post_layernorm,1233,0,1,82960
gate_proj,1233,0,1,736
up_proj,1233,0,1,976
act_fn,1233,0,1,60223
final_layernorm,1233,0,1,84305
lm_head,1233,0,1,736
embedding,1234,0,1,36896
input_layernorm,1234,0,1,83088
rope,1234,0,1,109183
post_layernorm,1234,0,1,83152
gate_proj,1234,0,1,736
up_proj,1234,0,1,736
act_fn,1234,0,1,60944
final_layernorm,1234,0,1,84240
lm_head,1234,0,1,736
embedding,1235,0,1,36816
input_layernorm,1235,0,1,82943
rope,1235,0,1,109345
post_layernorm,1235,0,1,83472
gate_proj,1235,0,1,736
up_proj,1235,0,1,992
act_fn,1235,0,1,60560
final_layernorm,1235,0,1,84607
lm_head,1235,0,1,736
embedding,1236,0,1,36320
input_layernorm,1236,0,1,82431
rope,1236,0,1,108512
post_layernorm,1236,0,1,83024
gate_proj,1236,0,1,736
up_proj,1236,0,1,736
act_fn,1236,0,1,60448
final_layernorm,1236,0,1,84241
lm_head,1236,0,1,736
embedding,1237,0,1,36464
input_layernorm,1237,0,1,83056
rope,1237,0,1,109534
post_layernorm,1237,0,1,83295
gate_proj,1237,0,1,736
up_proj,1237,0,1,879
act_fn,1237,0,1,60592
final_layernorm,1237,0,1,84415
lm_head,1237,0,1,736
embedding,1238,0,1,36576
input_layernorm,1238,0,1,82512
rope,1238,0,1,108847
post_layernorm,1238,0,1,83376
gate_proj,1238,0,1,736
up_proj,1238,0,1,1024
act_fn,1238,0,1,61007
final_layernorm,1238,0,1,84161
lm_head,1238,0,1,736
embedding,1239,0,1,36784
input_layernorm,1239,0,1,83280
rope,1239,0,1,108464
post_layernorm,1239,0,1,83184
gate_proj,1239,0,1,736
up_proj,1239,0,1,736
act_fn,1239,0,1,60735
final_layernorm,1239,0,1,84480
lm_head,1239,0,1,735
embedding,1240,0,1,36112
input_layernorm,1240,0,1,82126
rope,1240,0,1,108192
post_layernorm,1240,0,1,82753
gate_proj,1240,0,1,736
up_proj,1240,0,1,752
act_fn,1240,0,1,61072
final_layernorm,1240,0,1,83682
lm_head,1240,0,1,736
embedding,1241,0,1,37392
input_layernorm,1241,0,1,83296
rope,1241,0,1,108880
post_layernorm,1241,0,1,83568
gate_proj,1241,0,1,736
up_proj,1241,0,1,848
act_fn,1241,0,1,60688
final_layernorm,1241,0,1,85632
lm_head,1241,0,1,736
embedding,1242,0,1,36368
input_layernorm,1242,0,1,83025
rope,1242,0,1,108800
post_layernorm,1242,0,1,83807
gate_proj,1242,0,1,736
up_proj,1242,0,1,848
act_fn,1242,0,1,60703
final_layernorm,1242,0,1,84878
lm_head,1242,0,1,736
embedding,1243,0,1,36640
input_layernorm,1243,0,1,83167
rope,1243,0,1,109024
post_layernorm,1243,0,1,83536
gate_proj,1243,0,1,736
up_proj,1243,0,1,768
act_fn,1243,0,1,61087
final_layernorm,1243,0,1,85040
lm_head,1243,0,1,736
embedding,1244,0,1,36672
input_layernorm,1244,0,1,83215
rope,1244,0,1,109567
post_layernorm,1244,0,1,83823
gate_proj,1244,0,1,736
up_proj,1244,0,1,992
act_fn,1244,0,1,61088
final_layernorm,1244,0,1,84927
lm_head,1244,0,1,736
embedding,1245,0,1,36656
input_layernorm,1245,0,1,83054
rope,1245,0,1,109537
post_layernorm,1245,0,1,83984
gate_proj,1245,0,1,736
up_proj,1245,0,1,848
act_fn,1245,0,1,61568
final_layernorm,1245,0,1,85117
lm_head,1245,0,1,736
embedding,1246,0,1,36879
input_layernorm,1246,0,1,83167
rope,1246,0,1,109424
post_layernorm,1246,0,1,84303
gate_proj,1246,0,1,736
up_proj,1246,0,1,864
act_fn,1246,0,1,61936
final_layernorm,1246,0,1,85182
lm_head,1246,0,1,736
embedding,1247,0,1,36751
input_layernorm,1247,0,1,83504
rope,1247,0,1,109745
post_layernorm,1247,0,1,83744
gate_proj,1247,0,1,736
up_proj,1247,0,1,736
act_fn,1247,0,1,61551
final_layernorm,1247,0,1,85136
lm_head,1247,0,1,736
embedding,1248,0,1,36463
input_layernorm,1248,0,1,83024
rope,1248,0,1,109726
post_layernorm,1248,0,1,83391
gate_proj,1248,0,1,736
up_proj,1248,0,1,736
act_fn,1248,0,1,61440
final_layernorm,1248,0,1,84544
lm_head,1248,0,1,736
embedding,1249,0,1,36224
input_layernorm,1249,0,1,82928
rope,1249,0,1,109280
post_layernorm,1249,0,1,84080
gate_proj,1249,0,1,736
up_proj,1249,0,1,736
act_fn,1249,0,1,61807
final_layernorm,1249,0,1,85102
lm_head,1249,0,1,736
embedding,1250,0,1,36208
input_layernorm,1250,0,1,83808
rope,1250,0,1,109312
post_layernorm,1250,0,1,84768
gate_proj,1250,0,1,736
up_proj,1250,0,1,1008
act_fn,1250,0,1,61824
final_layernorm,1250,0,1,85071
lm_head,1250,0,1,736
embedding,1251,0,1,36944
input_layernorm,1251,0,1,83823
rope,1251,0,1,109456
post_layernorm,1251,0,1,84928
gate_proj,1251,0,1,735
up_proj,1251,0,1,736
act_fn,1251,0,1,61744
final_layernorm,1251,0,1,85104
lm_head,1251,0,1,736
embedding,1252,0,1,36544
input_layernorm,1252,0,1,83487
rope,1252,0,1,108288
post_layernorm,1252,0,1,83551
gate_proj,1252,0,1,736
up_proj,1252,0,1,736
act_fn,1252,0,1,62320
final_layernorm,1252,0,1,84048
lm_head,1252,0,1,736
embedding,1253,0,1,37168
input_layernorm,1253,0,1,83826
rope,1253,0,1,108703
post_layernorm,1253,0,1,84718
gate_proj,1253,0,1,736
up_proj,1253,0,1,1040
act_fn,1253,0,1,62064
final_layernorm,1253,0,1,84512
lm_head,1253,0,1,736
embedding,1254,0,1,37424
input_layernorm,1254,0,1,84190
rope,1254,0,1,108623
post_layernorm,1254,0,1,84847
gate_proj,1254,0,1,736
up_proj,1254,0,1,736
act_fn,1254,0,1,61984
final_layernorm,1254,0,1,84719
lm_head,1254,0,1,736
embedding,1255,0,1,37168
input_layernorm,1255,0,1,84031
rope,1255,0,1,108671
post_layernorm,1255,0,1,84576
gate_proj,1255,0,1,736
up_proj,1255,0,1,736
act_fn,1255,0,1,62049
final_layernorm,1255,0,1,84751
lm_head,1255,0,1,736
embedding,1256,0,1,36736
input_layernorm,1256,0,1,83760
rope,1256,0,1,108257
post_layernorm,1256,0,1,84032
gate_proj,1256,0,1,736
up_proj,1256,0,1,736
act_fn,1256,0,1,62032
final_layernorm,1256,0,1,83885
lm_head,1256,0,1,736
embedding,1257,0,1,37168
input_layernorm,1257,0,1,84416
rope,1257,0,1,108656
post_layernorm,1257,0,1,85504
gate_proj,1257,0,1,736
up_proj,1257,0,1,736
act_fn,1257,0,1,62543
final_layernorm,1257,0,1,84463
lm_head,1257,0,1,736
embedding,1258,0,1,36864
input_layernorm,1258,0,1,84528
rope,1258,0,1,108943
post_layernorm,1258,0,1,85072
gate_proj,1258,0,1,736
up_proj,1258,0,1,736
act_fn,1258,0,1,62337
final_layernorm,1258,0,1,84208
lm_head,1258,0,1,736
embedding,1259,0,1,36464
input_layernorm,1259,0,1,84464
rope,1259,0,1,108703
post_layernorm,1259,0,1,84401
gate_proj,1259,0,1,736
up_proj,1259,0,1,736
act_fn,1259,0,1,62175
final_layernorm,1259,0,1,84399
lm_head,1259,0,1,736
embedding,1260,0,1,37279
input_layernorm,1260,0,1,84384
rope,1260,0,1,109056
post_layernorm,1260,0,1,85392
gate_proj,1260,0,1,736
up_proj,1260,0,1,736
act_fn,1260,0,1,62656
final_layernorm,1260,0,1,84048
lm_head,1260,0,1,736
embedding,1261,0,1,37168
input_layernorm,1261,0,1,84560
rope,1261,0,1,109152
post_layernorm,1261,0,1,85679
gate_proj,1261,0,1,736
up_proj,1261,0,1,848
act_fn,1261,0,1,62320
final_layernorm,1261,0,1,84674
lm_head,1261,0,1,736
embedding,1262,0,1,37327
input_layernorm,1262,0,1,84896
rope,1262,0,1,109184
post_layernorm,1262,0,1,85520
gate_proj,1262,0,1,736
up_proj,1262,0,1,752
act_fn,1262,0,1,62287
final_layernorm,1262,0,1,85103
lm_head,1262,0,1,735
embedding,1263,0,1,36608
input_layernorm,1263,0,1,84576
rope,1263,0,1,108207
post_layernorm,1263,0,1,85216
gate_proj,1263,0,1,736
up_proj,1263,0,1,864
act_fn,1263,0,1,62671
final_layernorm,1263,0,1,84095
lm_head,1263,0,1,736
embedding,1264,0,1,37359
input_layernorm,1264,0,1,85007
rope,1264,0,1,110287
post_layernorm,1264,0,1,85855
gate_proj,1264,0,1,736
up_proj,1264,0,1,848
act_fn,1264,0,1,62832
final_layernorm,1264,0,1,85024
lm_head,1264,0,1,736
embedding,1265,0,1,37295
input_layernorm,1265,0,1,85263
rope,1265,0,1,109727
post_layernorm,1265,0,1,86205
gate_proj,1265,0,1,736
up_proj,1265,0,1,736
act_fn,1265,0,1,62911
final_layernorm,1265,0,1,85056
lm_head,1265,0,1,736
embedding,1266,0,1,37295
input_layernorm,1266,0,1,85359
rope,1266,0,1,109502
post_layernorm,1266,0,1,85742
gate_proj,1266,0,1,736
up_proj,1266,0,1,1024
act_fn,1266,0,1,62799
final_layernorm,1266,0,1,85280
lm_head,1266,0,1,736
embedding,1267,0,1,37488
input_layernorm,1267,0,1,86049
rope,1267,0,1,109440
post_layernorm,1267,0,1,86128
gate_proj,1267,0,1,736
up_proj,1267,0,1,737
act_fn,1267,0,1,63088
final_layernorm,1267,0,1,85249
lm_head,1267,0,1,736
embedding,1268,0,1,37168
input_layernorm,1268,0,1,85504
rope,1268,0,1,110208
post_layernorm,1268,0,1,86942
gate_proj,1268,0,1,736
up_proj,1268,0,1,752
act_fn,1268,0,1,63056
final_layernorm,1268,0,1,85376
lm_head,1268,0,1,736
embedding,1269,0,1,36975
input_layernorm,1269,0,1,85406
rope,1269,0,1,109359
post_layernorm,1269,0,1,86686
gate_proj,1269,0,1,736
up_proj,1269,0,1,736
act_fn,1269,0,1,62928
final_layernorm,1269,0,1,85137
lm_head,1269,0,1,736
embedding,1270,0,1,37439
input_layernorm,1270,0,1,85455
rope,1270,0,1,109680
post_layernorm,1270,0,1,86464
gate_proj,1270,0,1,736
up_proj,1270,0,1,864
act_fn,1270,0,1,62607
final_layernorm,1270,0,1,85551
lm_head,1270,0,1,736
embedding,1271,0,1,37472
input_layernorm,1271,0,1,86191
rope,1271,0,1,110128
post_layernorm,1271,0,1,87487
gate_proj,1271,0,1,736
up_proj,1271,0,1,736
act_fn,1271,0,1,63136
final_layernorm,1271,0,1,85600
lm_head,1271,0,1,736
embedding,1272,0,1,37216
input_layernorm,1272,0,1,85520
rope,1272,0,1,110080
post_layernorm,1272,0,1,86080
gate_proj,1272,0,1,736
up_proj,1272,0,1,1008
act_fn,1272,0,1,62959
final_layernorm,1272,0,1,84910
lm_head,1272,0,1,736
embedding,1273,0,1,36896
input_layernorm,1273,0,1,85456
rope,1273,0,1,109247
post_layernorm,1273,0,1,86575
gate_proj,1273,0,1,736
up_proj,1273,0,1,736
act_fn,1273,0,1,63232
final_layernorm,1273,0,1,85791
lm_head,1273,0,1,736
embedding,1274,0,1,37104
input_layernorm,1274,0,1,85697
rope,1274,0,1,109728
post_layernorm,1274,0,1,86575
gate_proj,1274,0,1,736
up_proj,1274,0,1,768
act_fn,1274,0,1,62703
final_layernorm,1274,0,1,85904
lm_head,1274,0,1,736
embedding,1275,0,1,37087
input_layernorm,1275,0,1,85904
rope,1275,0,1,109710
post_layernorm,1275,0,1,86608
gate_proj,1275,0,1,753
up_proj,1275,0,1,864
act_fn,1275,0,1,63201
final_layernorm,1275,0,1,86351
lm_head,1275,0,1,736
embedding,1276,0,1,37424
input_layernorm,1276,0,1,86224
rope,1276,0,1,110800
post_layernorm,1276,0,1,87390
gate_proj,1276,0,1,736
up_proj,1276,0,1,752
act_fn,1276,0,1,63584
final_layernorm,1276,0,1,86546
lm_head,1276,0,1,736
embedding,1277,0,1,37264
input_layernorm,1277,0,1,86080
rope,1277,0,1,110158
post_layernorm,1277,0,1,87247
gate_proj,1277,0,1,736
up_proj,1277,0,1,879
act_fn,1277,0,1,63343
final_layernorm,1277,0,1,86607
lm_head,1277,0,1,736
embedding,1278,0,1,37232
input_layernorm,1278,0,1,86143
rope,1278,0,1,110543
post_layernorm,1278,0,1,87424
gate_proj,1278,0,1,736
up_proj,1278,0,1,880
act_fn,1278,0,1,63456
final_layernorm,1278,0,1,86785
lm_head,1278,0,1,736
embedding,1279,0,1,37807
input_layernorm,1279,0,1,86464
rope,1279,0,1,110127
post_layernorm,1279,0,1,87377
gate_proj,1279,0,1,736
up_proj,1279,0,1,736
act_fn,1279,0,1,63184
final_layernorm,1279,0,1,86687
lm_head,1279,0,1,736
embedding,1280,0,1,37823
input_layernorm,1280,0,1,85984
rope,1280,0,1,110240
post_layernorm,1280,0,1,86881
gate_proj,1280,0,1,736
up_proj,1280,0,1,736
act_fn,1280,0,1,63024
final_layernorm,1280,0,1,86128
lm_head,1280,0,1,736
embedding,1281,0,1,37584
input_layernorm,1281,0,1,86575
rope,1281,0,1,110367
post_layernorm,1281,0,1,87488
gate_proj,1281,0,1,736
up_proj,1281,0,1,848
act_fn,1281,0,1,63504
final_layernorm,1281,0,1,87007
lm_head,1281,0,1,736
embedding,1282,0,1,37295
input_layernorm,1282,0,1,86911
rope,1282,0,1,110608
post_layernorm,1282,0,1,87328
gate_proj,1282,0,1,736
up_proj,1282,0,1,864
act_fn,1282,0,1,63392
final_layernorm,1282,0,1,87327
lm_head,1282,0,1,736
embedding,1283,0,1,36992
input_layernorm,1283,0,1,86239
rope,1283,0,1,109264
post_layernorm,1283,0,1,87248
gate_proj,1283,0,1,736
up_proj,1283,0,1,832
act_fn,1283,0,1,63760
final_layernorm,1283,0,1,86398
lm_head,1283,0,1,736
embedding,1284,0,1,37584
input_layernorm,1284,0,1,86239
rope,1284,0,1,109952
post_layernorm,1284,0,1,87249
gate_proj,1284,0,1,736
up_proj,1284,0,1,864
act_fn,1284,0,1,63920
final_layernorm,1284,0,1,86944
lm_head,1284,0,1,736
embedding,1285,0,1,37776
input_layernorm,1285,0,1,87296
rope,1285,0,1,110990
post_layernorm,1285,0,1,88029
gate_proj,1285,0,1,736
up_proj,1285,0,1,976
act_fn,1285,0,1,63775
final_layernorm,1285,0,1,87584
lm_head,1285,0,1,736
embedding,1286,0,1,38447
input_layernorm,1286,0,1,87616
rope,1286,0,1,111808
post_layernorm,1286,0,1,87936
gate_proj,1286,0,1,736
up_proj,1286,0,1,1008
act_fn,1286,0,1,64000
final_layernorm,1286,0,1,88240
lm_head,1286,0,1,736
embedding,1287,0,1,38048
input_layernorm,1287,0,1,86561
rope,1287,0,1,110272
post_layernorm,1287,0,1,87904
gate_proj,1287,0,1,736
up_proj,1287,0,1,736
act_fn,1287,0,1,63839
final_layernorm,1287,0,1,87039
lm_head,1287,0,1,736
embedding,1288,0,1,37825
input_layernorm,1288,0,1,86880
rope,1288,0,1,111343
post_layernorm,1288,0,1,87903
gate_proj,1288,0,1,736
up_proj,1288,0,1,864
act_fn,1288,0,1,64000
final_layernorm,1288,0,1,86898
lm_head,1288,0,1,736
embedding,1289,0,1,38304
input_layernorm,1289,0,1,87342
rope,1289,0,1,111600
post_layernorm,1289,0,1,88767
gate_proj,1289,0,1,736
up_proj,1289,0,1,736
act_fn,1289,0,1,63887
final_layernorm,1289,0,1,88096
lm_head,1289,0,1,736
embedding,1290,0,1,38880
input_layernorm,1290,0,1,87696
rope,1290,0,1,111968
post_layernorm,1290,0,1,88832
gate_proj,1290,0,1,736
up_proj,1290,0,1,864
act_fn,1290,0,1,64032
final_layernorm,1290,0,1,88575
lm_head,1290,0,1,736
embedding,1291,0,1,37968
input_layernorm,1291,0,1,86994
rope,1291,0,1,111056
post_layernorm,1291,0,1,88672
gate_proj,1291,0,1,736
up_proj,1291,0,1,992
act_fn,1291,0,1,63504
final_layernorm,1291,0,1,87842
lm_head,1291,0,1,736
embedding,1292,0,1,38271
input_layernorm,1292,0,1,87344
rope,1292,0,1,112111
post_layernorm,1292,0,1,88353
gate_proj,1292,0,1,736
up_proj,1292,0,1,751
act_fn,1292,0,1,63968
final_layernorm,1292,0,1,88031
lm_head,1292,0,1,736
embedding,1293,0,1,38127
input_layernorm,1293,0,1,87617
rope,1293,0,1,111392
post_layernorm,1293,0,1,89167
gate_proj,1293,0,1,736
up_proj,1293,0,1,736
act_fn,1293,0,1,63824
final_layernorm,1293,0,1,88352
lm_head,1293,0,1,736
embedding,1294,0,1,37968
input_layernorm,1294,0,1,87375
rope,1294,0,1,111343
post_layernorm,1294,0,1,89040
gate_proj,1294,0,1,736
up_proj,1294,0,1,736
act_fn,1294,0,1,63824
final_layernorm,1294,0,1,88255
lm_head,1294,0,1,736
embedding,1295,0,1,38592
input_layernorm,1295,0,1,87792
rope,1295,0,1,112174
post_layernorm,1295,0,1,89280
gate_proj,1295,0,1,736
up_proj,1295,0,1,992
act_fn,1295,0,1,64032
final_layernorm,1295,0,1,88624
lm_head,1295,0,1,736
embedding,1296,0,1,38655
input_layernorm,1296,0,1,87616
rope,1296,0,1,112945
post_layernorm,1296,0,1,90047
gate_proj,1296,0,1,736
up_proj,1296,0,1,736
act_fn,1296,0,1,63823
final_layernorm,1296,0,1,88671
lm_head,1296,0,1,736
embedding,1297,0,1,38111
input_layernorm,1297,0,1,87599
rope,1297,0,1,111295
post_layernorm,1297,0,1,88767
gate_proj,1297,0,1,736
up_proj,1297,0,1,976
act_fn,1297,0,1,63824
final_layernorm,1297,0,1,88720
lm_head,1297,0,1,736
embedding,1298,0,1,38320
input_layernorm,1298,0,1,87935
rope,1298,0,1,111806
post_layernorm,1298,0,1,89424
gate_proj,1298,0,1,736
up_proj,1298,0,1,992
act_fn,1298,0,1,64400
final_layernorm,1298,0,1,88624
lm_head,1298,0,1,736
embedding,1299,0,1,38271
input_layernorm,1299,0,1,88498
rope,1299,0,1,111694
post_layernorm,1299,0,1,89296
gate_proj,1299,0,1,736
up_proj,1299,0,1,879
act_fn,1299,0,1,64608
final_layernorm,1299,0,1,88528
lm_head,1299,0,1,736
embedding,1300,0,1,37904
input_layernorm,1300,0,1,87456
rope,1300,0,1,110944
post_layernorm,1300,0,1,88992
gate_proj,1300,0,1,736
up_proj,1300,0,1,736
act_fn,1300,0,1,63823
final_layernorm,1300,0,1,88289
lm_head,1300,0,1,736
embedding,1301,0,1,38096
input_layernorm,1301,0,1,87632
rope,1301,0,1,111936
post_layernorm,1301,0,1,89247
gate_proj,1301,0,1,736
up_proj,1301,0,1,736
act_fn,1301,0,1,64288
final_layernorm,1301,0,1,88592
lm_head,1301,0,1,736
embedding,1302,0,1,37871
input_layernorm,1302,0,1,87343
rope,1302,0,1,110990
post_layernorm,1302,0,1,89232
gate_proj,1302,0,1,736
up_proj,1302,0,1,736
act_fn,1302,0,1,64784
final_layernorm,1302,0,1,88576
lm_head,1302,0,1,736
embedding,1303,0,1,38272
input_layernorm,1303,0,1,87501
rope,1303,0,1,111056
post_layernorm,1303,0,1,89200
gate_proj,1303,0,1,736
up_proj,1303,0,1,736
act_fn,1303,0,1,64623
final_layernorm,1303,0,1,88832
lm_head,1303,0,1,736
embedding,1304,0,1,38192
input_layernorm,1304,0,1,87727
rope,1304,0,1,112159
post_layernorm,1304,0,1,89168
gate_proj,1304,0,1,736
up_proj,1304,0,1,864
act_fn,1304,0,1,64320
final_layernorm,1304,0,1,88881
lm_head,1304,0,1,736
embedding,1305,0,1,38400
input_layernorm,1305,0,1,88128
rope,1305,0,1,112016
post_layernorm,1305,0,1,89808
gate_proj,1305,0,1,736
up_proj,1305,0,1,848
act_fn,1305,0,1,64704
final_layernorm,1305,0,1,89023
lm_head,1305,0,1,736
embedding,1306,0,1,38320
input_layernorm,1306,0,1,88464
rope,1306,0,1,111918
post_layernorm,1306,0,1,90192
gate_proj,1306,0,1,736
up_proj,1306,0,1,1008
act_fn,1306,0,1,64831
final_layernorm,1306,0,1,89711
lm_head,1306,0,1,736
embedding,1307,0,1,38208
input_layernorm,1307,0,1,88224
rope,1307,0,1,111840
post_layernorm,1307,0,1,89935
gate_proj,1307,0,1,736
up_proj,1307,0,1,736
act_fn,1307,0,1,65008
final_layernorm,1307,0,1,89280
lm_head,1307,0,1,736
embedding,1308,0,1,38512
input_layernorm,1308,0,1,88769
rope,1308,0,1,113024
post_layernorm,1308,0,1,90047
gate_proj,1308,0,1,736
up_proj,1308,0,1,736
act_fn,1308,0,1,64816
final_layernorm,1308,0,1,89263
lm_head,1308,0,1,736
embedding,1309,0,1,38319
input_layernorm,1309,0,1,88752
rope,1309,0,1,112096
post_layernorm,1309,0,1,90208
gate_proj,1309,0,1,736
up_proj,1309,0,1,736
act_fn,1309,0,1,64512
final_layernorm,1309,0,1,89696
lm_head,1309,0,1,736
embedding,1310,0,1,37967
input_layernorm,1310,0,1,88847
rope,1310,0,1,112495
post_layernorm,1310,0,1,89935
gate_proj,1310,0,1,736
up_proj,1310,0,1,879
act_fn,1310,0,1,65103
final_layernorm,1310,0,1,89375
lm_head,1310,0,1,736
embedding,1311,0,1,38752
input_layernorm,1311,0,1,89104
rope,1311,0,1,112638
post_layernorm,1311,0,1,90368
gate_proj,1311,0,1,736
up_proj,1311,0,1,751
act_fn,1311,0,1,64911
final_layernorm,1311,0,1,89584
lm_head,1311,0,1,736
embedding,1312,0,1,38447
input_layernorm,1312,0,1,88304
rope,1312,0,1,112751
post_layernorm,1312,0,1,89807
gate_proj,1312,0,1,736
up_proj,1312,0,1,736
act_fn,1312,0,1,65359
final_layernorm,1312,0,1,88511
lm_head,1312,0,1,736
embedding,1313,0,1,38160
input_layernorm,1313,0,1,89167
rope,1313,0,1,112863
post_layernorm,1313,0,1,90721
gate_proj,1313,0,1,736
up_proj,1313,0,1,752
act_fn,1313,0,1,65087
final_layernorm,1313,0,1,90288
lm_head,1313,0,1,736
embedding,1314,0,1,38608
input_layernorm,1314,0,1,88944
rope,1314,0,1,112943
post_layernorm,1314,0,1,90511
gate_proj,1314,0,1,736
up_proj,1314,0,1,736
act_fn,1314,0,1,65008
final_layernorm,1314,0,1,89808
lm_head,1314,0,1,736
embedding,1315,0,1,38464
input_layernorm,1315,0,1,88785
rope,1315,0,1,112576
post_layernorm,1315,0,1,90240
gate_proj,1315,0,1,736
up_proj,1315,0,1,864
act_fn,1315,0,1,64752
final_layernorm,1315,0,1,89712
lm_head,1315,0,1,736
embedding,1316,0,1,38480
input_layernorm,1316,0,1,88896
rope,1316,0,1,112976
post_layernorm,1316,0,1,89920
gate_proj,1316,0,1,735
up_proj,1316,0,1,752
act_fn,1316,0,1,64735
final_layernorm,1316,0,1,90127
lm_head,1316,0,1,736
embedding,1317,0,1,38368
input_layernorm,1317,0,1,89182
rope,1317,0,1,112974
post_layernorm,1317,0,1,90641
gate_proj,1317,0,1,736
up_proj,1317,0,1,752
act_fn,1317,0,1,65120
final_layernorm,1317,0,1,90224
lm_head,1317,0,1,736
embedding,1318,0,1,38431
input_layernorm,1318,0,1,88528
rope,1318,0,1,111263
post_layernorm,1318,0,1,89951
gate_proj,1318,0,1,736
up_proj,1318,0,1,736
act_fn,1318,0,1,65936
final_layernorm,1318,0,1,89872
lm_head,1318,0,1,736
embedding,1319,0,1,39151
input_layernorm,1319,0,1,89120
rope,1319,0,1,112656
post_layernorm,1319,0,1,90576
gate_proj,1319,0,1,736
up_proj,1319,0,1,992
act_fn,1319,0,1,65727
final_layernorm,1319,0,1,90336
lm_head,1319,0,1,736
embedding,1320,0,1,39584
input_layernorm,1320,0,1,89597
rope,1320,0,1,115328
post_layernorm,1320,0,1,90575
gate_proj,1320,0,1,736
up_proj,1320,0,1,736
act_fn,1320,0,1,65168
final_layernorm,1320,0,1,90303
lm_head,1320,0,1,736
embedding,1321,0,1,38591
input_layernorm,1321,0,1,89168
rope,1321,0,1,112432
post_layernorm,1321,0,1,90526
gate_proj,1321,0,1,736
up_proj,1321,0,1,1024
act_fn,1321,0,1,65552
final_layernorm,1321,0,1,89793
lm_head,1321,0,1,736
embedding,1322,0,1,38752
input_layernorm,1322,0,1,88880
rope,1322,0,1,112768
post_layernorm,1322,0,1,90432
gate_proj,1322,0,1,736
up_proj,1322,0,1,736
act_fn,1322,0,1,65744
final_layernorm,1322,0,1,90048
lm_head,1322,0,1,736
embedding,1323,0,1,38768
input_layernorm,1323,0,1,89679
rope,1323,0,1,113744
post_layernorm,1323,0,1,90944
gate_proj,1323,0,1,736
up_proj,1323,0,1,895
act_fn,1323,0,1,65440
final_layernorm,1323,0,1,90430
lm_head,1323,0,1,736
embedding,1324,0,1,39328
input_layernorm,1324,0,1,89744
rope,1324,0,1,114383
post_layernorm,1324,0,1,91696
gate_proj,1324,0,1,736
up_proj,1324,0,1,736
act_fn,1324,0,1,65184
final_layernorm,1324,0,1,91197
lm_head,1324,0,1,736
embedding,1325,0,1,38703
input_layernorm,1325,0,1,89696
rope,1325,0,1,113696
post_layernorm,1325,0,1,91168
gate_proj,1325,0,1,736
up_proj,1325,0,1,880
act_fn,1325,0,1,65760
final_layernorm,1325,0,1,90496
lm_head,1325,0,1,736
embedding,1326,0,1,38944
input_layernorm,1326,0,1,89776
rope,1326,0,1,114224
post_layernorm,1326,0,1,91360
gate_proj,1326,0,1,736
up_proj,1326,0,1,736
act_fn,1326,0,1,65488
final_layernorm,1326,0,1,91132
lm_head,1326,0,1,736
embedding,1327,0,1,38751
input_layernorm,1327,0,1,89504
rope,1327,0,1,113312
post_layernorm,1327,0,1,91295
gate_proj,1327,0,1,736
up_proj,1327,0,1,864
act_fn,1327,0,1,66000
final_layernorm,1327,0,1,90894
lm_head,1327,0,1,736
embedding,1328,0,1,39408
input_layernorm,1328,0,1,89713
rope,1328,0,1,115022
post_layernorm,1328,0,1,91760
gate_proj,1328,0,1,736
up_proj,1328,0,1,879
act_fn,1328,0,1,66304
final_layernorm,1328,0,1,90511
lm_head,1328,0,1,736
embedding,1329,0,1,38896
input_layernorm,1329,0,1,89999
rope,1329,0,1,114912
post_layernorm,1329,0,1,91729
gate_proj,1329,0,1,736
up_proj,1329,0,1,736
act_fn,1329,0,1,65664
final_layernorm,1329,0,1,90657
lm_head,1329,0,1,736
embedding,1330,0,1,39376
input_layernorm,1330,0,1,90017
rope,1330,0,1,114656
post_layernorm,1330,0,1,91248
gate_proj,1330,0,1,736
up_proj,1330,0,1,736
act_fn,1330,0,1,65919
final_layernorm,1330,0,1,91122
lm_head,1330,0,1,736
embedding,1331,0,1,39360
input_layernorm,1331,0,1,90269
rope,1331,0,1,114704
post_layernorm,1331,0,1,91775
gate_proj,1331,0,1,736
up_proj,1331,0,1,848
act_fn,1331,0,1,66223
final_layernorm,1331,0,1,91919
lm_head,1331,0,1,736
embedding,1332,0,1,38832
input_layernorm,1332,0,1,89839
rope,1332,0,1,113983
post_layernorm,1332,0,1,90751
gate_proj,1332,0,1,736
up_proj,1332,0,1,768
act_fn,1332,0,1,65999
final_layernorm,1332,0,1,90462
lm_head,1332,0,1,736
embedding,1333,0,1,38816
input_layernorm,1333,0,1,90304
rope,1333,0,1,114335
post_layernorm,1333,0,1,91488
gate_proj,1333,0,1,736
up_proj,1333,0,1,736
act_fn,1333,0,1,65792
final_layernorm,1333,0,1,91313
lm_head,1333,0,1,736
embedding,1334,0,1,39215
input_layernorm,1334,0,1,90480
rope,1334,0,1,114784
post_layernorm,1334,0,1,91824
gate_proj,1334,0,1,736
up_proj,1334,0,1,736
act_fn,1334,0,1,66399
final_layernorm,1334,0,1,91456
lm_head,1334,0,1,736
embedding,1335,0,1,39296
input_layernorm,1335,0,1,90287
rope,1335,0,1,114464
post_layernorm,1335,0,1,92062
gate_proj,1335,0,1,736
up_proj,1335,0,1,864
act_fn,1335,0,1,66368
final_layernorm,1335,0,1,91793
lm_head,1335,0,1,736
embedding,1336,0,1,38879
input_layernorm,1336,0,1,89551
rope,1336,0,1,114447
post_layernorm,1336,0,1,90433
gate_proj,1336,0,1,736
up_proj,1336,0,1,1024
act_fn,1336,0,1,66127
final_layernorm,1336,0,1,90926
lm_head,1336,0,1,736
embedding,1337,0,1,39184
input_layernorm,1337,0,1,90624
rope,1337,0,1,114912
post_layernorm,1337,0,1,91888
gate_proj,1337,0,1,736
up_proj,1337,0,1,736
act_fn,1337,0,1,66592
final_layernorm,1337,0,1,91233
lm_head,1337,0,1,736
embedding,1338,0,1,39232
input_layernorm,1338,0,1,90449
rope,1338,0,1,115103
post_layernorm,1338,0,1,91472
gate_proj,1338,0,1,736
up_proj,1338,0,1,752
act_fn,1338,0,1,65888
final_layernorm,1338,0,1,91389
lm_head,1338,0,1,736
embedding,1339,0,1,39232
input_layernorm,1339,0,1,90448
rope,1339,0,1,115232
post_layernorm,1339,0,1,91664
gate_proj,1339,0,1,736
up_proj,1339,0,1,736
act_fn,1339,0,1,66495
final_layernorm,1339,0,1,91646
lm_head,1339,0,1,736
embedding,1340,0,1,38959
input_layernorm,1340,0,1,90320
rope,1340,0,1,115488
post_layernorm,1340,0,1,91533
gate_proj,1340,0,1,736
up_proj,1340,0,1,1056
act_fn,1340,0,1,66112
final_layernorm,1340,0,1,91569
lm_head,1340,0,1,736
embedding,1341,0,1,39039
input_layernorm,1341,0,1,90672
rope,1341,0,1,114816
post_layernorm,1341,0,1,91969
gate_proj,1341,0,1,736
up_proj,1341,0,1,736
act_fn,1341,0,1,66799
final_layernorm,1341,0,1,91663
lm_head,1341,0,1,735
embedding,1342,0,1,39248
input_layernorm,1342,0,1,89775
rope,1342,0,1,114270
post_layernorm,1342,0,1,91153
gate_proj,1342,0,1,736
up_proj,1342,0,1,1008
act_fn,1342,0,1,66272
final_layernorm,1342,0,1,91168
lm_head,1342,0,1,736
embedding,1343,0,1,39120
input_layernorm,1343,0,1,90832
rope,1343,0,1,115968
post_layernorm,1343,0,1,92306
gate_proj,1343,0,1,736
up_proj,1343,0,1,736
act_fn,1343,0,1,66720
final_layernorm,1343,0,1,92222
lm_head,1343,0,1,736
embedding,1344,0,1,39376
input_layernorm,1344,0,1,91152
rope,1344,0,1,116512
post_layernorm,1344,0,1,92015
gate_proj,1344,0,1,736
up_proj,1344,0,1,768
act_fn,1344,0,1,66320
final_layernorm,1344,0,1,91471
lm_head,1344,0,1,736
embedding,1345,0,1,38703
input_layernorm,1345,0,1,90990
rope,1345,0,1,115678
post_layernorm,1345,0,1,92623
gate_proj,1345,0,1,736
up_proj,1345,0,1,864
act_fn,1345,0,1,66048
final_layernorm,1345,0,1,92095
lm_head,1345,0,1,736
embedding,1346,0,1,38687
input_layernorm,1346,0,1,91648
rope,1346,0,1,115839
post_layernorm,1346,0,1,92176
gate_proj,1346,0,1,736
up_proj,1346,0,1,736
act_fn,1346,0,1,65872
final_layernorm,1346,0,1,92320
lm_head,1346,0,1,736
embedding,1347,0,1,39232
input_layernorm,1347,0,1,90976
rope,1347,0,1,115503
post_layernorm,1347,0,1,92528
gate_proj,1347,0,1,736
up_proj,1347,0,1,768
act_fn,1347,0,1,66351
final_layernorm,1347,0,1,91713
lm_head,1347,0,1,736
embedding,1348,0,1,39007
input_layernorm,1348,0,1,91008
rope,1348,0,1,116224
post_layernorm,1348,0,1,92367
gate_proj,1348,0,1,736
up_proj,1348,0,1,880
act_fn,1348,0,1,66576
final_layernorm,1348,0,1,92288
lm_head,1348,0,1,736
embedding,1349,0,1,39344
input_layernorm,1349,0,1,91489
rope,1349,0,1,116736
post_layernorm,1349,0,1,92656
gate_proj,1349,0,1,736
up_proj,1349,0,1,751
act_fn,1349,0,1,66703
final_layernorm,1349,0,1,92928
lm_head,1349,0,1,736
embedding,1350,0,1,38960
input_layernorm,1350,0,1,90480
rope,1350,0,1,115552
post_layernorm,1350,0,1,91870
gate_proj,1350,0,1,736
up_proj,1350,0,1,992
act_fn,1350,0,1,66223
final_layernorm,1350,0,1,92112
lm_head,1350,0,1,736
embedding,1351,0,1,39664
input_layernorm,1351,0,1,91375
rope,1351,0,1,115376
post_layernorm,1351,0,1,91647
gate_proj,1351,0,1,736
up_proj,1351,0,1,736
act_fn,1351,0,1,66496
final_layernorm,1351,0,1,92430
lm_head,1351,0,1,736
embedding,1352,0,1,39551
input_layernorm,1352,0,1,91215
rope,1352,0,1,117440
post_layernorm,1352,0,1,92573
gate_proj,1352,0,1,736
up_proj,1352,0,1,880
act_fn,1352,0,1,66720
final_layernorm,1352,0,1,92064
lm_head,1352,0,1,736
embedding,1353,0,1,39456
input_layernorm,1353,0,1,91439
rope,1353,0,1,115663
post_layernorm,1353,0,1,92080
gate_proj,1353,0,1,736
up_proj,1353,0,1,736
act_fn,1353,0,1,66784
final_layernorm,1353,0,1,92639
lm_head,1353,0,1,736
embedding,1354,0,1,39151
input_layernorm,1354,0,1,90575
rope,1354,0,1,114177
post_layernorm,1354,0,1,91488
gate_proj,1354,0,1,736
up_proj,1354,0,1,736
act_fn,1354,0,1,66719
final_layernorm,1354,0,1,91790
lm_head,1354,0,1,736
embedding,1355,0,1,39455
input_layernorm,1355,0,1,90928
rope,1355,0,1,116287
post_layernorm,1355,0,1,92464
gate_proj,1355,0,1,736
up_proj,1355,0,1,976
act_fn,1355,0,1,66975
final_layernorm,1355,0,1,92430
lm_head,1355,0,1,736
embedding,1356,0,1,39264
input_layernorm,1356,0,1,91231
rope,1356,0,1,116303
post_layernorm,1356,0,1,92816
gate_proj,1356,0,1,736
up_proj,1356,0,1,752
act_fn,1356,0,1,66847
final_layernorm,1356,0,1,92623
lm_head,1356,0,1,736
embedding,1357,0,1,40079
input_layernorm,1357,0,1,91696
rope,1357,0,1,117760
post_layernorm,1357,0,1,93280
gate_proj,1357,0,1,736
up_proj,1357,0,1,752
act_fn,1357,0,1,66975
final_layernorm,1357,0,1,93152
lm_head,1357,0,1,736
embedding,1358,0,1,39313
input_layernorm,1358,0,1,91840
rope,1358,0,1,116239
post_layernorm,1358,0,1,92413
gate_proj,1358,0,1,736
up_proj,1358,0,1,736
act_fn,1358,0,1,66704
final_layernorm,1358,0,1,92176
lm_head,1358,0,1,736
embedding,1359,0,1,40016
input_layernorm,1359,0,1,92415
rope,1359,0,1,116864
post_layernorm,1359,0,1,92672
gate_proj,1359,0,1,736
up_proj,1359,0,1,1008
act_fn,1359,0,1,66720
final_layernorm,1359,0,1,92782
lm_head,1359,0,1,736
embedding,1360,0,1,39487
input_layernorm,1360,0,1,91295
rope,1360,0,1,117199
post_layernorm,1360,0,1,92223
gate_proj,1360,0,1,736
up_proj,1360,0,1,736
act_fn,1360,0,1,67967
final_layernorm,1360,0,1,92927
lm_head,1360,0,1,736
embedding,1361,0,1,39712
input_layernorm,1361,0,1,91584
rope,1361,0,1,117056
post_layernorm,1361,0,1,92784
gate_proj,1361,0,1,736
up_proj,1361,0,1,736
act_fn,1361,0,1,67232
final_layernorm,1361,0,1,93024
lm_head,1361,0,1,736
embedding,1362,0,1,39967
input_layernorm,1362,0,1,91743
rope,1362,0,1,116624
post_layernorm,1362,0,1,92576
gate_proj,1362,0,1,736
up_proj,1362,0,1,879
act_fn,1362,0,1,67023
final_layernorm,1362,0,1,93311
lm_head,1362,0,1,736
embedding,1363,0,1,40256
input_layernorm,1363,0,1,92256
rope,1363,0,1,116880
post_layernorm,1363,0,1,93360
gate_proj,1363,0,1,736
up_proj,1363,0,1,880
act_fn,1363,0,1,67231
final_layernorm,1363,0,1,93391
lm_head,1363,0,1,736
embedding,1364,0,1,40816
input_layernorm,1364,0,1,93088
rope,1364,0,1,120208
post_layernorm,1364,0,1,93504
gate_proj,1364,0,1,736
up_proj,1364,0,1,848
act_fn,1364,0,1,67423
final_layernorm,1364,0,1,93873
lm_head,1364,0,1,736
embedding,1365,0,1,40272
input_layernorm,1365,0,1,91871
rope,1365,0,1,116911
post_layernorm,1365,0,1,92752
gate_proj,1365,0,1,736
up_proj,1365,0,1,864
act_fn,1365,0,1,67552
final_layernorm,1365,0,1,93568
lm_head,1365,0,1,736
embedding,1366,0,1,40016
input_layernorm,1366,0,1,92479
rope,1366,0,1,117120
post_layernorm,1366,0,1,93041
gate_proj,1366,0,1,736
up_proj,1366,0,1,880
act_fn,1366,0,1,67616
final_layernorm,1366,0,1,93232
lm_head,1366,0,1,736
embedding,1367,0,1,40896
input_layernorm,1367,0,1,92688
rope,1367,0,1,117425
post_layernorm,1367,0,1,93504
gate_proj,1367,0,1,736
up_proj,1367,0,1,736
act_fn,1367,0,1,66864
final_layernorm,1367,0,1,93216
lm_head,1367,0,1,735
embedding,1368,0,1,40048
input_layernorm,1368,0,1,91904
rope,1368,0,1,117488
post_layernorm,1368,0,1,92543
gate_proj,1368,0,1,736
up_proj,1368,0,1,736
act_fn,1368,0,1,67264
final_layernorm,1368,0,1,92959
lm_head,1368,0,1,736
embedding,1369,0,1,40144
input_layernorm,1369,0,1,92319
rope,1369,0,1,117520
post_layernorm,1369,0,1,93200
gate_proj,1369,0,1,736
up_proj,1369,0,1,736
act_fn,1369,0,1,68080
final_layernorm,1369,0,1,93327
lm_head,1369,0,1,736
embedding,1370,0,1,40288
input_layernorm,1370,0,1,92448
rope,1370,0,1,117791
post_layernorm,1370,0,1,93184
gate_proj,1370,0,1,736
up_proj,1370,0,1,736
act_fn,1370,0,1,68352
final_layernorm,1370,0,1,94095
lm_head,1370,0,1,736
embedding,1371,0,1,39840
input_layernorm,1371,0,1,92112
rope,1371,0,1,116912
post_layernorm,1371,0,1,93296
gate_proj,1371,0,1,736
up_proj,1371,0,1,752
act_fn,1371,0,1,68111
final_layernorm,1371,0,1,93152
lm_head,1371,0,1,736
embedding,1372,0,1,39696
input_layernorm,1372,0,1,91983
rope,1372,0,1,117152
post_layernorm,1372,0,1,92736
gate_proj,1372,0,1,736
up_proj,1372,0,1,736
act_fn,1372,0,1,67903
final_layernorm,1372,0,1,93182
lm_head,1372,0,1,736
embedding,1373,0,1,39568
input_layernorm,1373,0,1,92544
rope,1373,0,1,117264
post_layernorm,1373,0,1,93503
gate_proj,1373,0,1,736
up_proj,1373,0,1,864
act_fn,1373,0,1,67791
final_layernorm,1373,0,1,93536
lm_head,1373,0,1,736
embedding,1374,0,1,40032
input_layernorm,1374,0,1,92450
rope,1374,0,1,117855
post_layernorm,1374,0,1,93312
gate_proj,1374,0,1,736
up_proj,1374,0,1,752
act_fn,1374,0,1,68063
final_layernorm,1374,0,1,93856
lm_head,1374,0,1,736
embedding,1375,0,1,40048
input_layernorm,1375,0,1,92304
rope,1375,0,1,116912
post_layernorm,1375,0,1,93664
gate_proj,1375,0,1,736
up_proj,1375,0,1,736
act_fn,1375,0,1,67760
final_layernorm,1375,0,1,93840
lm_head,1375,0,1,736
embedding,1376,0,1,38944
input_layernorm,1376,0,1,92159
rope,1376,0,1,118065
post_layernorm,1376,0,1,93632
gate_proj,1376,0,1,736
up_proj,1376,0,1,752
act_fn,1376,0,1,67696
final_layernorm,1376,0,1,93422
lm_head,1376,0,1,736
embedding,1377,0,1,39711
input_layernorm,1377,0,1,92320
rope,1377,0,1,116848
post_layernorm,1377,0,1,93663
gate_proj,1377,0,1,736
up_proj,1377,0,1,976
act_fn,1377,0,1,68191
final_layernorm,1377,0,1,93984
lm_head,1377,0,1,736
embedding,1378,0,1,40560
input_layernorm,1378,0,1,92673
rope,1378,0,1,117440
post_layernorm,1378,0,1,94158
gate_proj,1378,0,1,736
up_proj,1378,0,1,736
act_fn,1378,0,1,68464
final_layernorm,1378,0,1,94129
lm_head,1378,0,1,736
embedding,1379,0,1,39872
input_layernorm,1379,0,1,92559
rope,1379,0,1,116832
post_layernorm,1379,0,1,93343
gate_proj,1379,0,1,736
up_proj,1379,0,1,1024
act_fn,1379,0,1,68336
final_layernorm,1379,0,1,93233
lm_head,1379,0,1,736
embedding,1380,0,1,40159
input_layernorm,1380,0,1,92751
rope,1380,0,1,117953
post_layernorm,1380,0,1,93856
gate_proj,1380,0,1,736
up_proj,1380,0,1,1024
act_fn,1380,0,1,68399
final_layernorm,1380,0,1,93888
lm_head,1380,0,1,736
embedding,1381,0,1,40624
input_layernorm,1381,0,1,93168
rope,1381,0,1,118607
post_layernorm,1381,0,1,94208
gate_proj,1381,0,1,736
up_proj,1381,0,1,992
act_fn,1381,0,1,68880
final_layernorm,1381,0,1,94529
lm_head,1381,0,1,736
embedding,1382,0,1,39856
input_layernorm,1382,0,1,92735
rope,1382,0,1,117520
post_layernorm,1382,0,1,93776
gate_proj,1382,0,1,736
up_proj,1382,0,1,736
act_fn,1382,0,1,68400
final_layernorm,1382,0,1,94416
lm_head,1382,0,1,736
embedding,1383,0,1,40207
input_layernorm,1383,0,1,92560
rope,1383,0,1,117695
post_layernorm,1383,0,1,93791
gate_proj,1383,0,1,736
up_proj,1383,0,1,864
act_fn,1383,0,1,68991
final_layernorm,1383,0,1,94463
lm_head,1383,0,1,736
embedding,1384,0,1,40288
input_layernorm,1384,0,1,92752
rope,1384,0,1,118128
post_layernorm,1384,0,1,93632
gate_proj,1384,0,1,736
up_proj,1384,0,1,864
act_fn,1384,0,1,68912
final_layernorm,1384,0,1,93921
lm_head,1384,0,1,736
embedding,1385,0,1,40736
input_layernorm,1385,0,1,93057
rope,1385,0,1,117504
post_layernorm,1385,0,1,94335
gate_proj,1385,0,1,736
up_proj,1385,0,1,736
act_fn,1385,0,1,68368
final_layernorm,1385,0,1,94528
lm_head,1385,0,1,736
embedding,1386,0,1,40816
input_layernorm,1386,0,1,93023
rope,1386,0,1,117440
post_layernorm,1386,0,1,93951
gate_proj,1386,0,1,736
up_proj,1386,0,1,880
act_fn,1386,0,1,69008
final_layernorm,1386,0,1,93952
lm_head,1386,0,1,736
embedding,1387,0,1,40752
input_layernorm,1387,0,1,93246
rope,1387,0,1,118048
post_layernorm,1387,0,1,94288
gate_proj,1387,0,1,736
up_proj,1387,0,1,848
act_fn,1387,0,1,69088
final_layernorm,1387,0,1,94288
lm_head,1387,0,1,736
embedding,1388,0,1,41056
input_layernorm,1388,0,1,93167
rope,1388,0,1,118687
post_layernorm,1388,0,1,94303
gate_proj,1388,0,1,736
up_proj,1388,0,1,736
act_fn,1388,0,1,68416
final_layernorm,1388,0,1,94704
lm_head,1388,0,1,736
embedding,1389,0,1,40832
input_layernorm,1389,0,1,93182
rope,1389,0,1,118719
post_layernorm,1389,0,1,94655
gate_proj,1389,0,1,736
up_proj,1389,0,1,736
act_fn,1389,0,1,69119
final_layernorm,1389,0,1,94688
lm_head,1389,0,1,736
embedding,1390,0,1,41024
input_layernorm,1390,0,1,93233
rope,1390,0,1,118720
post_layernorm,1390,0,1,94464
gate_proj,1390,0,1,736
up_proj,1390,0,1,736
act_fn,1390,0,1,68576
final_layernorm,1390,0,1,95392
lm_head,1390,0,1,736
embedding,1391,0,1,40960
input_layernorm,1391,0,1,94016
rope,1391,0,1,119583
post_layernorm,1391,0,1,95584
gate_proj,1391,0,1,736
up_proj,1391,0,1,752
act_fn,1391,0,1,68368
final_layernorm,1391,0,1,95567
lm_head,1391,0,1,736
embedding,1392,0,1,40624
input_layernorm,1392,0,1,92624
rope,1392,0,1,118240
post_layernorm,1392,0,1,93552
gate_proj,1392,0,1,736
up_proj,1392,0,1,992
act_fn,1392,0,1,68591
final_layernorm,1392,0,1,93728
lm_head,1392,0,1,736
embedding,1393,0,1,39872
input_layernorm,1393,0,1,93152
rope,1393,0,1,116415
post_layernorm,1393,0,1,94176
gate_proj,1393,0,1,736
up_proj,1393,0,1,864
act_fn,1393,0,1,68336
final_layernorm,1393,0,1,94209
lm_head,1393,0,1,736
embedding,1394,0,1,41552
input_layernorm,1394,0,1,95456
rope,1394,0,1,122384
post_layernorm,1394,0,1,96176
gate_proj,1394,0,1,736
up_proj,1394,0,1,736
act_fn,1394,0,1,68305
final_layernorm,1394,0,1,95823
lm_head,1394,0,1,736
embedding,1395,0,1,40512
input_layernorm,1395,0,1,93952
rope,1395,0,1,118559
post_layernorm,1395,0,1,95056
gate_proj,1395,0,1,736
up_proj,1395,0,1,864
act_fn,1395,0,1,68590
final_layernorm,1395,0,1,95103
lm_head,1395,0,1,736
embedding,1396,0,1,40864
input_layernorm,1396,0,1,94016
rope,1396,0,1,119008
post_layernorm,1396,0,1,94880
gate_proj,1396,0,1,736
up_proj,1396,0,1,752
act_fn,1396,0,1,68943
final_layernorm,1396,0,1,95167
lm_head,1396,0,1,736
embedding,1397,0,1,40463
input_layernorm,1397,0,1,94001
rope,1397,0,1,118464
post_layernorm,1397,0,1,94943
gate_proj,1397,0,1,736
up_proj,1397,0,1,753
act_fn,1397,0,1,68656
final_layernorm,1397,0,1,95008
lm_head,1397,0,1,704
embedding,1398,0,1,40656
input_layernorm,1398,0,1,94254
rope,1398,0,1,118271
post_layernorm,1398,0,1,94928
gate_proj,1398,0,1,736
up_proj,1398,0,1,736
act_fn,1398,0,1,68976
final_layernorm,1398,0,1,95264
lm_head,1398,0,1,736
embedding,1399,0,1,41999
input_layernorm,1399,0,1,96079
rope,1399,0,1,122432
post_layernorm,1399,0,1,96704
gate_proj,1399,0,1,736
up_proj,1399,0,1,736
act_fn,1399,0,1,68336
final_layernorm,1399,0,1,97088
lm_head,1399,0,1,736
embedding,1400,0,1,40624
input_layernorm,1400,0,1,94335
rope,1400,0,1,119808
post_layernorm,1400,0,1,94673
gate_proj,1400,0,1,736
up_proj,1400,0,1,992
act_fn,1400,0,1,69072
final_layernorm,1400,0,1,94881
lm_head,1400,0,1,736
embedding,1401,0,1,40767
input_layernorm,1401,0,1,94352
rope,1401,0,1,118543
post_layernorm,1401,0,1,95438
gate_proj,1401,0,1,736
up_proj,1401,0,1,736
act_fn,1401,0,1,68543
final_layernorm,1401,0,1,95536
lm_head,1401,0,1,736
embedding,1402,0,1,40223
input_layernorm,1402,0,1,93808
rope,1402,0,1,118000
post_layernorm,1402,0,1,94543
gate_proj,1402,0,1,736
up_proj,1402,0,1,736
act_fn,1402,0,1,69264
final_layernorm,1402,0,1,94800
lm_head,1402,0,1,736
embedding,1403,0,1,40544
input_layernorm,1403,0,1,94624
rope,1403,0,1,119264
post_layernorm,1403,0,1,95711
gate_proj,1403,0,1,736
up_proj,1403,0,1,1008
act_fn,1403,0,1,69072
final_layernorm,1403,0,1,95360
lm_head,1403,0,1,736
embedding,1404,0,1,40624
input_layernorm,1404,0,1,94543
rope,1404,0,1,119921
post_layernorm,1404,0,1,95150
gate_proj,1404,0,1,736
up_proj,1404,0,1,736
act_fn,1404,0,1,69296
final_layernorm,1404,0,1,95328
lm_head,1404,0,1,736
embedding,1405,0,1,40752
input_layernorm,1405,0,1,94128
rope,1405,0,1,119343
post_layernorm,1405,0,1,95183
gate_proj,1405,0,1,736
up_proj,1405,0,1,864
act_fn,1405,0,1,68641
final_layernorm,1405,0,1,95263
lm_head,1405,0,1,736
embedding,1406,0,1,41231
input_layernorm,1406,0,1,94832
rope,1406,0,1,120702
post_layernorm,1406,0,1,95856
gate_proj,1406,0,1,736
up_proj,1406,0,1,879
act_fn,1406,0,1,69328
final_layernorm,1406,0,1,96159
lm_head,1406,0,1,736
embedding,1407,0,1,40767
input_layernorm,1407,0,1,95104
rope,1407,0,1,119823
post_layernorm,1407,0,1,96127
gate_proj,1407,0,1,736
up_proj,1407,0,1,736
act_fn,1407,0,1,69296
final_layernorm,1407,0,1,96479
lm_head,1407,0,1,736
embedding,1408,0,1,40944
input_layernorm,1408,0,1,95551
rope,1408,0,1,123104
post_layernorm,1408,0,1,96543
gate_proj,1408,0,1,736
up_proj,1408,0,1,736
act_fn,1408,0,1,68817
final_layernorm,1408,0,1,95711
lm_head,1408,0,1,736
embedding,1409,0,1,41136
input_layernorm,1409,0,1,95648
rope,1409,0,1,120608
post_layernorm,1409,0,1,97711
gate_proj,1409,0,1,736
up_proj,1409,0,1,864
act_fn,1409,0,1,69631
final_layernorm,1409,0,1,96496
lm_head,1409,0,1,736
embedding,1410,0,1,40768
input_layernorm,1410,0,1,95119
rope,1410,0,1,119248
post_layernorm,1410,0,1,97168
gate_proj,1410,0,1,736
up_proj,1410,0,1,736
act_fn,1410,0,1,69343
final_layernorm,1410,0,1,96319
lm_head,1410,0,1,736
embedding,1411,0,1,40768
input_layernorm,1411,0,1,95776
rope,1411,0,1,120065
post_layernorm,1411,0,1,98447
gate_proj,1411,0,1,736
up_proj,1411,0,1,992
act_fn,1411,0,1,68944
final_layernorm,1411,0,1,96464
lm_head,1411,0,1,736
embedding,1412,0,1,40272
input_layernorm,1412,0,1,95487
rope,1412,0,1,119392
post_layernorm,1412,0,1,97840
gate_proj,1412,0,1,736
up_proj,1412,0,1,736
act_fn,1412,0,1,69664
final_layernorm,1412,0,1,96226
lm_head,1412,0,1,736
embedding,1413,0,1,40735
input_layernorm,1413,0,1,95791
rope,1413,0,1,120192
post_layernorm,1413,0,1,97807
gate_proj,1413,0,1,736
up_proj,1413,0,1,736
act_fn,1413,0,1,69262
final_layernorm,1413,0,1,96768
lm_head,1413,0,1,736
embedding,1414,0,1,40048
input_layernorm,1414,0,1,94479
rope,1414,0,1,117472
post_layernorm,1414,0,1,96638
gate_proj,1414,0,1,736
up_proj,1414,0,1,736
act_fn,1414,0,1,69007
final_layernorm,1414,0,1,96191
lm_head,1414,0,1,736
embedding,1415,0,1,40976
input_layernorm,1415,0,1,95697
rope,1415,0,1,119264
post_layernorm,1415,0,1,97217
gate_proj,1415,0,1,736
up_proj,1415,0,1,736
act_fn,1415,0,1,69423
final_layernorm,1415,0,1,96928
lm_head,1415,0,1,736
embedding,1416,0,1,40976
input_layernorm,1416,0,1,95406
rope,1416,0,1,119808
post_layernorm,1416,0,1,97312
gate_proj,1416,0,1,736
up_proj,1416,0,1,880
act_fn,1416,0,1,69679
final_layernorm,1416,0,1,96190
lm_head,1416,0,1,736
embedding,1417,0,1,40847
input_layernorm,1417,0,1,96095
rope,1417,0,1,119760
post_layernorm,1417,0,1,98049
gate_proj,1417,0,1,736
up_proj,1417,0,1,848
act_fn,1417,0,1,70016
final_layernorm,1417,0,1,96800
lm_head,1417,0,1,736
embedding,1418,0,1,41136
input_layernorm,1418,0,1,95422
rope,1418,0,1,118782
post_layernorm,1418,0,1,97679
gate_proj,1418,0,1,736
up_proj,1418,0,1,737
act_fn,1418,0,1,69935
final_layernorm,1418,0,1,96609
lm_head,1418,0,1,736
embedding,1419,0,1,41887
input_layernorm,1419,0,1,95903
rope,1419,0,1,119344
post_layernorm,1419,0,1,98271
gate_proj,1419,0,1,736
up_proj,1419,0,1,864
act_fn,1419,0,1,69680
final_layernorm,1419,0,1,97232
lm_head,1419,0,1,736
embedding,1420,0,1,41808
input_layernorm,1420,0,1,96128
rope,1420,0,1,120336
post_layernorm,1420,0,1,98545
gate_proj,1420,0,1,736
up_proj,1420,0,1,752
act_fn,1420,0,1,70111
final_layernorm,1420,0,1,97601
lm_head,1420,0,1,736
embedding,1421,0,1,41471
input_layernorm,1421,0,1,96192
rope,1421,0,1,120432
post_layernorm,1421,0,1,98112
gate_proj,1421,0,1,736
up_proj,1421,0,1,736
act_fn,1421,0,1,69760
final_layernorm,1421,0,1,97087
lm_head,1421,0,1,736
embedding,1422,0,1,41712
input_layernorm,1422,0,1,96479
rope,1422,0,1,120545
post_layernorm,1422,0,1,97870
gate_proj,1422,0,1,736
up_proj,1422,0,1,848
act_fn,1422,0,1,70080
final_layernorm,1422,0,1,97407
lm_head,1422,0,1,736
embedding,1423,0,1,42623
input_layernorm,1423,0,1,97152
rope,1423,0,1,123919
post_layernorm,1423,0,1,99600
gate_proj,1423,0,1,736
up_proj,1423,0,1,1040
act_fn,1423,0,1,69296
final_layernorm,1423,0,1,98222
lm_head,1423,0,1,736
embedding,1424,0,1,41840
input_layernorm,1424,0,1,96432
rope,1424,0,1,122063
post_layernorm,1424,0,1,97649
gate_proj,1424,0,1,736
up_proj,1424,0,1,736
act_fn,1424,0,1,70144
final_layernorm,1424,0,1,97712
lm_head,1424,0,1,736
embedding,1425,0,1,41472
input_layernorm,1425,0,1,96368
rope,1425,0,1,119263
post_layernorm,1425,0,1,97792
gate_proj,1425,0,1,736
up_proj,1425,0,1,736
act_fn,1425,0,1,69776
final_layernorm,1425,0,1,97040
lm_head,1425,0,1,736
embedding,1426,0,1,41040
input_layernorm,1426,0,1,95584
rope,1426,0,1,119087
post_layernorm,1426,0,1,97648
gate_proj,1426,0,1,736
up_proj,1426,0,1,736
act_fn,1426,0,1,70496
final_layernorm,1426,0,1,96624
lm_head,1426,0,1,736
embedding,1427,0,1,41488
input_layernorm,1427,0,1,96542
rope,1427,0,1,119551
post_layernorm,1427,0,1,98030
gate_proj,1427,0,1,736
up_proj,1427,0,1,736
act_fn,1427,0,1,70384
final_layernorm,1427,0,1,97360
lm_head,1427,0,1,736
embedding,1428,0,1,41776
input_layernorm,1428,0,1,96672
rope,1428,0,1,121296
post_layernorm,1428,0,1,98367
gate_proj,1428,0,1,736
up_proj,1428,0,1,879
act_fn,1428,0,1,70545
final_layernorm,1428,0,1,98144
lm_head,1428,0,1,736
embedding,1429,0,1,41328
input_layernorm,1429,0,1,96352
rope,1429,0,1,119679
post_layernorm,1429,0,1,98080
gate_proj,1429,0,1,736
up_proj,1429,0,1,737
act_fn,1429,0,1,70416
final_layernorm,1429,0,1,97920
lm_head,1429,0,1,736
embedding,1430,0,1,41200
input_layernorm,1430,0,1,96512
rope,1430,0,1,119744
post_layernorm,1430,0,1,98127
gate_proj,1430,0,1,736
up_proj,1430,0,1,752
act_fn,1430,0,1,69823
final_layernorm,1430,0,1,97584
lm_head,1430,0,1,736
embedding,1431,0,1,42432
input_layernorm,1431,0,1,98176
rope,1431,0,1,123136
post_layernorm,1431,0,1,99793
gate_proj,1431,0,1,736
up_proj,1431,0,1,1008
act_fn,1431,0,1,70336
final_layernorm,1431,0,1,98816
lm_head,1431,0,1,736
embedding,1432,0,1,41472
input_layernorm,1432,0,1,96671
rope,1432,0,1,120863
post_layernorm,1432,0,1,98304
gate_proj,1432,0,1,736
up_proj,1432,0,1,736
act_fn,1432,0,1,70783
final_layernorm,1432,0,1,97536
lm_head,1432,0,1,736
embedding,1433,0,1,41184
input_layernorm,1433,0,1,96542
rope,1433,0,1,118527
post_layernorm,1433,0,1,98334
gate_proj,1433,0,1,736
up_proj,1433,0,1,880
act_fn,1433,0,1,70351
final_layernorm,1433,0,1,97277
lm_head,1433,0,1,736
embedding,1434,0,1,41488
input_layernorm,1434,0,1,96929
rope,1434,0,1,120097
post_layernorm,1434,0,1,98366
gate_proj,1434,0,1,736
up_proj,1434,0,1,736
act_fn,1434,0,1,70575
final_layernorm,1434,0,1,98224
lm_head,1434,0,1,736
embedding,1435,0,1,41296
input_layernorm,1435,0,1,96768
rope,1435,0,1,119727
post_layernorm,1435,0,1,98335
gate_proj,1435,0,1,736
up_proj,1435,0,1,736
act_fn,1435,0,1,70336
final_layernorm,1435,0,1,97615
lm_head,1435,0,1,736
embedding,1436,0,1,42352
input_layernorm,1436,0,1,98191
rope,1436,0,1,121919
post_layernorm,1436,0,1,99951
gate_proj,1436,0,1,736
up_proj,1436,0,1,752
act_fn,1436,0,1,70864
final_layernorm,1436,0,1,99840
lm_head,1436,0,1,736
embedding,1437,0,1,42000
input_layernorm,1437,0,1,98176
rope,1437,0,1,122367
post_layernorm,1437,0,1,99825
gate_proj,1437,0,1,736
up_proj,1437,0,1,736
act_fn,1437,0,1,70175
final_layernorm,1437,0,1,99248
lm_head,1437,0,1,736
embedding,1438,0,1,41920
input_layernorm,1438,0,1,97664
rope,1438,0,1,121183
post_layernorm,1438,0,1,99455
gate_proj,1438,0,1,736
up_proj,1438,0,1,736
act_fn,1438,0,1,70768
final_layernorm,1438,0,1,99007
lm_head,1438,0,1,736
embedding,1439,0,1,41824
input_layernorm,1439,0,1,97695
rope,1439,0,1,121472
post_layernorm,1439,0,1,99486
gate_proj,1439,0,1,736
up_proj,1439,0,1,736
act_fn,1439,0,1,70831
final_layernorm,1439,0,1,98879
lm_head,1439,0,1,736
embedding,1440,0,1,42464
input_layernorm,1440,0,1,98512
rope,1440,0,1,124224
post_layernorm,1440,0,1,99728
gate_proj,1440,0,1,736
up_proj,1440,0,1,736
act_fn,1440,0,1,70544
final_layernorm,1440,0,1,99233
lm_head,1440,0,1,736
embedding,1441,0,1,41760
input_layernorm,1441,0,1,97952
rope,1441,0,1,120833
post_layernorm,1441,0,1,98945
gate_proj,1441,0,1,736
up_proj,1441,0,1,992
act_fn,1441,0,1,70864
final_layernorm,1441,0,1,98142
lm_head,1441,0,1,736
embedding,1442,0,1,41632
input_layernorm,1442,0,1,97952
rope,1442,0,1,120672
post_layernorm,1442,0,1,99264
gate_proj,1442,0,1,736
up_proj,1442,0,1,752
act_fn,1442,0,1,70864
final_layernorm,1442,0,1,98672
lm_head,1442,0,1,736
embedding,1443,0,1,41776
input_layernorm,1443,0,1,97567
rope,1443,0,1,119553
post_layernorm,1443,0,1,98911
gate_proj,1443,0,1,736
up_proj,1443,0,1,880
act_fn,1443,0,1,71264
final_layernorm,1443,0,1,98800
lm_head,1443,0,1,736
embedding,1444,0,1,41840
input_layernorm,1444,0,1,97968
rope,1444,0,1,121727
post_layernorm,1444,0,1,100176
gate_proj,1444,0,1,736
up_proj,1444,0,1,736
act_fn,1444,0,1,71023
final_layernorm,1444,0,1,99198
lm_head,1444,0,1,736
embedding,1445,0,1,41840
input_layernorm,1445,0,1,98863
rope,1445,0,1,121361
post_layernorm,1445,0,1,99760
gate_proj,1445,0,1,736
up_proj,1445,0,1,992
act_fn,1445,0,1,71248
final_layernorm,1445,0,1,99152
lm_head,1445,0,1,736
embedding,1446,0,1,42816
input_layernorm,1446,0,1,99072
rope,1446,0,1,123600
post_layernorm,1446,0,1,100319
gate_proj,1446,0,1,736
up_proj,1446,0,1,736
act_fn,1446,0,1,71167
final_layernorm,1446,0,1,100049
lm_head,1446,0,1,736
embedding,1447,0,1,42656
input_layernorm,1447,0,1,98751
rope,1447,0,1,121839
post_layernorm,1447,0,1,100335
gate_proj,1447,0,1,736
up_proj,1447,0,1,736
act_fn,1447,0,1,71023
final_layernorm,1447,0,1,99295
lm_head,1447,0,1,736
embedding,1448,0,1,42656
input_layernorm,1448,0,1,98944
rope,1448,0,1,123504
post_layernorm,1448,0,1,100368
gate_proj,1448,0,1,736
up_proj,1448,0,1,752
act_fn,1448,0,1,71200
final_layernorm,1448,0,1,99872
lm_head,1448,0,1,736
embedding,1449,0,1,41823
input_layernorm,1449,0,1,98320
rope,1449,0,1,120576
post_layernorm,1449,0,1,99888
gate_proj,1449,0,1,736
up_proj,1449,0,1,736
act_fn,1449,0,1,71568
final_layernorm,1449,0,1,99454
lm_head,1449,0,1,736
embedding,1450,0,1,42671
input_layernorm,1450,0,1,98655
rope,1450,0,1,121968
post_layernorm,1450,0,1,100159
gate_proj,1450,0,1,736
up_proj,1450,0,1,736
act_fn,1450,0,1,71328
final_layernorm,1450,0,1,99664
lm_head,1450,0,1,736
embedding,1451,0,1,41744
input_layernorm,1451,0,1,97440
rope,1451,0,1,119280
post_layernorm,1451,0,1,99199
gate_proj,1451,0,1,736
up_proj,1451,0,1,736
act_fn,1451,0,1,71648
final_layernorm,1451,0,1,98608
lm_head,1451,0,1,736
embedding,1452,0,1,42608
input_layernorm,1452,0,1,99199
rope,1452,0,1,123600
post_layernorm,1452,0,1,100464
gate_proj,1452,0,1,736
up_proj,1452,0,1,736
act_fn,1452,0,1,71007
final_layernorm,1452,0,1,99521
lm_head,1452,0,1,736
embedding,1453,0,1,42464
input_layernorm,1453,0,1,98496
rope,1453,0,1,121183
post_layernorm,1453,0,1,100176
gate_proj,1453,0,1,736
up_proj,1453,0,1,736
act_fn,1453,0,1,71008
final_layernorm,1453,0,1,99536
lm_head,1453,0,1,736
embedding,1454,0,1,42512
input_layernorm,1454,0,1,98895
rope,1454,0,1,121936
post_layernorm,1454,0,1,100160
gate_proj,1454,0,1,736
up_proj,1454,0,1,863
act_fn,1454,0,1,71872
final_layernorm,1454,0,1,99663
lm_head,1454,0,1,736
embedding,1455,0,1,42336
input_layernorm,1455,0,1,98046
rope,1455,0,1,120145
post_layernorm,1455,0,1,99984
gate_proj,1455,0,1,736
up_proj,1455,0,1,736
act_fn,1455,0,1,71792
final_layernorm,1455,0,1,99392
lm_head,1455,0,1,736
embedding,1456,0,1,42496
input_layernorm,1456,0,1,99199
rope,1456,0,1,122798
post_layernorm,1456,0,1,99889
gate_proj,1456,0,1,736
up_proj,1456,0,1,880
act_fn,1456,0,1,71823
final_layernorm,1456,0,1,99743
lm_head,1456,0,1,736
embedding,1457,0,1,43024
input_layernorm,1457,0,1,99953
rope,1457,0,1,124127
post_layernorm,1457,0,1,100845
gate_proj,1457,0,1,736
up_proj,1457,0,1,736
act_fn,1457,0,1,70352
final_layernorm,1457,0,1,100048
lm_head,1457,0,1,736
embedding,1458,0,1,42095
input_layernorm,1458,0,1,98992
rope,1458,0,1,121648
post_layernorm,1458,0,1,100688
gate_proj,1458,0,1,736
up_proj,1458,0,1,752
act_fn,1458,0,1,69903
final_layernorm,1458,0,1,100175
lm_head,1458,0,1,736
embedding,1459,0,1,42928
input_layernorm,1459,0,1,100080
rope,1459,0,1,123633
post_layernorm,1459,0,1,101457
gate_proj,1459,0,1,736
up_proj,1459,0,1,1024
act_fn,1459,0,1,70528
final_layernorm,1459,0,1,100416
lm_head,1459,0,1,736
embedding,1460,0,1,42304
input_layernorm,1460,0,1,99472
rope,1460,0,1,123631
post_layernorm,1460,0,1,101136
gate_proj,1460,0,1,736
up_proj,1460,0,1,1024
act_fn,1460,0,1,70527
final_layernorm,1460,0,1,100256
lm_head,1460,0,1,736
embedding,1461,0,1,42192
input_layernorm,1461,0,1,99455
rope,1461,0,1,122382
post_layernorm,1461,0,1,100704
gate_proj,1461,0,1,736
up_proj,1461,0,1,1007
act_fn,1461,0,1,70319
final_layernorm,1461,0,1,99520
lm_head,1461,0,1,736
embedding,1462,0,1,42175
input_layernorm,1462,0,1,99568
rope,1462,0,1,122961
post_layernorm,1462,0,1,101056
gate_proj,1462,0,1,736
up_proj,1462,0,1,736
act_fn,1462,0,1,70159
final_layernorm,1462,0,1,99936
lm_head,1462,0,1,736
embedding,1463,0,1,41983
input_layernorm,1463,0,1,98958
rope,1463,0,1,121967
post_layernorm,1463,0,1,100159
gate_proj,1463,0,1,736
up_proj,1463,0,1,736
act_fn,1463,0,1,70608
final_layernorm,1463,0,1,99887
lm_head,1463,0,1,736
embedding,1464,0,1,42928
input_layernorm,1464,0,1,99664
rope,1464,0,1,124335
post_layernorm,1464,0,1,100912
gate_proj,1464,0,1,736
up_proj,1464,0,1,752
act_fn,1464,0,1,70272
final_layernorm,1464,0,1,100496
lm_head,1464,0,1,736
embedding,1465,0,1,42960
input_layernorm,1465,0,1,100623
rope,1465,0,1,125408
post_layernorm,1465,0,1,101216
gate_proj,1465,0,1,736
up_proj,1465,0,1,736
act_fn,1465,0,1,70800
final_layernorm,1465,0,1,100798
lm_head,1465,0,1,736
embedding,1466,0,1,42832
input_layernorm,1466,0,1,100944
rope,1466,0,1,125904
post_layernorm,1466,0,1,102562
gate_proj,1466,0,1,735
up_proj,1466,0,1,880
act_fn,1466,0,1,70176
final_layernorm,1466,0,1,101054
lm_head,1466,0,1,736
embedding,1467,0,1,42511
input_layernorm,1467,0,1,99727
rope,1467,0,1,123504
post_layernorm,1467,0,1,101217
gate_proj,1467,0,1,736
up_proj,1467,0,1,736
act_fn,1467,0,1,70592
final_layernorm,1467,0,1,100335
lm_head,1467,0,1,736
embedding,1468,0,1,42112
input_layernorm,1468,0,1,99793
rope,1468,0,1,124336
post_layernorm,1468,0,1,101183
gate_proj,1468,0,1,736
up_proj,1468,0,1,736
act_fn,1468,0,1,70623
final_layernorm,1468,0,1,100592
lm_head,1468,0,1,736
embedding,1469,0,1,43456
input_layernorm,1469,0,1,101312
rope,1469,0,1,124799
post_layernorm,1469,0,1,102768
gate_proj,1469,0,1,736
up_proj,1469,0,1,1024
act_fn,1469,0,1,70688
final_layernorm,1469,0,1,101455
lm_head,1469,0,1,736
embedding,1470,0,1,43008
input_layernorm,1470,0,1,101648
rope,1470,0,1,127839
post_layernorm,1470,0,1,102527
gate_proj,1470,0,1,736
up_proj,1470,0,1,736
act_fn,1470,0,1,70943
final_layernorm,1470,0,1,101981
lm_head,1470,0,1,736
embedding,1471,0,1,42160
input_layernorm,1471,0,1,100016
rope,1471,0,1,123487
post_layernorm,1471,0,1,101550
gate_proj,1471,0,1,736
up_proj,1471,0,1,1008
act_fn,1471,0,1,71023
final_layernorm,1471,0,1,100927
lm_head,1471,0,1,736
embedding,1472,0,1,43072
input_layernorm,1472,0,1,99808
rope,1472,0,1,124464
post_layernorm,1472,0,1,101264
gate_proj,1472,0,1,736
up_proj,1472,0,1,736
act_fn,1472,0,1,70479
final_layernorm,1472,0,1,100048
lm_head,1472,0,1,736
embedding,1473,0,1,41984
input_layernorm,1473,0,1,100526
rope,1473,0,1,124127
post_layernorm,1473,0,1,101759
gate_proj,1473,0,1,735
up_proj,1473,0,1,736
act_fn,1473,0,1,71488
final_layernorm,1473,0,1,100720
lm_head,1473,0,1,736
embedding,1474,0,1,43040
input_layernorm,1474,0,1,100944
rope,1474,0,1,123935
post_layernorm,1474,0,1,101839
gate_proj,1474,0,1,736
up_proj,1474,0,1,736
act_fn,1474,0,1,71535
final_layernorm,1474,0,1,101807
lm_head,1474,0,1,736
embedding,1475,0,1,42464
input_layernorm,1475,0,1,100032
rope,1475,0,1,124782
post_layernorm,1475,0,1,101294
gate_proj,1475,0,1,736
up_proj,1475,0,1,736
act_fn,1475,0,1,71520
final_layernorm,1475,0,1,100959
lm_head,1475,0,1,736
embedding,1476,0,1,42320
input_layernorm,1476,0,1,100095
rope,1476,0,1,124447
post_layernorm,1476,0,1,101567
gate_proj,1476,0,1,736
up_proj,1476,0,1,736
act_fn,1476,0,1,71743
final_layernorm,1476,0,1,100799
lm_head,1476,0,1,736
embedding,1477,0,1,43088
input_layernorm,1477,0,1,101502
rope,1477,0,1,127759
post_layernorm,1477,0,1,102464
gate_proj,1477,0,1,736
up_proj,1477,0,1,736
act_fn,1477,0,1,71792
final_layernorm,1477,0,1,101984
lm_head,1477,0,1,736
embedding,1478,0,1,43216
input_layernorm,1478,0,1,101041
rope,1478,0,1,124927
post_layernorm,1478,0,1,102960
gate_proj,1478,0,1,736
up_proj,1478,0,1,864
act_fn,1478,0,1,71648
final_layernorm,1478,0,1,101677
lm_head,1478,0,1,736
embedding,1479,0,1,43040
input_layernorm,1479,0,1,101488
rope,1479,0,1,127200
post_layernorm,1479,0,1,102704
gate_proj,1479,0,1,736
up_proj,1479,0,1,991
act_fn,1479,0,1,71712
final_layernorm,1479,0,1,102111
lm_head,1479,0,1,736
embedding,1480,0,1,42704
input_layernorm,1480,0,1,99888
rope,1480,0,1,124767
post_layernorm,1480,0,1,101103
gate_proj,1480,0,1,736
up_proj,1480,0,1,736
act_fn,1480,0,1,71552
final_layernorm,1480,0,1,100656
lm_head,1480,0,1,736
embedding,1481,0,1,42384
input_layernorm,1481,0,1,100560
rope,1481,0,1,124369
post_layernorm,1481,0,1,102352
gate_proj,1481,0,1,736
up_proj,1481,0,1,736
act_fn,1481,0,1,71983
final_layernorm,1481,0,1,101216
lm_head,1481,0,1,736
embedding,1482,0,1,43264
input_layernorm,1482,0,1,100591
rope,1482,0,1,124479
post_layernorm,1482,0,1,101872
gate_proj,1482,0,1,736
up_proj,1482,0,1,736
act_fn,1482,0,1,72016
final_layernorm,1482,0,1,101200
lm_head,1482,0,1,736
embedding,1483,0,1,42816
input_layernorm,1483,0,1,100799
rope,1483,0,1,124224
post_layernorm,1483,0,1,102159
gate_proj,1483,0,1,736
up_proj,1483,0,1,879
act_fn,1483,0,1,71472
final_layernorm,1483,0,1,101136
lm_head,1483,0,1,736
embedding,1484,0,1,43776
input_layernorm,1484,0,1,101615
rope,1484,0,1,127519
post_layernorm,1484,0,1,102798
gate_proj,1484,0,1,736
up_proj,1484,0,1,736
act_fn,1484,0,1,71280
final_layernorm,1484,0,1,102112
lm_head,1484,0,1,736
embedding,1485,0,1,43184
input_layernorm,1485,0,1,101104
rope,1485,0,1,125007
post_layernorm,1485,0,1,102624
gate_proj,1485,0,1,736
up_proj,1485,0,1,736
act_fn,1485,0,1,71664
final_layernorm,1485,0,1,101743
lm_head,1485,0,1,736
embedding,1486,0,1,44095
input_layernorm,1486,0,1,101408
rope,1486,0,1,125232
post_layernorm,1486,0,1,102941
gate_proj,1486,0,1,736
up_proj,1486,0,1,736
act_fn,1486,0,1,71855
final_layernorm,1486,0,1,101935
lm_head,1486,0,1,736
embedding,1487,0,1,43296
input_layernorm,1487,0,1,100912
rope,1487,0,1,124224
post_layernorm,1487,0,1,102384
gate_proj,1487,0,1,736
up_proj,1487,0,1,736
act_fn,1487,0,1,72080
final_layernorm,1487,0,1,101856
lm_head,1487,0,1,736
embedding,1488,0,1,43616
input_layernorm,1488,0,1,100625
rope,1488,0,1,125631
post_layernorm,1488,0,1,101743
gate_proj,1488,0,1,736
up_proj,1488,0,1,736
act_fn,1488,0,1,71184
final_layernorm,1488,0,1,101744
lm_head,1488,0,1,736
embedding,1489,0,1,43088
input_layernorm,1489,0,1,101119
rope,1489,0,1,124368
post_layernorm,1489,0,1,102848
gate_proj,1489,0,1,736
up_proj,1489,0,1,736
act_fn,1489,0,1,71951
final_layernorm,1489,0,1,101633
lm_head,1489,0,1,736
embedding,1490,0,1,44176
input_layernorm,1490,0,1,102447
rope,1490,0,1,127583
post_layernorm,1490,0,1,103759
gate_proj,1490,0,1,736
up_proj,1490,0,1,912
act_fn,1490,0,1,72128
final_layernorm,1490,0,1,102864
lm_head,1490,0,1,736
embedding,1491,0,1,43040
input_layernorm,1491,0,1,101441
rope,1491,0,1,125296
post_layernorm,1491,0,1,102799
gate_proj,1491,0,1,736
up_proj,1491,0,1,736
act_fn,1491,0,1,72175
final_layernorm,1491,0,1,101968
lm_head,1491,0,1,736
embedding,1492,0,1,43471
input_layernorm,1492,0,1,101983
rope,1492,0,1,127695
post_layernorm,1492,0,1,103039
gate_proj,1492,0,1,736
up_proj,1492,0,1,1008
act_fn,1492,0,1,72239
final_layernorm,1492,0,1,102366
lm_head,1492,0,1,736
embedding,1493,0,1,43024
input_layernorm,1493,0,1,101360
rope,1493,0,1,125632
post_layernorm,1493,0,1,102927
gate_proj,1493,0,1,736
up_proj,1493,0,1,1040
act_fn,1493,0,1,72192
final_layernorm,1493,0,1,102175
lm_head,1493,0,1,736
embedding,1494,0,1,43376
input_layernorm,1494,0,1,101616
rope,1494,0,1,125536
post_layernorm,1494,0,1,103152
gate_proj,1494,0,1,736
up_proj,1494,0,1,736
act_fn,1494,0,1,71920
final_layernorm,1494,0,1,101889
lm_head,1494,0,1,736
embedding,1495,0,1,42880
input_layernorm,1495,0,1,101183
rope,1495,0,1,124655
post_layernorm,1495,0,1,102817
gate_proj,1495,0,1,736
up_proj,1495,0,1,752
act_fn,1495,0,1,71824
final_layernorm,1495,0,1,102592
lm_head,1495,0,1,736
embedding,1496,0,1,43008
input_layernorm,1496,0,1,101615
rope,1496,0,1,126175
post_layernorm,1496,0,1,102625
gate_proj,1496,0,1,736
up_proj,1496,0,1,864
act_fn,1496,0,1,72607
final_layernorm,1496,0,1,102255
lm_head,1496,0,1,736
embedding,1497,0,1,43407
input_layernorm,1497,0,1,101904
rope,1497,0,1,125533
post_layernorm,1497,0,1,102989
gate_proj,1497,0,1,736
up_proj,1497,0,1,736
act_fn,1497,0,1,72607
final_layernorm,1497,0,1,102736
lm_head,1497,0,1,736
embedding,1498,0,1,43472
input_layernorm,1498,0,1,101921
rope,1498,0,1,126384
post_layernorm,1498,0,1,103535
gate_proj,1498,0,1,736
up_proj,1498,0,1,736
act_fn,1498,0,1,72464
final_layernorm,1498,0,1,102368
lm_head,1498,0,1,736
embedding,1499,0,1,43072
input_layernorm,1499,0,1,101712
rope,1499,0,1,125423
post_layernorm,1499,0,1,103186
gate_proj,1499,0,1,736
up_proj,1499,0,1,1024
act_fn,1499,0,1,72575
final_layernorm,1499,0,1,102559
lm_head,1499,0,1,736
embedding,1500,0,1,43376
input_layernorm,1500,0,1,101727
rope,1500,0,1,126256
post_layernorm,1500,0,1,103488
gate_proj,1500,0,1,736
up_proj,1500,0,1,736
act_fn,1500,0,1,72784
final_layernorm,1500,0,1,102527
lm_head,1500,0,1,736
embedding,1501,0,1,43120
input_layernorm,1501,0,1,102192
rope,1501,0,1,126719
post_layernorm,1501,0,1,103794
gate_proj,1501,0,1,736
up_proj,1501,0,1,976
act_fn,1501,0,1,72304
final_layernorm,1501,0,1,102655
lm_head,1501,0,1,736
embedding,1502,0,1,43984
input_layernorm,1502,0,1,101936
rope,1502,0,1,126607
post_layernorm,1502,0,1,103216
gate_proj,1502,0,1,736
up_proj,1502,0,1,736
act_fn,1502,0,1,72815
final_layernorm,1502,0,1,103118
lm_head,1502,0,1,736
embedding,1503,0,1,43312
input_layernorm,1503,0,1,102496
rope,1503,0,1,126319
post_layernorm,1503,0,1,103983
gate_proj,1503,0,1,736
up_proj,1503,0,1,1008
act_fn,1503,0,1,73040
final_layernorm,1503,0,1,102944
lm_head,1503,0,1,736
embedding,1504,0,1,43712
input_layernorm,1504,0,1,101200
rope,1504,0,1,125456
post_layernorm,1504,0,1,102928
gate_proj,1504,0,1,736
up_proj,1504,0,1,1008
act_fn,1504,0,1,72159
final_layernorm,1504,0,1,102223
lm_head,1504,0,1,736
embedding,1505,0,1,43552
input_layernorm,1505,0,1,102529
rope,1505,0,1,127823
post_layernorm,1505,0,1,103534
gate_proj,1505,0,1,736
up_proj,1505,0,1,1040
act_fn,1505,0,1,72768
final_layernorm,1505,0,1,102991
lm_head,1505,0,1,736
embedding,1506,0,1,43200
input_layernorm,1506,0,1,102689
rope,1506,0,1,126447
post_layernorm,1506,0,1,103982
gate_proj,1506,0,1,736
up_proj,1506,0,1,736
act_fn,1506,0,1,72656
final_layernorm,1506,0,1,102880
lm_head,1506,0,1,736
embedding,1507,0,1,43472
input_layernorm,1507,0,1,102336
rope,1507,0,1,127248
post_layernorm,1507,0,1,104576
gate_proj,1507,0,1,736
up_proj,1507,0,1,752
act_fn,1507,0,1,73007
final_layernorm,1507,0,1,103248
lm_head,1507,0,1,736
embedding,1508,0,1,43648
input_layernorm,1508,0,1,102143
rope,1508,0,1,127215
post_layernorm,1508,0,1,104144
gate_proj,1508,0,1,736
up_proj,1508,0,1,736
act_fn,1508,0,1,73327
final_layernorm,1508,0,1,103022
lm_head,1508,0,1,736
embedding,1509,0,1,42816
input_layernorm,1509,0,1,101823
rope,1509,0,1,124671
post_layernorm,1509,0,1,103680
gate_proj,1509,0,1,736
up_proj,1509,0,1,1024
act_fn,1509,0,1,73264
final_layernorm,1509,0,1,102445
lm_head,1509,0,1,736
embedding,1510,0,1,43504
input_layernorm,1510,0,1,101983
rope,1510,0,1,125615
post_layernorm,1510,0,1,103791
gate_proj,1510,0,1,736
up_proj,1510,0,1,736
act_fn,1510,0,1,73056
final_layernorm,1510,0,1,102831
lm_head,1510,0,1,736
embedding,1511,0,1,43504
input_layernorm,1511,0,1,103056
rope,1511,0,1,127792
post_layernorm,1511,0,1,104576
gate_proj,1511,0,1,736
up_proj,1511,0,1,991
act_fn,1511,0,1,73168
final_layernorm,1511,0,1,103584
lm_head,1511,0,1,736
embedding,1512,0,1,43056
input_layernorm,1512,0,1,101200
rope,1512,0,1,124960
post_layernorm,1512,0,1,102945
gate_proj,1512,0,1,736
up_proj,1512,0,1,736
act_fn,1512,0,1,73040
final_layernorm,1512,0,1,102287
lm_head,1512,0,1,736
embedding,1513,0,1,43488
input_layernorm,1513,0,1,102672
rope,1513,0,1,126752
post_layernorm,1513,0,1,104367
gate_proj,1513,0,1,736
up_proj,1513,0,1,736
act_fn,1513,0,1,72431
final_layernorm,1513,0,1,103248
lm_head,1513,0,1,736
embedding,1514,0,1,44431
input_layernorm,1514,0,1,104527
rope,1514,0,1,130431
post_layernorm,1514,0,1,105263
gate_proj,1514,0,1,736
up_proj,1514,0,1,736
act_fn,1514,0,1,72560
final_layernorm,1514,0,1,104688
lm_head,1514,0,1,736
embedding,1515,0,1,43615
input_layernorm,1515,0,1,102640
rope,1515,0,1,126926
post_layernorm,1515,0,1,104254
gate_proj,1515,0,1,736
up_proj,1515,0,1,1008
act_fn,1515,0,1,72255
final_layernorm,1515,0,1,103217
lm_head,1515,0,1,736
embedding,1516,0,1,43920
input_layernorm,1516,0,1,103039
rope,1516,0,1,127247
post_layernorm,1516,0,1,104624
gate_proj,1516,0,1,736
up_proj,1516,0,1,736
act_fn,1516,0,1,72591
final_layernorm,1516,0,1,103584
lm_head,1516,0,1,736
embedding,1517,0,1,44272
input_layernorm,1517,0,1,102816
rope,1517,0,1,126464
post_layernorm,1517,0,1,104191
gate_proj,1517,0,1,736
up_proj,1517,0,1,736
act_fn,1517,0,1,72751
final_layernorm,1517,0,1,103824
lm_head,1517,0,1,736
embedding,1518,0,1,43935
input_layernorm,1518,0,1,102880
rope,1518,0,1,125374
post_layernorm,1518,0,1,104657
gate_proj,1518,0,1,736
up_proj,1518,0,1,864
act_fn,1518,0,1,73024
final_layernorm,1518,0,1,103565
lm_head,1518,0,1,736
embedding,1519,0,1,43808
input_layernorm,1519,0,1,102959
rope,1519,0,1,126767
post_layernorm,1519,0,1,104317
gate_proj,1519,0,1,736
up_proj,1519,0,1,736
act_fn,1519,0,1,72607
final_layernorm,1519,0,1,104129
lm_head,1519,0,1,736
embedding,1520,0,1,44528
input_layernorm,1520,0,1,102640
rope,1520,0,1,127472
post_layernorm,1520,0,1,104319
gate_proj,1520,0,1,736
up_proj,1520,0,1,864
act_fn,1520,0,1,72880
final_layernorm,1520,0,1,103391
lm_head,1520,0,1,736
embedding,1521,0,1,44112
input_layernorm,1521,0,1,102849
rope,1521,0,1,126640
post_layernorm,1521,0,1,104286
gate_proj,1521,0,1,736
up_proj,1521,0,1,736
act_fn,1521,0,1,72800
final_layernorm,1521,0,1,103648
lm_head,1521,0,1,736
embedding,1522,0,1,44751
input_layernorm,1522,0,1,103536
rope,1522,0,1,127089
post_layernorm,1522,0,1,105216
gate_proj,1522,0,1,736
up_proj,1522,0,1,736
act_fn,1522,0,1,73247
final_layernorm,1522,0,1,104736
lm_head,1522,0,1,736
embedding,1523,0,1,44336
input_layernorm,1523,0,1,103679
rope,1523,0,1,127232
post_layernorm,1523,0,1,105101
gate_proj,1523,0,1,736
up_proj,1523,0,1,1008
act_fn,1523,0,1,73248
final_layernorm,1523,0,1,104337
lm_head,1523,0,1,736
embedding,1524,0,1,44368
input_layernorm,1524,0,1,103425
rope,1524,0,1,127344
post_layernorm,1524,0,1,104783
gate_proj,1524,0,1,736
up_proj,1524,0,1,736
act_fn,1524,0,1,72927
final_layernorm,1524,0,1,104048
lm_head,1524,0,1,736
embedding,1525,0,1,43904
input_layernorm,1525,0,1,103823
rope,1525,0,1,127280
post_layernorm,1525,0,1,105024
gate_proj,1525,0,1,736
up_proj,1525,0,1,736
act_fn,1525,0,1,73136
final_layernorm,1525,0,1,103951
lm_head,1525,0,1,736
embedding,1526,0,1,44528
input_layernorm,1526,0,1,104146
rope,1526,0,1,129744
post_layernorm,1526,0,1,105937
gate_proj,1526,0,1,736
up_proj,1526,0,1,848
act_fn,1526,0,1,73056
final_layernorm,1526,0,1,104608
lm_head,1526,0,1,736
embedding,1527,0,1,44159
input_layernorm,1527,0,1,104320
rope,1527,0,1,127695
post_layernorm,1527,0,1,105761
gate_proj,1527,0,1,736
up_proj,1527,0,1,736
act_fn,1527,0,1,73056
final_layernorm,1527,0,1,104670
lm_head,1527,0,1,736
embedding,1528,0,1,44848
input_layernorm,1528,0,1,103746
rope,1528,0,1,128175
post_layernorm,1528,0,1,104655
gate_proj,1528,0,1,736
up_proj,1528,0,1,1008
act_fn,1528,0,1,72864
final_layernorm,1528,0,1,104926
lm_head,1528,0,1,736
embedding,1529,0,1,43552
input_layernorm,1529,0,1,103582
rope,1529,0,1,127166
post_layernorm,1529,0,1,104912
gate_proj,1529,0,1,736
up_proj,1529,0,1,736
act_fn,1529,0,1,73457
final_layernorm,1529,0,1,104335
lm_head,1529,0,1,736
embedding,1530,0,1,45151
input_layernorm,1530,0,1,104304
rope,1530,0,1,129616
post_layernorm,1530,0,1,106111
gate_proj,1530,0,1,736
up_proj,1530,0,1,736
act_fn,1530,0,1,73567
final_layernorm,1530,0,1,104928
lm_head,1530,0,1,736
embedding,1531,0,1,43984
input_layernorm,1531,0,1,103663
rope,1531,0,1,127406
post_layernorm,1531,0,1,105567
gate_proj,1531,0,1,736
up_proj,1531,0,1,992
act_fn,1531,0,1,73056
final_layernorm,1531,0,1,104192
lm_head,1531,0,1,736
embedding,1532,0,1,45072
input_layernorm,1532,0,1,104701
rope,1532,0,1,129295
post_layernorm,1532,0,1,106016
gate_proj,1532,0,1,736
up_proj,1532,0,1,1024
act_fn,1532,0,1,73152
final_layernorm,1532,0,1,105071
lm_head,1532,0,1,736
embedding,1533,0,1,44624
input_layernorm,1533,0,1,104784
rope,1533,0,1,130465
post_layernorm,1533,0,1,106272
gate_proj,1533,0,1,736
up_proj,1533,0,1,736
act_fn,1533,0,1,73504
final_layernorm,1533,0,1,104942
lm_head,1533,0,1,736
embedding,1534,0,1,44111
input_layernorm,1534,0,1,103840
rope,1534,0,1,127569
post_layernorm,1534,0,1,105118
gate_proj,1534,0,1,736
up_proj,1534,0,1,736
act_fn,1534,0,1,73360
final_layernorm,1534,0,1,104944
lm_head,1534,0,1,736
embedding,1535,0,1,43632
input_layernorm,1535,0,1,103777
rope,1535,0,1,126944
post_layernorm,1535,0,1,105343
gate_proj,1535,0,1,736
up_proj,1535,0,1,864
act_fn,1535,0,1,73567
final_layernorm,1535,0,1,104671
lm_head,1535,0,1,736
embedding,1536,0,1,44912
input_layernorm,1536,0,1,104896
rope,1536,0,1,132048
post_layernorm,1536,0,1,106080
gate_proj,1536,0,1,720
up_proj,1536,0,1,736
act_fn,1536,0,1,73215
final_layernorm,1536,0,1,105296
lm_head,1536,0,1,736
embedding,1537,0,1,44384
input_layernorm,1537,0,1,105104
rope,1537,0,1,129551
post_layernorm,1537,0,1,106400
gate_proj,1537,0,1,736
up_proj,1537,0,1,864
act_fn,1537,0,1,74863
final_layernorm,1537,0,1,105966
lm_head,1537,0,1,736
embedding,1538,0,1,46016
input_layernorm,1538,0,1,106832
rope,1538,0,1,133664
post_layernorm,1538,0,1,107679
gate_proj,1538,0,1,736
up_proj,1538,0,1,736
act_fn,1538,0,1,75184
final_layernorm,1538,0,1,107567
lm_head,1538,0,1,736
embedding,1539,0,1,44560
input_layernorm,1539,0,1,105248
rope,1539,0,1,128527
post_layernorm,1539,0,1,105856
gate_proj,1539,0,1,736
up_proj,1539,0,1,992
act_fn,1539,0,1,74591
final_layernorm,1539,0,1,106192
lm_head,1539,0,1,736
embedding,1540,0,1,44976
input_layernorm,1540,0,1,106033
rope,1540,0,1,132544
post_layernorm,1540,0,1,106688
gate_proj,1540,0,1,719
up_proj,1540,0,1,1008
act_fn,1540,0,1,75008
final_layernorm,1540,0,1,107263
lm_head,1540,0,1,736
embedding,1541,0,1,43536
input_layernorm,1541,0,1,104448
rope,1541,0,1,126864
post_layernorm,1541,0,1,105343
gate_proj,1541,0,1,736
up_proj,1541,0,1,736
act_fn,1541,0,1,74943
final_layernorm,1541,0,1,105328
lm_head,1541,0,1,736
embedding,1542,0,1,44528
input_layernorm,1542,0,1,104929
rope,1542,0,1,129501
post_layernorm,1542,0,1,105825
gate_proj,1542,0,1,736
up_proj,1542,0,1,736
act_fn,1542,0,1,74928
final_layernorm,1542,0,1,105410
lm_head,1542,0,1,736
embedding,1543,0,1,44592
input_layernorm,1543,0,1,105359
rope,1543,0,1,129551
post_layernorm,1543,0,1,106304
gate_proj,1543,0,1,736
up_proj,1543,0,1,992
act_fn,1543,0,1,75264
final_layernorm,1543,0,1,106127
lm_head,1543,0,1,736
embedding,1544,0,1,44191
input_layernorm,1544,0,1,105024
rope,1544,0,1,129840
post_layernorm,1544,0,1,105552
gate_proj,1544,0,1,736
up_proj,1544,0,1,736
act_fn,1544,0,1,74799
final_layernorm,1544,0,1,105713
lm_head,1544,0,1,736
embedding,1545,0,1,44336
input_layernorm,1545,0,1,105552
rope,1545,0,1,129088
post_layernorm,1545,0,1,105920
gate_proj,1545,0,1,736
up_proj,1545,0,1,736
act_fn,1545,0,1,75232
final_layernorm,1545,0,1,106016
lm_head,1545,0,1,736
embedding,1546,0,1,44240
input_layernorm,1546,0,1,105505
rope,1546,0,1,128991
post_layernorm,1546,0,1,106463
gate_proj,1546,0,1,736
up_proj,1546,0,1,736
act_fn,1546,0,1,75184
final_layernorm,1546,0,1,105760
lm_head,1546,0,1,736
embedding,1547,0,1,44655
input_layernorm,1547,0,1,105168
rope,1547,0,1,129007
post_layernorm,1547,0,1,105824
gate_proj,1547,0,1,736
up_proj,1547,0,1,736
act_fn,1547,0,1,75120
final_layernorm,1547,0,1,105742
lm_head,1547,0,1,736
embedding,1548,0,1,45711
input_layernorm,1548,0,1,106496
rope,1548,0,1,132511
post_layernorm,1548,0,1,106862
gate_proj,1548,0,1,736
up_proj,1548,0,1,752
act_fn,1548,0,1,75071
final_layernorm,1548,0,1,106833
lm_head,1548,0,1,736
embedding,1549,0,1,44544
input_layernorm,1549,0,1,105280
rope,1549,0,1,128718
post_layernorm,1549,0,1,105695
gate_proj,1549,0,1,736
up_proj,1549,0,1,736
act_fn,1549,0,1,75422
final_layernorm,1549,0,1,105857
lm_head,1549,0,1,735
embedding,1550,0,1,45936
input_layernorm,1550,0,1,107150
rope,1550,0,1,134270
post_layernorm,1550,0,1,107808
gate_proj,1550,0,1,736
up_proj,1550,0,1,976
act_fn,1550,0,1,75375
final_layernorm,1550,0,1,107696
lm_head,1550,0,1,736
embedding,1551,0,1,45008
input_layernorm,1551,0,1,106015
rope,1551,0,1,129472
post_layernorm,1551,0,1,106175
gate_proj,1551,0,1,736
up_proj,1551,0,1,736
act_fn,1551,0,1,75423
final_layernorm,1551,0,1,106302
lm_head,1551,0,1,736
embedding,1552,0,1,44911
input_layernorm,1552,0,1,105647
rope,1552,0,1,130929
post_layernorm,1552,0,1,105952
gate_proj,1552,0,1,736
up_proj,1552,0,1,879
act_fn,1552,0,1,75552
final_layernorm,1552,0,1,106623
lm_head,1552,0,1,736
embedding,1553,0,1,45472
input_layernorm,1553,0,1,106207
rope,1553,0,1,129967
post_layernorm,1553,0,1,106992
gate_proj,1553,0,1,736
up_proj,1553,0,1,736
act_fn,1553,0,1,75232
final_layernorm,1553,0,1,106848
lm_head,1553,0,1,736
embedding,1554,0,1,45504
input_layernorm,1554,0,1,107215
rope,1554,0,1,132464
post_layernorm,1554,0,1,107279
gate_proj,1554,0,1,736
up_proj,1554,0,1,736
act_fn,1554,0,1,75903
final_layernorm,1554,0,1,107295
lm_head,1554,0,1,736
embedding,1555,0,1,44736
input_layernorm,1555,0,1,105984
rope,1555,0,1,128768
post_layernorm,1555,0,1,106672
gate_proj,1555,0,1,736
up_proj,1555,0,1,736
act_fn,1555,0,1,75952
final_layernorm,1555,0,1,106429
lm_head,1555,0,1,736
embedding,1556,0,1,44768
input_layernorm,1556,0,1,106016
rope,1556,0,1,130431
post_layernorm,1556,0,1,106784
gate_proj,1556,0,1,736
up_proj,1556,0,1,848
act_fn,1556,0,1,75727
final_layernorm,1556,0,1,106768
lm_head,1556,0,1,736
embedding,1557,0,1,45775
input_layernorm,1557,0,1,106655
rope,1557,0,1,130430
post_layernorm,1557,0,1,107681
gate_proj,1557,0,1,736
up_proj,1557,0,1,736
act_fn,1557,0,1,75760
final_layernorm,1557,0,1,107920
lm_head,1557,0,1,736
embedding,1558,0,1,45424
input_layernorm,1558,0,1,107104
rope,1558,0,1,130623
post_layernorm,1558,0,1,107360
gate_proj,1558,0,1,736
up_proj,1558,0,1,1008
act_fn,1558,0,1,76160
final_layernorm,1558,0,1,106848
lm_head,1558,0,1,736
embedding,1559,0,1,45680
input_layernorm,1559,0,1,107088
rope,1559,0,1,130927
post_layernorm,1559,0,1,107487
gate_proj,1559,0,1,736
up_proj,1559,0,1,1008
act_fn,1559,0,1,75889
final_layernorm,1559,0,1,108287
lm_head,1559,0,1,736
embedding,1560,0,1,45616
input_layernorm,1560,0,1,107488
rope,1560,0,1,132496
post_layernorm,1560,0,1,108044
gate_proj,1560,0,1,736
up_proj,1560,0,1,736
act_fn,1560,0,1,76335
final_layernorm,1560,0,1,108590
lm_head,1560,0,1,736
embedding,1561,0,1,44384
input_layernorm,1561,0,1,105857
rope,1561,0,1,127919
post_layernorm,1561,0,1,106192
gate_proj,1561,0,1,736
up_proj,1561,0,1,879
act_fn,1561,0,1,76144
final_layernorm,1561,0,1,106640
lm_head,1561,0,1,736
embedding,1562,0,1,45295
input_layernorm,1562,0,1,107311
rope,1562,0,1,130639
post_layernorm,1562,0,1,107841
gate_proj,1562,0,1,736
up_proj,1562,0,1,1024
act_fn,1562,0,1,76000
final_layernorm,1562,0,1,107664
lm_head,1562,0,1,736
embedding,1563,0,1,45792
input_layernorm,1563,0,1,107360
rope,1563,0,1,130784
post_layernorm,1563,0,1,107808
gate_proj,1563,0,1,736
up_proj,1563,0,1,736
act_fn,1563,0,1,76207
final_layernorm,1563,0,1,107503
lm_head,1563,0,1,736
embedding,1564,0,1,44960
input_layernorm,1564,0,1,107408
rope,1564,0,1,130384
post_layernorm,1564,0,1,107904
gate_proj,1564,0,1,736
up_proj,1564,0,1,1040
act_fn,1564,0,1,76175
final_layernorm,1564,0,1,107502
lm_head,1564,0,1,736
embedding,1565,0,1,46063
input_layernorm,1565,0,1,108192
rope,1565,0,1,133232
post_layernorm,1565,0,1,108192
gate_proj,1565,0,1,736
up_proj,1565,0,1,864
act_fn,1565,0,1,76400
final_layernorm,1565,0,1,108560
lm_head,1565,0,1,736
embedding,1566,0,1,45152
input_layernorm,1566,0,1,107712
rope,1566,0,1,131536
post_layernorm,1566,0,1,107920
gate_proj,1566,0,1,736
up_proj,1566,0,1,736
act_fn,1566,0,1,76560
final_layernorm,1566,0,1,107697
lm_head,1566,0,1,736
embedding,1567,0,1,45679
input_layernorm,1567,0,1,107151
rope,1567,0,1,130913
post_layernorm,1567,0,1,107632
gate_proj,1567,0,1,736
up_proj,1567,0,1,737
act_fn,1567,0,1,76256
final_layernorm,1567,0,1,108272
lm_head,1567,0,1,736
embedding,1568,0,1,44783
input_layernorm,1568,0,1,106687
rope,1568,0,1,130495
post_layernorm,1568,0,1,106144
gate_proj,1568,0,1,736
up_proj,1568,0,1,752
act_fn,1568,0,1,76496
final_layernorm,1568,0,1,106896
lm_head,1568,0,1,736
embedding,1569,0,1,45392
input_layernorm,1569,0,1,108224
rope,1569,0,1,130669
post_layernorm,1569,0,1,108208
gate_proj,1569,0,1,736
up_proj,1569,0,1,864
act_fn,1569,0,1,76031
final_layernorm,1569,0,1,108463
lm_head,1569,0,1,736
embedding,1570,0,1,45472
input_layernorm,1570,0,1,107999
rope,1570,0,1,131392
post_layernorm,1570,0,1,108415
gate_proj,1570,0,1,736
up_proj,1570,0,1,736
act_fn,1570,0,1,76048
final_layernorm,1570,0,1,108431
lm_head,1570,0,1,736
embedding,1571,0,1,45360
input_layernorm,1571,0,1,107455
rope,1571,0,1,130465
post_layernorm,1571,0,1,108288
gate_proj,1571,0,1,736
up_proj,1571,0,1,880
act_fn,1571,0,1,76160
final_layernorm,1571,0,1,108048
lm_head,1571,0,1,736
embedding,1572,0,1,44175
input_layernorm,1572,0,1,106943
rope,1572,0,1,129056
post_layernorm,1572,0,1,107743
gate_proj,1572,0,1,736
up_proj,1572,0,1,864
act_fn,1572,0,1,76048
final_layernorm,1572,0,1,107550
lm_head,1572,0,1,736
embedding,1573,0,1,44976
input_layernorm,1573,0,1,107280
rope,1573,0,1,129248
post_layernorm,1573,0,1,107487
gate_proj,1573,0,1,736
up_proj,1573,0,1,736
act_fn,1573,0,1,76064
final_layernorm,1573,0,1,107409
lm_head,1573,0,1,736
embedding,1574,0,1,45295
input_layernorm,1574,0,1,108416
rope,1574,0,1,131471
post_layernorm,1574,0,1,108719
gate_proj,1574,0,1,736
up_proj,1574,0,1,736
act_fn,1574,0,1,75936
final_layernorm,1574,0,1,108991
lm_head,1574,0,1,736
embedding,1575,0,1,45920
input_layernorm,1575,0,1,108127
rope,1575,0,1,131760
post_layernorm,1575,0,1,108913
gate_proj,1575,0,1,736
up_proj,1575,0,1,736
act_fn,1575,0,1,76223
final_layernorm,1575,0,1,108336
lm_head,1575,0,1,736
embedding,1576,0,1,45231
input_layernorm,1576,0,1,107776
rope,1576,0,1,132415
post_layernorm,1576,0,1,108240
gate_proj,1576,0,1,736
up_proj,1576,0,1,736
act_fn,1576,0,1,75728
final_layernorm,1576,0,1,108256
lm_head,1576,0,1,736
embedding,1577,0,1,46832
input_layernorm,1577,0,1,109808
rope,1577,0,1,134416
post_layernorm,1577,0,1,109983
gate_proj,1577,0,1,736
up_proj,1577,0,1,736
act_fn,1577,0,1,76480
final_layernorm,1577,0,1,109808
lm_head,1577,0,1,736
embedding,1578,0,1,45456
input_layernorm,1578,0,1,108336
rope,1578,0,1,131598
post_layernorm,1578,0,1,108975
gate_proj,1578,0,1,736
up_proj,1578,0,1,736
act_fn,1578,0,1,76640
final_layernorm,1578,0,1,108576
lm_head,1578,0,1,736
embedding,1579,0,1,45632
input_layernorm,1579,0,1,108768
rope,1579,0,1,132559
post_layernorm,1579,0,1,109309
gate_proj,1579,0,1,736
up_proj,1579,0,1,736
act_fn,1579,0,1,76512
final_layernorm,1579,0,1,109249
lm_head,1579,0,1,736
embedding,1580,0,1,45439
input_layernorm,1580,0,1,108336
rope,1580,0,1,132417
post_layernorm,1580,0,1,109360
gate_proj,1580,0,1,736
up_proj,1580,0,1,736
act_fn,1580,0,1,76672
final_layernorm,1580,0,1,108897
lm_head,1580,0,1,736
embedding,1581,0,1,45727
input_layernorm,1581,0,1,108448
rope,1581,0,1,131169
post_layernorm,1581,0,1,109327
gate_proj,1581,0,1,736
up_proj,1581,0,1,1023
act_fn,1581,0,1,76336
final_layernorm,1581,0,1,108544
lm_head,1581,0,1,736
embedding,1582,0,1,45296
input_layernorm,1582,0,1,108302
rope,1582,0,1,130653
post_layernorm,1582,0,1,109009
gate_proj,1582,0,1,736
up_proj,1582,0,1,879
act_fn,1582,0,1,76528
final_layernorm,1582,0,1,108847
lm_head,1582,0,1,736
embedding,1583,0,1,46512
input_layernorm,1583,0,1,107855
rope,1583,0,1,130815
post_layernorm,1583,0,1,109183
gate_proj,1583,0,1,736
up_proj,1583,0,1,736
act_fn,1583,0,1,77024
final_layernorm,1583,0,1,108878
lm_head,1583,0,1,736
embedding,1584,0,1,45471
input_layernorm,1584,0,1,107904
rope,1584,0,1,131616
post_layernorm,1584,0,1,108270
gate_proj,1584,0,1,736
up_proj,1584,0,1,736
act_fn,1584,0,1,76576
final_layernorm,1584,0,1,108480
lm_head,1584,0,1,736
embedding,1585,0,1,46112
input_layernorm,1585,0,1,108511
rope,1585,0,1,131040
post_layernorm,1585,0,1,109199
gate_proj,1585,0,1,736
up_proj,1585,0,1,736
act_fn,1585,0,1,77232
final_layernorm,1585,0,1,108784
lm_head,1585,0,1,736
embedding,1586,0,1,46912
input_layernorm,1586,0,1,110304
rope,1586,0,1,137984
post_layernorm,1586,0,1,111247
gate_proj,1586,0,1,736
up_proj,1586,0,1,752
act_fn,1586,0,1,77168
final_layernorm,1586,0,1,110784
lm_head,1586,0,1,736
embedding,1587,0,1,46032
input_layernorm,1587,0,1,108543
rope,1587,0,1,131152
post_layernorm,1587,0,1,109503
gate_proj,1587,0,1,736
up_proj,1587,0,1,1024
act_fn,1587,0,1,77024
final_layernorm,1587,0,1,108623
lm_head,1587,0,1,736
embedding,1588,0,1,45807
input_layernorm,1588,0,1,109182
rope,1588,0,1,133216
post_layernorm,1588,0,1,109680
gate_proj,1588,0,1,736
up_proj,1588,0,1,896
act_fn,1588,0,1,77248
final_layernorm,1588,0,1,109053
lm_head,1588,0,1,736
embedding,1589,0,1,46799
input_layernorm,1589,0,1,110094
rope,1589,0,1,135312
post_layernorm,1589,0,1,110177
gate_proj,1589,0,1,736
up_proj,1589,0,1,864
act_fn,1589,0,1,77296
final_layernorm,1589,0,1,110192
lm_head,1589,0,1,736
embedding,1590,0,1,46304
input_layernorm,1590,0,1,109424
rope,1590,0,1,133647
post_layernorm,1590,0,1,110064
gate_proj,1590,0,1,735
up_proj,1590,0,1,736
act_fn,1590,0,1,77439
final_layernorm,1590,0,1,110111
lm_head,1590,0,1,736
embedding,1591,0,1,47120
input_layernorm,1591,0,1,109728
rope,1591,0,1,134848
post_layernorm,1591,0,1,110192
gate_proj,1591,0,1,736
up_proj,1591,0,1,736
act_fn,1591,0,1,77328
final_layernorm,1591,0,1,110400
lm_head,1591,0,1,736
embedding,1592,0,1,46064
input_layernorm,1592,0,1,108687
rope,1592,0,1,133167
post_layernorm,1592,0,1,109615
gate_proj,1592,0,1,736
up_proj,1592,0,1,752
act_fn,1592,0,1,77072
final_layernorm,1592,0,1,109376
lm_head,1592,0,1,736
embedding,1593,0,1,46607
input_layernorm,1593,0,1,109757
rope,1593,0,1,133615
post_layernorm,1593,0,1,110384
gate_proj,1593,0,1,736
up_proj,1593,0,1,737
act_fn,1593,0,1,77168
final_layernorm,1593,0,1,109824
lm_head,1593,0,1,736
embedding,1594,0,1,45551
input_layernorm,1594,0,1,109438
rope,1594,0,1,133408
post_layernorm,1594,0,1,110097
gate_proj,1594,0,1,736
up_proj,1594,0,1,736
act_fn,1594,0,1,77440
final_layernorm,1594,0,1,109870
lm_head,1594,0,1,736
embedding,1595,0,1,45999
input_layernorm,1595,0,1,109441
rope,1595,0,1,132401
post_layernorm,1595,0,1,109807
gate_proj,1595,0,1,736
up_proj,1595,0,1,736
act_fn,1595,0,1,77312
final_layernorm,1595,0,1,109568
lm_head,1595,0,1,736
embedding,1596,0,1,45935
input_layernorm,1596,0,1,109871
rope,1596,0,1,134064
post_layernorm,1596,0,1,110304
gate_proj,1596,0,1,736
up_proj,1596,0,1,736
act_fn,1596,0,1,77584
final_layernorm,1596,0,1,109840
lm_head,1596,0,1,736
embedding,1597,0,1,46448
input_layernorm,1597,0,1,109904
rope,1597,0,1,132352
post_layernorm,1597,0,1,110461
gate_proj,1597,0,1,736
up_proj,1597,0,1,1024
act_fn,1597,0,1,77120
final_layernorm,1597,0,1,110382
lm_head,1597,0,1,736
embedding,1598,0,1,45967
input_layernorm,1598,0,1,109440
rope,1598,0,1,132431
post_layernorm,1598,0,1,110320
gate_proj,1598,0,1,736
up_proj,1598,0,1,736
act_fn,1598,0,1,77888
final_layernorm,1598,0,1,109935
lm_head,1598,0,1,736
embedding,1599,0,1,45743
input_layernorm,1599,0,1,109743
rope,1599,0,1,132351
post_layernorm,1599,0,1,110448
gate_proj,1599,0,1,736
up_proj,1599,0,1,848
act_fn,1599,0,1,77264
final_layernorm,1599,0,1,110225
lm_head,1599,0,1,736
embedding,1600,0,1,46128
input_layernorm,1600,0,1,109872
q_proj,1600,0,1,736
rope,1600,0,1,133536
o_proj,1600,0,1,736
post_layernorm,1600,0,1,108720
gate_proj,1600,0,1,736
up_proj,1600,0,1,1008
act_fn,1600,0,1,77007
down_proj,1600,0,1,1023
final_layernorm,1600,0,1,109456
lm_head,1600,0,1,736
embedding,1601,0,1,47584
input_layernorm,1601,0,1,111583
rope,1601,0,1,136911
post_layernorm,1601,0,1,111232
gate_proj,1601,0,1,736
up_proj,1601,0,1,864
act_fn,1601,0,1,77904
final_layernorm,1601,0,1,111263
lm_head,1601,0,1,736
embedding,1602,0,1,46383
input_layernorm,1602,0,1,110224
rope,1602,0,1,133870
post_layernorm,1602,0,1,110384
gate_proj,1602,0,1,736
up_proj,1602,0,1,736
act_fn,1602,0,1,77792
final_layernorm,1602,0,1,110223
lm_head,1602,0,1,736
embedding,1603,0,1,46272
input_layernorm,1603,0,1,109693
rope,1603,0,1,133440
post_layernorm,1603,0,1,110320
gate_proj,1603,0,1,736
up_proj,1603,0,1,864
act_fn,1603,0,1,77792
final_layernorm,1603,0,1,110192
lm_head,1603,0,1,736
embedding,1604,0,1,46448
input_layernorm,1604,0,1,109664
rope,1604,0,1,134112
post_layernorm,1604,0,1,110672
gate_proj,1604,0,1,736
up_proj,1604,0,1,992
act_fn,1604,0,1,77871
final_layernorm,1604,0,1,109936
lm_head,1604,0,1,736
embedding,1605,0,1,46400
input_layernorm,1605,0,1,111743
rope,1605,0,1,134255
post_layernorm,1605,0,1,110576
gate_proj,1605,0,1,736
up_proj,1605,0,1,1023
act_fn,1605,0,1,77967
final_layernorm,1605,0,1,110863
lm_head,1605,0,1,736
embedding,1606,0,1,46304
input_layernorm,1606,0,1,109696
rope,1606,0,1,133119
post_layernorm,1606,0,1,110431
gate_proj,1606,0,1,736
up_proj,1606,0,1,736
act_fn,1606,0,1,78064
final_layernorm,1606,0,1,110208
lm_head,1606,0,1,736
embedding,1607,0,1,46288
input_layernorm,1607,0,1,110082
rope,1607,0,1,133520
post_layernorm,1607,0,1,110928
gate_proj,1607,0,1,736
up_proj,1607,0,1,1008
act_fn,1607,0,1,77856
final_layernorm,1607,0,1,110431
lm_head,1607,0,1,736
embedding,1608,0,1,46576
input_layernorm,1608,0,1,109872
rope,1608,0,1,134848
post_layernorm,1608,0,1,110576
gate_proj,1608,0,1,736
up_proj,1608,0,1,880
act_fn,1608,0,1,78288
final_layernorm,1608,0,1,110655
lm_head,1608,0,1,736
embedding,1609,0,1,46719
input_layernorm,1609,0,1,111008
rope,1609,0,1,135376
post_layernorm,1609,0,1,110960
gate_proj,1609,0,1,736
up_proj,1609,0,1,736
act_fn,1609,0,1,78224
final_layernorm,1609,0,1,111151
lm_head,1609,0,1,736
embedding,1610,0,1,46768
input_layernorm,1610,0,1,111073
rope,1610,0,1,134241
post_layernorm,1610,0,1,111135
gate_proj,1610,0,1,736
up_proj,1610,0,1,736
act_fn,1610,0,1,78367
final_layernorm,1610,0,1,110913
lm_head,1610,0,1,736
embedding,1611,0,1,46768
input_layernorm,1611,0,1,110848
rope,1611,0,1,135086
post_layernorm,1611,0,1,111439
gate_proj,1611,0,1,736
up_proj,1611,0,1,736
act_fn,1611,0,1,77920
final_layernorm,1611,0,1,110959
lm_head,1611,0,1,736
embedding,1612,0,1,46528
input_layernorm,1612,0,1,110655
rope,1612,0,1,136895
post_layernorm,1612,0,1,111424
gate_proj,1612,0,1,736
up_proj,1612,0,1,736
act_fn,1612,0,1,78176
final_layernorm,1612,0,1,111247
lm_head,1612,0,1,736
embedding,1613,0,1,46527
input_layernorm,1613,0,1,111071
rope,1613,0,1,134224
post_layernorm,1613,0,1,111071
gate_proj,1613,0,1,736
up_proj,1613,0,1,848
act_fn,1613,0,1,77744
final_layernorm,1613,0,1,110912
lm_head,1613,0,1,736
embedding,1614,0,1,47231
input_layernorm,1614,0,1,110801
rope,1614,0,1,134207
post_layernorm,1614,0,1,111502
gate_proj,1614,0,1,736
up_proj,1614,0,1,895
act_fn,1614,0,1,78255
final_layernorm,1614,0,1,111183
lm_head,1614,0,1,736
embedding,1615,0,1,46768
input_layernorm,1615,0,1,110656
rope,1615,0,1,134527
post_layernorm,1615,0,1,110750
gate_proj,1615,0,1,736
up_proj,1615,0,1,992
act_fn,1615,0,1,78143
final_layernorm,1615,0,1,110976
lm_head,1615,0,1,736
embedding,1616,0,1,47023
input_layernorm,1616,0,1,110593
rope,1616,0,1,135327
post_layernorm,1616,0,1,110576
gate_proj,1616,0,1,736
up_proj,1616,0,1,1023
act_fn,1616,0,1,78512
final_layernorm,1616,0,1,110656
lm_head,1616,0,1,719
embedding,1617,0,1,46880
input_layernorm,1617,0,1,111088
rope,1617,0,1,134110
post_layernorm,1617,0,1,111312
gate_proj,1617,0,1,736
up_proj,1617,0,1,992
act_fn,1617,0,1,77919
final_layernorm,1617,0,1,111009
lm_head,1617,0,1,736
embedding,1618,0,1,48048
input_layernorm,1618,0,1,111295
rope,1618,0,1,136159
post_layernorm,1618,0,1,111583
gate_proj,1618,0,1,736
up_proj,1618,0,1,848
act_fn,1618,0,1,78320
final_layernorm,1618,0,1,111535
lm_head,1618,0,1,736
embedding,1619,0,1,47728
input_layernorm,1619,0,1,112048
rope,1619,0,1,136416
post_layernorm,1619,0,1,112110
gate_proj,1619,0,1,736
up_proj,1619,0,1,863
act_fn,1619,0,1,78528
final_layernorm,1619,0,1,111503
lm_head,1619,0,1,736
embedding,1620,0,1,47776
input_layernorm,1620,0,1,112145
rope,1620,0,1,136734
post_layernorm,1620,0,1,111711
gate_proj,1620,0,1,736
up_proj,1620,0,1,736
act_fn,1620,0,1,78480
final_layernorm,1620,0,1,111709
lm_head,1620,0,1,736
embedding,1621,0,1,47152
input_layernorm,1621,0,1,111824
rope,1621,0,1,135440
post_layernorm,1621,0,1,112017
gate_proj,1621,0,1,736
up_proj,1621,0,1,736
act_fn,1621,0,1,78671
final_layernorm,1621,0,1,112049
lm_head,1621,0,1,736
embedding,1622,0,1,47744
input_layernorm,1622,0,1,111552
rope,1622,0,1,135471
post_layernorm,1622,0,1,111969
gate_proj,1622,0,1,736
up_proj,1622,0,1,1024
act_fn,1622,0,1,78495
final_layernorm,1622,0,1,111184
lm_head,1622,0,1,736
embedding,1623,0,1,47264
input_layernorm,1623,0,1,111248
rope,1623,0,1,133871
post_layernorm,1623,0,1,111760
gate_proj,1623,0,1,736
up_proj,1623,0,1,879
act_fn,1623,0,1,78592
final_layernorm,1623,0,1,111870
lm_head,1623,0,1,736
embedding,1624,0,1,47184
input_layernorm,1624,0,1,110960
rope,1624,0,1,135872
post_layernorm,1624,0,1,111696
gate_proj,1624,0,1,736
up_proj,1624,0,1,864
act_fn,1624,0,1,78431
final_layernorm,1624,0,1,110847
lm_head,1624,0,1,736
embedding,1625,0,1,46975
input_layernorm,1625,0,1,111424
rope,1625,0,1,135695
post_layernorm,1625,0,1,112096
gate_proj,1625,0,1,736
up_proj,1625,0,1,848
act_fn,1625,0,1,78560
final_layernorm,1625,0,1,112352
lm_head,1625,0,1,736
embedding,1626,0,1,47888
input_layernorm,1626,0,1,111680
rope,1626,0,1,135968
post_layernorm,1626,0,1,112766
gate_proj,1626,0,1,736
up_proj,1626,0,1,752
act_fn,1626,0,1,79024
final_layernorm,1626,0,1,112512
lm_head,1626,0,1,736
embedding,1627,0,1,47024
input_layernorm,1627,0,1,111632
rope,1627,0,1,135713
post_layernorm,1627,0,1,112255
gate_proj,1627,0,1,736
up_proj,1627,0,1,736
act_fn,1627,0,1,78656
final_layernorm,1627,0,1,112096
lm_head,1627,0,1,736
embedding,1628,0,1,47264
input_layernorm,1628,0,1,111679
rope,1628,0,1,135375
post_layernorm,1628,0,1,112097
gate_proj,1628,0,1,736
up_proj,1628,0,1,736
act_fn,1628,0,1,78559
final_layernorm,1628,0,1,112112
lm_head,1628,0,1,736
embedding,1629,0,1,47023
input_layernorm,1629,0,1,111568
rope,1629,0,1,135264
post_layernorm,1629,0,1,112304
gate_proj,1629,0,1,736
up_proj,1629,0,1,736
act_fn,1629,0,1,79039
final_layernorm,1629,0,1,112079
lm_head,1629,0,1,736
embedding,1630,0,1,47231
input_layernorm,1630,0,1,111953
rope,1630,0,1,135278
post_layernorm,1630,0,1,112160
gate_proj,1630,0,1,736
up_proj,1630,0,1,736
act_fn,1630,0,1,78575
final_layernorm,1630,0,1,112368
lm_head,1630,0,1,736
embedding,1631,0,1,46959
input_layernorm,1631,0,1,111743
rope,1631,0,1,135166
post_layernorm,1631,0,1,112384
gate_proj,1631,0,1,736
up_proj,1631,0,1,736
act_fn,1631,0,1,78176
final_layernorm,1631,0,1,112160
lm_head,1631,0,1,736
embedding,1632,0,1,47824
input_layernorm,1632,0,1,113536
rope,1632,0,1,141023
post_layernorm,1632,0,1,113599
gate_proj,1632,0,1,736
up_proj,1632,0,1,736
act_fn,1632,0,1,78975
final_layernorm,1632,0,1,113455
lm_head,1632,0,1,736
embedding,1633,0,1,46880
input_layernorm,1633,0,1,111998
rope,1633,0,1,135328
post_layernorm,1633,0,1,112273
gate_proj,1633,0,1,736
up_proj,1633,0,1,736
act_fn,1633,0,1,78943
final_layernorm,1633,0,1,112591
lm_head,1633,0,1,736
embedding,1634,0,1,47536
input_layernorm,1634,0,1,112560
rope,1634,0,1,136433
post_layernorm,1634,0,1,112880
gate_proj,1634,0,1,736
up_proj,1634,0,1,736
act_fn,1634,0,1,78832
final_layernorm,1634,0,1,113136
lm_head,1634,0,1,736
embedding,1635,0,1,47200
input_layernorm,1635,0,1,112544
rope,1635,0,1,137184
post_layernorm,1635,0,1,113119
gate_proj,1635,0,1,736
up_proj,1635,0,1,736
act_fn,1635,0,1,79232
final_layernorm,1635,0,1,113807
lm_head,1635,0,1,736
embedding,1636,0,1,46880
input_layernorm,1636,0,1,111760
rope,1636,0,1,135616
post_layernorm,1636,0,1,112816
gate_proj,1636,0,1,736
up_proj,1636,0,1,736
act_fn,1636,0,1,79183
final_layernorm,1636,0,1,112991
lm_head,1636,0,1,736
embedding,1637,0,1,47920
input_layernorm,1637,0,1,113952
rope,1637,0,1,138383
post_layernorm,1637,0,1,113151
gate_proj,1637,0,1,736
up_proj,1637,0,1,864
act_fn,1637,0,1,79503
final_layernorm,1637,0,1,113633
lm_head,1637,0,1,736
embedding,1638,0,1,48032
input_layernorm,1638,0,1,112976
rope,1638,0,1,136320
post_layernorm,1638,0,1,113104
gate_proj,1638,0,1,736
up_proj,1638,0,1,736
act_fn,1638,0,1,79391
final_layernorm,1638,0,1,112768
lm_head,1638,0,1,736
embedding,1639,0,1,47152
input_layernorm,1639,0,1,112319
rope,1639,0,1,135998
post_layernorm,1639,0,1,113391
gate_proj,1639,0,1,736
up_proj,1639,0,1,880
act_fn,1639,0,1,79584
final_layernorm,1639,0,1,113375
lm_head,1639,0,1,736
embedding,1640,0,1,47184
input_layernorm,1640,0,1,111919
rope,1640,0,1,136464
post_layernorm,1640,0,1,112368
gate_proj,1640,0,1,736
up_proj,1640,0,1,752
act_fn,1640,0,1,79056
final_layernorm,1640,0,1,112544
lm_head,1640,0,1,736
embedding,1641,0,1,47312
input_layernorm,1641,0,1,113279
rope,1641,0,1,136959
post_layernorm,1641,0,1,113552
gate_proj,1641,0,1,736
up_proj,1641,0,1,736
act_fn,1641,0,1,79280
final_layernorm,1641,0,1,113248
lm_head,1641,0,1,736
embedding,1642,0,1,47472
input_layernorm,1642,0,1,113887
rope,1642,0,1,138416
post_layernorm,1642,0,1,114032
gate_proj,1642,0,1,736
up_proj,1642,0,1,736
act_fn,1642,0,1,79343
final_layernorm,1642,0,1,114336
lm_head,1642,0,1,736
embedding,1643,0,1,47759
input_layernorm,1643,0,1,113440
rope,1643,0,1,136543
post_layernorm,1643,0,1,114255
gate_proj,1643,0,1,736
up_proj,1643,0,1,1024
act_fn,1643,0,1,79664
final_layernorm,1643,0,1,114304
lm_head,1643,0,1,736
embedding,1644,0,1,46832
input_layernorm,1644,0,1,112160
rope,1644,0,1,134367
post_layernorm,1644,0,1,112526
gate_proj,1644,0,1,736
up_proj,1644,0,1,736
act_fn,1644,0,1,79615
final_layernorm,1644,0,1,112512
lm_head,1644,0,1,736
embedding,1645,0,1,46752
input_layernorm,1645,0,1,113328
rope,1645,0,1,135488
post_layernorm,1645,0,1,113407
gate_proj,1645,0,1,736
up_proj,1645,0,1,736
act_fn,1645,0,1,79583
final_layernorm,1645,0,1,112911
lm_head,1645,0,1,736
embedding,1646,0,1,47392
input_layernorm,1646,0,1,114222
rope,1646,0,1,136448
post_layernorm,1646,0,1,114145
gate_proj,1646,0,1,736
up_proj,1646,0,1,736
act_fn,1646,0,1,79695
final_layernorm,1646,0,1,114287
lm_head,1646,0,1,736
embedding,1647,0,1,47487
input_layernorm,1647,0,1,113967
rope,1647,0,1,136352
post_layernorm,1647,0,1,113664
gate_proj,1647,0,1,736
up_proj,1647,0,1,975
act_fn,1647,0,1,79328
final_layernorm,1647,0,1,113727
lm_head,1647,0,1,736
embedding,1648,0,1,47760
input_layernorm,1648,0,1,113121
rope,1648,0,1,136687
post_layernorm,1648,0,1,113408
gate_proj,1648,0,1,736
up_proj,1648,0,1,864
act_fn,1648,0,1,79503
final_layernorm,1648,0,1,113120
lm_head,1648,0,1,736
embedding,1649,0,1,47872
input_layernorm,1649,0,1,114000
rope,1649,0,1,136063
post_layernorm,1649,0,1,114015
gate_proj,1649,0,1,736
up_proj,1649,0,1,752
act_fn,1649,0,1,79936
final_layernorm,1649,0,1,114943
lm_head,1649,0,1,736
embedding,1650,0,1,48271
input_layernorm,1650,0,1,113823
rope,1650,0,1,136608
post_layernorm,1650,0,1,114224
gate_proj,1650,0,1,736
up_proj,1650,0,1,880
act_fn,1650,0,1,79824
final_layernorm,1650,0,1,114110
lm_head,1650,0,1,736
embedding,1651,0,1,47968
input_layernorm,1651,0,1,113918
rope,1651,0,1,136366
post_layernorm,1651,0,1,113855
gate_proj,1651,0,1,736
up_proj,1651,0,1,975
act_fn,1651,0,1,79855
final_layernorm,1651,0,1,114032
lm_head,1651,0,1,736
embedding,1652,0,1,47952
input_layernorm,1652,0,1,113774
rope,1652,0,1,137422
post_layernorm,1652,0,1,114223
gate_proj,1652,0,1,736
up_proj,1652,0,1,864
act_fn,1652,0,1,80048
final_layernorm,1652,0,1,114272
lm_head,1652,0,1,736
embedding,1653,0,1,48080
input_layernorm,1653,0,1,114191
rope,1653,0,1,137679
post_layernorm,1653,0,1,114223
gate_proj,1653,0,1,736
up_proj,1653,0,1,736
act_fn,1653,0,1,79775
final_layernorm,1653,0,1,114096
lm_head,1653,0,1,736
embedding,1654,0,1,48912
input_layernorm,1654,0,1,115343
rope,1654,0,1,140848
post_layernorm,1654,0,1,115822
gate_proj,1654,0,1,736
up_proj,1654,0,1,736
act_fn,1654,0,1,79711
final_layernorm,1654,0,1,115775
lm_head,1654,0,1,736
embedding,1655,0,1,48351
input_layernorm,1655,0,1,114592
rope,1655,0,1,137917
post_layernorm,1655,0,1,114368
gate_proj,1655,0,1,736
up_proj,1655,0,1,736
act_fn,1655,0,1,79840
final_layernorm,1655,0,1,114881
lm_head,1655,0,1,736
embedding,1656,0,1,48528
input_layernorm,1656,0,1,113998
rope,1656,0,1,139232
post_layernorm,1656,0,1,113936
gate_proj,1656,0,1,736
up_proj,1656,0,1,880
act_fn,1656,0,1,79247
final_layernorm,1656,0,1,114048
lm_head,1656,0,1,736
embedding,1657,0,1,48191
input_layernorm,1657,0,1,114929
rope,1657,0,1,136848
post_layernorm,1657,0,1,115168
gate_proj,1657,0,1,735
up_proj,1657,0,1,736
act_fn,1657,0,1,80191
final_layernorm,1657,0,1,114543
lm_head,1657,0,1,736
embedding,1658,0,1,48736
input_layernorm,1658,0,1,114464
rope,1658,0,1,139568
post_layernorm,1658,0,1,114367
gate_proj,1658,0,1,736
up_proj,1658,0,1,864
act_fn,1658,0,1,80191
final_layernorm,1658,0,1,115072
lm_head,1658,0,1,736
embedding,1659,0,1,47632
input_layernorm,1659,0,1,114176
rope,1659,0,1,137248
post_layernorm,1659,0,1,114208
gate_proj,1659,0,1,736
up_proj,1659,0,1,1024
act_fn,1659,0,1,80352
final_layernorm,1659,0,1,114288
lm_head,1659,0,1,736
embedding,1660,0,1,48624
input_layernorm,1660,0,1,115007
rope,1660,0,1,139680
post_layernorm,1660,0,1,115504
gate_proj,1660,0,1,736
up_proj,1660,0,1,736
act_fn,1660,0,1,80512
final_layernorm,1660,0,1,115246
lm_head,1660,0,1,736
embedding,1661,0,1,49024
input_layernorm,1661,0,1,114607
rope,1661,0,1,137039
post_layernorm,1661,0,1,114928
gate_proj,1661,0,1,736
up_proj,1661,0,1,736
act_fn,1661,0,1,80112
final_layernorm,1661,0,1,114913
lm_head,1661,0,1,736
embedding,1662,0,1,48992
input_layernorm,1662,0,1,115903
rope,1662,0,1,140463
post_layernorm,1662,0,1,115792
gate_proj,1662,0,1,736
up_proj,1662,0,1,1008
act_fn,1662,0,1,80144
final_layernorm,1662,0,1,115359
lm_head,1662,0,1,736
embedding,1663,0,1,48096
input_layernorm,1663,0,1,114640
rope,1663,0,1,137762
post_layernorm,1663,0,1,115215
gate_proj,1663,0,1,736
up_proj,1663,0,1,736
act_fn,1663,0,1,80400
final_layernorm,1663,0,1,115232
lm_head,1663,0,1,736
embedding,1664,0,1,49200
input_layernorm,1664,0,1,115570
q_proj,1664,0,1,736
rope,1664,0,1,142158
o_proj,1664,0,1,736
post_layernorm,1664,0,1,115471
gate_proj,1664,0,1,736
up_proj,1664,0,1,736
act_fn,1664,0,1,79504
down_proj,1664,0,1,736
final_layernorm,1664,0,1,115504
lm_head,1664,0,1,736
embedding,1665,0,1,48352
input_layernorm,1665,0,1,115615
rope,1665,0,1,137632
post_layernorm,1665,0,1,115344
gate_proj,1665,0,1,736
up_proj,1665,0,1,736
act_fn,1665,0,1,80495
final_layernorm,1665,0,1,115264
lm_head,1665,0,1,736
embedding,1666,0,1,49232
input_layernorm,1666,0,1,117664
rope,1666,0,1,142575
post_layernorm,1666,0,1,117246
gate_proj,1666,0,1,736
up_proj,1666,0,1,736
act_fn,1666,0,1,80144
final_layernorm,1666,0,1,116976
lm_head,1666,0,1,736
embedding,1667,0,1,48000
input_layernorm,1667,0,1,115773
rope,1667,0,1,137375
post_layernorm,1667,0,1,115167
gate_proj,1667,0,1,736
up_proj,1667,0,1,880
act_fn,1667,0,1,80528
final_layernorm,1667,0,1,114656
lm_head,1667,0,1,736
embedding,1668,0,1,47584
input_layernorm,1668,0,1,115455
rope,1668,0,1,137840
post_layernorm,1668,0,1,115583
gate_proj,1668,0,1,736
up_proj,1668,0,1,736
act_fn,1668,0,1,80576
final_layernorm,1668,0,1,114911
lm_head,1668,0,1,736
embedding,1669,0,1,48016
input_layernorm,1669,0,1,116591
rope,1669,0,1,139952
post_layernorm,1669,0,1,115985
gate_proj,1669,0,1,736
up_proj,1669,0,1,736
act_fn,1669,0,1,80880
final_layernorm,1669,0,1,115983
lm_head,1669,0,1,736
embedding,1670,0,1,47696
input_layernorm,1670,0,1,115999
rope,1670,0,1,137775
post_layernorm,1670,0,1,115472
gate_proj,1670,0,1,736
up_proj,1670,0,1,736
act_fn,1670,0,1,80816
final_layernorm,1670,0,1,116049
lm_head,1670,0,1,736
embedding,1671,0,1,49552
input_layernorm,1671,0,1,117856
rope,1671,0,1,143040
post_layernorm,1671,0,1,117183
gate_proj,1671,0,1,736
up_proj,1671,0,1,864
act_fn,1671,0,1,80560
final_layernorm,1671,0,1,116912
lm_head,1671,0,1,736
embedding,1672,0,1,48224
input_layernorm,1672,0,1,115825
rope,1672,0,1,139214
post_layernorm,1672,0,1,115552
gate_proj,1672,0,1,736
up_proj,1672,0,1,752
act_fn,1672,0,1,80687
final_layernorm,1672,0,1,115952
lm_head,1672,0,1,736
embedding,1673,0,1,49072
input_layernorm,1673,0,1,118256
rope,1673,0,1,144014
post_layernorm,1673,0,1,118160
gate_proj,1673,0,1,736
up_proj,1673,0,1,736
act_fn,1673,0,1,80959
final_layernorm,1673,0,1,116943
lm_head,1673,0,1,736
embedding,1674,0,1,48656
input_layernorm,1674,0,1,118671
rope,1674,0,1,142448
post_layernorm,1674,0,1,118143
gate_proj,1674,0,1,736
up_proj,1674,0,1,752
act_fn,1674,0,1,80863
final_layernorm,1674,0,1,117424
lm_head,1674,0,1,736
embedding,1675,0,1,47103
input_layernorm,1675,0,1,115648
rope,1675,0,1,137856
post_layernorm,1675,0,1,115664
gate_proj,1675,0,1,736
up_proj,1675,0,1,736
act_fn,1675,0,1,80656
final_layernorm,1675,0,1,115584
lm_head,1675,0,1,736
embedding,1676,0,1,47519
input_layernorm,1676,0,1,116848
rope,1676,0,1,140031
post_layernorm,1676,0,1,116287
gate_proj,1676,0,1,736
up_proj,1676,0,1,752
act_fn,1676,0,1,80928
final_layernorm,1676,0,1,116320
lm_head,1676,0,1,736
embedding,1677,0,1,47360
input_layernorm,1677,0,1,116384
rope,1677,0,1,138944
post_layernorm,1677,0,1,116399
gate_proj,1677,0,1,736
up_proj,1677,0,1,1024
act_fn,1677,0,1,81088
final_layernorm,1677,0,1,116128
lm_head,1677,0,1,736
embedding,1678,0,1,49487
input_layernorm,1678,0,1,118895
rope,1678,0,1,144112
post_layernorm,1678,0,1,118160
gate_proj,1678,0,1,736
up_proj,1678,0,1,752
act_fn,1678,0,1,81104
final_layernorm,1678,0,1,118176
lm_head,1678,0,1,736
embedding,1679,0,1,47520
input_layernorm,1679,0,1,117216
rope,1679,0,1,140143
post_layernorm,1679,0,1,116720
gate_proj,1679,0,1,736
up_proj,1679,0,1,880
act_fn,1679,0,1,81040
final_layernorm,1679,0,1,117057
lm_head,1679,0,1,736
embedding,1680,0,1,47935
input_layernorm,1680,0,1,115919
rope,1680,0,1,139153
post_layernorm,1680,0,1,116078
gate_proj,1680,0,1,736
up_proj,1680,0,1,736
act_fn,1680,0,1,81456
final_layernorm,1680,0,1,115794
lm_head,1680,0,1,736
embedding,1681,0,1,49280
input_layernorm,1681,0,1,118624
rope,1681,0,1,142192
post_layernorm,1681,0,1,117985
gate_proj,1681,0,1,736
up_proj,1681,0,1,736
act_fn,1681,0,1,81072
final_layernorm,1681,0,1,117426
lm_head,1681,0,1,736
embedding,1682,0,1,48320
input_layernorm,1682,0,1,117104
rope,1682,0,1,139808
post_layernorm,1682,0,1,116720
gate_proj,1682,0,1,736
up_proj,1682,0,1,736
act_fn,1682,0,1,81232
final_layernorm,1682,0,1,116527
lm_head,1682,0,1,736
embedding,1683,0,1,48479
input_layernorm,1683,0,1,116768
rope,1683,0,1,138975
post_layernorm,1683,0,1,116719
gate_proj,1683,0,1,736
up_proj,1683,0,1,736
act_fn,1683,0,1,81567
final_layernorm,1683,0,1,116320
lm_head,1683,0,1,736
embedding,1684,0,1,48783
input_layernorm,1684,0,1,118143
rope,1684,0,1,141984
post_layernorm,1684,0,1,117616
gate_proj,1684,0,1,736
up_proj,1684,0,1,736
act_fn,1684,0,1,81632
final_layernorm,1684,0,1,117424
lm_head,1684,0,1,736
embedding,1685,0,1,48320
input_layernorm,1685,0,1,118079
rope,1685,0,1,141567
post_layernorm,1685,0,1,117313
gate_proj,1685,0,1,736
up_proj,1685,0,1,848
act_fn,1685,0,1,81520
final_layernorm,1685,0,1,116958
lm_head,1685,0,1,736
embedding,1686,0,1,48911
input_layernorm,1686,0,1,118127
rope,1686,0,1,141518
post_layernorm,1686,0,1,117472
gate_proj,1686,0,1,736
up_proj,1686,0,1,992
act_fn,1686,0,1,81776
final_layernorm,1686,0,1,116671
lm_head,1686,0,1,736
embedding,1687,0,1,48143
input_layernorm,1687,0,1,117520
rope,1687,0,1,139648
post_layernorm,1687,0,1,117184
gate_proj,1687,0,1,736
up_proj,1687,0,1,736
act_fn,1687,0,1,81536
final_layernorm,1687,0,1,117185
lm_head,1687,0,1,736
embedding,1688,0,1,48336
input_layernorm,1688,0,1,117792
rope,1688,0,1,141614
post_layernorm,1688,0,1,117664
gate_proj,1688,0,1,736
up_proj,1688,0,1,848
act_fn,1688,0,1,81567
final_layernorm,1688,0,1,116751
lm_head,1688,0,1,736
embedding,1689,0,1,49344
input_layernorm,1689,0,1,119616
rope,1689,0,1,142688
post_layernorm,1689,0,1,118576
gate_proj,1689,0,1,736
up_proj,1689,0,1,736
act_fn,1689,0,1,81696
final_layernorm,1689,0,1,117952
lm_head,1689,0,1,736
embedding,1690,0,1,49280
input_layernorm,1690,0,1,118672
rope,1690,0,1,141680
post_layernorm,1690,0,1,118400
gate_proj,1690,0,1,736
up_proj,1690,0,1,1007
act_fn,1690,0,1,81935
final_layernorm,1690,0,1,118336
lm_head,1690,0,1,736
embedding,1691,0,1,48496
input_layernorm,1691,0,1,118736
rope,1691,0,1,142399
post_layernorm,1691,0,1,118255
gate_proj,1691,0,1,736
up_proj,1691,0,1,736
act_fn,1691,0,1,81744
final_layernorm,1691,0,1,117968
lm_head,1691,0,1,736
embedding,1692,0,1,48591
input_layernorm,1692,0,1,118688
rope,1692,0,1,141952
post_layernorm,1692,0,1,118176
gate_proj,1692,0,1,736
up_proj,1692,0,1,736
act_fn,1692,0,1,82095
final_layernorm,1692,0,1,117551
lm_head,1692,0,1,736
embedding,1693,0,1,48192
input_layernorm,1693,0,1,118336
rope,1693,0,1,140736
post_layernorm,1693,0,1,117728
gate_proj,1693,0,1,736
up_proj,1693,0,1,736
act_fn,1693,0,1,81600
final_layernorm,1693,0,1,117040
lm_head,1693,0,1,736
embedding,1694,0,1,49328
input_layernorm,1694,0,1,118190
rope,1694,0,1,141008
post_layernorm,1694,0,1,118254
gate_proj,1694,0,1,736
up_proj,1694,0,1,992
act_fn,1694,0,1,81952
final_layernorm,1694,0,1,118015
lm_head,1694,0,1,736
embedding,1695,0,1,50176
input_layernorm,1695,0,1,120191
rope,1695,0,1,145982
post_layernorm,1695,0,1,119200
gate_proj,1695,0,1,736
up_proj,1695,0,1,736
act_fn,1695,0,1,81743
final_layernorm,1695,0,1,118753
lm_head,1695,0,1,736
embedding,1696,0,1,49072
input_layernorm,1696,0,1,119056
rope,1696,0,1,143921
post_layernorm,1696,0,1,118704
gate_proj,1696,0,1,736
up_proj,1696,0,1,896
act_fn,1696,0,1,81872
final_layernorm,1696,0,1,117933
lm_head,1696,0,1,736
embedding,1697,0,1,48032
input_layernorm,1697,0,1,117823
rope,1697,0,1,139440
post_layernorm,1697,0,1,117521
gate_proj,1697,0,1,736
up_proj,1697,0,1,736
act_fn,1697,0,1,81935
final_layernorm,1697,0,1,117919
lm_head,1697,0,1,736
embedding,1698,0,1,48080
input_layernorm,1698,0,1,118144
rope,1698,0,1,140273
post_layernorm,1698,0,1,117663
gate_proj,1698,0,1,736
up_proj,1698,0,1,992
act_fn,1698,0,1,81935
final_layernorm,1698,0,1,117838
lm_head,1698,0,1,736
embedding,1699,0,1,50128
input_layernorm,1699,0,1,119806
rope,1699,0,1,145200
post_layernorm,1699,0,1,119758
gate_proj,1699,0,1,736
up_proj,1699,0,1,880
act_fn,1699,0,1,82159
final_layernorm,1699,0,1,118687
lm_head,1699,0,1,736
embedding,1700,0,1,49407
input_layernorm,1700,0,1,119920
rope,1700,0,1,144000
post_layernorm,1700,0,1,119103
gate_proj,1700,0,1,736
up_proj,1700,0,1,736
act_fn,1700,0,1,81920
final_layernorm,1700,0,1,118736
lm_head,1700,0,1,736
embedding,1701,0,1,49600
input_layernorm,1701,0,1,120543
rope,1701,0,1,145455
post_layernorm,1701,0,1,119759
gate_proj,1701,0,1,736
up_proj,1701,0,1,736
act_fn,1701,0,1,82432
final_layernorm,1701,0,1,119056
lm_head,1701,0,1,736
embedding,1702,0,1,48944
input_layernorm,1702,0,1,120159
rope,1702,0,1,143424
post_layernorm,1702,0,1,119472
gate_proj,1702,0,1,736
up_proj,1702,0,1,864
act_fn,1702,0,1,82064
final_layernorm,1702,0,1,118464
lm_head,1702,0,1,736
embedding,1703,0,1,48143
input_layernorm,1703,0,1,118335
rope,1703,0,1,139935
post_layernorm,1703,0,1,118095
gate_proj,1703,0,1,736
up_proj,1703,0,1,736
act_fn,1703,0,1,82512
final_layernorm,1703,0,1,118175
lm_head,1703,0,1,736
embedding,1704,0,1,48832
input_layernorm,1704,0,1,119662
rope,1704,0,1,143311
post_layernorm,1704,0,1,119311
gate_proj,1704,0,1,736
up_proj,1704,0,1,736
act_fn,1704,0,1,82799
final_layernorm,1704,0,1,118064
lm_head,1704,0,1,736
embedding,1705,0,1,49823
input_layernorm,1705,0,1,121102
rope,1705,0,1,145792
post_layernorm,1705,0,1,120048
gate_proj,1705,0,1,736
up_proj,1705,0,1,736
act_fn,1705,0,1,82304
final_layernorm,1705,0,1,119199
lm_head,1705,0,1,736
embedding,1706,0,1,48256
input_layernorm,1706,0,1,118432
rope,1706,0,1,140302
post_layernorm,1706,0,1,118319
gate_proj,1706,0,1,736
up_proj,1706,0,1,752
act_fn,1706,0,1,82607
final_layernorm,1706,0,1,118240
lm_head,1706,0,1,736
embedding,1707,0,1,49823
input_layernorm,1707,0,1,119776
rope,1707,0,1,143008
post_layernorm,1707,0,1,118849
gate_proj,1707,0,1,736
up_proj,1707,0,1,992
act_fn,1707,0,1,82160
final_layernorm,1707,0,1,118656
lm_head,1707,0,1,736
embedding,1708,0,1,49056
input_layernorm,1708,0,1,119680
rope,1708,0,1,143199
post_layernorm,1708,0,1,119265
gate_proj,1708,0,1,736
up_proj,1708,0,1,879
act_fn,1708,0,1,82927
final_layernorm,1708,0,1,118800
lm_head,1708,0,1,736
embedding,1709,0,1,49487
input_layernorm,1709,0,1,119872
rope,1709,0,1,144271
post_layernorm,1709,0,1,119713
gate_proj,1709,0,1,736
up_proj,1709,0,1,752
act_fn,1709,0,1,82896
final_layernorm,1709,0,1,118993
lm_head,1709,0,1,736
embedding,1710,0,1,50383
input_layernorm,1710,0,1,121087
rope,1710,0,1,145039
post_layernorm,1710,0,1,120352
gate_proj,1710,0,1,736
up_proj,1710,0,1,768
act_fn,1710,0,1,82847
final_layernorm,1710,0,1,119375
lm_head,1710,0,1,736
embedding,1711,0,1,49695
input_layernorm,1711,0,1,120848
rope,1711,0,1,145008
post_layernorm,1711,0,1,120127
gate_proj,1711,0,1,736
up_proj,1711,0,1,736
act_fn,1711,0,1,82799
final_layernorm,1711,0,1,119345
lm_head,1711,0,1,736
embedding,1712,0,1,50416
input_layernorm,1712,0,1,121792
rope,1712,0,1,147086
post_layernorm,1712,0,1,120815
gate_proj,1712,0,1,736
up_proj,1712,0,1,864
act_fn,1712,0,1,82400
final_layernorm,1712,0,1,119888
lm_head,1712,0,1,736
embedding,1713,0,1,50111
input_layernorm,1713,0,1,121279
rope,1713,0,1,145133
post_layernorm,1713,0,1,120255
gate_proj,1713,0,1,736
up_proj,1713,0,1,976
act_fn,1713,0,1,82896
final_layernorm,1713,0,1,119361
lm_head,1713,0,1,736
embedding,1714,0,1,49791
input_layernorm,1714,0,1,120240
rope,1714,0,1,142802
post_layernorm,1714,0,1,119679
gate_proj,1714,0,1,736
up_proj,1714,0,1,736
act_fn,1714,0,1,83023
final_layernorm,1714,0,1,118799
lm_head,1714,0,1,736
embedding,1715,0,1,50751
input_layernorm,1715,0,1,121375
rope,1715,0,1,145504
post_layernorm,1715,0,1,120543
gate_proj,1715,0,1,736
up_proj,1715,0,1,736
act_fn,1715,0,1,82335
final_layernorm,1715,0,1,119504
lm_head,1715,0,1,736
embedding,1716,0,1,48464
input_layernorm,1716,0,1,118865
rope,1716,0,1,140896
post_layernorm,1716,0,1,118752
gate_proj,1716,0,1,736
up_proj,1716,0,1,864
act_fn,1716,0,1,83152
final_layernorm,1716,0,1,117808
lm_head,1716,0,1,736
embedding,1717,0,1,50560
input_layernorm,1717,0,1,121823
rope,1717,0,1,146638
post_layernorm,1717,0,1,120496
gate_proj,1717,0,1,736
up_proj,1717,0,1,880
act_fn,1717,0,1,83231
final_layernorm,1717,0,1,119872
lm_head,1717,0,1,736
embedding,1718,0,1,49888
input_layernorm,1718,0,1,121086
rope,1718,0,1,145262
post_layernorm,1718,0,1,120751
gate_proj,1718,0,1,736
up_proj,1718,0,1,768
act_fn,1718,0,1,83520
final_layernorm,1718,0,1,119151
lm_head,1718,0,1,736
embedding,1719,0,1,48991
input_layernorm,1719,0,1,119504
rope,1719,0,1,141248
post_layernorm,1719,0,1,118880
gate_proj,1719,0,1,736
up_proj,1719,0,1,736
act_fn,1719,0,1,83248
final_layernorm,1719,0,1,118208
lm_head,1719,0,1,736
embedding,1720,0,1,49664
input_layernorm,1720,0,1,120193
rope,1720,0,1,142079
post_layernorm,1720,0,1,119503
gate_proj,1720,0,1,736
up_proj,1720,0,1,736
act_fn,1720,0,1,83440
final_layernorm,1720,0,1,118848
lm_head,1720,0,1,736
embedding,1721,0,1,49935
input_layernorm,1721,0,1,120543
rope,1721,0,1,143568
post_layernorm,1721,0,1,119791
gate_proj,1721,0,1,736
up_proj,1721,0,1,768
act_fn,1721,0,1,83024
final_layernorm,1721,0,1,118641
lm_head,1721,0,1,736
embedding,1722,0,1,51472
input_layernorm,1722,0,1,123008
rope,1722,0,1,146944
post_layernorm,1722,0,1,121791
gate_proj,1722,0,1,736
up_proj,1722,0,1,736
act_fn,1722,0,1,83712
final_layernorm,1722,0,1,120385
lm_head,1722,0,1,736
embedding,1723,0,1,50016
input_layernorm,1723,0,1,120752
rope,1723,0,1,143664
post_layernorm,1723,0,1,120430
gate_proj,1723,0,1,736
up_proj,1723,0,1,736
act_fn,1723,0,1,83248
final_layernorm,1723,0,1,119023
lm_head,1723,0,1,736
embedding,1724,0,1,50352
input_layernorm,1724,0,1,122415
rope,1724,0,1,147328
post_layernorm,1724,0,1,121936
gate_proj,1724,0,1,736
up_proj,1724,0,1,736
act_fn,1724,0,1,83728
final_layernorm,1724,0,1,120433
lm_head,1724,0,1,736
embedding,1725,0,1,50496
input_layernorm,1725,0,1,121695
rope,1725,0,1,146400
post_layernorm,1725,0,1,121296
gate_proj,1725,0,1,736
up_proj,1725,0,1,864
act_fn,1725,0,1,82960
final_layernorm,1725,0,1,119775
lm_head,1725,0,1,736
embedding,1726,0,1,51087
input_layernorm,1726,0,1,123344
rope,1726,0,1,148750
post_layernorm,1726,0,1,121391
gate_proj,1726,0,1,736
up_proj,1726,0,1,896
act_fn,1726,0,1,83616
final_layernorm,1726,0,1,121183
lm_head,1726,0,1,736
embedding,1727,0,1,49296
input_layernorm,1727,0,1,120495
rope,1727,0,1,142144
post_layernorm,1727,0,1,120014
gate_proj,1727,0,1,735
up_proj,1727,0,1,992
act_fn,1727,0,1,83327
final_layernorm,1727,0,1,118320
lm_head,1727,0,1,736
embedding,1728,0,1,49728
input_layernorm,1728,0,1,121280
rope,1728,0,1,145024
post_layernorm,1728,0,1,119680
gate_proj,1728,0,1,736
up_proj,1728,0,1,880
act_fn,1728,0,1,83647
final_layernorm,1728,0,1,118912
lm_head,1728,0,1,736
embedding,1729,0,1,50112
input_layernorm,1729,0,1,121424
rope,1729,0,1,143824
post_layernorm,1729,0,1,121056
gate_proj,1729,0,1,736
up_proj,1729,0,1,848
act_fn,1729,0,1,83359
final_layernorm,1729,0,1,119810
lm_head,1729,0,1,736
embedding,1730,0,1,49664
input_layernorm,1730,0,1,120943
rope,1730,0,1,142913
post_layernorm,1730,0,1,120223
gate_proj,1730,0,1,736
up_proj,1730,0,1,1008
act_fn,1730,0,1,83424
final_layernorm,1730,0,1,119568
lm_head,1730,0,1,736
embedding,1731,0,1,50287
input_layernorm,1731,0,1,121344
rope,1731,0,1,141952
post_layernorm,1731,0,1,119983
gate_proj,1731,0,1,736
up_proj,1731,0,1,736
act_fn,1731,0,1,83504
final_layernorm,1731,0,1,119504
lm_head,1731,0,1,736
embedding,1732,0,1,50928
input_layernorm,1732,0,1,122063
rope,1732,0,1,146559
post_layernorm,1732,0,1,121392
gate_proj,1732,0,1,736
up_proj,1732,0,1,736
act_fn,1732,0,1,83583
final_layernorm,1732,0,1,120015
lm_head,1732,0,1,736
embedding,1733,0,1,49359
input_layernorm,1733,0,1,120305
rope,1733,0,1,141215
post_layernorm,1733,0,1,119648
gate_proj,1733,0,1,736
up_proj,1733,0,1,864
act_fn,1733,0,1,83808
final_layernorm,1733,0,1,119281
lm_head,1733,0,1,736
embedding,1734,0,1,50928
input_layernorm,1734,0,1,123198
rope,1734,0,1,146798
post_layernorm,1734,0,1,121998
gate_proj,1734,0,1,736
up_proj,1734,0,1,880
act_fn,1734,0,1,84351
final_layernorm,1734,0,1,120815
lm_head,1734,0,1,736
embedding,1735,0,1,50112
input_layernorm,1735,0,1,121968
rope,1735,0,1,145934
post_layernorm,1735,0,1,121200
gate_proj,1735,0,1,736
up_proj,1735,0,1,752
act_fn,1735,0,1,84256
final_layernorm,1735,0,1,120176
lm_head,1735,0,1,736
embedding,1736,0,1,50783
input_layernorm,1736,0,1,122367
rope,1736,0,1,145150
post_layernorm,1736,0,1,121216
gate_proj,1736,0,1,736
up_proj,1736,0,1,879
act_fn,1736,0,1,84144
final_layernorm,1736,0,1,120640
lm_head,1736,0,1,736
embedding,1737,0,1,49392
input_layernorm,1737,0,1,121729
rope,1737,0,1,145103
post_layernorm,1737,0,1,120206
gate_proj,1737,0,1,736
up_proj,1737,0,1,736
act_fn,1737,0,1,83552
final_layernorm,1737,0,1,120768
lm_head,1737,0,1,736
embedding,1738,0,1,50352
input_layernorm,1738,0,1,121712
rope,1738,0,1,144208
post_layernorm,1738,0,1,121808
gate_proj,1738,0,1,736
up_proj,1738,0,1,879
act_fn,1738,0,1,84000
final_layernorm,1738,0,1,120560
lm_head,1738,0,1,736
embedding,1739,0,1,49936
input_layernorm,1739,0,1,121550
rope,1739,0,1,143904
post_layernorm,1739,0,1,121120
gate_proj,1739,0,1,736
up_proj,1739,0,1,736
act_fn,1739,0,1,83695
final_layernorm,1739,0,1,120016
lm_head,1739,0,1,736
embedding,1740,0,1,49664
input_layernorm,1740,0,1,121905
rope,1740,0,1,144560
post_layernorm,1740,0,1,121055
gate_proj,1740,0,1,736
up_proj,1740,0,1,864
act_fn,1740,0,1,83903
final_layernorm,1740,0,1,120527
lm_head,1740,0,1,736
embedding,1741,0,1,50432
input_layernorm,1741,0,1,122767
rope,1741,0,1,147600
post_layernorm,1741,0,1,122080
gate_proj,1741,0,1,736
up_proj,1741,0,1,992
act_fn,1741,0,1,83904
final_layernorm,1741,0,1,121264
lm_head,1741,0,1,736
embedding,1742,0,1,50288
input_layernorm,1742,0,1,122335
rope,1742,0,1,144943
post_layernorm,1742,0,1,121373
gate_proj,1742,0,1,736
up_proj,1742,0,1,752
act_fn,1742,0,1,83823
final_layernorm,1742,0,1,120527
lm_head,1742,0,1,736
embedding,1743,0,1,49232
input_layernorm,1743,0,1,121326
rope,1743,0,1,143343
post_layernorm,1743,0,1,120974
gate_proj,1743,0,1,736
up_proj,1743,0,1,864
act_fn,1743,0,1,83952
final_layernorm,1743,0,1,120112
lm_head,1743,0,1,736
embedding,1744,0,1,50512
input_layernorm,1744,0,1,122591
rope,1744,0,1,146160
post_layernorm,1744,0,1,121697
gate_proj,1744,0,1,736
up_proj,1744,0,1,736
act_fn,1744,0,1,83824
final_layernorm,1744,0,1,121007
lm_head,1744,0,1,736
embedding,1745,0,1,50032
input_layernorm,1745,0,1,123184
rope,1745,0,1,145807
post_layernorm,1745,0,1,121375
gate_proj,1745,0,1,736
up_proj,1745,0,1,736
act_fn,1745,0,1,84303
final_layernorm,1745,0,1,121104
lm_head,1745,0,1,736
embedding,1746,0,1,50112
input_layernorm,1746,0,1,121984
rope,1746,0,1,143870
post_layernorm,1746,0,1,121631
gate_proj,1746,0,1,736
up_proj,1746,0,1,737
act_fn,1746,0,1,84111
final_layernorm,1746,0,1,121088
lm_head,1746,0,1,736
embedding,1747,0,1,50432
input_layernorm,1747,0,1,122161
rope,1747,0,1,144608
post_layernorm,1747,0,1,121568
gate_proj,1747,0,1,736
up_proj,1747,0,1,737
act_fn,1747,0,1,84223
final_layernorm,1747,0,1,120576
lm_head,1747,0,1,736
embedding,1748,0,1,50384
input_layernorm,1748,0,1,122192
rope,1748,0,1,144368
post_layernorm,1748,0,1,121056
gate_proj,1748,0,1,735
up_proj,1748,0,1,736
act_fn,1748,0,1,84224
final_layernorm,1748,0,1,120944
lm_head,1748,0,1,736
embedding,1749,0,1,50352
input_layernorm,1749,0,1,122240
rope,1749,0,1,143647
post_layernorm,1749,0,1,121343
gate_proj,1749,0,1,736
up_proj,1749,0,1,864
act_fn,1749,0,1,84511
final_layernorm,1749,0,1,121040
lm_head,1749,0,1,736
embedding,1750,0,1,50352
input_layernorm,1750,0,1,122286
rope,1750,0,1,144815
post_layernorm,1750,0,1,121214
gate_proj,1750,0,1,736
up_proj,1750,0,1,1008
act_fn,1750,0,1,84239
final_layernorm,1750,0,1,120959
lm_head,1750,0,1,736
embedding,1751,0,1,52224
input_layernorm,1751,0,1,123664
rope,1751,0,1,149438
post_layernorm,1751,0,1,123294
gate_proj,1751,0,1,736
up_proj,1751,0,1,864
act_fn,1751,0,1,83919
final_layernorm,1751,0,1,122335
lm_head,1751,0,1,736
embedding,1752,0,1,50416
input_layernorm,1752,0,1,122112
rope,1752,0,1,145039
post_layernorm,1752,0,1,121536
gate_proj,1752,0,1,736
up_proj,1752,0,1,736
act_fn,1752,0,1,83759
final_layernorm,1752,0,1,121039
lm_head,1752,0,1,736
embedding,1753,0,1,51232
input_layernorm,1753,0,1,124161
rope,1753,0,1,146383
post_layernorm,1753,0,1,121903
gate_proj,1753,0,1,736
up_proj,1753,0,1,1024
act_fn,1753,0,1,84416
final_layernorm,1753,0,1,121712
lm_head,1753,0,1,736
embedding,1754,0,1,50544
input_layernorm,1754,0,1,123344
rope,1754,0,1,145424
post_layernorm,1754,0,1,122288
gate_proj,1754,0,1,736
up_proj,1754,0,1,736
act_fn,1754,0,1,84384
final_layernorm,1754,0,1,121359
lm_head,1754,0,1,736
embedding,1755,0,1,50240
input_layernorm,1755,0,1,122624
rope,1755,0,1,143967
post_layernorm,1755,0,1,121872
gate_proj,1755,0,1,736
up_proj,1755,0,1,736
act_fn,1755,0,1,84575
final_layernorm,1755,0,1,121440
lm_head,1755,0,1,736
embedding,1756,0,1,50720
input_layernorm,1756,0,1,123550
rope,1756,0,1,146320
post_layernorm,1756,0,1,122832
gate_proj,1756,0,1,736
up_proj,1756,0,1,879
act_fn,1756,0,1,84736
final_layernorm,1756,0,1,121281
lm_head,1756,0,1,736
embedding,1757,0,1,51600
input_layernorm,1757,0,1,125056
rope,1757,0,1,149343
post_layernorm,1757,0,1,123375
gate_proj,1757,0,1,736
up_proj,1757,0,1,768
act_fn,1757,0,1,85008
final_layernorm,1757,0,1,123455
lm_head,1757,0,1,736
embedding,1758,0,1,51760
input_layernorm,1758,0,1,124848
rope,1758,0,1,148475
post_layernorm,1758,0,1,123854
gate_proj,1758,0,1,736
up_proj,1758,0,1,1008
act_fn,1758,0,1,85216
final_layernorm,1758,0,1,122575
lm_head,1758,0,1,736
embedding,1759,0,1,49696
input_layernorm,1759,0,1,122064
rope,1759,0,1,141569
post_layernorm,1759,0,1,121280
gate_proj,1759,0,1,736
up_proj,1759,0,1,1007
act_fn,1759,0,1,85152
final_layernorm,1759,0,1,120432
lm_head,1759,0,1,736
embedding,1760,0,1,52271
input_layernorm,1760,0,1,125151
rope,1760,0,1,150334
post_layernorm,1760,0,1,124240
gate_proj,1760,0,1,736
up_proj,1760,0,1,736
act_fn,1760,0,1,85104
final_layernorm,1760,0,1,123440
lm_head,1760,0,1,736
embedding,1761,0,1,51264
input_layernorm,1761,0,1,124959
rope,1761,0,1,149038
post_layernorm,1761,0,1,123999
gate_proj,1761,0,1,736
up_proj,1761,0,1,751
act_fn,1761,0,1,85743
final_layernorm,1761,0,1,123102
lm_head,1761,0,1,736
embedding,1762,0,1,50544
input_layernorm,1762,0,1,123695
rope,1762,0,1,147087
post_layernorm,1762,0,1,123456
gate_proj,1762,0,1,736
up_proj,1762,0,1,1040
act_fn,1762,0,1,85488
final_layernorm,1762,0,1,122800
lm_head,1762,0,1,736
embedding,1763,0,1,49887
input_layernorm,1763,0,1,122703
rope,1763,0,1,144416
post_layernorm,1763,0,1,121903
gate_proj,1763,0,1,736
up_proj,1763,0,1,752
act_fn,1763,0,1,85488
final_layernorm,1763,0,1,121919
lm_head,1763,0,1,736
embedding,1764,0,1,51168
input_layernorm,1764,0,1,125328
rope,1764,0,1,149520
post_layernorm,1764,0,1,123951
gate_proj,1764,0,1,736
up_proj,1764,0,1,736
act_fn,1764,0,1,85472
final_layernorm,1764,0,1,123454
lm_head,1764,0,1,736
embedding,1765,0,1,49648
input_layernorm,1765,0,1,122783
rope,1765,0,1,144352
post_layernorm,1765,0,1,122512
gate_proj,1765,0,1,736
up_proj,1765,0,1,736
act_fn,1765,0,1,85728
final_layernorm,1765,0,1,122479
lm_head,1765,0,1,736
embedding,1766,0,1,51007
input_layernorm,1766,0,1,125168
rope,1766,0,1,148303
post_layernorm,1766,0,1,123359
gate_proj,1766,0,1,736
up_proj,1766,0,1,1023
act_fn,1766,0,1,85135
final_layernorm,1766,0,1,123152
lm_head,1766,0,1,736
embedding,1767,0,1,50064
input_layernorm,1767,0,1,123232
rope,1767,0,1,145213
post_layernorm,1767,0,1,122705
gate_proj,1767,0,1,736
up_proj,1767,0,1,864
act_fn,1767,0,1,85743
final_layernorm,1767,0,1,122529
lm_head,1767,0,1,736
embedding,1768,0,1,50591
input_layernorm,1768,0,1,124319
rope,1768,0,1,147711
post_layernorm,1768,0,1,124368
gate_proj,1768,0,1,736
up_proj,1768,0,1,736
act_fn,1768,0,1,85951
final_layernorm,1768,0,1,123857
lm_head,1768,0,1,736
embedding,1769,0,1,51615
input_layernorm,1769,0,1,125440
rope,1769,0,1,147599
post_layernorm,1769,0,1,123664
gate_proj,1769,0,1,736
up_proj,1769,0,1,991
act_fn,1769,0,1,85696
final_layernorm,1769,0,1,123088
lm_head,1769,0,1,736
embedding,1770,0,1,51759
input_layernorm,1770,0,1,124816
rope,1770,0,1,148913
post_layernorm,1770,0,1,123808
gate_proj,1770,0,1,736
up_proj,1770,0,1,879
act_fn,1770,0,1,85840
final_layernorm,1770,0,1,123583
lm_head,1770,0,1,736
embedding,1771,0,1,51935
input_layernorm,1771,0,1,125518
rope,1771,0,1,149679
post_layernorm,1771,0,1,125217
gate_proj,1771,0,1,736
up_proj,1771,0,1,736
act_fn,1771,0,1,85953
final_layernorm,1771,0,1,124511
lm_head,1771,0,1,736
embedding,1772,0,1,49696
input_layernorm,1772,0,1,123217
rope,1772,0,1,144463
post_layernorm,1772,0,1,123007
gate_proj,1772,0,1,736
up_proj,1772,0,1,736
act_fn,1772,0,1,85295
final_layernorm,1772,0,1,122832
lm_head,1772,0,1,736
embedding,1773,0,1,51872
input_layernorm,1773,0,1,125840
rope,1773,0,1,149921
post_layernorm,1773,0,1,124336
gate_proj,1773,0,1,736
up_proj,1773,0,1,736
act_fn,1773,0,1,86240
final_layernorm,1773,0,1,124624
lm_head,1773,0,1,736
embedding,1774,0,1,52335
input_layernorm,1774,0,1,126910
rope,1774,0,1,153342
post_layernorm,1774,0,1,126272
gate_proj,1774,0,1,736
up_proj,1774,0,1,736
act_fn,1774,0,1,85886
final_layernorm,1774,0,1,125344
lm_head,1774,0,1,736
embedding,1775,0,1,51408
input_layernorm,1775,0,1,125760
rope,1775,0,1,148912
post_layernorm,1775,0,1,125055
gate_proj,1775,0,1,736
up_proj,1775,0,1,1023
act_fn,1775,0,1,86319
final_layernorm,1775,0,1,124352
lm_head,1775,0,1,736
embedding,1776,0,1,52000
input_layernorm,1776,0,1,126432
rope,1776,0,1,151520
post_layernorm,1776,0,1,125151
gate_proj,1776,0,1,736
up_proj,1776,0,1,736
act_fn,1776,0,1,86432
final_layernorm,1776,0,1,125248
lm_head,1776,0,1,736
embedding,1777,0,1,50513
input_layernorm,1777,0,1,124591
rope,1777,0,1,146544
post_layernorm,1777,0,1,123584
gate_proj,1777,0,1,736
up_proj,1777,0,1,752
act_fn,1777,0,1,86320
final_layernorm,1777,0,1,123872
lm_head,1777,0,1,736
embedding,1778,0,1,51983
input_layernorm,1778,0,1,124769
rope,1778,0,1,146528
post_layernorm,1778,0,1,123742
gate_proj,1778,0,1,736
up_proj,1778,0,1,736
act_fn,1778,0,1,85776
final_layernorm,1778,0,1,124465
lm_head,1778,0,1,736
embedding,1779,0,1,51295
input_layernorm,1779,0,1,125585
rope,1779,0,1,147119
post_layernorm,1779,0,1,124640
gate_proj,1779,0,1,736
up_proj,1779,0,1,736
act_fn,1779,0,1,86432
final_layernorm,1779,0,1,123871
lm_head,1779,0,1,736
embedding,1780,0,1,50384
input_layernorm,1780,0,1,125024
rope,1780,0,1,146160
post_layernorm,1780,0,1,123872
gate_proj,1780,0,1,736
up_proj,1780,0,1,736
act_fn,1780,0,1,86128
final_layernorm,1780,0,1,123584
lm_head,1780,0,1,736
embedding,1781,0,1,51359
input_layernorm,1781,0,1,126016
rope,1781,0,1,147184
post_layernorm,1781,0,1,124288
gate_proj,1781,0,1,736
up_proj,1781,0,1,992
act_fn,1781,0,1,86304
final_layernorm,1781,0,1,124896
lm_head,1781,0,1,736
embedding,1782,0,1,51568
input_layernorm,1782,0,1,124864
rope,1782,0,1,145342
post_layernorm,1782,0,1,124368
gate_proj,1782,0,1,736
up_proj,1782,0,1,736
act_fn,1782,0,1,86623
final_layernorm,1782,0,1,123951
lm_head,1782,0,1,736
embedding,1783,0,1,52127
input_layernorm,1783,0,1,125344
rope,1783,0,1,147903
post_layernorm,1783,0,1,124751
gate_proj,1783,0,1,736
up_proj,1783,0,1,1024
act_fn,1783,0,1,86512
final_layernorm,1783,0,1,125086
lm_head,1783,0,1,736
embedding,1784,0,1,52096
input_layernorm,1784,0,1,125808
rope,1784,0,1,148608
post_layernorm,1784,0,1,124864
gate_proj,1784,0,1,736
up_proj,1784,0,1,736
act_fn,1784,0,1,86655
final_layernorm,1784,0,1,125040
lm_head,1784,0,1,736
embedding,1785,0,1,51777
input_layernorm,1785,0,1,125568
rope,1785,0,1,145870
post_layernorm,1785,0,1,124592
gate_proj,1785,0,1,736
up_proj,1785,0,1,864
act_fn,1785,0,1,86303
final_layernorm,1785,0,1,124991
lm_head,1785,0,1,736
embedding,1786,0,1,53904
input_layernorm,1786,0,1,128128
rope,1786,0,1,152576
post_layernorm,1786,0,1,127168
gate_proj,1786,0,1,736
up_proj,1786,0,1,848
act_fn,1786,0,1,86959
final_layernorm,1786,0,1,126703
lm_head,1786,0,1,736
embedding,1787,0,1,51664
input_layernorm,1787,0,1,126655
rope,1787,0,1,148269
post_layernorm,1787,0,1,125248
gate_proj,1787,0,1,736
up_proj,1787,0,1,736
act_fn,1787,0,1,86655
final_layernorm,1787,0,1,124943
lm_head,1787,0,1,735
embedding,1788,0,1,52608
input_layernorm,1788,0,1,127311
rope,1788,0,1,151087
post_layernorm,1788,0,1,125983
gate_proj,1788,0,1,736
up_proj,1788,0,1,864
act_fn,1788,0,1,86928
final_layernorm,1788,0,1,126767
lm_head,1788,0,1,736
embedding,1789,0,1,52975
input_layernorm,1789,0,1,127169
rope,1789,0,1,153376
post_layernorm,1789,0,1,127232
gate_proj,1789,0,1,736
up_proj,1789,0,1,864
act_fn,1789,0,1,86096
final_layernorm,1789,0,1,126449
lm_head,1789,0,1,736
embedding,1790,0,1,51360
input_layernorm,1790,0,1,125678
rope,1790,0,1,146384
post_layernorm,1790,0,1,124270
gate_proj,1790,0,1,736
up_proj,1790,0,1,880
act_fn,1790,0,1,86991
final_layernorm,1790,0,1,124670
lm_head,1790,0,1,736
embedding,1791,0,1,52223
input_layernorm,1791,0,1,126765
rope,1791,0,1,148766
post_layernorm,1791,0,1,125136
gate_proj,1791,0,1,736
up_proj,1791,0,1,992
act_fn,1791,0,1,86816
final_layernorm,1791,0,1,126128
lm_head,1791,0,1,736
embedding,1792,0,1,52767
input_layernorm,1792,0,1,126222
rope,1792,0,1,149758
post_layernorm,1792,0,1,125136
gate_proj,1792,0,1,736
up_proj,1792,0,1,736
act_fn,1792,0,1,86592
final_layernorm,1792,0,1,125503
lm_head,1792,0,1,736
embedding,1793,0,1,53279
input_layernorm,1793,0,1,128096
rope,1793,0,1,155184
post_layernorm,1793,0,1,127391
gate_proj,1793,0,1,736
up_proj,1793,0,1,736
act_fn,1793,0,1,86960
final_layernorm,1793,0,1,126815
lm_head,1793,0,1,736
embedding,1794,0,1,51375
input_layernorm,1794,0,1,125728
rope,1794,0,1,147167
post_layernorm,1794,0,1,125182
gate_proj,1794,0,1,736
up_proj,1794,0,1,736
act_fn,1794,0,1,86831
final_layernorm,1794,0,1,124463
lm_head,1794,0,1,736
embedding,1795,0,1,51312
input_layernorm,1795,0,1,125999
rope,1795,0,1,147264
post_layernorm,1795,0,1,125408
gate_proj,1795,0,1,736
up_proj,1795,0,1,992
act_fn,1795,0,1,87329
final_layernorm,1795,0,1,125471
lm_head,1795,0,1,736
embedding,1796,0,1,52048
input_layernorm,1796,0,1,126800
rope,1796,0,1,148959
post_layernorm,1796,0,1,125568
gate_proj,1796,0,1,736
up_proj,1796,0,1,736
act_fn,1796,0,1,87007
final_layernorm,1796,0,1,125229
lm_head,1796,0,1,736
embedding,1797,0,1,52960
input_layernorm,1797,0,1,127166
rope,1797,0,1,149345
post_layernorm,1797,0,1,125695
gate_proj,1797,0,1,736
up_proj,1797,0,1,736
act_fn,1797,0,1,86944
final_layernorm,1797,0,1,125408
lm_head,1797,0,1,736
embedding,1798,0,1,52863
input_layernorm,1798,0,1,127456
rope,1798,0,1,151362
post_layernorm,1798,0,1,126576
gate_proj,1798,0,1,736
up_proj,1798,0,1,976
act_fn,1798,0,1,87312
final_layernorm,1798,0,1,126575
lm_head,1798,0,1,736
embedding,1799,0,1,51872
input_layernorm,1799,0,1,126576
rope,1799,0,1,147920
post_layernorm,1799,0,1,125535
gate_proj,1799,0,1,736
up_proj,1799,0,1,736
act_fn,1799,0,1,87088
final_layernorm,1799,0,1,125230
lm_head,1799,0,1,736
embedding,1800,0,1,52688
input_layernorm,1800,0,1,126976
rope,1800,0,1,149487
post_layernorm,1800,0,1,125151
gate_proj,1800,0,1,736
up_proj,1800,0,1,864
act_fn,1800,0,1,87344
final_layernorm,1800,0,1,125920
lm_head,1800,0,1,736
embedding,1801,0,1,51792
input_layernorm,1801,0,1,126431
rope,1801,0,1,147566
post_layernorm,1801,0,1,125440
gate_proj,1801,0,1,736
up_proj,1801,0,1,736
act_fn,1801,0,1,87134
final_layernorm,1801,0,1,125375
lm_head,1801,0,1,736
embedding,1802,0,1,52655
input_layernorm,1802,0,1,126911
rope,1802,0,1,149647
post_layernorm,1802,0,1,125790
gate_proj,1802,0,1,736
up_proj,1802,0,1,880
act_fn,1802,0,1,87392
final_layernorm,1802,0,1,125407
lm_head,1802,0,1,736
embedding,1803,0,1,51808
input_layernorm,1803,0,1,126527
rope,1803,0,1,148751
post_layernorm,1803,0,1,125614
gate_proj,1803,0,1,736
up_proj,1803,0,1,992
act_fn,1803,0,1,87472
final_layernorm,1803,0,1,125328
lm_head,1803,0,1,736
embedding,1804,0,1,52176
input_layernorm,1804,0,1,126240
rope,1804,0,1,148336
post_layernorm,1804,0,1,125615
gate_proj,1804,0,1,736
up_proj,1804,0,1,736
act_fn,1804,0,1,87455
final_layernorm,1804,0,1,125568
lm_head,1804,0,1,736
embedding,1805,0,1,51824
input_layernorm,1805,0,1,126511
rope,1805,0,1,147567
post_layernorm,1805,0,1,125392
gate_proj,1805,0,1,736
up_proj,1805,0,1,736
act_fn,1805,0,1,87536
final_layernorm,1805,0,1,125216
lm_head,1805,0,1,736
embedding,1806,0,1,52927
input_layernorm,1806,0,1,128160
rope,1806,0,1,153346
post_layernorm,1806,0,1,127136
gate_proj,1806,0,1,736
up_proj,1806,0,1,736
act_fn,1806,0,1,87888
final_layernorm,1806,0,1,127311
lm_head,1806,0,1,735
embedding,1807,0,1,52416
input_layernorm,1807,0,1,127424
rope,1807,0,1,151936
post_layernorm,1807,0,1,126975
gate_proj,1807,0,1,736
up_proj,1807,0,1,736
act_fn,1807,0,1,87408
final_layernorm,1807,0,1,126464
lm_head,1807,0,1,736
embedding,1808,0,1,51648
input_layernorm,1808,0,1,126253
rope,1808,0,1,149487
post_layernorm,1808,0,1,125776
gate_proj,1808,0,1,736
up_proj,1808,0,1,1023
act_fn,1808,0,1,87648
final_layernorm,1808,0,1,126112
lm_head,1808,0,1,736
embedding,1809,0,1,53407
input_layernorm,1809,0,1,129039
rope,1809,0,1,152591
post_layernorm,1809,0,1,127585
gate_proj,1809,0,1,736
up_proj,1809,0,1,880
act_fn,1809,0,1,87551
final_layernorm,1809,0,1,127439
lm_head,1809,0,1,736
embedding,1810,0,1,53056
input_layernorm,1810,0,1,128656
rope,1810,0,1,152207
post_layernorm,1810,0,1,127743
gate_proj,1810,0,1,752
up_proj,1810,0,1,864
act_fn,1810,0,1,87840
final_layernorm,1810,0,1,127263
lm_head,1810,0,1,736
embedding,1811,0,1,51824
input_layernorm,1811,0,1,127454
rope,1811,0,1,149279
post_layernorm,1811,0,1,126688
gate_proj,1811,0,1,736
up_proj,1811,0,1,736
act_fn,1811,0,1,87855
final_layernorm,1811,0,1,126607
lm_head,1811,0,1,736
embedding,1812,0,1,53248
input_layernorm,1812,0,1,129216
rope,1812,0,1,154592
post_layernorm,1812,0,1,128176
gate_proj,1812,0,1,736
up_proj,1812,0,1,736
act_fn,1812,0,1,87681
final_layernorm,1812,0,1,128015
lm_head,1812,0,1,736
embedding,1813,0,1,52751
input_layernorm,1813,0,1,127840
rope,1813,0,1,149391
post_layernorm,1813,0,1,126591
gate_proj,1813,0,1,736
up_proj,1813,0,1,992
act_fn,1813,0,1,87968
final_layernorm,1813,0,1,126752
lm_head,1813,0,1,736
embedding,1814,0,1,54416
input_layernorm,1814,0,1,129871
rope,1814,0,1,153968
post_layernorm,1814,0,1,127966
gate_proj,1814,0,1,736
up_proj,1814,0,1,752
act_fn,1814,0,1,88015
final_layernorm,1814,0,1,128240
lm_head,1814,0,1,736
embedding,1815,0,1,53696
input_layernorm,1815,0,1,128801
rope,1815,0,1,152815
post_layernorm,1815,0,1,128159
gate_proj,1815,0,1,736
up_proj,1815,0,1,1008
act_fn,1815,0,1,88032
final_layernorm,1815,0,1,127775
lm_head,1815,0,1,736
embedding,1816,0,1,52351
input_layernorm,1816,0,1,126831
rope,1816,0,1,148399
post_layernorm,1816,0,1,125919
gate_proj,1816,0,1,736
up_proj,1816,0,1,736
act_fn,1816,0,1,87855
final_layernorm,1816,0,1,126000
lm_head,1816,0,1,736
embedding,1817,0,1,53792
input_layernorm,1817,0,1,129632
rope,1817,0,1,153023
post_layernorm,1817,0,1,127618
gate_proj,1817,0,1,736
up_proj,1817,0,1,736
act_fn,1817,0,1,88096
final_layernorm,1817,0,1,128032
lm_head,1817,0,1,736
embedding,1818,0,1,53408
input_layernorm,1818,0,1,128272
rope,1818,0,1,150655
post_layernorm,1818,0,1,127151
gate_proj,1818,0,1,736
up_proj,1818,0,1,736
act_fn,1818,0,1,88159
final_layernorm,1818,0,1,127743
lm_head,1818,0,1,736
embedding,1819,0,1,53904
input_layernorm,1819,0,1,129103
rope,1819,0,1,153406
post_layernorm,1819,0,1,128480
gate_proj,1819,0,1,736
up_proj,1819,0,1,736
act_fn,1819,0,1,88352
final_layernorm,1819,0,1,128254
lm_head,1819,0,1,736
embedding,1820,0,1,52608
input_layernorm,1820,0,1,128559
rope,1820,0,1,150655
post_layernorm,1820,0,1,127856
gate_proj,1820,0,1,736
up_proj,1820,0,1,879
act_fn,1820,0,1,88143
final_layernorm,1820,0,1,127183
lm_head,1820,0,1,736
embedding,1821,0,1,52720
input_layernorm,1821,0,1,128831
rope,1821,0,1,151233
post_layernorm,1821,0,1,128207
gate_proj,1821,0,1,736
up_proj,1821,0,1,736
act_fn,1821,0,1,88559
final_layernorm,1821,0,1,128768
lm_head,1821,0,1,736
embedding,1822,0,1,52559
input_layernorm,1822,0,1,128687
rope,1822,0,1,150144
post_layernorm,1822,0,1,128271
gate_proj,1822,0,1,736
up_proj,1822,0,1,736
act_fn,1822,0,1,88144
final_layernorm,1822,0,1,128206
lm_head,1822,0,1,736
embedding,1823,0,1,52767
input_layernorm,1823,0,1,128319
rope,1823,0,1,149887
post_layernorm,1823,0,1,128048
gate_proj,1823,0,1,736
up_proj,1823,0,1,848
act_fn,1823,0,1,88479
final_layernorm,1823,0,1,127903
lm_head,1823,0,1,736
embedding,1824,0,1,54464
input_layernorm,1824,0,1,130512
rope,1824,0,1,155983
post_layernorm,1824,0,1,129104
gate_proj,1824,0,1,992
up_proj,1824,0,1,880
act_fn,1824,0,1,87664
final_layernorm,1824,0,1,129231
lm_head,1824,0,1,736
embedding,1825,0,1,53920
input_layernorm,1825,0,1,130302
rope,1825,0,1,154112
post_layernorm,1825,0,1,129584
gate_proj,1825,0,1,736
up_proj,1825,0,1,736
act_fn,1825,0,1,88735
final_layernorm,1825,0,1,128464
lm_head,1825,0,1,736
embedding,1826,0,1,52592
input_layernorm,1826,0,1,129824
rope,1826,0,1,152992
post_layernorm,1826,0,1,128559
gate_proj,1826,0,1,736
up_proj,1826,0,1,736
act_fn,1826,0,1,88383
final_layernorm,1826,0,1,128398
lm_head,1826,0,1,736
embedding,1827,0,1,51663
input_layernorm,1827,0,1,128095
rope,1827,0,1,148863
post_layernorm,1827,0,1,127456
gate_proj,1827,0,1,736
up_proj,1827,0,1,1040
act_fn,1827,0,1,88528
final_layernorm,1827,0,1,127807
lm_head,1827,0,1,736
embedding,1828,0,1,52624
input_layernorm,1828,0,1,130720
rope,1828,0,1,154656
post_layernorm,1828,0,1,129167
gate_proj,1828,0,1,736
up_proj,1828,0,1,1008
act_fn,1828,0,1,88720
final_layernorm,1828,0,1,129250
lm_head,1828,0,1,736
embedding,1829,0,1,52223
input_layernorm,1829,0,1,128447
rope,1829,0,1,149264
post_layernorm,1829,0,1,127248
gate_proj,1829,0,1,736
up_proj,1829,0,1,736
act_fn,1829,0,1,88368
final_layernorm,1829,0,1,127951
lm_head,1829,0,1,736
embedding,1830,0,1,52192
input_layernorm,1830,0,1,129070
rope,1830,0,1,150208
post_layernorm,1830,0,1,128207
gate_proj,1830,0,1,736
up_proj,1830,0,1,752
act_fn,1830,0,1,88287
final_layernorm,1830,0,1,128543
lm_head,1830,0,1,736
embedding,1831,0,1,53488
input_layernorm,1831,0,1,130896
rope,1831,0,1,154752
post_layernorm,1831,0,1,129361
gate_proj,1831,0,1,736
up_proj,1831,0,1,736
act_fn,1831,0,1,88432
final_layernorm,1831,0,1,129872
lm_head,1831,0,1,736
embedding,1832,0,1,53119
input_layernorm,1832,0,1,130687
rope,1832,0,1,155519
post_layernorm,1832,0,1,129680
gate_proj,1832,0,1,736
up_proj,1832,0,1,736
act_fn,1832,0,1,88544
final_layernorm,1832,0,1,129616
lm_head,1832,0,1,736
embedding,1833,0,1,54080
input_layernorm,1833,0,1,131408
rope,1833,0,1,156302
post_layernorm,1833,0,1,130287
gate_proj,1833,0,1,864
up_proj,1833,0,1,736
act_fn,1833,0,1,88559
final_layernorm,1833,0,1,130415
lm_head,1833,0,1,736
embedding,1834,0,1,53295
input_layernorm,1834,0,1,130766
rope,1834,0,1,154496
post_layernorm,1834,0,1,130015
gate_proj,1834,0,1,737
up_proj,1834,0,1,736
act_fn,1834,0,1,88734
final_layernorm,1834,0,1,129871
lm_head,1834,0,1,736
embedding,1835,0,1,53535
input_layernorm,1835,0,1,130431
rope,1835,0,1,153695
post_layernorm,1835,0,1,129999
gate_proj,1835,0,1,736
up_proj,1835,0,1,736
act_fn,1835,0,1,88464
final_layernorm,1835,0,1,129808
lm_head,1835,0,1,736
embedding,1836,0,1,53936
input_layernorm,1836,0,1,131135
rope,1836,0,1,155519
post_layernorm,1836,0,1,130031
gate_proj,1836,0,1,736
up_proj,1836,0,1,848
act_fn,1836,0,1,88976
final_layernorm,1836,0,1,129583
lm_head,1836,0,1,736
embedding,1837,0,1,52064
input_layernorm,1837,0,1,129135
rope,1837,0,1,149776
post_layernorm,1837,0,1,127824
gate_proj,1837,0,1,736
up_proj,1837,0,1,752
act_fn,1837,0,1,88703
final_layernorm,1837,0,1,128207
lm_head,1837,0,1,736
embedding,1838,0,1,52800
input_layernorm,1838,0,1,130896
rope,1838,0,1,154302
post_layernorm,1838,0,1,129919
gate_proj,1838,0,1,736
up_proj,1838,0,1,736
act_fn,1838,0,1,89007
final_layernorm,1838,0,1,130878
lm_head,1838,0,1,736
embedding,1839,0,1,51728
input_layernorm,1839,0,1,129151
rope,1839,0,1,149999
post_layernorm,1839,0,1,128063
gate_proj,1839,0,1,736
up_proj,1839,0,1,896
act_fn,1839,0,1,88928
final_layernorm,1839,0,1,128991
lm_head,1839,0,1,736
embedding,1840,0,1,53616
input_layernorm,1840,0,1,130847
rope,1840,0,1,155152
post_layernorm,1840,0,1,129248
gate_proj,1840,0,1,736
up_proj,1840,0,1,736
act_fn,1840,0,1,89072
final_layernorm,1840,0,1,130192
lm_head,1840,0,1,736
embedding,1841,0,1,53168
input_layernorm,1841,0,1,131424
rope,1841,0,1,153888
post_layernorm,1841,0,1,129984
gate_proj,1841,0,1,736
up_proj,1841,0,1,1008
act_fn,1841,0,1,88960
final_layernorm,1841,0,1,129824
lm_head,1841,0,1,736
embedding,1842,0,1,54239
input_layernorm,1842,0,1,132096
rope,1842,0,1,155952
post_layernorm,1842,0,1,130687
gate_proj,1842,0,1,736
up_proj,1842,0,1,992
act_fn,1842,0,1,89056
final_layernorm,1842,0,1,130990
lm_head,1842,0,1,736
embedding,1843,0,1,54672
input_layernorm,1843,0,1,132575
rope,1843,0,1,157232
post_layernorm,1843,0,1,131120
gate_proj,1843,0,1,1088
up_proj,1843,0,1,864
act_fn,1843,0,1,89008
final_layernorm,1843,0,1,131727
lm_head,1843,0,1,736
embedding,1844,0,1,54191
input_layernorm,1844,0,1,131520
rope,1844,0,1,156432
post_layernorm,1844,0,1,131024
gate_proj,1844,0,1,736
up_proj,1844,0,1,1008
act_fn,1844,0,1,88895
final_layernorm,1844,0,1,130607
lm_head,1844,0,1,736
embedding,1845,0,1,52176
input_layernorm,1845,0,1,129438
rope,1845,0,1,150160
post_layernorm,1845,0,1,128784
gate_proj,1845,0,1,736
up_proj,1845,0,1,976
act_fn,1845,0,1,88992
final_layernorm,1845,0,1,128830
lm_head,1845,0,1,736
embedding,1846,0,1,52576
input_layernorm,1846,0,1,130094
rope,1846,0,1,150880
post_layernorm,1846,0,1,129073
gate_proj,1846,0,1,736
up_proj,1846,0,1,1024
act_fn,1846,0,1,89199
final_layernorm,1846,0,1,129758
lm_head,1846,0,1,736
embedding,1847,0,1,54320
input_layernorm,1847,0,1,132752
rope,1847,0,1,157534
post_layernorm,1847,0,1,131856
gate_proj,1847,0,1,1136
up_proj,1847,0,1,736
act_fn,1847,0,1,89088
final_layernorm,1847,0,1,131599
lm_head,1847,0,1,736
embedding,1848,0,1,53727
input_layernorm,1848,0,1,130479
rope,1848,0,1,153967
post_layernorm,1848,0,1,129615
gate_proj,1848,0,1,736
up_proj,1848,0,1,736
act_fn,1848,0,1,89472
final_layernorm,1848,0,1,130239
lm_head,1848,0,1,736
embedding,1849,0,1,55152
input_layernorm,1849,0,1,132975
rope,1849,0,1,157808
post_layernorm,1849,0,1,131935
gate_proj,1849,0,1,736
up_proj,1849,0,1,736
act_fn,1849,0,1,88991
final_layernorm,1849,0,1,131423
lm_head,1849,0,1,736
embedding,1850,0,1,53279
input_layernorm,1850,0,1,129936
rope,1850,0,1,150384
post_layernorm,1850,0,1,128913
gate_proj,1850,0,1,736
up_proj,1850,0,1,752
act_fn,1850,0,1,89280
final_layernorm,1850,0,1,130175
lm_head,1850,0,1,736
embedding,1851,0,1,55408
input_layernorm,1851,0,1,133263
rope,1851,0,1,158096
post_layernorm,1851,0,1,131583
gate_proj,1851,0,1,737
up_proj,1851,0,1,1024
act_fn,1851,0,1,89455
final_layernorm,1851,0,1,131663
lm_head,1851,0,1,736
embedding,1852,0,1,55520
input_layernorm,1852,0,1,133502
rope,1852,0,1,158639
post_layernorm,1852,0,1,132080
gate_proj,1852,0,1,737
up_proj,1852,0,1,1008
act_fn,1852,0,1,88656
final_layernorm,1852,0,1,132400
lm_head,1852,0,1,736
embedding,1853,0,1,54464
input_layernorm,1853,0,1,132960
rope,1853,0,1,155920
post_layernorm,1853,0,1,131297
gate_proj,1853,0,1,864
up_proj,1853,0,1,736
act_fn,1853,0,1,88752
final_layernorm,1853,0,1,131632
lm_head,1853,0,1,736
embedding,1854,0,1,52944
input_layernorm,1854,0,1,130655
rope,1854,0,1,151504
post_layernorm,1854,0,1,129327
gate_proj,1854,0,1,736
up_proj,1854,0,1,736
act_fn,1854,0,1,89456
final_layernorm,1854,0,1,130288
lm_head,1854,0,1,736
embedding,1855,0,1,54496
input_layernorm,1855,0,1,133038
rope,1855,0,1,155407
post_layernorm,1855,0,1,131055
gate_proj,1855,0,1,736
up_proj,1855,0,1,864
act_fn,1855,0,1,89584
final_layernorm,1855,0,1,131421
lm_head,1855,0,1,736
embedding,1856,0,1,55680
input_layernorm,1856,0,1,133856
rope,1856,0,1,160465
post_layernorm,1856,0,1,132048
gate_proj,1856,0,1,1152
up_proj,1856,0,1,736
act_fn,1856,0,1,88976
final_layernorm,1856,0,1,132510
lm_head,1856,0,1,736
embedding,1857,0,1,52944
input_layernorm,1857,0,1,130800
rope,1857,0,1,151456
post_layernorm,1857,0,1,129647
gate_proj,1857,0,1,736
up_proj,1857,0,1,1007
act_fn,1857,0,1,89696
final_layernorm,1857,0,1,130398
lm_head,1857,0,1,736
embedding,1858,0,1,54592
input_layernorm,1858,0,1,132047
rope,1858,0,1,154750
post_layernorm,1858,0,1,131104
gate_proj,1858,0,1,1152
up_proj,1858,0,1,736
act_fn,1858,0,1,89840
final_layernorm,1858,0,1,131103
lm_head,1858,0,1,736
embedding,1859,0,1,53648
input_layernorm,1859,0,1,132221
rope,1859,0,1,155680
post_layernorm,1859,0,1,131040
gate_proj,1859,0,1,736
up_proj,1859,0,1,736
act_fn,1859,0,1,89920
final_layernorm,1859,0,1,131280
lm_head,1859,0,1,736
embedding,1860,0,1,55104
input_layernorm,1860,0,1,133007
rope,1860,0,1,159217
post_layernorm,1860,0,1,132399
gate_proj,1860,0,1,736
up_proj,1860,0,1,864
act_fn,1860,0,1,89951
final_layernorm,1860,0,1,132607
lm_head,1860,0,1,736
embedding,1861,0,1,54911
input_layernorm,1861,0,1,132257
rope,1861,0,1,155999
post_layernorm,1861,0,1,131599
gate_proj,1861,0,1,736
up_proj,1861,0,1,896
act_fn,1861,0,1,90079
final_layernorm,1861,0,1,131872
lm_head,1861,0,1,736
embedding,1862,0,1,54320
input_layernorm,1862,0,1,133695
rope,1862,0,1,156161
post_layernorm,1862,0,1,132112
gate_proj,1862,0,1,736
up_proj,1862,0,1,736
act_fn,1862,0,1,89840
final_layernorm,1862,0,1,131855
lm_head,1862,0,1,736
embedding,1863,0,1,53216
input_layernorm,1863,0,1,132544
rope,1863,0,1,153967
post_layernorm,1863,0,1,130672
gate_proj,1863,0,1,736
up_proj,1863,0,1,736
act_fn,1863,0,1,90128
final_layernorm,1863,0,1,130864
lm_head,1863,0,1,736
embedding,1864,0,1,55024
input_layernorm,1864,0,1,132895
rope,1864,0,1,158799
post_layernorm,1864,0,1,131952
gate_proj,1864,0,1,736
up_proj,1864,0,1,864
act_fn,1864,0,1,89776
final_layernorm,1864,0,1,132864
lm_head,1864,0,1,736
embedding,1865,0,1,53968
input_layernorm,1865,0,1,132623
rope,1865,0,1,153775
post_layernorm,1865,0,1,130880
gate_proj,1865,0,1,736
up_proj,1865,0,1,879
act_fn,1865,0,1,89728
final_layernorm,1865,0,1,131582
lm_head,1865,0,1,736
embedding,1866,0,1,54336
input_layernorm,1866,0,1,133185
rope,1866,0,1,157136
post_layernorm,1866,0,1,132208
gate_proj,1866,0,1,736
up_proj,1866,0,1,879
act_fn,1866,0,1,89936
final_layernorm,1866,0,1,132254
lm_head,1866,0,1,736
embedding,1867,0,1,53664
input_layernorm,1867,0,1,132446
rope,1867,0,1,155936
post_layernorm,1867,0,1,131295
gate_proj,1867,0,1,736
up_proj,1867,0,1,768
act_fn,1867,0,1,89872
final_layernorm,1867,0,1,132270
lm_head,1867,0,1,736
embedding,1868,0,1,53743
input_layernorm,1868,0,1,132672
rope,1868,0,1,154256
post_layernorm,1868,0,1,130895
gate_proj,1868,0,1,736
up_proj,1868,0,1,752
act_fn,1868,0,1,90368
final_layernorm,1868,0,1,132048
lm_head,1868,0,1,736
embedding,1869,0,1,55344
input_layernorm,1869,0,1,134656
rope,1869,0,1,159456
post_layernorm,1869,0,1,133264
gate_proj,1869,0,1,1216
up_proj,1869,0,1,768
act_fn,1869,0,1,90496
final_layernorm,1869,0,1,134000
lm_head,1869,0,1,736
embedding,1870,0,1,54303
input_layernorm,1870,0,1,133518
rope,1870,0,1,155968
post_layernorm,1870,0,1,131760
gate_proj,1870,0,1,1024
up_proj,1870,0,1,736
act_fn,1870,0,1,90416
final_layernorm,1870,0,1,132064
lm_head,1870,0,1,736
embedding,1871,0,1,53503
input_layernorm,1871,0,1,131937
rope,1871,0,1,152624
post_layernorm,1871,0,1,130817
gate_proj,1871,0,1,736
up_proj,1871,0,1,768
act_fn,1871,0,1,90240
final_layernorm,1871,0,1,131056
lm_head,1871,0,1,736
embedding,1872,0,1,52928
input_layernorm,1872,0,1,131457
rope,1872,0,1,152719
post_layernorm,1872,0,1,130399
gate_proj,1872,0,1,736
up_proj,1872,0,1,879
act_fn,1872,0,1,90448
final_layernorm,1872,0,1,131568
lm_head,1872,0,1,736
embedding,1873,0,1,54944
input_layernorm,1873,0,1,133968
rope,1873,0,1,158224
post_layernorm,1873,0,1,132494
gate_proj,1873,0,1,736
up_proj,1873,0,1,751
act_fn,1873,0,1,90671
final_layernorm,1873,0,1,133376
lm_head,1873,0,1,736
embedding,1874,0,1,54320
input_layernorm,1874,0,1,133567
rope,1874,0,1,156911
post_layernorm,1874,0,1,131871
gate_proj,1874,0,1,992
up_proj,1874,0,1,1008
act_fn,1874,0,1,90032
final_layernorm,1874,0,1,133071
lm_head,1874,0,1,736
embedding,1875,0,1,55519
input_layernorm,1875,0,1,135167
rope,1875,0,1,160206
post_layernorm,1875,0,1,133232
gate_proj,1875,0,1,896
up_proj,1875,0,1,1008
act_fn,1875,0,1,90720
final_layernorm,1875,0,1,133887
lm_head,1875,0,1,736
embedding,1876,0,1,53472
input_layernorm,1876,0,1,132992
rope,1876,0,1,154448
post_layernorm,1876,0,1,131551
gate_proj,1876,0,1,736
up_proj,1876,0,1,1024
act_fn,1876,0,1,90656
final_layernorm,1876,0,1,132672
lm_head,1876,0,1,736
embedding,1877,0,1,54416
input_layernorm,1877,0,1,133887
rope,1877,0,1,156367
post_layernorm,1877,0,1,132559
gate_proj,1877,0,1,896
up_proj,1877,0,1,848
act_fn,1877,0,1,90575
final_layernorm,1877,0,1,133183
lm_head,1877,0,1,736
embedding,1878,0,1,55360
input_layernorm,1878,0,1,134208
rope,1878,0,1,159343
post_layernorm,1878,0,1,133550
gate_proj,1878,0,1,944
up_proj,1878,0,1,752
act_fn,1878,0,1,90911
final_layernorm,1878,0,1,134240
lm_head,1878,0,1,736
embedding,1879,0,1,55968
input_layernorm,1879,0,1,134384
rope,1879,0,1,159472
post_layernorm,1879,0,1,133856
gate_proj,1879,0,1,1104
up_proj,1879,0,1,848
act_fn,1879,0,1,90816
final_layernorm,1879,0,1,134400
lm_head,1879,0,1,736
embedding,1880,0,1,56272
input_layernorm,1880,0,1,135343
rope,1880,0,1,160719
post_layernorm,1880,0,1,133456
gate_proj,1880,0,1,1184
up_proj,1880,0,1,736
act_fn,1880,0,1,90639
final_layernorm,1880,0,1,134366
lm_head,1880,0,1,736
embedding,1881,0,1,56672
input_layernorm,1881,0,1,136030
rope,1881,0,1,160881
post_layernorm,1881,0,1,134272
gate_proj,1881,0,1,1216
up_proj,1881,0,1,736
act_fn,1881,0,1,91184
final_layernorm,1881,0,1,134590
lm_head,1881,0,1,736
embedding,1882,0,1,54320
input_layernorm,1882,0,1,132832
rope,1882,0,1,153584
post_layernorm,1882,0,1,131792
gate_proj,1882,0,1,752
up_proj,1882,0,1,736
act_fn,1882,0,1,90928
final_layernorm,1882,0,1,133503
lm_head,1882,0,1,736
embedding,1883,0,1,55168
input_layernorm,1883,0,1,134320
rope,1883,0,1,157808
post_layernorm,1883,0,1,133007
gate_proj,1883,0,1,1183
up_proj,1883,0,1,737
act_fn,1883,0,1,90912
final_layernorm,1883,0,1,133567
lm_head,1883,0,1,736
embedding,1884,0,1,56688
input_layernorm,1884,0,1,137088
rope,1884,0,1,162977
post_layernorm,1884,0,1,135007
gate_proj,1884,0,1,1216
up_proj,1884,0,1,992
act_fn,1884,0,1,90927
final_layernorm,1884,0,1,135904
lm_head,1884,0,1,736
embedding,1885,0,1,55312
input_layernorm,1885,0,1,134672
rope,1885,0,1,157790
post_layernorm,1885,0,1,133055
gate_proj,1885,0,1,736
up_proj,1885,0,1,736
act_fn,1885,0,1,90959
final_layernorm,1885,0,1,134096
lm_head,1885,0,1,736
embedding,1886,0,1,54111
input_layernorm,1886,0,1,133249
rope,1886,0,1,154078
post_layernorm,1886,0,1,132352
gate_proj,1886,0,1,1072
up_proj,1886,0,1,736
act_fn,1886,0,1,91327
final_layernorm,1886,0,1,132829
lm_head,1886,0,1,736
embedding,1887,0,1,54816
input_layernorm,1887,0,1,133840
rope,1887,0,1,154623
post_layernorm,1887,0,1,132734
gate_proj,1887,0,1,1040
up_proj,1887,0,1,736
act_fn,1887,0,1,91295
final_layernorm,1887,0,1,133888
lm_head,1887,0,1,736
embedding,1888,0,1,56384
input_layernorm,1888,0,1,135312
rope,1888,0,1,161423
post_layernorm,1888,0,1,134336
gate_proj,1888,0,1,1136
up_proj,1888,0,1,864
act_fn,1888,0,1,90560
final_layernorm,1888,0,1,134399
lm_head,1888,0,1,736
embedding,1889,0,1,54192
input_layernorm,1889,0,1,133440
rope,1889,0,1,153248
post_layernorm,1889,0,1,131920
gate_proj,1889,0,1,736
up_proj,1889,0,1,736
act_fn,1889,0,1,91200
final_layernorm,1889,0,1,132672
lm_head,1889,0,1,736
embedding,1890,0,1,56688
input_layernorm,1890,0,1,136543
rope,1890,0,1,161535
post_layernorm,1890,0,1,135248
gate_proj,1890,0,1,1184
up_proj,1890,0,1,736
act_fn,1890,0,1,91616
final_layernorm,1890,0,1,135072
lm_head,1890,0,1,736
embedding,1891,0,1,54320
input_layernorm,1891,0,1,133600
rope,1891,0,1,153760
post_layernorm,1891,0,1,132016
gate_proj,1891,0,1,736
up_proj,1891,0,1,879
act_fn,1891,0,1,91279
final_layernorm,1891,0,1,133006
lm_head,1891,0,1,736
embedding,1892,0,1,56623
input_layernorm,1892,0,1,137135
rope,1892,0,1,162127
post_layernorm,1892,0,1,135022
gate_proj,1892,0,1,1184
up_proj,1892,0,1,736
act_fn,1892,0,1,91504
final_layernorm,1892,0,1,135999
lm_head,1892,0,1,736
embedding,1893,0,1,55695
input_layernorm,1893,0,1,135583
rope,1893,0,1,159438
post_layernorm,1893,0,1,134224
gate_proj,1893,0,1,1327
up_proj,1893,0,1,992
act_fn,1893,0,1,91696
final_layernorm,1893,0,1,134959
lm_head,1893,0,1,736
embedding,1894,0,1,54288
input_layernorm,1894,0,1,133903
rope,1894,0,1,155119
post_layernorm,1894,0,1,132688
gate_proj,1894,0,1,1024
up_proj,1894,0,1,736
act_fn,1894,0,1,91568
final_layernorm,1894,0,1,133968
lm_head,1894,0,1,736
embedding,1895,0,1,56528
input_layernorm,1895,0,1,136367
rope,1895,0,1,161327
post_layernorm,1895,0,1,134879
gate_proj,1895,0,1,896
up_proj,1895,0,1,752
act_fn,1895,0,1,91487
final_layernorm,1895,0,1,135376
lm_head,1895,0,1,736
embedding,1896,0,1,55888
input_layernorm,1896,0,1,136029
rope,1896,0,1,161231
post_layernorm,1896,0,1,134639
gate_proj,1896,0,1,1168
up_proj,1896,0,1,848
act_fn,1896,0,1,91632
final_layernorm,1896,0,1,134944
lm_head,1896,0,1,736
embedding,1897,0,1,54544
input_layernorm,1897,0,1,134303
rope,1897,0,1,156016
post_layernorm,1897,0,1,133520
gate_proj,1897,0,1,736
up_proj,1897,0,1,736
act_fn,1897,0,1,91744
final_layernorm,1897,0,1,133838
lm_head,1897,0,1,736
embedding,1898,0,1,54976
input_layernorm,1898,0,1,135422
rope,1898,0,1,157598
post_layernorm,1898,0,1,134592
gate_proj,1898,0,1,736
up_proj,1898,0,1,737
act_fn,1898,0,1,91312
final_layernorm,1898,0,1,135040
lm_head,1898,0,1,735
embedding,1899,0,1,55872
input_layernorm,1899,0,1,136272
rope,1899,0,1,160592
post_layernorm,1899,0,1,134880
gate_proj,1899,0,1,1151
up_proj,1899,0,1,737
act_fn,1899,0,1,91919
final_layernorm,1899,0,1,135630
lm_head,1899,0,1,736
embedding,1900,0,1,54416
input_layernorm,1900,0,1,134447
rope,1900,0,1,155999
post_layernorm,1900,0,1,133375
gate_proj,1900,0,1,752
up_proj,1900,0,1,1056
act_fn,1900,0,1,91408
final_layernorm,1900,0,1,134414
lm_head,1900,0,1,736
embedding,1901,0,1,54464
input_layernorm,1901,0,1,134512
rope,1901,0,1,155296
post_layernorm,1901,0,1,133136
gate_proj,1901,0,1,833
up_proj,1901,0,1,736
act_fn,1901,0,1,91776
final_layernorm,1901,0,1,134143
lm_head,1901,0,1,736
embedding,1902,0,1,55744
input_layernorm,1902,0,1,135133
rope,1902,0,1,157536
post_layernorm,1902,0,1,134001
gate_proj,1902,0,1,768
up_proj,1902,0,1,752
act_fn,1902,0,1,92015
final_layernorm,1902,0,1,134976
lm_head,1902,0,1,736
embedding,1903,0,1,54192
input_layernorm,1903,0,1,134816
rope,1903,0,1,155457
post_layernorm,1903,0,1,133376
gate_proj,1903,0,1,880
up_proj,1903,0,1,736
act_fn,1903,0,1,92031
final_layernorm,1903,0,1,134879
lm_head,1903,0,1,736
embedding,1904,0,1,53919
input_layernorm,1904,0,1,133919
rope,1904,0,1,155039
post_layernorm,1904,0,1,133487
gate_proj,1904,0,1,736
up_proj,1904,0,1,736
act_fn,1904,0,1,91680
final_layernorm,1904,0,1,133439
lm_head,1904,0,1,736
embedding,1905,0,1,55679
input_layernorm,1905,0,1,136575
rope,1905,0,1,159615
post_layernorm,1905,0,1,134737
gate_proj,1905,0,1,1040
up_proj,1905,0,1,736
act_fn,1905,0,1,90736
final_layernorm,1905,0,1,135983
lm_head,1905,0,1,736
embedding,1906,0,1,56207
input_layernorm,1906,0,1,137008
rope,1906,0,1,161680
post_layernorm,1906,0,1,136240
gate_proj,1906,0,1,1152
up_proj,1906,0,1,752
act_fn,1906,0,1,91344
final_layernorm,1906,0,1,136849
lm_head,1906,0,1,736
embedding,1907,0,1,55487
input_layernorm,1907,0,1,136687
rope,1907,0,1,159980
post_layernorm,1907,0,1,135471
gate_proj,1907,0,1,736
up_proj,1907,0,1,992
act_fn,1907,0,1,91711
final_layernorm,1907,0,1,135439
lm_head,1907,0,1,736
embedding,1908,0,1,54272
input_layernorm,1908,0,1,134687
rope,1908,0,1,155584
post_layernorm,1908,0,1,134286
gate_proj,1908,0,1,736
up_proj,1908,0,1,992
act_fn,1908,0,1,91664
final_layernorm,1908,0,1,135230
lm_head,1908,0,1,736
embedding,1909,0,1,56416
input_layernorm,1909,0,1,136976
rope,1909,0,1,161775
post_layernorm,1909,0,1,136079
gate_proj,1909,0,1,1184
up_proj,1909,0,1,864
act_fn,1909,0,1,91599
final_layernorm,1909,0,1,136222
lm_head,1909,0,1,736
embedding,1910,0,1,56608
input_layernorm,1910,0,1,137760
rope,1910,0,1,161216
post_layernorm,1910,0,1,136592
gate_proj,1910,0,1,1152
up_proj,1910,0,1,736
act_fn,1910,0,1,91552
final_layernorm,1910,0,1,137679
lm_head,1910,0,1,736
embedding,1911,0,1,54623
input_layernorm,1911,0,1,134592
rope,1911,0,1,154368
post_layernorm,1911,0,1,133583
gate_proj,1911,0,1,736
up_proj,1911,0,1,880
act_fn,1911,0,1,91824
final_layernorm,1911,0,1,134463
lm_head,1911,0,1,736
embedding,1912,0,1,55552
input_layernorm,1912,0,1,136433
rope,1912,0,1,159215
post_layernorm,1912,0,1,135295
gate_proj,1912,0,1,1024
up_proj,1912,0,1,1008
act_fn,1912,0,1,91905
final_layernorm,1912,0,1,135391
lm_head,1912,0,1,736
embedding,1913,0,1,54543
input_layernorm,1913,0,1,135025
rope,1913,0,1,155457
post_layernorm,1913,0,1,133712
gate_proj,1913,0,1,736
up_proj,1913,0,1,1024
act_fn,1913,0,1,91519
final_layernorm,1913,0,1,134447
lm_head,1913,0,1,736
embedding,1914,0,1,55248
input_layernorm,1914,0,1,135598
rope,1914,0,1,156446
post_layernorm,1914,0,1,134687
gate_proj,1914,0,1,736
up_proj,1914,0,1,736
act_fn,1914,0,1,91727
final_layernorm,1914,0,1,135504
lm_head,1914,0,1,736
embedding,1915,0,1,56448
input_layernorm,1915,0,1,136751
rope,1915,0,1,160576
post_layernorm,1915,0,1,136096
gate_proj,1915,0,1,736
up_proj,1915,0,1,1024
act_fn,1915,0,1,91903
final_layernorm,1915,0,1,136256
lm_head,1915,0,1,736
embedding,1916,0,1,55232
input_layernorm,1916,0,1,135694
rope,1916,0,1,156608
post_layernorm,1916,0,1,134608
gate_proj,1916,0,1,736
up_proj,1916,0,1,736
act_fn,1916,0,1,91951
final_layernorm,1916,0,1,135599
lm_head,1916,0,1,736
embedding,1917,0,1,56464
input_layernorm,1917,0,1,136912
rope,1917,0,1,160032
post_layernorm,1917,0,1,135807
gate_proj,1917,0,1,1216
up_proj,1917,0,1,864
act_fn,1917,0,1,91808
final_layernorm,1917,0,1,136432
lm_head,1917,0,1,736
embedding,1918,0,1,56591
input_layernorm,1918,0,1,137408
rope,1918,0,1,160463
post_layernorm,1918,0,1,136191
gate_proj,1918,0,1,736
up_proj,1918,0,1,736
act_fn,1918,0,1,92063
final_layernorm,1918,0,1,137232
lm_head,1918,0,1,736
embedding,1919,0,1,57072
input_layernorm,1919,0,1,137790
rope,1919,0,1,161761
post_layernorm,1919,0,1,136430
gate_proj,1919,0,1,1136
up_proj,1919,0,1,864
act_fn,1919,0,1,91920
final_layernorm,1919,0,1,136927
lm_head,1919,0,1,736
embedding,1920,0,1,55136
input_layernorm,1920,0,1,135743
rope,1920,0,1,156143
post_layernorm,1920,0,1,133807
gate_proj,1920,0,1,1008
up_proj,1920,0,1,736
act_fn,1920,0,1,92015
final_layernorm,1920,0,1,134911
lm_head,1920,0,1,736
embedding,1921,0,1,55664
input_layernorm,1921,0,1,136863
rope,1921,0,1,158479
post_layernorm,1921,0,1,135856
gate_proj,1921,0,1,928
up_proj,1921,0,1,736
act_fn,1921,0,1,92607
final_layernorm,1921,0,1,136672
lm_head,1921,0,1,736
embedding,1922,0,1,57055
input_layernorm,1922,0,1,138992
rope,1922,0,1,163840
post_layernorm,1922,0,1,138479
gate_proj,1922,0,1,1184
up_proj,1922,0,1,752
act_fn,1922,0,1,92911
final_layernorm,1922,0,1,137919
lm_head,1922,0,1,736
embedding,1923,0,1,56160
input_layernorm,1923,0,1,137264
rope,1923,0,1,160000
post_layernorm,1923,0,1,137072
gate_proj,1923,0,1,1120
up_proj,1923,0,1,1008
act_fn,1923,0,1,92910
final_layernorm,1923,0,1,137198
lm_head,1923,0,1,736
embedding,1924,0,1,54400
input_layernorm,1924,0,1,135040
rope,1924,0,1,153839
post_layernorm,1924,0,1,134383
gate_proj,1924,0,1,1024
up_proj,1924,0,1,736
act_fn,1924,0,1,93008
final_layernorm,1924,0,1,134656
lm_head,1924,0,1,736
embedding,1925,0,1,57136
input_layernorm,1925,0,1,138303
rope,1925,0,1,160862
post_layernorm,1925,0,1,137872
gate_proj,1925,0,1,1168
up_proj,1925,0,1,992
act_fn,1925,0,1,93087
final_layernorm,1925,0,1,137967
lm_head,1925,0,1,736
embedding,1926,0,1,54880
input_layernorm,1926,0,1,136318
rope,1926,0,1,155951
post_layernorm,1926,0,1,135439
gate_proj,1926,0,1,1056
up_proj,1926,0,1,736
act_fn,1926,0,1,93024
final_layernorm,1926,0,1,135839
lm_head,1926,0,1,736
embedding,1927,0,1,55696
input_layernorm,1927,0,1,137424
rope,1927,0,1,158304
post_layernorm,1927,0,1,136415
gate_proj,1927,0,1,879
up_proj,1927,0,1,848
act_fn,1927,0,1,93424
final_layernorm,1927,0,1,136751
lm_head,1927,0,1,736
embedding,1928,0,1,55040
input_layernorm,1928,0,1,135968
rope,1928,0,1,156927
post_layernorm,1928,0,1,135808
gate_proj,1928,0,1,1136
up_proj,1928,0,1,736
act_fn,1928,0,1,93231
final_layernorm,1928,0,1,135103
lm_head,1928,0,1,736
embedding,1929,0,1,57088
input_layernorm,1929,0,1,140160
rope,1929,0,1,165440
post_layernorm,1929,0,1,138528
gate_proj,1929,0,1,1184
up_proj,1929,0,1,1008
act_fn,1929,0,1,93296
final_layernorm,1929,0,1,138848
lm_head,1929,0,1,736
embedding,1930,0,1,56864
input_layernorm,1930,0,1,139311
rope,1930,0,1,162623
post_layernorm,1930,0,1,138112
gate_proj,1930,0,1,1120
up_proj,1930,0,1,864
act_fn,1930,0,1,93135
final_layernorm,1930,0,1,137840
lm_head,1930,0,1,736
embedding,1931,0,1,57791
input_layernorm,1931,0,1,140304
rope,1931,0,1,164894
post_layernorm,1931,0,1,139087
gate_proj,1931,0,1,1136
up_proj,1931,0,1,736
act_fn,1931,0,1,93359
final_layernorm,1931,0,1,138737
lm_head,1931,0,1,736
embedding,1932,0,1,54944
input_layernorm,1932,0,1,137135
rope,1932,0,1,157615
post_layernorm,1932,0,1,136191
gate_proj,1932,0,1,1168
up_proj,1932,0,1,1039
act_fn,1932,0,1,93536
final_layernorm,1932,0,1,135952
lm_head,1932,0,1,736
embedding,1933,0,1,54863
input_layernorm,1933,0,1,136592
rope,1933,0,1,156433
post_layernorm,1933,0,1,136014
gate_proj,1933,0,1,736
up_proj,1933,0,1,736
act_fn,1933,0,1,93535
final_layernorm,1933,0,1,135839
lm_head,1933,0,1,736
embedding,1934,0,1,58687
input_layernorm,1934,0,1,141888
rope,1934,0,1,169070
post_layernorm,1934,0,1,141279
gate_proj,1934,0,1,1184
up_proj,1934,0,1,992
act_fn,1934,0,1,93632
final_layernorm,1934,0,1,140656
lm_head,1934,0,1,736
embedding,1935,0,1,54272
input_layernorm,1935,0,1,136784
rope,1935,0,1,156559
post_layernorm,1935,0,1,136096
gate_proj,1935,0,1,880
up_proj,1935,0,1,1024
act_fn,1935,0,1,93455
final_layernorm,1935,0,1,136143
lm_head,1935,0,1,736
embedding,1936,0,1,56032
input_layernorm,1936,0,1,137616
rope,1936,0,1,160288
post_layernorm,1936,0,1,138000
gate_proj,1936,0,1,1216
up_proj,1936,0,1,736
act_fn,1936,0,1,93472
final_layernorm,1936,0,1,138078
lm_head,1936,0,1,736
embedding,1937,0,1,54720
input_layernorm,1937,0,1,137038
rope,1937,0,1,157408
post_layernorm,1937,0,1,136878
gate_proj,1937,0,1,1024
up_proj,1937,0,1,1008
act_fn,1937,0,1,93552
final_layernorm,1937,0,1,137087
lm_head,1937,0,1,736
embedding,1938,0,1,55631
input_layernorm,1938,0,1,138352
rope,1938,0,1,160016
post_layernorm,1938,0,1,137455
gate_proj,1938,0,1,1183
up_proj,1938,0,1,736
act_fn,1938,0,1,93776
final_layernorm,1938,0,1,137648
lm_head,1938,0,1,736
embedding,1939,0,1,54720
input_layernorm,1939,0,1,137391
rope,1939,0,1,157455
post_layernorm,1939,0,1,136303
gate_proj,1939,0,1,752
up_proj,1939,0,1,736
act_fn,1939,0,1,93695
final_layernorm,1939,0,1,136896
lm_head,1939,0,1,736
embedding,1940,0,1,55104
input_layernorm,1940,0,1,139007
rope,1940,0,1,159070
post_layernorm,1940,0,1,137488
gate_proj,1940,0,1,1135
up_proj,1940,0,1,864
act_fn,1940,0,1,93791
final_layernorm,1940,0,1,138479
lm_head,1940,0,1,736
embedding,1941,0,1,55423
input_layernorm,1941,0,1,138751
rope,1941,0,1,161119
post_layernorm,1941,0,1,138191
gate_proj,1941,0,1,1184
up_proj,1941,0,1,736
act_fn,1941,0,1,93871
final_layernorm,1941,0,1,137840
lm_head,1941,0,1,736
embedding,1942,0,1,54016
input_layernorm,1942,0,1,136641
rope,1942,0,1,155119
post_layernorm,1942,0,1,136415
gate_proj,1942,0,1,1135
up_proj,1942,0,1,752
act_fn,1942,0,1,93872
final_layernorm,1942,0,1,135856
lm_head,1942,0,1,736
embedding,1943,0,1,55903
input_layernorm,1943,0,1,139951
rope,1943,0,1,162496
post_layernorm,1943,0,1,138960
gate_proj,1943,0,1,1135
up_proj,1943,0,1,736
act_fn,1943,0,1,93712
final_layernorm,1943,0,1,138447
lm_head,1943,0,1,736
embedding,1944,0,1,53919
input_layernorm,1944,0,1,136639
rope,1944,0,1,155567
post_layernorm,1944,0,1,135648
gate_proj,1944,0,1,1168
up_proj,1944,0,1,736
act_fn,1944,0,1,93823
final_layernorm,1944,0,1,135855
lm_head,1944,0,1,736
embedding,1945,0,1,57360
input_layernorm,1945,0,1,141088
rope,1945,0,1,165391
post_layernorm,1945,0,1,140255
gate_proj,1945,0,1,1200
up_proj,1945,0,1,768
act_fn,1945,0,1,94144
final_layernorm,1945,0,1,139536
lm_head,1945,0,1,736
embedding,1946,0,1,55440
input_layernorm,1946,0,1,138016
rope,1946,0,1,157488
post_layernorm,1946,0,1,136830
gate_proj,1946,0,1,1216
up_proj,1946,0,1,1024
act_fn,1946,0,1,93743
final_layernorm,1946,0,1,138143
lm_head,1946,0,1,736
embedding,1947,0,1,57647
input_layernorm,1947,0,1,140129
rope,1947,0,1,164831
post_layernorm,1947,0,1,139264
gate_proj,1947,0,1,1216
up_proj,1947,0,1,736
act_fn,1947,0,1,93999
final_layernorm,1947,0,1,139294
lm_head,1947,0,1,736
embedding,1948,0,1,57648
input_layernorm,1948,0,1,140623
rope,1948,0,1,165039
post_layernorm,1948,0,1,140144
gate_proj,1948,0,1,1168
up_proj,1948,0,1,736
act_fn,1948,0,1,94303
final_layernorm,1948,0,1,139104
lm_head,1948,0,1,736
embedding,1949,0,1,55328
input_layernorm,1949,0,1,138703
rope,1949,0,1,157680
post_layernorm,1949,0,1,137392
gate_proj,1949,0,1,895
up_proj,1949,0,1,736
act_fn,1949,0,1,94207
final_layernorm,1949,0,1,137151
lm_head,1949,0,1,736
embedding,1950,0,1,57439
input_layernorm,1950,0,1,139935
rope,1950,0,1,163088
post_layernorm,1950,0,1,138911
gate_proj,1950,0,1,1184
up_proj,1950,0,1,880
act_fn,1950,0,1,94320
final_layernorm,1950,0,1,139535
lm_head,1950,0,1,736
embedding,1951,0,1,56960
input_layernorm,1951,0,1,140432
rope,1951,0,1,163596
post_layernorm,1951,0,1,139679
gate_proj,1951,0,1,1152
up_proj,1951,0,1,736
act_fn,1951,0,1,94191
final_layernorm,1951,0,1,139600
lm_head,1951,0,1,736
embedding,1952,0,1,56160
input_layernorm,1952,0,1,138816
rope,1952,0,1,159310
post_layernorm,1952,0,1,137568
gate_proj,1952,0,1,736
up_proj,1952,0,1,864
act_fn,1952,0,1,94288
final_layernorm,1952,0,1,137840
lm_head,1952,0,1,736
embedding,1953,0,1,56544
input_layernorm,1953,0,1,140047
rope,1953,0,1,161727
post_layernorm,1953,0,1,138768
gate_proj,1953,0,1,1184
up_proj,1953,0,1,736
act_fn,1953,0,1,94031
final_layernorm,1953,0,1,139087
lm_head,1953,0,1,736
embedding,1954,0,1,55920
input_layernorm,1954,0,1,140160
rope,1954,0,1,161648
post_layernorm,1954,0,1,139135
gate_proj,1954,0,1,1040
up_proj,1954,0,1,768
act_fn,1954,0,1,94479
final_layernorm,1954,0,1,138784
lm_head,1954,0,1,736
embedding,1955,0,1,55456
input_layernorm,1955,0,1,138655
rope,1955,0,1,157696
post_layernorm,1955,0,1,138048
gate_proj,1955,0,1,1215
up_proj,1955,0,1,736
act_fn,1955,0,1,94272
final_layernorm,1955,0,1,137870
lm_head,1955,0,1,736
embedding,1956,0,1,55792
input_layernorm,1956,0,1,139872
rope,1956,0,1,159487
post_layernorm,1956,0,1,138224
gate_proj,1956,0,1,1184
up_proj,1956,0,1,992
act_fn,1956,0,1,94288
final_layernorm,1956,0,1,138224
lm_head,1956,0,1,736
embedding,1957,0,1,55616
input_layernorm,1957,0,1,139696
rope,1957,0,1,158175
post_layernorm,1957,0,1,139841
gate_proj,1957,0,1,1024
up_proj,1957,0,1,736
act_fn,1957,0,1,94640
final_layernorm,1957,0,1,139071
lm_head,1957,0,1,736
embedding,1958,0,1,56480
input_layernorm,1958,0,1,140671
rope,1958,0,1,162817
post_layernorm,1958,0,1,139376
gate_proj,1958,0,1,1295
up_proj,1958,0,1,992
act_fn,1958,0,1,94384
final_layernorm,1958,0,1,139263
lm_head,1958,0,1,736
embedding,1959,0,1,57663
input_layernorm,1959,0,1,140880
rope,1959,0,1,164400
post_layernorm,1959,0,1,140207
gate_proj,1959,0,1,1008
up_proj,1959,0,1,992
act_fn,1959,0,1,94480
final_layernorm,1959,0,1,140079
lm_head,1959,0,1,736
embedding,1960,0,1,55248
input_layernorm,1960,0,1,139600
rope,1960,0,1,159358
post_layernorm,1960,0,1,138253
gate_proj,1960,0,1,1184
up_proj,1960,0,1,752
act_fn,1960,0,1,94927
final_layernorm,1960,0,1,137968
lm_head,1960,0,1,736
embedding,1961,0,1,55152
input_layernorm,1961,0,1,139280
rope,1961,0,1,157950
post_layernorm,1961,0,1,137984
gate_proj,1961,0,1,848
up_proj,1961,0,1,736
act_fn,1961,0,1,94703
final_layernorm,1961,0,1,138592
lm_head,1961,0,1,736
embedding,1962,0,1,57312
input_layernorm,1962,0,1,142064
rope,1962,0,1,164863
post_layernorm,1962,0,1,140977
gate_proj,1962,0,1,1151
up_proj,1962,0,1,1008
act_fn,1962,0,1,94719
final_layernorm,1962,0,1,140655
lm_head,1962,0,1,736
embedding,1963,0,1,57424
input_layernorm,1963,0,1,142063
rope,1963,0,1,163792
post_layernorm,1963,0,1,140160
gate_proj,1963,0,1,1136
up_proj,1963,0,1,880
act_fn,1963,0,1,94719
final_layernorm,1963,0,1,140911
lm_head,1963,0,1,736
embedding,1964,0,1,58015
input_layernorm,1964,0,1,142992
rope,1964,0,1,167456
post_layernorm,1964,0,1,141936
gate_proj,1964,0,1,1264
up_proj,1964,0,1,736
act_fn,1964,0,1,94816
final_layernorm,1964,0,1,141726
lm_head,1964,0,1,736
embedding,1965,0,1,57311
input_layernorm,1965,0,1,141872
rope,1965,0,1,164223
post_layernorm,1965,0,1,140320
gate_proj,1965,0,1,1136
up_proj,1965,0,1,736
act_fn,1965,0,1,94816
final_layernorm,1965,0,1,140575
lm_head,1965,0,1,736
embedding,1966,0,1,56576
input_layernorm,1966,0,1,141904
rope,1966,0,1,164865
post_layernorm,1966,0,1,140448
gate_proj,1966,0,1,1152
up_proj,1966,0,1,848
act_fn,1966,0,1,95023
final_layernorm,1966,0,1,140205
lm_head,1966,0,1,736
embedding,1967,0,1,55503
input_layernorm,1967,0,1,140303
rope,1967,0,1,158577
post_layernorm,1967,0,1,138305
gate_proj,1967,0,1,1231
up_proj,1967,0,1,848
act_fn,1967,0,1,94767
final_layernorm,1967,0,1,138720
lm_head,1967,0,1,736
embedding,1968,0,1,60432
input_layernorm,1968,0,1,145120
rope,1968,0,1,173808
post_layernorm,1968,0,1,144047
gate_proj,1968,0,1,1200
up_proj,1968,0,1,736
act_fn,1968,0,1,94975
final_layernorm,1968,0,1,144015
lm_head,1968,0,1,736
embedding,1969,0,1,56144
input_layernorm,1969,0,1,140911
rope,1969,0,1,159278
post_layernorm,1969,0,1,138943
gate_proj,1969,0,1,1168
up_proj,1969,0,1,864
act_fn,1969,0,1,94784
final_layernorm,1969,0,1,139968
lm_head,1969,0,1,736
embedding,1970,0,1,58320
input_layernorm,1970,0,1,143807
rope,1970,0,1,167519
post_layernorm,1970,0,1,142318
gate_proj,1970,0,1,1168
up_proj,1970,0,1,976
act_fn,1970,0,1,94943
final_layernorm,1970,0,1,142063
lm_head,1970,0,1,736
embedding,1971,0,1,57583
input_layernorm,1971,0,1,142623
rope,1971,0,1,164559
post_layernorm,1971,0,1,140879
gate_proj,1971,0,1,1184
up_proj,1971,0,1,864
act_fn,1971,0,1,95040
final_layernorm,1971,0,1,141167
lm_head,1971,0,1,736
embedding,1972,0,1,56480
input_layernorm,1972,0,1,141536
rope,1972,0,1,162608
post_layernorm,1972,0,1,140270
gate_proj,1972,0,1,1184
up_proj,1972,0,1,736
act_fn,1972,0,1,95136
final_layernorm,1972,0,1,140526
lm_head,1972,0,1,736
embedding,1973,0,1,58288
input_layernorm,1973,0,1,144000
rope,1973,0,1,166976
post_layernorm,1973,0,1,141966
gate_proj,1973,0,1,1152
up_proj,1973,0,1,736
act_fn,1973,0,1,95584
final_layernorm,1973,0,1,141969
lm_head,1973,0,1,736
embedding,1974,0,1,57360
input_layernorm,1974,0,1,142400
rope,1974,0,1,163518
post_layernorm,1974,0,1,141086
gate_proj,1974,0,1,1200
up_proj,1974,0,1,992
act_fn,1974,0,1,95104
final_layernorm,1974,0,1,140592
lm_head,1974,0,1,736
embedding,1975,0,1,55759
input_layernorm,1975,0,1,140511
rope,1975,0,1,159454
post_layernorm,1975,0,1,139167
gate_proj,1975,0,1,896
up_proj,1975,0,1,736
act_fn,1975,0,1,95423
final_layernorm,1975,0,1,139565
lm_head,1975,0,1,736
embedding,1976,0,1,57439
input_layernorm,1976,0,1,142622
rope,1976,0,1,165503
post_layernorm,1976,0,1,141231
gate_proj,1976,0,1,1184
up_proj,1976,0,1,863
act_fn,1976,0,1,95440
final_layernorm,1976,0,1,141232
lm_head,1976,0,1,736
embedding,1977,0,1,59744
input_layernorm,1977,0,1,145262
rope,1977,0,1,169423
post_layernorm,1977,0,1,144032
gate_proj,1977,0,1,1199
up_proj,1977,0,1,896
act_fn,1977,0,1,95583
final_layernorm,1977,0,1,143309
lm_head,1977,0,1,736
embedding,1978,0,1,57072
input_layernorm,1978,0,1,141713
rope,1978,0,1,161903
post_layernorm,1978,0,1,140575
gate_proj,1978,0,1,1135
up_proj,1978,0,1,864
act_fn,1978,0,1,95775
final_layernorm,1978,0,1,140210
lm_head,1978,0,1,736
embedding,1979,0,1,56783
input_layernorm,1979,0,1,141601
rope,1979,0,1,159279
post_layernorm,1979,0,1,140207
gate_proj,1979,0,1,1168
up_proj,1979,0,1,848
act_fn,1979,0,1,95567
final_layernorm,1979,0,1,139741
lm_head,1979,0,1,736
embedding,1980,0,1,58191
input_layernorm,1980,0,1,142623
rope,1980,0,1,164497
post_layernorm,1980,0,1,142048
gate_proj,1980,0,1,1168
up_proj,1980,0,1,736
act_fn,1980,0,1,95855
final_layernorm,1980,0,1,141182
lm_head,1980,0,1,736
embedding,1981,0,1,58768
input_layernorm,1981,0,1,143760
rope,1981,0,1,167567
post_layernorm,1981,0,1,142928
gate_proj,1981,0,1,1103
up_proj,1981,0,1,737
act_fn,1981,0,1,95792
final_layernorm,1981,0,1,142592
lm_head,1981,0,1,736
embedding,1982,0,1,57168
input_layernorm,1982,0,1,142239
rope,1982,0,1,161101
post_layernorm,1982,0,1,140959
gate_proj,1982,0,1,1168
up_proj,1982,0,1,864
act_fn,1982,0,1,95856
final_layernorm,1982,0,1,140816
lm_head,1982,0,1,736
embedding,1983,0,1,56752
input_layernorm,1983,0,1,142016
rope,1983,0,1,160783
post_layernorm,1983,0,1,140976
gate_proj,1983,0,1,1200
up_proj,1983,0,1,976
act_fn,1983,0,1,95807
final_layernorm,1983,0,1,140240
lm_head,1983,0,1,736
embedding,1984,0,1,58480
input_layernorm,1984,0,1,143520
rope,1984,0,1,166529
post_layernorm,1984,0,1,142416
gate_proj,1984,0,1,1152
up_proj,1984,0,1,848
act_fn,1984,0,1,95359
final_layernorm,1984,0,1,142544
lm_head,1984,0,1,736
embedding,1985,0,1,56928
input_layernorm,1985,0,1,141711
rope,1985,0,1,161248
post_layernorm,1985,0,1,141184
gate_proj,1985,0,1,1248
up_proj,1985,0,1,864
act_fn,1985,0,1,95919
final_layernorm,1985,0,1,140432
lm_head,1985,0,1,736
embedding,1986,0,1,59504
input_layernorm,1986,0,1,145391
rope,1986,0,1,170605
post_layernorm,1986,0,1,144448
gate_proj,1986,0,1,1152
up_proj,1986,0,1,864
act_fn,1986,0,1,96160
final_layernorm,1986,0,1,143647
lm_head,1986,0,1,736
embedding,1987,0,1,56448
input_layernorm,1987,0,1,141550
rope,1987,0,1,160271
post_layernorm,1987,0,1,140767
gate_proj,1987,0,1,1216
up_proj,1987,0,1,864
act_fn,1987,0,1,96079
final_layernorm,1987,0,1,141039
lm_head,1987,0,1,736
embedding,1988,0,1,57728
input_layernorm,1988,0,1,142384
rope,1988,0,1,163247
post_layernorm,1988,0,1,141550
gate_proj,1988,0,1,1168
up_proj,1988,0,1,736
act_fn,1988,0,1,95568
final_layernorm,1988,0,1,140913
lm_head,1988,0,1,736
embedding,1989,0,1,58336
input_layernorm,1989,0,1,144304
rope,1989,0,1,166336
post_layernorm,1989,0,1,142767
gate_proj,1989,0,1,1247
up_proj,1989,0,1,736
act_fn,1989,0,1,96111
final_layernorm,1989,0,1,142254
lm_head,1989,0,1,736
embedding,1990,0,1,57984
input_layernorm,1990,0,1,143600
rope,1990,0,1,165472
post_layernorm,1990,0,1,142432
gate_proj,1990,0,1,1168
up_proj,1990,0,1,863
act_fn,1990,0,1,96127
final_layernorm,1990,0,1,142096
lm_head,1990,0,1,736
embedding,1991,0,1,59216
input_layernorm,1991,0,1,144640
rope,1991,0,1,170320
post_layernorm,1991,0,1,144687
gate_proj,1991,0,1,1392
up_proj,1991,0,1,736
act_fn,1991,0,1,96048
final_layernorm,1991,0,1,143984
lm_head,1991,0,1,736
embedding,1992,0,1,58976
input_layernorm,1992,0,1,143407
rope,1992,0,1,166016
post_layernorm,1992,0,1,142607
gate_proj,1992,0,1,1216
up_proj,1992,0,1,992
act_fn,1992,0,1,96271
final_layernorm,1992,0,1,141920
lm_head,1992,0,1,736
embedding,1993,0,1,58928
input_layernorm,1993,0,1,144607
rope,1993,0,1,168511
post_layernorm,1993,0,1,143967
gate_proj,1993,0,1,1216
up_proj,1993,0,1,976
act_fn,1993,0,1,95936
final_layernorm,1993,0,1,143199
lm_head,1993,0,1,736
embedding,1994,0,1,57520
input_layernorm,1994,0,1,143873
rope,1994,0,1,167246
post_layernorm,1994,0,1,143280
gate_proj,1994,0,1,1216
up_proj,1994,0,1,736
act_fn,1994,0,1,96080
final_layernorm,1994,0,1,142959
lm_head,1994,0,1,736
embedding,1995,0,1,57631
input_layernorm,1995,0,1,143472
rope,1995,0,1,166031
post_layernorm,1995,0,1,142768
gate_proj,1995,0,1,1168
up_proj,1995,0,1,752
act_fn,1995,0,1,96224
final_layernorm,1995,0,1,142480
lm_head,1995,0,1,736
embedding,1996,0,1,59280
input_layernorm,1996,0,1,145135
rope,1996,0,1,169776
post_layernorm,1996,0,1,144304
gate_proj,1996,0,1,1120
up_proj,1996,0,1,736
act_fn,1996,0,1,96575
final_layernorm,1996,0,1,143806
lm_head,1996,0,1,736
embedding,1997,0,1,58928
input_layernorm,1997,0,1,145600
rope,1997,0,1,169615
post_layernorm,1997,0,1,144784
gate_proj,1997,0,1,1248
up_proj,1997,0,1,879
act_fn,1997,0,1,96416
final_layernorm,1997,0,1,144112
lm_head,1997,0,1,736
embedding,1998,0,1,57887
input_layernorm,1998,0,1,144606
rope,1998,0,1,165087
post_layernorm,1998,0,1,142929
gate_proj,1998,0,1,1168
up_proj,1998,0,1,736
act_fn,1998,0,1,96639
final_layernorm,1998,0,1,143390
lm_head,1998,0,1,736
embedding,1999,0,1,59775
input_layernorm,1999,0,1,146687
rope,1999,0,1,170349
post_layernorm,1999,0,1,145440
gate_proj,1999,0,1,1232
up_proj,1999,0,1,976
act_fn,1999,0,1,96383
final_layernorm,1999,0,1,144399
lm_head,1999,0,1,736
embedding,2000,0,1,56368
input_layernorm,2000,0,1,142270
rope,2000,0,1,160367
post_layernorm,2000,0,1,141151
gate_proj,2000,0,1,1168
up_proj,2000,0,1,752
act_fn,2000,0,1,96608
final_layernorm,2000,0,1,140720
lm_head,2000,0,1,736
embedding,2001,0,1,57920
input_layernorm,2001,0,1,145215
rope,2001,0,1,166671
post_layernorm,2001,0,1,144000
gate_proj,2001,0,1,1184
up_proj,2001,0,1,864
act_fn,2001,0,1,96720
final_layernorm,2001,0,1,142912
lm_head,2001,0,1,736
embedding,2002,0,1,56816
input_layernorm,2002,0,1,142815
rope,2002,0,1,162127
post_layernorm,2002,0,1,142078
gate_proj,2002,0,1,1216
up_proj,2002,0,1,864
act_fn,2002,0,1,96640
final_layernorm,2002,0,1,141663
lm_head,2002,0,1,736
embedding,2003,0,1,58480
input_layernorm,2003,0,1,145168
rope,2003,0,1,168033
post_layernorm,2003,0,1,144193
gate_proj,2003,0,1,1151
up_proj,2003,0,1,736
act_fn,2003,0,1,96415
final_layernorm,2003,0,1,143311
lm_head,2003,0,1,736
embedding,2004,0,1,57488
input_layernorm,2004,0,1,144065
rope,2004,0,1,166479
post_layernorm,2004,0,1,143120
gate_proj,2004,0,1,1152
up_proj,2004,0,1,736
act_fn,2004,0,1,96655
final_layernorm,2004,0,1,143168
lm_head,2004,0,1,736
embedding,2005,0,1,57760
input_layernorm,2005,0,1,145728
rope,2005,0,1,165999
post_layernorm,2005,0,1,143567
gate_proj,2005,0,1,1295
up_proj,2005,0,1,736
act_fn,2005,0,1,97071
final_layernorm,2005,0,1,143502
lm_head,2005,0,1,736
embedding,2006,0,1,58063
input_layernorm,2006,0,1,145039
rope,2006,0,1,167184
post_layernorm,2006,0,1,144782
gate_proj,2006,0,1,1152
up_proj,2006,0,1,864
act_fn,2006,0,1,96992
final_layernorm,2006,0,1,143791
lm_head,2006,0,1,736
embedding,2007,0,1,58544
input_layernorm,2007,0,1,146448
rope,2007,0,1,168974
post_layernorm,2007,0,1,145215
gate_proj,2007,0,1,1248
up_proj,2007,0,1,864
act_fn,2007,0,1,96848
final_layernorm,2007,0,1,144416
lm_head,2007,0,1,736
embedding,2008,0,1,60032
input_layernorm,2008,0,1,146623
rope,2008,0,1,170655
post_layernorm,2008,0,1,144976
gate_proj,2008,0,1,1184
up_proj,2008,0,1,752
act_fn,2008,0,1,96943
final_layernorm,2008,0,1,144799
lm_head,2008,0,1,736
embedding,2009,0,1,55967
input_layernorm,2009,0,1,143134
rope,2009,0,1,161726
post_layernorm,2009,0,1,141888
gate_proj,2009,0,1,959
up_proj,2009,0,1,879
act_fn,2009,0,1,96976
final_layernorm,2009,0,1,142174
lm_head,2009,0,1,736
embedding,2010,0,1,57008
input_layernorm,2010,0,1,144031
rope,2010,0,1,163904
post_layernorm,2010,0,1,142928
gate_proj,2010,0,1,1168
up_proj,2010,0,1,864
act_fn,2010,0,1,97296
final_layernorm,2010,0,1,143071
lm_head,2010,0,1,736
embedding,2011,0,1,60319
input_layernorm,2011,0,1,147456
rope,2011,0,1,171951
post_layernorm,2011,0,1,146144
gate_proj,2011,0,1,1152
up_proj,2011,0,1,736
act_fn,2011,0,1,97183
final_layernorm,2011,0,1,145680
lm_head,2011,0,1,736
embedding,2012,0,1,58927
input_layernorm,2012,0,1,145488
rope,2012,0,1,168192
post_layernorm,2012,0,1,144144
gate_proj,2012,0,1,1168
up_proj,2012,0,1,864
act_fn,2012,0,1,97215
final_layernorm,2012,0,1,143390
lm_head,2012,0,1,736
embedding,2013,0,1,57583
input_layernorm,2013,0,1,144608
rope,2013,0,1,164592
post_layernorm,2013,0,1,143805
gate_proj,2013,0,1,1152
up_proj,2013,0,1,752
act_fn,2013,0,1,97103
final_layernorm,2013,0,1,142225
lm_head,2013,0,1,736
embedding,2014,0,1,57344
input_layernorm,2014,0,1,143743
rope,2014,0,1,162575
post_layernorm,2014,0,1,142959
gate_proj,2014,0,1,1280
up_proj,2014,0,1,752
act_fn,2014,0,1,97359
final_layernorm,2014,0,1,142129
lm_head,2014,0,1,736
embedding,2015,0,1,58688
input_layernorm,2015,0,1,146415
rope,2015,0,1,167838
post_layernorm,2015,0,1,144863
gate_proj,2015,0,1,1136
up_proj,2015,0,1,736
act_fn,2015,0,1,97375
final_layernorm,2015,0,1,144719
lm_head,2015,0,1,736
embedding,2016,0,1,59391
input_layernorm,2016,0,1,146353
rope,2016,0,1,169663
post_layernorm,2016,0,1,144703
gate_proj,2016,0,1,1136
up_proj,2016,0,1,992
act_fn,2016,0,1,97247
final_layernorm,2016,0,1,144317
lm_head,2016,0,1,736
embedding,2017,0,1,58848
input_layernorm,2017,0,1,146080
rope,2017,0,1,166479
post_layernorm,2017,0,1,144623
gate_proj,2017,0,1,1216
up_proj,2017,0,1,736
act_fn,2017,0,1,96703
final_layernorm,2017,0,1,144592
lm_head,2017,0,1,736
embedding,2018,0,1,60703
input_layernorm,2018,0,1,147984
rope,2018,0,1,171328
post_layernorm,2018,0,1,146832
gate_proj,2018,0,1,1328
up_proj,2018,0,1,992
act_fn,2018,0,1,96959
final_layernorm,2018,0,1,145919
lm_head,2018,0,1,736
embedding,2019,0,1,57424
input_layernorm,2019,0,1,144256
rope,2019,0,1,162847
post_layernorm,2019,0,1,143056
gate_proj,2019,0,1,1024
up_proj,2019,0,1,736
act_fn,2019,0,1,96448
final_layernorm,2019,0,1,143150
lm_head,2019,0,1,736
embedding,2020,0,1,59920
input_layernorm,2020,0,1,147647
rope,2020,0,1,172064
post_layernorm,2020,0,1,147488
gate_proj,2020,0,1,1152
up_proj,2020,0,1,864
act_fn,2020,0,1,96704
final_layernorm,2020,0,1,146175
lm_head,2020,0,1,736
embedding,2021,0,1,58575
input_layernorm,2021,0,1,146334
rope,2021,0,1,165550
post_layernorm,2021,0,1,144272
gate_proj,2021,0,1,1135
up_proj,2021,0,1,752
act_fn,2021,0,1,96880
final_layernorm,2021,0,1,143856
lm_head,2021,0,1,736
embedding,2022,0,1,60128
input_layernorm,2022,0,1,147743
rope,2022,0,1,170624
post_layernorm,2022,0,1,147200
gate_proj,2022,0,1,1184
up_proj,2022,0,1,976
act_fn,2022,0,1,97200
final_layernorm,2022,0,1,146017
lm_head,2022,0,1,736
embedding,2023,0,1,58704
input_layernorm,2023,0,1,146464
rope,2023,0,1,167664
post_layernorm,2023,0,1,145584
gate_proj,2023,0,1,1152
up_proj,2023,0,1,736
act_fn,2023,0,1,96911
final_layernorm,2023,0,1,145585
lm_head,2023,0,1,736
embedding,2024,0,1,58368
input_layernorm,2024,0,1,145743
rope,2024,0,1,166432
post_layernorm,2024,0,1,144625
gate_proj,2024,0,1,1200
up_proj,2024,0,1,736
act_fn,2024,0,1,97680
final_layernorm,2024,0,1,144397
lm_head,2024,0,1,736
embedding,2025,0,1,58639
input_layernorm,2025,0,1,146191
rope,2025,0,1,166239
post_layernorm,2025,0,1,145391
gate_proj,2025,0,1,1232
up_proj,2025,0,1,736
act_fn,2025,0,1,97008
final_layernorm,2025,0,1,145008
lm_head,2025,0,1,736
embedding,2026,0,1,57503
input_layernorm,2026,0,1,145631
rope,2026,0,1,165199
post_layernorm,2026,0,1,144576
gate_proj,2026,0,1,1231
up_proj,2026,0,1,752
act_fn,2026,0,1,96959
final_layernorm,2026,0,1,143902
lm_head,2026,0,1,736
embedding,2027,0,1,59632
input_layernorm,2027,0,1,147217
rope,2027,0,1,168784
post_layernorm,2027,0,1,146831
gate_proj,2027,0,1,1200
up_proj,2027,0,1,736
act_fn,2027,0,1,96991
final_layernorm,2027,0,1,145454
lm_head,2027,0,1,736
embedding,2028,0,1,57456
input_layernorm,2028,0,1,145472
rope,2028,0,1,164688
post_layernorm,2028,0,1,144192
gate_proj,2028,0,1,1216
up_proj,2028,0,1,736
act_fn,2028,0,1,97247
final_layernorm,2028,0,1,143583
lm_head,2028,0,1,736
embedding,2029,0,1,59840
input_layernorm,2029,0,1,149182
rope,2029,0,1,171199
post_layernorm,2029,0,1,147968
gate_proj,2029,0,1,1168
up_proj,2029,0,1,992
act_fn,2029,0,1,97295
final_layernorm,2029,0,1,147200
lm_head,2029,0,1,736
embedding,2030,0,1,58912
input_layernorm,2030,0,1,146495
rope,2030,0,1,166752
post_layernorm,2030,0,1,145647
gate_proj,2030,0,1,880
up_proj,2030,0,1,864
act_fn,2030,0,1,97568
final_layernorm,2030,0,1,145776
lm_head,2030,0,1,736
embedding,2031,0,1,60464
input_layernorm,2031,0,1,148896
rope,2031,0,1,171583
post_layernorm,2031,0,1,147647
gate_proj,2031,0,1,1168
up_proj,2031,0,1,896
act_fn,2031,0,1,97343
final_layernorm,2031,0,1,146686
lm_head,2031,0,1,736
embedding,2032,0,1,60287
input_layernorm,2032,0,1,148398
rope,2032,0,1,172512
post_layernorm,2032,0,1,147376
gate_proj,2032,0,1,1216
up_proj,2032,0,1,991
act_fn,2032,0,1,97280
final_layernorm,2032,0,1,146832
lm_head,2032,0,1,736
embedding,2033,0,1,60160
input_layernorm,2033,0,1,149743
rope,2033,0,1,172463
post_layernorm,2033,0,1,148287
gate_proj,2033,0,1,1136
up_proj,2033,0,1,736
act_fn,2033,0,1,97630
final_layernorm,2033,0,1,146863
lm_head,2033,0,1,736
embedding,2034,0,1,57488
input_layernorm,2034,0,1,146384
rope,2034,0,1,163535
post_layernorm,2034,0,1,144991
gate_proj,2034,0,1,1232
up_proj,2034,0,1,736
act_fn,2034,0,1,97472
final_layernorm,2034,0,1,144417
lm_head,2034,0,1,736
embedding,2035,0,1,60048
input_layernorm,2035,0,1,149409
rope,2035,0,1,171246
post_layernorm,2035,0,1,147934
gate_proj,2035,0,1,1184
up_proj,2035,0,1,736
act_fn,2035,0,1,97487
final_layernorm,2035,0,1,146672
lm_head,2035,0,1,736
embedding,2036,0,1,58831
input_layernorm,2036,0,1,148065
rope,2036,0,1,167921
post_layernorm,2036,0,1,146192
gate_proj,2036,0,1,1264
up_proj,2036,0,1,864
act_fn,2036,0,1,97567
final_layernorm,2036,0,1,145760
lm_head,2036,0,1,736
embedding,2037,0,1,58959
input_layernorm,2037,0,1,148031
rope,2037,0,1,167327
post_layernorm,2037,0,1,146640
gate_proj,2037,0,1,1200
up_proj,2037,0,1,864
act_fn,2037,0,1,97648
final_layernorm,2037,0,1,146287
lm_head,2037,0,1,736
embedding,2038,0,1,59008
input_layernorm,2038,0,1,148368
rope,2038,0,1,169360
post_layernorm,2038,0,1,147119
gate_proj,2038,0,1,1168
up_proj,2038,0,1,752
act_fn,2038,0,1,97296
final_layernorm,2038,0,1,146160
lm_head,2038,0,1,736
embedding,2039,0,1,60287
input_layernorm,2039,0,1,149486
rope,2039,0,1,171679
post_layernorm,2039,0,1,148288
gate_proj,2039,0,1,1168
up_proj,2039,0,1,864
act_fn,2039,0,1,97855
final_layernorm,2039,0,1,147327
lm_head,2039,0,1,736
embedding,2040,0,1,57472
input_layernorm,2040,0,1,146239
rope,2040,0,1,164561
post_layernorm,2040,0,1,145631
gate_proj,2040,0,1,1136
up_proj,2040,0,1,863
act_fn,2040,0,1,98255
final_layernorm,2040,0,1,144704
lm_head,2040,0,1,736
embedding,2041,0,1,57663
input_layernorm,2041,0,1,145776
rope,2041,0,1,163247
post_layernorm,2041,0,1,144830
gate_proj,2041,0,1,1136
up_proj,2041,0,1,736
act_fn,2041,0,1,97711
final_layernorm,2041,0,1,144557
lm_head,2041,0,1,736
embedding,2042,0,1,58799
input_layernorm,2042,0,1,148128
rope,2042,0,1,168799
post_layernorm,2042,0,1,147055
gate_proj,2042,0,1,1168
up_proj,2042,0,1,992
act_fn,2042,0,1,97887
final_layernorm,2042,0,1,146319
lm_head,2042,0,1,736
embedding,2043,0,1,58240
input_layernorm,2043,0,1,147041
rope,2043,0,1,164175
post_layernorm,2043,0,1,145601
gate_proj,2043,0,1,1232
up_proj,2043,0,1,736
act_fn,2043,0,1,97919
final_layernorm,2043,0,1,145120
lm_head,2043,0,1,736
embedding,2044,0,1,61392
input_layernorm,2044,0,1,150849
rope,2044,0,1,174863
post_layernorm,2044,0,1,149280
gate_proj,2044,0,1,880
up_proj,2044,0,1,736
act_fn,2044,0,1,98368
final_layernorm,2044,0,1,148288
lm_head,2044,0,1,736
embedding,2045,0,1,57424
input_layernorm,2045,0,1,145855
rope,2045,0,1,161856
post_layernorm,2045,0,1,144687
gate_proj,2045,0,1,1296
up_proj,2045,0,1,736
act_fn,2045,0,1,97728
final_layernorm,2045,0,1,144257
lm_head,2045,0,1,736
embedding,2046,0,1,60304
input_layernorm,2046,0,1,149600
rope,2046,0,1,172128
post_layernorm,2046,0,1,148320
gate_proj,2046,0,1,1152
up_proj,2046,0,1,880
act_fn,2046,0,1,98255
final_layernorm,2046,0,1,147584
lm_head,2046,0,1,736
embedding,2047,0,1,58256
input_layernorm,2047,0,1,146638
rope,2047,0,1,163025
post_layernorm,2047,0,1,144816
gate_proj,2047,0,1,1184
up_proj,2047,0,1,863
act_fn,2047,0,1,97936
final_layernorm,2047,0,1,144784
lm_head,2047,0,1,736
embedding,2048,0,1,60528
input_layernorm,2048,0,1,148815
rope,2048,0,1,171760
post_layernorm,2048,0,1,147870
gate_proj,2048,0,1,1120
up_proj,2048,0,1,736
act_fn,2048,0,1,98415
final_layernorm,2048,0,1,146736
lm_head,2048,0,1,736
