batch_size,kv_cache_size,prediction
1,0,5431
1,64,5434
1,128,6922
1,192,8806
1,256,10313
1,320,12054
1,384,13734
1,448,15453
1,512,17161
1,576,18911
1,640,20586
1,704,22304
1,768,23930
1,832,25672
1,896,27311
1,960,29065
1,1024,30666
1,1088,31886
1,1152,33582
1,1216,35198
1,1280,36961
1,1344,38581
1,1408,40380
1,1472,42022
1,1536,43746
1,1600,45519
1,1664,47168
1,1728,48832
1,1792,50478
1,1856,52171
1,1920,53823
1,1984,55467
1,2048,57143
2,0,5229
2,64,5242
2,128,5683
2,192,7430
2,256,7753
2,320,9079
2,384,9380
2,448,10762
2,512,10982
2,576,12408
2,640,12667
2,704,14031
2,768,14316
2,832,15748
2,896,16030
2,960,17434
2,1024,17608
2,1088,18791
2,1152,19326
2,1216,20535
2,1280,21051
2,1344,22126
2,1408,22679
2,1472,23827
2,1536,24370
2,1600,25597
2,1664,26119
2,1728,27274
2,1792,27860
2,1856,28987
2,1920,29528
2,1984,30631
2,2048,31192
3,0,5249
3,64,5250
3,128,5272
3,192,5485
3,256,7100
3,320,7410
3,384,7538
3,448,8923
3,512,9040
3,576,9176
3,640,10604
3,704,10744
3,768,10872
3,832,12336
3,896,12434
3,960,12596
3,1024,14082
3,1088,14155
3,1152,14276
3,1216,15320
3,1280,15728
3,1344,15957
3,1408,17046
3,1472,17427
3,1536,17600
3,1600,18781
3,1664,19191
3,1728,19352
3,1792,20404
3,1856,20835
3,1920,20997
3,1984,22163
3,2048,22572
4,0,5278
4,64,5279
4,128,5282
4,192,5332
4,256,5669
4,320,7206
4,384,7402
4,448,7527
4,512,7680
4,576,8920
4,640,9017
4,704,9133
4,768,9274
4,832,10653
4,896,10760
4,960,10788
4,1024,10907
4,1088,12009
4,1152,12397
4,1216,12522
4,1280,12657
4,1344,13833
4,1408,14140
4,1472,14188
4,1536,14376
4,1600,15454
4,1664,15814
4,1728,15910
4,1792,16084
4,1856,17080
4,1920,17428
4,1984,17563
4,2048,17673
5,0,5315
5,64,5315
5,128,5321
5,192,5366
5,256,5382
5,320,5798
5,384,7308
5,448,7484
5,512,7523
5,576,7578
5,640,7778
5,704,9075
5,768,9134
5,832,9216
5,896,9228
5,960,9353
5,1024,10794
5,1088,10867
5,1152,10926
5,1216,10967
5,1280,11063
5,1344,12232
5,1408,12489
5,1472,12521
5,1536,12593
5,1600,12906
5,1664,13896
5,1728,14207
5,1792,14277
5,1856,14325
5,1920,14466
5,1984,15559
5,2048,15890
6,0,5343
6,64,5344
6,128,5348
6,192,5403
6,256,5442
6,320,5442
6,384,5858
6,448,7317
6,512,7512
6,576,7503
6,640,7573
6,704,7621
6,768,7822
6,832,9114
6,896,9106
6,960,9169
6,1024,9271
6,1088,9300
6,1152,9523
6,1216,10512
6,1280,10762
6,1344,10846
6,1408,10958
6,1472,10994
6,1536,11173
6,1600,12306
6,1664,12501
6,1728,12562
6,1792,12611
6,1856,12664
6,1920,12817
6,1984,13870
6,2048,14110
7,0,5410
7,64,5407
7,128,5411
7,192,5493
7,256,5510
7,320,5473
7,384,5490
7,448,5942
7,512,7415
7,576,7558
7,640,7635
7,704,7607
7,768,7639
7,832,7752
7,896,7888
7,960,9123
7,1024,9263
7,1088,9251
7,1152,9349
7,1216,9412
7,1280,9506
7,1344,9804
7,1408,10656
7,1472,10854
7,1536,10906
7,1600,11086
7,1664,11082
7,1728,11160
7,1792,11423
7,1856,12252
7,1920,12539
7,1984,12631
7,2048,12650
8,0,5431
8,64,5418
8,128,5437
8,192,5498
8,256,5523
8,320,5475
8,384,5494
8,448,5600
8,512,6075
8,576,7458
8,640,7659
8,704,7630
8,768,7641
8,832,7687
8,896,7609
8,960,7689
8,1024,7852
8,1088,8988
8,1152,9290
8,1216,9309
8,1280,9360
8,1344,9426
8,1408,9474
8,1472,9537
8,1536,9759
8,1600,10815
8,1664,10975
8,1728,11017
8,1792,11118
8,1856,11119
8,1920,11163
8,1984,11245
8,2048,11506
9,0,6934
9,64,6921
9,128,6942
9,192,7037
9,256,7062
9,320,7037
9,384,7065
9,448,7082
9,512,7072
9,576,7273
9,640,9453
9,704,9718
9,768,9775
9,832,9838
9,896,9958
9,960,10009
9,1024,9982
9,1088,10011
9,1152,10222
9,1216,11716
9,1280,12169
9,1344,12551
9,1408,12521
9,1472,12528
9,1536,12595
9,1600,12722
9,1664,12754
9,1728,13057
9,1792,14611
9,1856,14943
9,1920,15163
9,1984,15291
9,2048,15433
10,0,6953
10,64,6946
10,128,6970
10,192,7063
10,256,7069
10,320,7041
10,384,7073
10,448,7111
10,512,7141
10,576,7136
10,640,7735
10,704,9607
10,768,9816
10,832,9867
10,896,9977
10,960,10013
10,1024,9982
10,1088,9961
10,1152,10066
10,1216,10223
10,1280,10523
10,1344,12149
10,1408,12440
10,1472,12561
10,1536,12619
10,1600,12650
10,1664,12660
10,1728,12758
10,1792,12969
10,1856,12893
10,1920,13213
10,1984,14766
10,2048,15258
11,0,6947
11,64,6945
11,128,6972
11,192,7068
11,256,7081
11,320,7060
11,384,7084
11,448,7134
11,512,7159
11,576,7142
11,640,7210
11,704,7740
11,768,9586
11,832,9855
11,896,9977
11,960,10031
11,1024,9969
11,1088,9969
11,1152,10068
11,1216,10020
11,1280,10074
11,1344,10277
11,1408,10640
11,1472,12064
11,1536,12439
11,1600,12605
11,1664,12610
11,1728,12728
11,1792,12834
11,1856,12719
11,1920,12808
11,1984,12917
11,2048,13091
12,0,6951
12,64,6955
12,128,6975
12,192,7069
12,256,7092
12,320,7050
12,384,7131
12,448,7165
12,512,7149
12,576,7161
12,640,7215
12,704,7225
12,768,7639
12,832,9703
12,896,9968
12,960,10007
12,1024,9941
12,1088,10024
12,1152,10067
12,1216,9996
12,1280,10083
12,1344,10071
12,1408,10126
12,1472,10358
12,1536,10609
12,1600,12119
12,1664,12415
12,1728,12659
12,1792,12773
12,1856,12688
12,1920,12733
12,1984,12828
12,2048,12916
13,0,6966
13,64,6954
13,128,6976
13,192,7070
13,256,7099
13,320,7064
13,384,7164
13,448,7194
13,512,7179
13,576,7252
13,640,7260
13,704,7267
13,768,7290
13,832,7864
13,896,9765
13,960,9967
13,1024,9922
13,1088,10006
13,1152,10008
13,1216,9979
13,1280,10098
13,1344,10059
13,1408,10125
13,1472,10197
13,1536,10189
13,1600,10340
13,1664,10625
13,1728,12085
13,1792,12518
13,1856,12734
13,1920,12699
13,1984,12768
13,2048,12876
14,0,6998
14,64,6985
14,128,7004
14,192,7100
14,256,7125
14,320,7133
14,384,7173
14,448,7221
14,512,7206
14,576,7264
14,640,7286
14,704,7300
14,768,7276
14,832,7326
14,896,7860
14,960,9745
14,1024,9918
14,1088,10007
14,1152,10027
14,1216,9980
14,1280,10104
14,1344,10073
14,1408,10160
14,1472,10223
14,1536,10177
14,1600,10138
14,1664,10198
14,1728,10460
14,1792,10697
14,1856,12218
14,1920,12502
14,1984,12730
14,2048,12837
15,0,7007
15,64,7005
15,128,7010
15,192,7122
15,256,7133
15,320,7162
15,384,7198
15,448,7233
15,512,7273
15,576,7286
15,640,7275
15,704,7353
15,768,7342
15,832,7385
15,896,7433
15,960,7947
15,1024,9899
15,1088,9986
15,1152,9997
15,1216,10044
15,1280,10080
15,1344,10059
15,1408,10168
15,1472,10231
15,1536,10183
15,1600,10161
15,1664,10273
15,1728,10295
15,1792,10251
15,1856,10561
15,1920,10728
15,1984,12273
15,2048,12627
16,0,7011
16,64,7011
16,128,7035
16,192,7151
16,256,7158
16,320,7190
16,384,7231
16,448,7283
16,512,7314
16,576,7324
16,640,7310
16,704,7385
16,768,7460
16,832,7450
16,896,7481
16,960,7537
16,1024,7732
16,1088,9466
16,1152,9876
16,1216,10029
16,1280,10048
16,1344,10047
16,1408,10157
16,1472,10235
16,1536,10214
16,1600,10202
16,1664,10285
16,1728,10290
16,1792,10264
16,1856,10423
16,1920,10381
16,1984,10731
16,2048,11119
17,0,10257
17,64,10275
17,128,10321
17,192,10397
17,256,10392
17,320,10405
17,384,10410
17,448,10452
17,512,10443
17,576,10497
17,640,10554
17,704,10554
17,768,10611
17,832,10582
17,896,10660
17,960,10684
17,1024,10750
17,1088,10838
17,1152,13313
17,1216,14441
17,1280,14650
17,1344,14669
17,1408,14722
17,1472,14795
17,1536,14800
17,1600,14846
17,1664,14904
17,1728,14900
17,1792,14904
17,1856,14979
17,1920,14930
17,1984,14980
17,2048,15048
18,0,10319
18,64,10338
18,128,10386
18,192,10482
18,256,10478
18,320,10536
18,384,10561
18,448,10780
18,512,11449
18,576,11628
18,640,11676
18,704,11670
18,768,11777
18,832,11782
18,896,11808
18,960,11848
18,1024,11838
18,1088,11865
18,1152,12422
18,1216,14315
18,1280,14824
18,1344,14884
18,1408,14927
18,1472,14973
18,1536,14972
18,1600,15007
18,1664,15079
18,1728,15077
18,1792,15103
18,1856,15166
18,1920,15143
18,1984,15163
18,2048,15236
19,0,10417
19,64,10399
19,128,10410
19,192,10544
19,256,10579
19,320,11260
19,384,11655
19,448,11720
19,512,11792
19,576,11832
19,640,11866
19,704,11898
19,768,11924
19,832,11893
19,896,11949
19,960,11977
19,1024,11972
19,1088,11995
19,1152,12079
19,1216,12783
19,1280,14484
19,1344,15005
19,1408,15037
19,1472,15085
19,1536,15077
19,1600,15108
19,1664,15178
19,1728,15174
19,1792,15180
19,1856,15273
19,1920,15332
19,1984,15312
19,2048,15327
20,0,11418
20,64,11362
20,128,11441
20,192,11580
20,256,11626
20,320,11700
20,384,11803
20,448,11802
20,512,11860
20,576,11897
20,640,11915
20,704,11950
20,768,12010
20,832,12002
20,896,12047
20,960,12097
20,1024,12080
20,1088,12071
20,1152,12094
20,1216,12197
20,1280,12831
20,1344,14617
20,1408,15030
20,1472,15128
20,1536,15116
20,1600,15163
20,1664,15223
20,1728,15227
20,1792,15221
20,1856,15290
20,1920,15355
20,1984,15355
20,2048,15363
21,0,11675
21,64,11741
21,128,11759
21,192,11876
21,256,11848
21,320,11869
21,384,11891
21,448,11945
21,512,11937
21,576,11969
21,640,11998
21,704,12050
21,768,12120
21,832,12108
21,896,12147
21,960,12185
21,1024,12175
21,1088,12187
21,1152,12219
21,1216,12264
21,1280,12344
21,1344,13098
21,1408,14578
21,1472,15079
21,1536,15160
21,1600,15207
21,1664,15269
21,1728,15280
21,1792,15307
21,1856,15314
21,1920,15390
21,1984,15407
21,2048,15447
22,0,11776
22,64,11801
22,128,11841
22,192,11942
22,256,11954
22,320,11949
22,384,11973
22,448,11974
22,512,12051
22,576,12046
22,640,12090
22,704,12102
22,768,12211
22,832,12192
22,896,12261
22,960,12261
22,1024,12265
22,1088,12281
22,1152,12317
22,1216,12367
22,1280,12374
22,1344,12542
22,1408,13045
22,1472,14599
22,1536,15186
22,1600,15315
22,1664,15361
22,1728,15366
22,1792,15429
22,1856,15538
22,1920,15781
22,1984,16633
22,2048,16953
23,0,11814
23,64,11849
23,128,11888
23,192,12003
23,256,11981
23,320,11947
23,384,11986
23,448,12000
23,512,12060
23,576,12063
23,640,12093
23,704,12113
23,768,12234
23,832,12204
23,896,12263
23,960,12266
23,1024,12284
23,1088,12287
23,1152,12318
23,1216,12358
23,1280,12384
23,1344,12464
23,1408,12539
23,1472,12993
23,1536,14677
23,1600,15390
23,1664,15537
23,1728,15577
23,1792,15774
23,1856,16614
23,1920,16853
23,1984,16966
23,2048,17060
24,0,11872
24,64,11919
24,128,11938
24,192,12056
24,256,12049
24,320,12035
24,384,12073
24,448,12075
24,512,12103
24,576,12138
24,640,12163
24,704,12196
24,768,12313
24,832,12289
24,896,12351
24,960,12374
24,1024,12345
24,1088,12377
24,1152,12417
24,1216,12442
24,1280,12455
24,1344,12538
24,1408,12526
24,1472,12653
24,1536,13342
24,1600,15814
24,1664,16766
24,1728,16938
24,1792,17063
24,1856,17156
24,1920,17241
24,1984,17250
24,2048,17295
25,0,11922
25,64,11945
25,128,11968
25,192,12087
25,256,12098
25,320,12059
25,384,12101
25,448,12110
25,512,12132
25,576,12165
25,640,12190
25,704,12225
25,768,12316
25,832,12288
25,896,12334
25,960,12342
25,1024,12353
25,1088,12380
25,1152,12434
25,1216,12450
25,1280,12478
25,1344,12591
25,1408,12547
25,1472,12567
25,1536,12680
25,1600,13625
25,1664,16259
25,1728,17128
25,1792,17278
25,1856,17270
25,1920,17298
25,1984,17307
25,2048,17338
26,0,11940
26,64,11966
26,128,11989
26,192,12116
26,256,12097
26,320,12088
26,384,12122
26,448,12148
26,512,12171
26,576,12195
26,640,12217
26,704,12249
26,768,12355
26,832,12310
26,896,12355
26,960,12374
26,1024,12383
26,1088,12389
26,1152,12425
26,1216,12454
26,1280,12498
26,1344,12585
26,1408,12545
26,1472,12549
26,1536,12572
26,1600,12728
26,1664,13505
26,1728,16241
26,1792,17171
26,1856,17312
26,1920,17358
26,1984,17351
26,2048,17374
27,0,11967
27,64,11995
27,128,12000
27,192,12136
27,256,12116
27,320,12096
27,384,12136
27,448,12141
27,512,12170
27,576,12211
27,640,12227
27,704,12278
27,768,12370
27,832,12318
27,896,12367
27,960,12387
27,1024,12377
27,1088,12407
27,1152,12445
27,1216,12471
27,1280,12489
27,1344,12617
27,1408,12547
27,1472,12545
27,1536,12558
27,1600,12615
27,1664,12714
27,1728,13689
27,1792,16403
27,1856,17272
27,1920,17439
27,1984,17435
27,2048,17444
28,0,11998
28,64,12027
28,128,12027
28,192,12151
28,256,12163
28,320,12128
28,384,12166
28,448,12185
28,512,12214
28,576,12233
28,640,12256
28,704,12286
28,768,12379
28,832,12343
28,896,12393
28,960,12425
28,1024,12423
28,1088,12447
28,1152,12473
28,1216,12484
28,1280,12507
28,1344,12610
28,1408,12551
28,1472,12553
28,1536,12593
28,1600,12612
28,1664,12641
28,1728,12765
28,1792,13747
28,1856,16476
28,1920,17353
28,1984,17438
28,2048,17472
29,0,12017
29,64,12040
29,128,12063
29,192,12178
29,256,12174
29,320,12155
29,384,12197
29,448,12214
29,512,12228
29,576,12261
29,640,12282
29,704,12302
29,768,12410
29,832,12357
29,896,12402
29,960,12435
29,1024,12433
29,1088,12467
29,1152,12492
29,1216,12511
29,1280,12546
29,1344,12649
29,1408,12611
29,1472,12607
29,1536,12614
29,1600,12639
29,1664,12666
29,1728,12710
29,1792,12841
29,1856,13760
29,1920,16491
29,1984,17413
29,2048,17514
30,0,12058
30,64,12128
30,128,12150
30,192,12244
30,256,12235
30,320,12222
30,384,12261
30,448,12260
30,512,12292
30,576,12345
30,640,12343
30,704,12357
30,768,12461
30,832,12420
30,896,12488
30,960,12503
30,1024,12510
30,1088,12531
30,1152,12547
30,1216,12567
30,1280,12628
30,1344,12690
30,1408,12668
30,1472,12690
30,1536,12701
30,1600,12725
30,1664,12734
30,1728,12742
30,1792,12790
30,1856,12925
30,1920,13930
30,1984,16618
30,2048,17492
31,0,12040
31,64,12198
31,128,12227
31,192,12328
31,256,12296
31,320,12269
31,384,12313
31,448,12322
31,512,12352
31,576,12368
31,640,12386
31,704,12418
31,768,12513
31,832,12470
31,896,12515
31,960,12566
31,1024,12587
31,1088,12582
31,1152,12623
31,1216,12639
31,1280,12668
31,1344,12756
31,1408,12740
31,1472,12761
31,1536,12766
31,1600,12783
31,1664,12798
31,1728,12805
31,1792,12829
31,1856,12864
31,1920,13053
31,1984,14043
31,2048,16729
32,0,11314
32,64,12251
32,128,12281
32,192,12404
32,256,12389
32,320,12346
32,384,12395
32,448,12405
32,512,12426
32,576,12457
32,640,12481
32,704,12531
32,768,12604
32,832,12559
32,896,12608
32,960,12638
32,1024,12640
32,1088,12662
32,1152,12693
32,1216,12708
32,1280,12740
32,1344,12829
32,1408,12786
32,1472,12797
32,1536,12804
32,1600,12832
32,1664,12859
32,1728,12885
32,1792,12897
32,1856,12922
32,1920,12986
32,1984,13128
32,2048,14235
33,0,5835
33,64,12166
33,128,12293
33,192,12434
33,256,12442
33,320,12408
33,384,12434
33,448,12448
33,512,12477
33,576,12529
33,640,12543
33,704,12592
33,768,12669
33,832,12635
33,896,12693
33,960,12705
33,1024,12731
33,1088,12724
33,1152,12735
33,1216,12766
33,1280,12802
33,1344,12897
33,1408,12869
33,1472,12885
33,1536,12894
33,1600,12934
33,1664,12959
33,1728,12984
33,1792,12995
33,1856,13035
33,1920,13126
33,1984,13111
33,2048,13329
34,0,2693
34,64,14780
34,128,15261
34,192,15356
34,256,15320
34,320,15279
34,384,15317
34,448,15344
34,512,15362
34,576,15367
34,640,15360
34,704,15382
34,768,15465
34,832,15414
34,896,15449
34,960,15507
34,1024,15492
34,1088,15509
34,1152,15512
34,1216,15540
34,1280,15561
34,1344,15637
34,1408,15614
34,1472,15593
34,1536,15604
34,1600,15588
34,1664,15585
34,1728,15610
34,1792,15639
34,1856,15653
34,1920,15690
34,1984,15668
34,2048,15669
35,0,2592
35,64,15301
35,128,15393
35,192,15499
35,256,15490
35,320,15440
35,384,15502
35,448,15495
35,512,15513
35,576,15572
35,640,15605
35,704,15590
35,768,15662
35,832,15655
35,896,15662
35,960,16045
35,1024,16234
35,1088,16265
35,1152,15974
35,1216,16300
35,1280,16327
35,1344,16017
35,1408,15883
35,1472,15901
35,1536,16329
35,1600,16404
35,1664,16403
35,1728,15997
35,1792,15875
35,1856,15879
35,1920,16103
35,1984,15982
35,2048,15920
36,0,2594
36,64,16302
36,128,16346
36,192,16480
36,256,16468
36,320,16429
36,384,16423
36,448,16424
36,512,16520
36,576,16516
36,640,16544
36,704,16554
36,768,16622
36,832,16596
36,896,16650
36,960,16660
36,1024,16622
36,1088,16703
36,1152,16715
36,1216,16750
36,1280,16789
36,1344,16854
36,1408,16805
36,1472,16811
36,1536,16846
36,1600,16781
36,1664,16799
36,1728,16890
36,1792,16896
36,1856,16868
36,1920,16835
36,1984,16864
36,2048,16817
37,0,2603
37,64,16508
37,128,16575
37,192,16717
37,256,16629
37,320,16574
37,384,16672
37,448,16648
37,512,16670
37,576,16729
37,640,16745
37,704,16769
37,768,16871
37,832,16793
37,896,16814
37,960,16843
37,1024,16833
37,1088,16856
37,1152,16870
37,1216,16905
37,1280,16984
37,1344,17067
37,1408,17059
37,1472,17014
37,1536,17020
37,1600,17034
37,1664,17030
37,1728,17039
37,1792,17056
37,1856,17083
37,1920,17110
37,1984,17118
37,2048,17118
38,0,2597
38,64,16654
38,128,16685
38,192,16798
38,256,16754
38,320,16732
38,384,16762
38,448,16755
38,512,16808
38,576,16874
38,640,16871
38,704,16872
38,768,16965
38,832,16922
38,896,16938
38,960,16961
38,1024,16983
38,1088,16971
38,1152,16991
38,1216,17028
38,1280,17085
38,1344,17150
38,1408,17130
38,1472,17102
38,1536,17123
38,1600,17127
38,1664,17148
38,1728,17177
38,1792,17188
38,1856,17228
38,1920,17233
38,1984,17231
38,2048,17235
39,0,2605
39,64,16783
39,128,16809
39,192,16936
39,256,16911
39,320,16857
39,384,16891
39,448,16878
39,512,16948
39,576,16967
39,640,16974
39,704,17017
39,768,17101
39,832,17016
39,896,17076
39,960,17110
39,1024,17070
39,1088,17083
39,1152,17132
39,1216,17153
39,1280,17187
39,1344,17255
39,1408,17233
39,1472,17239
39,1536,17229
39,1600,17262
39,1664,17276
39,1728,17264
39,1792,17301
39,1856,17333
39,1920,17341
39,1984,17342
39,2048,17333
40,0,2619
40,64,16887
40,128,16929
40,192,17086
40,256,17026
40,320,16983
40,384,17035
40,448,17014
40,512,17026
40,576,17057
40,640,17091
40,704,17123
40,768,17213
40,832,17147
40,896,17189
40,960,17200
40,1024,17182
40,1088,17196
40,1152,17218
40,1216,17241
40,1280,17284
40,1344,17376
40,1408,17330
40,1472,17313
40,1536,17314
40,1600,17337
40,1664,17345
40,1728,17368
40,1792,17380
40,1856,17405
40,1920,17432
40,1984,17444
40,2048,17478
41,0,2622
41,64,16971
41,128,17006
41,192,17091
41,256,17112
41,320,17065
41,384,17096
41,448,17082
41,512,17125
41,576,17151
41,640,17160
41,704,17182
41,768,17268
41,832,17217
41,896,17245
41,960,17265
41,1024,17227
41,1088,17245
41,1152,17292
41,1216,17291
41,1280,17339
41,1344,17414
41,1408,17390
41,1472,17382
41,1536,17421
41,1600,17425
41,1664,17419
41,1728,17457
41,1792,17470
41,1856,17482
41,1920,17490
41,1984,17505
41,2048,17536
42,0,2625
42,64,17055
42,128,17062
42,192,17137
42,256,17178
42,320,17123
42,384,17143
42,448,17155
42,512,17175
42,576,17195
42,640,17220
42,704,17254
42,768,17350
42,832,17290
42,896,17335
42,960,17331
42,1024,17316
42,1088,17357
42,1152,17351
42,1216,17359
42,1280,17440
42,1344,17518
42,1408,17475
42,1472,17492
42,1536,17483
42,1600,17498
42,1664,17497
42,1728,17526
42,1792,17555
42,1856,17532
42,1920,17578
42,1984,17574
42,2048,17577
43,0,2636
43,64,17118
43,128,17127
43,192,17190
43,256,17217
43,320,17153
43,384,17175
43,448,17196
43,512,17223
43,576,17257
43,640,17277
43,704,17304
43,768,17384
43,832,17315
43,896,17360
43,960,17349
43,1024,17361
43,1088,17363
43,1152,17376
43,1216,17401
43,1280,17478
43,1344,17543
43,1408,17480
43,1472,17502
43,1536,17524
43,1600,17541
43,1664,17536
43,1728,17540
43,1792,17568
43,1856,17584
43,1920,17600
43,1984,17601
43,2048,17622
44,0,2648
44,64,17121
44,128,17146
44,192,17234
44,256,17281
44,320,17210
44,384,17218
44,448,17243
44,512,17277
44,576,17304
44,640,17288
44,704,17326
44,768,17456
44,832,17382
44,896,17428
44,960,17427
44,1024,17417
44,1088,17434
44,1152,17462
44,1216,17474
44,1280,17531
44,1344,17652
44,1408,17577
44,1472,17576
44,1536,17628
44,1600,17625
44,1664,17621
44,1728,17653
44,1792,17639
44,1856,17679
44,1920,17732
44,1984,17708
44,2048,17728
45,0,2644
45,64,17136
45,128,17162
45,192,17258
45,256,17319
45,320,17240
45,384,17251
45,448,17267
45,512,17304
45,576,17309
45,640,17336
45,704,17348
45,768,17479
45,832,17384
45,896,17432
45,960,17444
45,1024,17431
45,1088,17442
45,1152,17489
45,1216,17493
45,1280,17535
45,1344,17651
45,1408,17569
45,1472,17553
45,1536,17622
45,1600,17611
45,1664,17615
45,1728,17645
45,1792,17639
45,1856,17685
45,1920,17706
45,1984,17697
45,2048,17719
46,0,2641
46,64,17187
46,128,17210
46,192,17272
46,256,17339
46,320,17249
46,384,17270
46,448,17281
46,512,17316
46,576,17358
46,640,17374
46,704,17399
46,768,17490
46,832,17438
46,896,17477
46,960,17470
46,1024,17484
46,1088,17488
46,1152,17524
46,1216,17532
46,1280,17549
46,1344,17674
46,1408,17605
46,1472,17602
46,1536,17657
46,1600,17662
46,1664,17683
46,1728,17674
46,1792,17692
46,1856,17720
46,1920,17751
46,1984,17754
46,2048,17762
47,0,2642
47,64,17254
47,128,17275
47,192,17320
47,256,17398
47,320,17316
47,384,17316
47,448,17338
47,512,17355
47,576,17386
47,640,17408
47,704,17438
47,768,17545
47,832,17532
47,896,17541
47,960,17545
47,1024,17538
47,1088,17569
47,1152,17574
47,1216,17598
47,1280,17637
47,1344,17728
47,1408,17700
47,1472,17695
47,1536,17700
47,1600,17716
47,1664,17749
47,1728,17759
47,1792,17780
47,1856,17768
47,1920,17769
47,1984,17794
47,2048,17836
48,0,2652
48,64,17329
48,128,17371
48,192,17407
48,256,17465
48,320,17391
48,384,17432
48,448,17461
48,512,17457
48,576,17509
48,640,17523
48,704,17536
48,768,17649
48,832,17580
48,896,17605
48,960,17615
48,1024,17601
48,1088,17622
48,1152,17636
48,1216,17677
48,1280,17703
48,1344,17772
48,1408,17754
48,1472,17760
48,1536,17783
48,1600,17794
48,1664,17817
48,1728,17827
48,1792,17849
48,1856,17857
48,1920,17870
48,1984,17884
48,2048,17892
49,0,2655
49,64,17415
49,128,17440
49,192,17459
49,256,17558
49,320,17478
49,384,17500
49,448,17521
49,512,17545
49,576,17580
49,640,17590
49,704,17601
49,768,17729
49,832,17644
49,896,17698
49,960,17707
49,1024,17682
49,1088,17712
49,1152,17744
49,1216,17745
49,1280,17783
49,1344,17875
49,1408,17844
49,1472,17857
49,1536,17858
49,1600,17868
49,1664,17883
49,1728,17908
49,1792,17917
49,1856,17941
49,1920,17969
49,1984,17960
49,2048,17984
50,0,2669
50,64,19887
50,128,19823
50,192,19826
50,256,19898
50,320,19812
50,384,19804
50,448,19847
50,512,19833
50,576,19843
50,640,19855
50,704,19875
50,768,20001
50,832,19945
50,896,19964
50,960,19934
50,1024,19912
50,1088,19929
50,1152,19957
50,1216,19952
50,1280,19995
50,1344,20064
50,1408,19985
50,1472,19991
50,1536,20004
50,1600,20030
50,1664,20059
50,1728,20083
50,1792,20076
50,1856,20101
50,1920,20111
50,1984,20123
50,2048,20128
51,0,2664
51,64,19989
51,128,20014
51,192,20060
51,256,20147
51,320,20043
51,384,20034
51,448,20022
51,512,20086
51,576,20081
51,640,20073
51,704,20117
51,768,20208
51,832,20167
51,896,20212
51,960,20169
51,1024,20158
51,1088,20200
51,1152,20188
51,1216,20192
51,1280,20206
51,1344,20288
51,1408,20249
51,1472,20231
51,1536,20251
51,1600,20277
51,1664,20291
51,1728,20351
51,1792,20353
51,1856,20331
51,1920,20346
51,1984,20372
51,2048,20363
52,0,2678
52,64,20259
52,128,20302
52,192,20887
52,256,20564
52,320,20200
52,384,20189
52,448,20229
52,512,20238
52,576,20314
52,640,20300
52,704,20271
52,768,20411
52,832,20342
52,896,20407
52,960,20425
52,1024,20419
52,1088,20454
52,1152,20413
52,1216,20444
52,1280,20467
52,1344,20612
52,1408,20592
52,1472,20542
52,1536,20519
52,1600,20515
52,1664,20535
52,1728,20645
52,1792,20624
52,1856,20584
52,1920,20564
52,1984,20620
52,2048,20595
53,0,2665
53,64,20953
53,128,21094
53,192,21128
53,256,21199
53,320,21099
53,384,21120
53,448,21077
53,512,21150
53,576,21150
53,640,21189
53,704,21238
53,768,21299
53,832,21282
53,896,21286
53,960,21290
53,1024,21293
53,1088,21275
53,1152,21294
53,1216,21271
53,1280,21291
53,1344,21324
53,1408,21283
53,1472,21322
53,1536,21311
53,1600,21383
53,1664,21384
53,1728,21386
53,1792,21430
53,1856,21461
53,1920,21468
53,1984,21454
53,2048,21483
54,0,2669
54,64,21228
54,128,21275
54,192,21318
54,256,21346
54,320,21296
54,384,21300
54,448,21284
54,512,21336
54,576,21342
54,640,21343
54,704,21380
54,768,21460
54,832,21448
54,896,21475
54,960,21457
54,1024,21479
54,1088,21441
54,1152,21437
54,1216,21444
54,1280,21474
54,1344,21558
54,1408,21507
54,1472,21488
54,1536,21485
54,1600,21545
54,1664,21563
54,1728,21588
54,1792,21599
54,1856,21613
54,1920,21625
54,1984,21625
54,2048,21655
55,0,2672
55,64,21416
55,128,21467
55,192,21467
55,256,21503
55,320,21461
55,384,21423
55,448,21467
55,512,21512
55,576,21502
55,640,21507
55,704,21515
55,768,21640
55,832,21598
55,896,21635
55,960,21606
55,1024,21612
55,1088,21614
55,1152,21608
55,1216,21635
55,1280,21642
55,1344,21695
55,1408,21658
55,1472,21678
55,1536,21658
55,1600,21726
55,1664,21734
55,1728,21762
55,1792,21765
55,1856,21786
55,1920,21804
55,1984,21811
55,2048,21846
56,0,2683
56,64,21551
56,128,21562
56,192,21600
56,256,21657
56,320,21564
56,384,21596
56,448,21585
56,512,21586
56,576,21650
56,640,21631
56,704,21657
56,768,21795
56,832,21739
56,896,21787
56,960,21769
56,1024,21787
56,1088,21769
56,1152,21765
56,1216,21789
56,1280,21821
56,1344,21882
56,1408,21853
56,1472,21831
56,1536,21839
56,1600,21857
56,1664,21882
56,1728,21891
56,1792,21899
56,1856,21940
56,1920,21974
56,1984,21984
56,2048,21994
57,0,2688
57,64,21652
57,128,21701
57,192,21734
57,256,21818
57,320,21707
57,384,21673
57,448,21717
57,512,21725
57,576,21764
57,640,21799
57,704,21798
57,768,21880
57,832,21840
57,896,21881
57,960,21885
57,1024,21845
57,1088,21872
57,1152,21890
57,1216,21920
57,1280,21911
57,1344,22002
57,1408,21929
57,1472,21941
57,1536,21951
57,1600,21960
57,1664,22000
57,1728,22019
57,1792,22044
57,1856,22053
57,1920,22107
57,1984,22095
57,2048,22114
58,0,2698
58,64,21767
58,128,21812
58,192,21801
58,256,21868
58,320,21795
58,384,21795
58,448,21823
58,512,21833
58,576,21866
58,640,21857
58,704,21867
58,768,22013
58,832,21930
58,896,21964
58,960,21965
58,1024,21977
58,1088,21983
58,1152,22037
58,1216,22015
58,1280,22024
58,1344,22104
58,1408,22034
58,1472,22032
58,1536,22007
58,1600,22055
58,1664,22050
58,1728,22113
58,1792,22135
58,1856,22124
58,1920,22183
58,1984,22171
58,2048,22195
59,0,2692
59,64,21815
59,128,21897
59,192,21913
59,256,22000
59,320,21896
59,384,21881
59,448,21920
59,512,21891
59,576,21955
59,640,21954
59,704,21986
59,768,22114
59,832,22049
59,896,22089
59,960,22044
59,1024,22079
59,1088,22089
59,1152,22067
59,1216,22093
59,1280,22136
59,1344,22203
59,1408,22161
59,1472,22126
59,1536,22140
59,1600,22168
59,1664,22179
59,1728,22224
59,1792,22257
59,1856,22248
59,1920,22253
59,1984,22311
59,2048,22321
60,0,2689
60,64,21857
60,128,22001
60,192,22017
60,256,22141
60,320,22035
60,384,21994
60,448,22009
60,512,22055
60,576,22032
60,640,22047
60,704,22074
60,768,22183
60,832,22160
60,896,22185
60,960,22176
60,1024,22216
60,1088,22204
60,1152,22240
60,1216,22245
60,1280,22247
60,1344,22313
60,1408,22256
60,1472,22245
60,1536,22266
60,1600,22277
60,1664,22298
60,1728,22288
60,1792,22342
60,1856,22365
60,1920,22393
60,1984,22419
60,2048,22457
61,0,2699
61,64,21855
61,128,22052
61,192,22072
61,256,22167
61,320,22103
61,384,22097
61,448,22100
61,512,22106
61,576,22132
61,640,22153
61,704,22186
61,768,22272
61,832,22222
61,896,22249
61,960,22269
61,1024,22243
61,1088,22251
61,1152,22268
61,1216,22292
61,1280,22285
61,1344,22360
61,1408,22303
61,1472,22299
61,1536,22315
61,1600,22331
61,1664,22355
61,1728,22342
61,1792,22403
61,1856,22404
61,1920,22441
61,1984,22423
61,2048,22487
62,0,2702
62,64,21658
62,128,22141
62,192,22175
62,256,22258
62,320,22180
62,384,22165
62,448,22158
62,512,22201
62,576,22240
62,640,22250
62,704,22240
62,768,22340
62,832,22318
62,896,22338
62,960,22355
62,1024,22373
62,1088,22370
62,1152,22368
62,1216,22373
62,1280,22413
62,1344,22527
62,1408,22447
62,1472,22431
62,1536,22433
62,1600,22445
62,1664,22478
62,1728,22478
62,1792,22498
62,1856,22524
62,1920,22533
62,1984,22557
62,2048,22570
63,0,2724
63,64,20996
63,128,22232
63,192,22243
63,256,22335
63,320,22251
63,384,22245
63,448,22267
63,512,22249
63,576,22306
63,640,22307
63,704,22288
63,768,22402
63,832,22395
63,896,22412
63,960,22394
63,1024,22428
63,1088,22430
63,1152,22413
63,1216,22430
63,1280,22469
63,1344,22584
63,1408,22516
63,1472,22475
63,1536,22470
63,1600,22507
63,1664,22507
63,1728,22542
63,1792,22557
63,1856,22600
63,1920,22597
63,1984,22614
63,2048,22621
64,0,2673
64,64,18786
64,128,22333
64,192,22346
64,256,22439
64,320,22356
64,384,22346
64,448,22338
64,512,22332
64,576,22402
64,640,22429
64,704,22435
64,768,22529
64,832,22484
64,896,22531
64,960,22501
64,1024,22513
64,1088,22555
64,1152,22560
64,1216,22552
64,1280,22566
64,1344,22667
64,1408,22621
64,1472,22597
64,1536,22612
64,1600,22601
64,1664,22618
64,1728,22627
64,1792,22652
64,1856,22680
64,1920,22690
64,1984,22698
64,2048,22729
65,0,2627
65,64,6564
65,128,22406
65,192,22432
65,256,22537
65,320,22433
65,384,22431
65,448,22460
65,512,22482
65,576,22467
65,640,22494
65,704,22540
65,768,22615
65,832,22548
65,896,22605
65,960,22593
65,1024,22644
65,1088,22633
65,1152,22629
65,1216,22653
65,1280,22683
65,1344,22744
65,1408,22702
65,1472,22670
65,1536,22702
65,1600,22698
65,1664,22726
65,1728,22744
65,1792,22752
65,1856,22764
65,1920,22781
65,1984,22803
65,2048,22813
66,0,2602
66,64,3899
66,128,22578
66,192,22623
66,256,22685
66,320,22633
66,384,22617
66,448,22642
66,512,22678
66,576,22705
66,640,22710
66,704,22701
66,768,22806
66,832,22731
66,896,22826
66,960,22798
66,1024,22834
66,1088,22806
66,1152,22858
66,1216,22905
66,1280,22897
66,1344,23025
66,1408,22961
66,1472,22907
66,1536,22953
66,1600,22972
66,1664,22995
66,1728,22987
66,1792,23022
66,1856,23037
66,1920,23061
66,1984,23069
66,2048,23073
67,0,2596
67,64,3240
67,128,24525
67,192,24568
67,256,24689
67,320,24611
67,384,24586
67,448,24589
67,512,24609
67,576,24644
67,640,24619
67,704,24619
67,768,24706
67,832,24660
67,896,24721
67,960,24712
67,1024,24719
67,1088,24736
67,1152,24779
67,1216,24776
67,1280,24782
67,1344,24846
67,1408,24837
67,1472,24817
67,1536,24784
67,1600,24796
67,1664,24808
67,1728,24849
67,1792,24848
67,1856,24887
67,1920,24914
67,1984,24897
67,2048,24914
68,0,2592
68,64,2891
68,128,24737
68,192,24809
68,256,24932
68,320,24822
68,384,24770
68,448,24767
68,512,24786
68,576,24814
68,640,24802
68,704,24831
68,768,24927
68,832,24876
68,896,24892
68,960,24888
68,1024,24905
68,1088,24930
68,1152,24932
68,1216,24950
68,1280,24964
68,1344,25062
68,1408,24999
68,1472,24970
68,1536,24985
68,1600,25009
68,1664,24991
68,1728,25011
68,1792,25037
68,1856,25091
68,1920,25110
68,1984,25093
68,2048,25088
69,0,2595
69,64,2727
69,128,25674
69,192,25700
69,256,25855
69,320,25690
69,384,25476
69,448,25615
69,512,25555
69,576,25352
69,640,25083
69,704,25197
69,768,25594
69,832,25555
69,896,25532
69,960,25100
69,1024,25116
69,1088,25080
69,1152,25130
69,1216,25177
69,1280,25164
69,1344,25237
69,1408,25164
69,1472,25134
69,1536,25186
69,1600,25180
69,1664,25127
69,1728,25125
69,1792,25170
69,1856,25204
69,1920,25208
69,1984,25181
69,2048,25245
70,0,2608
70,64,2646
70,128,25870
70,192,25909
70,256,26013
70,320,25953
70,384,25903
70,448,25913
70,512,25931
70,576,25930
70,640,25920
70,704,25958
70,768,26079
70,832,25981
70,896,26038
70,960,26029
70,1024,26056
70,1088,26072
70,1152,26079
70,1216,26082
70,1280,26090
70,1344,26157
70,1408,26099
70,1472,26101
70,1536,26109
70,1600,26104
70,1664,26064
70,1728,26067
70,1792,26103
70,1856,26135
70,1920,26143
70,1984,26146
70,2048,26166
71,0,2595
71,64,2596
71,128,25990
71,192,26016
71,256,26110
71,320,26054
71,384,26069
71,448,26045
71,512,26062
71,576,26034
71,640,26046
71,704,26071
71,768,26178
71,832,26122
71,896,26138
71,960,26154
71,1024,26202
71,1088,26207
71,1152,26212
71,1216,26242
71,1280,26249
71,1344,26325
71,1408,26293
71,1472,26273
71,1536,26268
71,1600,26248
71,1664,26303
71,1728,26287
71,1792,26301
71,1856,26349
71,1920,26360
71,1984,26323
71,2048,26329
72,0,2602
72,64,2596
72,128,26190
72,192,26235
72,256,26292
72,320,26231
72,384,26209
72,448,26177
72,512,26181
72,576,26237
72,640,26246
72,704,26239
72,768,26347
72,832,26286
72,896,26321
72,960,26298
72,1024,26345
72,1088,26341
72,1152,26352
72,1216,26385
72,1280,26386
72,1344,26463
72,1408,26427
72,1472,26413
72,1536,26405
72,1600,26408
72,1664,26466
72,1728,26456
72,1792,26452
72,1856,26484
72,1920,26491
72,1984,26475
72,2048,26482
73,0,2608
73,64,2607
73,128,26325
73,192,26317
73,256,26414
73,320,26328
73,384,26314
73,448,26315
73,512,26325
73,576,26350
73,640,26339
73,704,26372
73,768,26439
73,832,26389
73,896,26413
73,960,26417
73,1024,26469
73,1088,26457
73,1152,26452
73,1216,26511
73,1280,26523
73,1344,26595
73,1408,26552
73,1472,26535
73,1536,26552
73,1600,26560
73,1664,26588
73,1728,26629
73,1792,26586
73,1856,26611
73,1920,26639
73,1984,26608
73,2048,26608
74,0,2612
74,64,2618
74,128,26379
74,192,26400
74,256,26492
74,320,26413
74,384,26400
74,448,26391
74,512,26398
74,576,26410
74,640,26433
74,704,26462
74,768,26548
74,832,26522
74,896,26528
74,960,26479
74,1024,26542
74,1088,26595
74,1152,26617
74,1216,26596
74,1280,26633
74,1344,26715
74,1408,26715
74,1472,26672
74,1536,26660
74,1600,26682
74,1664,26721
74,1728,26718
74,1792,26687
74,1856,26752
74,1920,26753
74,1984,26731
74,2048,26743
75,0,2619
75,64,2612
75,128,26456
75,192,26518
75,256,26604
75,320,26526
75,384,26528
75,448,26494
75,512,26493
75,576,26531
75,640,26493
75,704,26521
75,768,26675
75,832,26626
75,896,26611
75,960,26604
75,1024,26647
75,1088,26639
75,1152,26696
75,1216,26701
75,1280,26747
75,1344,26818
75,1408,26799
75,1472,26784
75,1536,26777
75,1600,26753
75,1664,26785
75,1728,26806
75,1792,26790
75,1856,26787
75,1920,26806
75,1984,26795
75,2048,26818
76,0,2620
76,64,2611
76,128,26587
76,192,26602
76,256,26675
76,320,26648
76,384,26575
76,448,26590
76,512,26600
76,576,26616
76,640,26568
76,704,26624
76,768,26716
76,832,26730
76,896,26700
76,960,26677
76,1024,26728
76,1088,26745
76,1152,26755
76,1216,26780
76,1280,26815
76,1344,26902
76,1408,26868
76,1472,26844
76,1536,26809
76,1600,26850
76,1664,26857
76,1728,26867
76,1792,26834
76,1856,26831
76,1920,26886
76,1984,26906
76,2048,26932
77,0,2624
77,64,2621
77,128,26664
77,192,26689
77,256,26793
77,320,26725
77,384,26713
77,448,26661
77,512,26692
77,576,26680
77,640,26721
77,704,26746
77,768,26800
77,832,26786
77,896,26802
77,960,26763
77,1024,26831
77,1088,26846
77,1152,26838
77,1216,26902
77,1280,26973
77,1344,26998
77,1408,26965
77,1472,26994
77,1536,26936
77,1600,26893
77,1664,26948
77,1728,26968
77,1792,26949
77,1856,26940
77,1920,26909
77,1984,26965
77,2048,27009
78,0,2634
78,64,2625
78,128,26729
78,192,26803
78,256,26868
78,320,26812
78,384,26772
78,448,26785
78,512,26806
78,576,26804
78,640,26814
78,704,26823
78,768,26912
78,832,26911
78,896,26925
78,960,26892
78,1024,26936
78,1088,26952
78,1152,26997
78,1216,27024
78,1280,27048
78,1344,27113
78,1408,27089
78,1472,27070
78,1536,27054
78,1600,27097
78,1664,27054
78,1728,27079
78,1792,27053
78,1856,27044
78,1920,27053
78,1984,27115
78,2048,27140
79,0,2628
79,64,2624
79,128,26860
79,192,26882
79,256,26981
79,320,26917
79,384,26924
79,448,26886
79,512,26895
79,576,26911
79,640,26879
79,704,26918
79,768,27015
79,832,27021
79,896,27000
79,960,26983
79,1024,26987
79,1088,27050
79,1152,27085
79,1216,27171
79,1280,27199
79,1344,27219
79,1408,27209
79,1472,27221
79,1536,27210
79,1600,27219
79,1664,27190
79,1728,27228
79,1792,27177
79,1856,27178
79,1920,27196
79,1984,27210
79,2048,27267
80,0,2635
80,64,2628
80,128,26957
80,192,27017
80,256,27069
80,320,27060
80,384,27027
80,448,27005
80,512,27002
80,576,26995
80,640,27010
80,704,27052
80,768,27145
80,832,27137
80,896,27126
80,960,27113
80,1024,27129
80,1088,27162
80,1152,27216
80,1216,27261
80,1280,27295
80,1344,27359
80,1408,27340
80,1472,27326
80,1536,27309
80,1600,27337
80,1664,27310
80,1728,27298
80,1792,27297
80,1856,27301
80,1920,27324
80,1984,27352
80,2048,27431
81,0,2639
81,64,2638
81,128,27099
81,192,27126
81,256,27227
81,320,27160
81,384,27162
81,448,27135
81,512,27165
81,576,27157
81,640,27164
81,704,27154
81,768,27284
81,832,27306
81,896,27271
81,960,27266
81,1024,27282
81,1088,27316
81,1152,27334
81,1216,27402
81,1280,27422
81,1344,27458
81,1408,27470
81,1472,27475
81,1536,27417
81,1600,27456
81,1664,27430
81,1728,27444
81,1792,27452
81,1856,27444
81,1920,27452
81,1984,27460
81,2048,27523
82,0,2641
82,64,2639
82,128,27287
82,192,27311
82,256,27419
82,320,27319
82,384,27343
82,448,27356
82,512,27347
82,576,27371
82,640,27342
82,704,27361
82,768,27450
82,832,27450
82,896,27447
82,960,27434
82,1024,27455
82,1088,27507
82,1152,27540
82,1216,27595
82,1280,27629
82,1344,27678
82,1408,27623
82,1472,27654
82,1536,27636
82,1600,27680
82,1664,27662
82,1728,27649
82,1792,27647
82,1856,27649
82,1920,27667
82,1984,27659
82,2048,27691
83,0,2649
83,64,2640
83,128,29034
83,192,29054
83,256,29135
83,320,29112
83,384,29108
83,448,29092
83,512,29129
83,576,29134
83,640,29115
83,704,29128
83,768,29227
83,832,29206
83,896,29204
83,960,29164
83,1024,29212
83,1088,29237
83,1152,29277
83,1216,29327
83,1280,29348
83,1344,29394
83,1408,29320
83,1472,29306
83,1536,29306
83,1600,29340
83,1664,29332
83,1728,29320
83,1792,29338
83,1856,29359
83,1920,29387
83,1984,29353
83,2048,29374
84,0,2639
84,64,2631
84,128,29285
84,192,29304
84,256,29435
84,320,29325
84,384,29312
84,448,29321
84,512,29316
84,576,29349
84,640,29347
84,704,29372
84,768,29448
84,832,29422
84,896,29426
84,960,29412
84,1024,29452
84,1088,29425
84,1152,29465
84,1216,29539
84,1280,29569
84,1344,29623
84,1408,29549
84,1472,29554
84,1536,29550
84,1600,29598
84,1664,29579
84,1728,29572
84,1792,29590
84,1856,29601
84,1920,29617
84,1984,29590
84,2048,29620
85,0,2641
85,64,2647
85,128,29622
85,192,29617
85,256,30185
85,320,30086
85,384,29765
85,448,29552
85,512,29530
85,576,29539
85,640,29526
85,704,29560
85,768,29623
85,832,29608
85,896,29583
85,960,29617
85,1024,29705
85,1088,29618
85,1152,29615
85,1216,29676
85,1280,29735
85,1344,29790
85,1408,29744
85,1472,29750
85,1536,29758
85,1600,29755
85,1664,29728
85,1728,29747
85,1792,29760
85,1856,29781
85,1920,29787
85,1984,29772
85,2048,29802
86,0,2678
86,64,2688
86,128,30412
86,192,30409
86,256,30478
86,320,30458
86,384,30417
86,448,30413
86,512,30328
86,576,30394
86,640,30368
86,704,30407
86,768,30433
86,832,30434
86,896,30473
86,960,30443
86,1024,30493
86,1088,30497
86,1152,30540
86,1216,30551
86,1280,30586
86,1344,30644
86,1408,30569
86,1472,30554
86,1536,30618
86,1600,30606
86,1664,30592
86,1728,30582
86,1792,30520
86,1856,30149
86,1920,30049
86,1984,30176
86,2048,30166
87,0,2641
87,64,2643
87,128,30545
87,192,30556
87,256,30657
87,320,30632
87,384,30630
87,448,30573
87,512,30591
87,576,30592
87,640,30545
87,704,30557
87,768,30661
87,832,30627
87,896,30655
87,960,30647
87,1024,30720
87,1088,30705
87,1152,30768
87,1216,30798
87,1280,30819
87,1344,30859
87,1408,30849
87,1472,30824
87,1536,30808
87,1600,30825
87,1664,30850
87,1728,30832
87,1792,30856
87,1856,30834
87,1920,30856
87,1984,30829
87,2048,30816
88,0,2643
88,64,2650
88,128,30703
88,192,30742
88,256,30813
88,320,30764
88,384,30758
88,448,30719
88,512,30744
88,576,30737
88,640,30726
88,704,30720
88,768,30814
88,832,30801
88,896,30831
88,960,30833
88,1024,30891
88,1088,30844
88,1152,30891
88,1216,30917
88,1280,30977
88,1344,31092
88,1408,30998
88,1472,30953
88,1536,30946
88,1600,30957
88,1664,30975
88,1728,31015
88,1792,30998
88,1856,30963
88,1920,31005
88,1984,30983
88,2048,30958
89,0,2651
89,64,2645
89,128,30844
89,192,30872
89,256,30960
89,320,30891
89,384,30900
89,448,30881
89,512,30904
89,576,30894
89,640,30875
89,704,30883
89,768,30948
89,832,30909
89,896,30967
89,960,30950
89,1024,31045
89,1088,30999
89,1152,30990
89,1216,31056
89,1280,31128
89,1344,31241
89,1408,31148
89,1472,31091
89,1536,31117
89,1600,31112
89,1664,31121
89,1728,31151
89,1792,31143
89,1856,31143
89,1920,31191
89,1984,31176
89,2048,31155
90,0,2655
90,64,2654
90,128,30933
90,192,30973
90,256,31044
90,320,31016
90,384,31004
90,448,30995
90,512,30977
90,576,31006
90,640,31007
90,704,30987
90,768,31072
90,832,31069
90,896,31092
90,960,31058
90,1024,31118
90,1088,31089
90,1152,31129
90,1216,31202
90,1280,31252
90,1344,31356
90,1408,31258
90,1472,31251
90,1536,31242
90,1600,31257
90,1664,31271
90,1728,31324
90,1792,31295
90,1856,31277
90,1920,31304
90,1984,31279
90,2048,31269
91,0,2655
91,64,2655
91,128,31062
91,192,31044
91,256,31150
91,320,31095
91,384,31099
91,448,31107
91,512,31108
91,576,31101
91,640,31124
91,704,31105
91,768,31167
91,832,31152
91,896,31165
91,960,31178
91,1024,31202
91,1088,31182
91,1152,31203
91,1216,31279
91,1280,31313
91,1344,31420
91,1408,31360
91,1472,31334
91,1536,31334
91,1600,31375
91,1664,31393
91,1728,31416
91,1792,31429
91,1856,31402
91,1920,31393
91,1984,31391
91,2048,31390
92,0,2655
92,64,2655
92,128,31213
92,192,31192
92,256,31279
92,320,31239
92,384,31204
92,448,31220
92,512,31178
92,576,31227
92,640,31172
92,704,31181
92,768,31316
92,832,31260
92,896,31285
92,960,31264
92,1024,31291
92,1088,31295
92,1152,31305
92,1216,31357
92,1280,31401
92,1344,31538
92,1408,31457
92,1472,31409
92,1536,31423
92,1600,31467
92,1664,31470
92,1728,31524
92,1792,31540
92,1856,31499
92,1920,31466
92,1984,31460
92,2048,31478
93,0,2655
93,64,2654
93,128,31270
93,192,31310
93,256,31422
93,320,31335
93,384,31317
93,448,31317
93,512,31300
93,576,31297
93,640,31308
93,704,31324
93,768,31354
93,832,31342
93,896,31403
93,960,31387
93,1024,31399
93,1088,31397
93,1152,31426
93,1216,31472
93,1280,31506
93,1344,31636
93,1408,31580
93,1472,31546
93,1536,31551
93,1600,31575
93,1664,31586
93,1728,31608
93,1792,31633
93,1856,31617
93,1920,31574
93,1984,31581
93,2048,31603
94,0,2653
94,64,2646
94,128,31351
94,192,31371
94,256,31448
94,320,31423
94,384,31424
94,448,31448
94,512,31388
94,576,31397
94,640,31369
94,704,31400
94,768,31479
94,832,31430
94,896,31515
94,960,31478
94,1024,31484
94,1088,31498
94,1152,31533
94,1216,31521
94,1280,31610
94,1344,31747
94,1408,31679
94,1472,31637
94,1536,31675
94,1600,31688
94,1664,31733
94,1728,31725
94,1792,31737
94,1856,31687
94,1920,31719
94,1984,31716
94,2048,31714
95,0,2655
95,64,2652
95,128,31471
95,192,31540
95,256,31572
95,320,31550
95,384,31574
95,448,31543
95,512,31492
95,576,31514
95,640,31530
95,704,31545
95,768,31611
95,832,31537
95,896,31606
95,960,31586
95,1024,31584
95,1088,31586
95,1152,31620
95,1216,31660
95,1280,31720
95,1344,31870
95,1408,31771
95,1472,31735
95,1536,31767
95,1600,31773
95,1664,31840
95,1728,31852
95,1792,31835
95,1856,31795
95,1920,31802
95,1984,31810
95,2048,31832
96,0,2666
96,64,2660
96,128,31597
96,192,31634
96,256,31725
96,320,31708
96,384,31693
96,448,31680
96,512,31661
96,576,31667
96,640,31658
96,704,31662
96,768,31731
96,832,31672
96,896,31768
96,960,31737
96,1024,31717
96,1088,31739
96,1152,31807
96,1216,31792
96,1280,31827
96,1344,31843
96,1408,31845
96,1472,31880
96,1536,31919
96,1600,31898
96,1664,31965
96,1728,31973
96,1792,31979
96,1856,31974
96,1920,31989
96,1984,31978
96,2048,31992
97,0,2674
97,64,2680
97,128,31764
97,192,31728
97,256,31871
97,320,31824
97,384,31816
97,448,31868
97,512,31793
97,576,31799
97,640,31804
97,704,31792
97,768,31890
97,832,31822
97,896,31885
97,960,31902
97,1024,31889
97,1088,31921
97,1152,31916
97,1216,31959
97,1280,32027
97,1344,31994
97,1408,32036
97,1472,32049
97,1536,32058
97,1600,32049
97,1664,32107
97,1728,32128
97,1792,32177
97,1856,32155
97,1920,32136
97,1984,32146
97,2048,32121
98,0,2682
98,64,2676
98,128,31972
98,192,31949
98,256,32063
98,320,32060
98,384,32039
98,448,32058
98,512,32041
98,576,32020
98,640,32031
98,704,32006
98,768,32072
98,832,32051
98,896,32072
98,960,32076
98,1024,32115
98,1088,32166
98,1152,32166
98,1216,32191
98,1280,32257
98,1344,32244
98,1408,32210
98,1472,32247
98,1536,32316
98,1600,32283
98,1664,32308
98,1728,32344
98,1792,32386
98,1856,32340
98,1920,32376
98,1984,32386
98,2048,32386
99,0,2674
99,64,2674
99,128,32441
99,192,32394
99,256,32453
99,320,32505
99,384,32490
99,448,32520
99,512,32555
99,576,32510
99,640,32490
99,704,32486
99,768,32605
99,832,32467
99,896,32616
99,960,32592
99,1024,32667
99,1088,32674
99,1152,32727
99,1216,32678
99,1280,32690
99,1344,32702
99,1408,32703
99,1472,32694
99,1536,32785
99,1600,32844
99,1664,32857
99,1728,32836
99,1792,32868
99,1856,32827
99,1920,32829
99,1984,32901
99,2048,32881
100,0,2674
100,64,2682
100,128,33854
100,192,33840
100,256,33914
100,320,33885
100,384,33887
100,448,33909
100,512,33918
100,576,33926
100,640,33932
100,704,33948
100,768,34007
100,832,33985
100,896,33990
100,960,34010
100,1024,34021
100,1088,34041
100,1152,34067
100,1216,34057
100,1280,34070
100,1344,34065
100,1408,34107
100,1472,34141
100,1536,34187
100,1600,34185
100,1664,34196
100,1728,34182
100,1792,34177
100,1856,34177
100,1920,34183
100,1984,34222
100,2048,34213
101,0,2673
101,64,2675
101,128,34055
101,192,34062
101,256,34170
101,320,34143
101,384,34099
101,448,34114
101,512,34145
101,576,34148
101,640,34115
101,704,34143
101,768,34188
101,832,34168
101,896,34162
101,960,34205
101,1024,34233
101,1088,34239
101,1152,34270
101,1216,34258
101,1280,34309
101,1344,34307
101,1408,34305
101,1472,34328
101,1536,34368
101,1600,34384
101,1664,34411
101,1728,34383
101,1792,34370
101,1856,34372
101,1920,34403
101,1984,34429
101,2048,34394
102,0,2683
102,64,2687
102,128,34921
102,192,34955
102,256,35002
102,320,34996
102,384,35016
102,448,35007
102,512,34830
102,576,34840
102,640,34850
102,704,34505
102,768,34603
102,832,34630
102,896,34833
102,960,34648
102,1024,34753
102,1088,34612
102,1152,34551
102,1216,34530
102,1280,34771
102,1344,34596
102,1408,34553
102,1472,34554
102,1536,34538
102,1600,34634
102,1664,35014
102,1728,35095
102,1792,34751
102,1856,34701
102,1920,34636
102,1984,34662
102,2048,34659
103,0,2680
103,64,2695
103,128,35145
103,192,35129
103,256,35189
103,320,35215
103,384,35156
103,448,35184
103,512,35162
103,576,35150
103,640,35124
103,704,35178
103,768,35108
103,832,35202
103,896,35151
103,960,35260
103,1024,35206
103,1088,35234
103,1152,35270
103,1216,35233
103,1280,35279
103,1344,35331
103,1408,35293
103,1472,35318
103,1536,35349
103,1600,35356
103,1664,35341
103,1728,35367
103,1792,35328
103,1856,35390
103,1920,35404
103,1984,35436
103,2048,35436
104,0,2673
104,64,2678
104,128,35316
104,192,35311
104,256,35369
104,320,35370
104,384,35339
104,448,35366
104,512,35358
104,576,35318
104,640,35376
104,704,35369
104,768,35350
104,832,35369
104,896,35341
104,960,35447
104,1024,35421
104,1088,35424
104,1152,35443
104,1216,35430
104,1280,35419
104,1344,35387
104,1408,35459
104,1472,35489
104,1536,35519
104,1600,35583
104,1664,35564
104,1728,35566
104,1792,35578
104,1856,35583
104,1920,35584
104,1984,35582
104,2048,35639
105,0,2702
105,64,2709
105,128,35483
105,192,35449
105,256,35525
105,320,35504
105,384,35526
105,448,35565
105,512,35550
105,576,35490
105,640,35512
105,704,35538
105,768,35554
105,832,35538
105,896,35521
105,960,35615
105,1024,35580
105,1088,35585
105,1152,35613
105,1216,35600
105,1280,35622
105,1344,35563
105,1408,35665
105,1472,35695
105,1536,35712
105,1600,35763
105,1664,35742
105,1728,35741
105,1792,35751
105,1856,35805
105,1920,35765
105,1984,35753
105,2048,35807
106,0,2713
106,64,2707
106,128,35595
106,192,35613
106,256,35664
106,320,35641
106,384,35644
106,448,35630
106,512,35668
106,576,35633
106,640,35638
106,704,35689
106,768,35660
106,832,35686
106,896,35649
106,960,35731
106,1024,35727
106,1088,35741
106,1152,35785
106,1216,35761
106,1280,35763
106,1344,35717
106,1408,35822
106,1472,35861
106,1536,35872
106,1600,35905
106,1664,35906
106,1728,35905
106,1792,35910
106,1856,35952
106,1920,35965
106,1984,35967
106,2048,35976
107,0,2706
107,64,2703
107,128,35728
107,192,35691
107,256,35710
107,320,35735
107,384,35739
107,448,35738
107,512,35730
107,576,35746
107,640,35752
107,704,35795
107,768,35798
107,832,35739
107,896,35746
107,960,35780
107,1024,35815
107,1088,35832
107,1152,35860
107,1216,35867
107,1280,35847
107,1344,35828
107,1408,35944
107,1472,35986
107,1536,35978
107,1600,36003
107,1664,36004
107,1728,36022
107,1792,36006
107,1856,36079
107,1920,36094
107,1984,36087
107,2048,36114
108,0,2701
108,64,2694
108,128,35779
108,192,35791
108,256,35825
108,320,35835
108,384,35840
108,448,35838
108,512,35827
108,576,35841
108,640,35793
108,704,35859
108,768,35873
108,832,35813
108,896,35841
108,960,35911
108,1024,35904
108,1088,35924
108,1152,35912
108,1216,35919
108,1280,35931
108,1344,35920
108,1408,36018
108,1472,36061
108,1536,36047
108,1600,36075
108,1664,36053
108,1728,36080
108,1792,36077
108,1856,36166
108,1920,36178
108,1984,36124
108,2048,36145
109,0,2694
109,64,2698
109,128,35876
109,192,35908
109,256,35921
109,320,35968
109,384,35994
109,448,35983
109,512,35951
109,576,35933
109,640,35907
109,704,35952
109,768,35964
109,832,35928
109,896,35936
109,960,35988
109,1024,36014
109,1088,36025
109,1152,36014
109,1216,36048
109,1280,36056
109,1344,36022
109,1408,36080
109,1472,36162
109,1536,36159
109,1600,36137
109,1664,36136
109,1728,36177
109,1792,36178
109,1856,36260
109,1920,36282
109,1984,36282
109,2048,36264
110,0,2701
110,64,2694
110,128,35970
110,192,35993
110,256,36018
110,320,36054
110,384,36070
110,448,36067
110,512,36038
110,576,36056
110,640,35986
110,704,36050
110,768,36070
110,832,36024
110,896,36040
110,960,36028
110,1024,36101
110,1088,36121
110,1152,36147
110,1216,36136
110,1280,36137
110,1344,36115
110,1408,36166
110,1472,36256
110,1536,36240
110,1600,36239
110,1664,36252
110,1728,36278
110,1792,36291
110,1856,36337
110,1920,36368
110,1984,36352
110,2048,36313
111,0,2713
111,64,2703
111,128,36075
111,192,36112
111,256,36110
111,320,36140
111,384,36165
111,448,36175
111,512,36152
111,576,36112
111,640,36078
111,704,36149
111,768,36168
111,832,36076
111,896,36093
111,960,36089
111,1024,36186
111,1088,36212
111,1152,36221
111,1216,36225
111,1280,36242
111,1344,36218
111,1408,36276
111,1472,36356
111,1536,36355
111,1600,36367
111,1664,36335
111,1728,36342
111,1792,36395
111,1856,36439
111,1920,36472
111,1984,36510
111,2048,36442
112,0,2705
112,64,2695
112,128,36211
112,192,36267
112,256,36268
112,320,36294
112,384,36295
112,448,36292
112,512,36259
112,576,36318
112,640,36237
112,704,36294
112,768,36276
112,832,36226
112,896,36222
112,960,36244
112,1024,36349
112,1088,36334
112,1152,36367
112,1216,36381
112,1280,36386
112,1344,36391
112,1408,36420
112,1472,36485
112,1536,36483
112,1600,36481
112,1664,36482
112,1728,36500
112,1792,36495
112,1856,36523
112,1920,36602
112,1984,36621
112,2048,36555
113,0,2721
113,64,2727
113,128,36348
113,192,36393
113,256,36387
113,320,36427
113,384,36450
113,448,36471
113,512,36407
113,576,36429
113,640,36360
113,704,36410
113,768,36424
113,832,36376
113,896,36358
113,960,36374
113,1024,36448
113,1088,36490
113,1152,36498
113,1216,36510
113,1280,36529
113,1344,36503
113,1408,36542
113,1472,36634
113,1536,36626
113,1600,36651
113,1664,36629
113,1728,36660
113,1792,36695
113,1856,36723
113,1920,36732
113,1984,36730
113,2048,36697
114,0,2720
114,64,2722
114,128,36576
114,192,36577
114,256,36622
114,320,36637
114,384,36613
114,448,36652
114,512,36652
114,576,36581
114,640,36540
114,704,36574
114,768,36608
114,832,36540
114,896,36592
114,960,36577
114,1024,36596
114,1088,36685
114,1152,36714
114,1216,36710
114,1280,36742
114,1344,36716
114,1408,36703
114,1472,36775
114,1536,36800
114,1600,36846
114,1664,36867
114,1728,36926
114,1792,36908
114,1856,36911
114,1920,36850
114,1984,36914
114,2048,36905
115,0,2719
115,64,2720
115,128,36897
115,192,36888
115,256,36900
115,320,36951
115,384,36924
115,448,37003
115,512,37003
115,576,36916
115,640,36925
115,704,36957
115,768,36941
115,832,36926
115,896,36901
115,960,36916
115,1024,36912
115,1088,36987
115,1152,37046
115,1216,37076
115,1280,37082
115,1344,37065
115,1408,37067
115,1472,37151
115,1536,37184
115,1600,37167
115,1664,37182
115,1728,37247
115,1792,37264
115,1856,37265
115,1920,37203
115,1984,37316
115,2048,37269
116,0,2719
116,64,2720
116,128,38392
116,192,38416
116,256,38422
116,320,38383
116,384,38392
116,448,38426
116,512,38438
116,576,38427
116,640,38488
116,704,38522
116,768,38456
116,832,38533
116,896,38466
116,960,38466
116,1024,38450
116,1088,38546
116,1152,38562
116,1216,38564
116,1280,38593
116,1344,38596
116,1408,38603
116,1472,38671
116,1536,38707
116,1600,38695
116,1664,38690
116,1728,38694
116,1792,38731
116,1856,38724
116,1920,38709
116,1984,38760
116,2048,38763
117,0,2722
117,64,2729
117,128,38689
117,192,38682
117,256,38709
117,320,38679
117,384,38661
117,448,38739
117,512,38694
117,576,38704
117,640,38746
117,704,38770
117,768,38732
117,832,38765
117,896,38714
117,960,38743
117,1024,38718
117,1088,38802
117,1152,38816
117,1216,38804
117,1280,38795
117,1344,38834
117,1408,38855
117,1472,38906
117,1536,38935
117,1600,38944
117,1664,38958
117,1728,38980
117,1792,38980
117,1856,38994
117,1920,38968
117,1984,39029
117,2048,39000
118,0,2721
118,64,2724
118,128,38923
118,192,38917
118,256,39273
118,320,38995
118,384,38920
118,448,38967
118,512,38951
118,576,38938
118,640,38949
118,704,38959
118,768,38886
118,832,38953
118,896,38964
118,960,38931
118,1024,38906
118,1088,38964
118,1152,38958
118,1216,38979
118,1280,38991
118,1344,39004
118,1408,39024
118,1472,39080
118,1536,39110
118,1600,39125
118,1664,39113
118,1728,39130
118,1792,39163
118,1856,39206
118,1920,39175
118,1984,39192
118,2048,39221
119,0,2731
119,64,2733
119,128,39697
119,192,39745
119,256,39769
119,320,39767
119,384,39799
119,448,39814
119,512,39755
119,576,39705
119,640,39680
119,704,39767
119,768,39678
119,832,39692
119,896,39800
119,960,39739
119,1024,39697
119,1088,39682
119,1152,39407
119,1216,39268
119,1280,39317
119,1344,39646
119,1408,39785
119,1472,39837
119,1536,39570
119,1600,39741
119,1664,39445
119,1728,39377
119,1792,39414
119,1856,39686
119,1920,39461
119,1984,39348
119,2048,39484
120,0,2712
120,64,2718
120,128,39948
120,192,39929
120,256,39991
120,320,39969
120,384,40014
120,448,40028
120,512,39996
120,576,40008
120,640,39999
120,704,39948
120,768,39901
120,832,39991
120,896,40062
120,960,39971
120,1024,39965
120,1088,39966
120,1152,39957
120,1216,40033
120,1280,40058
120,1344,40054
120,1408,40066
120,1472,40107
120,1536,40087
120,1600,40140
120,1664,40101
120,1728,40140
120,1792,40132
120,1856,40179
120,1920,40214
120,1984,40207
120,2048,40239
121,0,2734
121,64,2740
121,128,40135
121,192,40096
121,256,40130
121,320,40167
121,384,40186
121,448,40185
121,512,40129
121,576,40178
121,640,40169
121,704,40144
121,768,40110
121,832,40201
121,896,40218
121,960,40172
121,1024,40141
121,1088,40146
121,1152,40205
121,1216,40223
121,1280,40246
121,1344,40254
121,1408,40256
121,1472,40275
121,1536,40272
121,1600,40354
121,1664,40319
121,1728,40381
121,1792,40389
121,1856,40401
121,1920,40372
121,1984,40389
121,2048,40448
122,0,2733
122,64,2727
122,128,40249
122,192,40230
122,256,40239
122,320,40265
122,384,40346
122,448,40315
122,512,40291
122,576,40281
122,640,40296
122,704,40325
122,768,40257
122,832,40314
122,896,40328
122,960,40331
122,1024,40317
122,1088,40321
122,1152,40365
122,1216,40366
122,1280,40405
122,1344,40433
122,1408,40423
122,1472,40423
122,1536,40444
122,1600,40538
122,1664,40526
122,1728,40552
122,1792,40511
122,1856,40560
122,1920,40611
122,1984,40593
122,2048,40619
123,0,2735
123,64,2734
123,128,40349
123,192,40348
123,256,40348
123,320,40393
123,384,40442
123,448,40449
123,512,40411
123,576,40427
123,640,40385
123,704,40433
123,768,40479
123,832,40388
123,896,40453
123,960,40455
123,1024,40436
123,1088,40423
123,1152,40468
123,1216,40521
123,1280,40537
123,1344,40518
123,1408,40515
123,1472,40527
123,1536,40543
123,1600,40638
123,1664,40644
123,1728,40680
123,1792,40655
123,1856,40680
123,1920,40699
123,1984,40695
123,2048,40739
124,0,2735
124,64,2736
124,128,40464
124,192,40520
124,256,40506
124,320,40495
124,384,40564
124,448,40528
124,512,40506
124,576,40528
124,640,40531
124,704,40543
124,768,40562
124,832,40507
124,896,40600
124,960,40546
124,1024,40506
124,1088,40531
124,1152,40566
124,1216,40577
124,1280,40600
124,1344,40609
124,1408,40633
124,1472,40657
124,1536,40636
124,1600,40627
124,1664,40705
124,1728,40749
124,1792,40724
124,1856,40762
124,1920,40812
124,1984,40790
124,2048,40837
125,0,2724
125,64,2731
125,128,40575
125,192,40601
125,256,40617
125,320,40621
125,384,40688
125,448,40626
125,512,40620
125,576,40636
125,640,40600
125,704,40641
125,768,40636
125,832,40590
125,896,40662
125,960,40646
125,1024,40598
125,1088,40625
125,1152,40658
125,1216,40653
125,1280,40690
125,1344,40712
125,1408,40719
125,1472,40729
125,1536,40722
125,1600,40716
125,1664,40857
125,1728,40861
125,1792,40820
125,1856,40839
125,1920,40917
125,1984,40876
125,2048,40877
126,0,2730
126,64,2725
126,128,40639
126,192,40678
126,256,40698
126,320,40694
126,384,40773
126,448,40751
126,512,40717
126,576,40731
126,640,40708
126,704,40726
126,768,40780
126,832,40713
126,896,40714
126,960,40773
126,1024,40712
126,1088,40727
126,1152,40748
126,1216,40775
126,1280,40793
126,1344,40798
126,1408,40802
126,1472,40821
126,1536,40807
126,1600,40807
126,1664,40956
126,1728,40952
126,1792,40935
126,1856,40962
126,1920,41028
126,1984,41033
126,2048,41000
127,0,2720
127,64,2719
127,128,40741
127,192,40761
127,256,40797
127,320,40809
127,384,40827
127,448,40804
127,512,40853
127,576,40827
127,640,40807
127,704,40823
127,768,40879
127,832,40808
127,896,40771
127,960,40798
127,1024,40801
127,1088,40822
127,1152,40865
127,1216,40878
127,1280,40888
127,1344,40874
127,1408,40892
127,1472,40915
127,1536,40902
127,1600,40899
127,1664,41054
127,1728,41054
127,1792,41032
127,1856,41034
127,1920,41111
127,1984,41138
127,2048,41102
128,0,2634
128,64,2639
128,128,40862
128,192,40941
128,256,40932
128,320,41002
128,384,40975
128,448,41036
128,512,40987
128,576,41006
128,640,40935
128,704,40905
128,768,40974
128,832,40904
128,896,40917
128,960,40934
128,1024,40952
128,1088,40930
128,1152,40971
128,1216,40962
128,1280,40988
128,1344,40999
128,1408,41079
128,1472,41017
128,1536,41014
128,1600,41030
128,1664,41184
128,1728,41162
128,1792,41178
128,1856,41148
128,1920,41228
128,1984,41244
128,2048,41203
129,0,2634
129,64,2639
129,128,40862
129,192,40941
129,256,40932
129,320,41002
129,384,40975
129,448,41036
129,512,40987
129,576,41006
129,640,40935
129,704,40905
129,768,40974
129,832,40904
129,896,40917
129,960,40934
129,1024,40952
129,1088,40930
129,1152,40971
129,1216,40962
129,1280,40988
129,1344,40999
129,1408,41079
129,1472,41017
129,1536,41014
129,1600,41030
129,1664,41184
129,1728,41162
129,1792,41178
129,1856,41148
129,1920,41228
129,1984,41244
129,2048,41203
130,0,2634
130,64,2639
130,128,40862
130,192,40941
130,256,40932
130,320,41002
130,384,40975
130,448,41036
130,512,40987
130,576,41006
130,640,40935
130,704,40905
130,768,40974
130,832,40904
130,896,40917
130,960,40934
130,1024,40952
130,1088,40930
130,1152,40971
130,1216,40962
130,1280,40988
130,1344,40999
130,1408,41079
130,1472,41017
130,1536,41014
130,1600,41030
130,1664,41184
130,1728,41162
130,1792,41178
130,1856,41148
130,1920,41228
130,1984,41244
130,2048,41203
131,0,2634
131,64,2639
131,128,40760
131,192,40941
131,256,40932
131,320,41002
131,384,40975
131,448,41036
131,512,40987
131,576,41006
131,640,40935
131,704,40905
131,768,40974
131,832,40904
131,896,40917
131,960,40934
131,1024,40952
131,1088,40930
131,1152,40971
131,1216,40962
131,1280,40988
131,1344,40999
131,1408,41079
131,1472,41017
131,1536,41014
131,1600,41030
131,1664,41184
131,1728,41162
131,1792,41178
131,1856,41148
131,1920,41228
131,1984,41244
131,2048,41203
132,0,2633
132,64,2638
132,128,40100
132,192,40941
132,256,40932
132,320,41002
132,384,40975
132,448,41036
132,512,40987
132,576,41006
132,640,40935
132,704,40905
132,768,40974
132,832,40904
132,896,40917
132,960,40934
132,1024,40952
132,1088,40930
132,1152,40971
132,1216,40962
132,1280,40988
132,1344,40999
132,1408,41079
132,1472,41017
132,1536,41014
132,1600,41030
132,1664,41184
132,1728,41162
132,1792,41178
132,1856,41148
132,1920,41228
132,1984,41244
132,2048,41203
133,0,2747
133,64,2742
133,128,6371
133,192,44340
133,256,44485
133,320,44577
133,384,44567
133,448,44617
133,512,44597
133,576,44603
133,640,44541
133,704,44466
133,768,44600
133,832,44540
133,896,44536
133,960,44559
133,1024,44527
133,1088,44541
133,1152,44622
133,1216,44560
133,1280,44563
133,1344,44555
133,1408,44690
133,1472,44640
133,1536,44601
133,1600,44670
133,1664,44746
133,1728,44705
133,1792,44723
133,1856,44752
133,1920,44730
133,1984,44793
133,2048,44797
134,0,2747
134,64,2742
134,128,6371
134,192,44340
134,256,44485
134,320,44577
134,384,44567
134,448,44617
134,512,44597
134,576,44603
134,640,44541
134,704,44466
134,768,44600
134,832,44540
134,896,44536
134,960,44559
134,1024,44527
134,1088,44541
134,1152,44622
134,1216,44560
134,1280,44563
134,1344,44555
134,1408,44690
134,1472,44640
134,1536,44601
134,1600,44670
134,1664,44746
134,1728,44705
134,1792,44723
134,1856,44752
134,1920,44730
134,1984,44793
134,2048,44797
135,0,2747
135,64,2742
135,128,6371
135,192,44340
135,256,44485
135,320,44577
135,384,44567
135,448,44617
135,512,44597
135,576,44603
135,640,44541
135,704,44466
135,768,44600
135,832,44540
135,896,44536
135,960,44559
135,1024,44527
135,1088,44541
135,1152,44622
135,1216,44560
135,1280,44563
135,1344,44555
135,1408,44690
135,1472,44640
135,1536,44601
135,1600,44670
135,1664,44746
135,1728,44705
135,1792,44723
135,1856,44752
135,1920,44730
135,1984,44793
135,2048,44797
136,0,2747
136,64,2742
136,128,6371
136,192,44340
136,256,44485
136,320,44577
136,384,44567
136,448,44617
136,512,44597
136,576,44603
136,640,44541
136,704,44466
136,768,44600
136,832,44540
136,896,44536
136,960,44559
136,1024,44527
136,1088,44541
136,1152,44622
136,1216,44560
136,1280,44563
136,1344,44555
136,1408,44690
136,1472,44640
136,1536,44601
136,1600,44670
136,1664,44746
136,1728,44705
136,1792,44723
136,1856,44752
136,1920,44730
136,1984,44793
136,2048,44797
137,0,2748
137,64,2743
137,128,6320
137,192,44340
137,256,44485
137,320,44577
137,384,44567
137,448,44617
137,512,44597
137,576,44603
137,640,44541
137,704,44466
137,768,44600
137,832,44540
137,896,44536
137,960,44559
137,1024,44527
137,1088,44541
137,1152,44622
137,1216,44560
137,1280,44563
137,1344,44555
137,1408,44690
137,1472,44640
137,1536,44601
137,1600,44670
137,1664,44746
137,1728,44705
137,1792,44723
137,1856,44752
137,1920,44730
137,1984,44793
137,2048,44797
138,0,2748
138,64,2743
138,128,6320
138,192,44340
138,256,44485
138,320,44577
138,384,44567
138,448,44617
138,512,44597
138,576,44603
138,640,44541
138,704,44466
138,768,44600
138,832,44540
138,896,44536
138,960,44559
138,1024,44527
138,1088,44541
138,1152,44622
138,1216,44560
138,1280,44563
138,1344,44555
138,1408,44690
138,1472,44640
138,1536,44601
138,1600,44670
138,1664,44746
138,1728,44705
138,1792,44723
138,1856,44752
138,1920,44730
138,1984,44793
138,2048,44797
139,0,2748
139,64,2743
139,128,6320
139,192,44340
139,256,44485
139,320,44577
139,384,44567
139,448,44617
139,512,44597
139,576,44603
139,640,44541
139,704,44466
139,768,44600
139,832,44540
139,896,44536
139,960,44559
139,1024,44527
139,1088,44541
139,1152,44622
139,1216,44560
139,1280,44563
139,1344,44555
139,1408,44690
139,1472,44640
139,1536,44601
139,1600,44670
139,1664,44746
139,1728,44705
139,1792,44723
139,1856,44752
139,1920,44730
139,1984,44793
139,2048,44797
140,0,2748
140,64,2743
140,128,6320
140,192,44340
140,256,44485
140,320,44577
140,384,44567
140,448,44617
140,512,44597
140,576,44603
140,640,44541
140,704,44466
140,768,44600
140,832,44540
140,896,44536
140,960,44559
140,1024,44527
140,1088,44541
140,1152,44622
140,1216,44560
140,1280,44563
140,1344,44555
140,1408,44690
140,1472,44640
140,1536,44601
140,1600,44670
140,1664,44746
140,1728,44705
140,1792,44723
140,1856,44752
140,1920,44730
140,1984,44793
140,2048,44797
141,0,2831
141,64,2837
141,128,5288
141,192,45763
141,256,45562
141,320,45646
141,384,45624
141,448,45645
141,512,45659
141,576,45714
141,640,45646
141,704,45642
141,768,45618
141,832,45657
141,896,45596
141,960,45668
141,1024,45678
141,1088,45650
141,1152,45661
141,1216,45692
141,1280,45656
141,1344,45685
141,1408,45735
141,1472,45733
141,1536,45735
141,1600,45775
141,1664,45807
141,1728,45782
141,1792,45823
141,1856,45773
141,1920,45831
141,1984,45897
141,2048,45904
142,0,2831
142,64,2837
142,128,5288
142,192,45763
142,256,45562
142,320,45646
142,384,45624
142,448,45645
142,512,45659
142,576,45714
142,640,45646
142,704,45642
142,768,45618
142,832,45657
142,896,45596
142,960,45668
142,1024,45678
142,1088,45650
142,1152,45661
142,1216,45692
142,1280,45656
142,1344,45685
142,1408,45735
142,1472,45733
142,1536,45735
142,1600,45775
142,1664,45807
142,1728,45782
142,1792,45823
142,1856,45773
142,1920,45831
142,1984,45897
142,2048,45904
143,0,2831
143,64,2837
143,128,5288
143,192,45763
143,256,45562
143,320,45646
143,384,45624
143,448,45645
143,512,45659
143,576,45714
143,640,45646
143,704,45642
143,768,45618
143,832,45657
143,896,45596
143,960,45668
143,1024,45678
143,1088,45650
143,1152,45661
143,1216,45692
143,1280,45656
143,1344,45685
143,1408,45735
143,1472,45733
143,1536,45735
143,1600,45775
143,1664,45807
143,1728,45782
143,1792,45823
143,1856,45773
143,1920,45831
143,1984,45897
143,2048,45904
144,0,2831
144,64,2837
144,128,5288
144,192,45763
144,256,45562
144,320,45646
144,384,45624
144,448,45645
144,512,45659
144,576,45714
144,640,45646
144,704,45642
144,768,45618
144,832,45657
144,896,45596
144,960,45668
144,1024,45678
144,1088,45650
144,1152,45661
144,1216,45692
144,1280,45656
144,1344,45685
144,1408,45735
144,1472,45733
144,1536,45735
144,1600,45775
144,1664,45807
144,1728,45782
144,1792,45823
144,1856,45773
144,1920,45831
144,1984,45897
144,2048,45904
145,0,2832
145,64,2838
145,128,5185
145,192,45799
145,256,45562
145,320,45646
145,384,45624
145,448,45645
145,512,45659
145,576,45714
145,640,45646
145,704,45642
145,768,45618
145,832,45657
145,896,45596
145,960,45668
145,1024,45678
145,1088,45650
145,1152,45661
145,1216,45692
145,1280,45656
145,1344,45685
145,1408,45735
145,1472,45733
145,1536,45735
145,1600,45775
145,1664,45807
145,1728,45782
145,1792,45823
145,1856,45773
145,1920,45831
145,1984,45897
145,2048,45904
146,0,2832
146,64,2838
146,128,5185
146,192,45799
146,256,45562
146,320,45646
146,384,45624
146,448,45645
146,512,45659
146,576,45714
146,640,45646
146,704,45642
146,768,45618
146,832,45657
146,896,45596
146,960,45668
146,1024,45678
146,1088,45650
146,1152,45661
146,1216,45692
146,1280,45656
146,1344,45685
146,1408,45735
146,1472,45733
146,1536,45735
146,1600,45775
146,1664,45807
146,1728,45782
146,1792,45823
146,1856,45773
146,1920,45831
146,1984,45897
146,2048,45904
147,0,2832
147,64,2838
147,128,5185
147,192,45799
147,256,45562
147,320,45646
147,384,45624
147,448,45645
147,512,45659
147,576,45714
147,640,45646
147,704,45642
147,768,45618
147,832,45657
147,896,45596
147,960,45668
147,1024,45678
147,1088,45650
147,1152,45661
147,1216,45692
147,1280,45656
147,1344,45685
147,1408,45735
147,1472,45733
147,1536,45735
147,1600,45775
147,1664,45807
147,1728,45782
147,1792,45823
147,1856,45773
147,1920,45831
147,1984,45897
147,2048,45904
148,0,2832
148,64,2838
148,128,5185
148,192,45799
148,256,45562
148,320,45646
148,384,45624
148,448,45645
148,512,45659
148,576,45714
148,640,45646
148,704,45642
148,768,45618
148,832,45657
148,896,45596
148,960,45668
148,1024,45678
148,1088,45650
148,1152,45661
148,1216,45692
148,1280,45656
148,1344,45685
148,1408,45735
148,1472,45733
148,1536,45735
148,1600,45775
148,1664,45807
148,1728,45782
148,1792,45823
148,1856,45773
148,1920,45831
148,1984,45897
148,2048,45904
149,0,2971
149,64,2966
149,128,5019
149,192,49249
149,256,49064
149,320,49165
149,384,49140
149,448,49172
149,512,49146
149,576,49176
149,640,49188
149,704,49201
149,768,49172
149,832,49199
149,896,49085
149,960,49123
149,1024,49180
149,1088,49143
149,1152,49175
149,1216,49238
149,1280,49182
149,1344,49182
149,1408,49290
149,1472,49272
149,1536,49260
149,1600,49254
149,1664,49267
149,1728,49247
149,1792,49320
149,1856,49250
149,1920,49264
149,1984,49361
149,2048,49356
150,0,2971
150,64,2966
150,128,5019
150,192,49249
150,256,49064
150,320,49165
150,384,49140
150,448,49172
150,512,49146
150,576,49176
150,640,49188
150,704,49201
150,768,49172
150,832,49199
150,896,49085
150,960,49123
150,1024,49180
150,1088,49143
150,1152,49175
150,1216,49238
150,1280,49182
150,1344,49182
150,1408,49290
150,1472,49272
150,1536,49260
150,1600,49254
150,1664,49267
150,1728,49247
150,1792,49320
150,1856,49250
150,1920,49264
150,1984,49361
150,2048,49356
151,0,2971
151,64,2966
151,128,5019
151,192,49249
151,256,49064
151,320,49165
151,384,49140
151,448,49172
151,512,49146
151,576,49176
151,640,49188
151,704,49201
151,768,49172
151,832,49199
151,896,49085
151,960,49123
151,1024,49180
151,1088,49143
151,1152,49175
151,1216,49238
151,1280,49182
151,1344,49182
151,1408,49290
151,1472,49272
151,1536,49260
151,1600,49254
151,1664,49267
151,1728,49247
151,1792,49320
151,1856,49250
151,1920,49264
151,1984,49361
151,2048,49356
152,0,2971
152,64,2966
152,128,5019
152,192,49249
152,256,49064
152,320,49165
152,384,49140
152,448,49172
152,512,49146
152,576,49176
152,640,49188
152,704,49201
152,768,49172
152,832,49199
152,896,49085
152,960,49123
152,1024,49180
152,1088,49143
152,1152,49175
152,1216,49238
152,1280,49182
152,1344,49182
152,1408,49290
152,1472,49272
152,1536,49260
152,1600,49254
152,1664,49267
152,1728,49247
152,1792,49320
152,1856,49250
152,1920,49264
152,1984,49361
152,2048,49356
153,0,2915
153,64,2909
153,128,4914
153,192,49323
153,256,49064
153,320,49165
153,384,49140
153,448,49172
153,512,49146
153,576,49176
153,640,49188
153,704,49201
153,768,49172
153,832,49199
153,896,49085
153,960,49123
153,1024,49180
153,1088,49143
153,1152,49175
153,1216,49238
153,1280,49182
153,1344,49182
153,1408,49290
153,1472,49272
153,1536,49260
153,1600,49254
153,1664,49267
153,1728,49247
153,1792,49320
153,1856,49250
153,1920,49264
153,1984,49361
153,2048,49356
154,0,2915
154,64,2909
154,128,4914
154,192,49323
154,256,49064
154,320,49165
154,384,49140
154,448,49172
154,512,49146
154,576,49176
154,640,49188
154,704,49201
154,768,49172
154,832,49199
154,896,49085
154,960,49123
154,1024,49180
154,1088,49143
154,1152,49175
154,1216,49238
154,1280,49182
154,1344,49182
154,1408,49290
154,1472,49272
154,1536,49260
154,1600,49254
154,1664,49267
154,1728,49247
154,1792,49320
154,1856,49250
154,1920,49264
154,1984,49361
154,2048,49356
155,0,2915
155,64,2909
155,128,4914
155,192,49323
155,256,49064
155,320,49165
155,384,49140
155,448,49172
155,512,49146
155,576,49176
155,640,49188
155,704,49201
155,768,49172
155,832,49199
155,896,49085
155,960,49123
155,1024,49180
155,1088,49143
155,1152,49175
155,1216,49238
155,1280,49182
155,1344,49182
155,1408,49290
155,1472,49272
155,1536,49260
155,1600,49254
155,1664,49267
155,1728,49247
155,1792,49320
155,1856,49250
155,1920,49264
155,1984,49361
155,2048,49356
156,0,2915
156,64,2909
156,128,4914
156,192,49323
156,256,49064
156,320,49165
156,384,49140
156,448,49172
156,512,49146
156,576,49176
156,640,49188
156,704,49201
156,768,49172
156,832,49199
156,896,49085
156,960,49123
156,1024,49180
156,1088,49143
156,1152,49175
156,1216,49238
156,1280,49182
156,1344,49182
156,1408,49290
156,1472,49272
156,1536,49260
156,1600,49254
156,1664,49267
156,1728,49247
156,1792,49320
156,1856,49250
156,1920,49264
156,1984,49361
156,2048,49356
157,0,2881
157,64,2888
157,128,4974
157,192,50320
157,256,50214
157,320,50237
157,384,50235
157,448,50298
157,512,50282
157,576,50320
157,640,50281
157,704,50304
157,768,50282
157,832,50321
157,896,50307
157,960,50274
157,1024,50320
157,1088,50291
157,1152,50362
157,1216,50367
157,1280,50342
157,1344,50320
157,1408,50352
157,1472,50374
157,1536,50438
157,1600,50474
157,1664,50427
157,1728,50433
157,1792,50483
157,1856,50456
157,1920,50457
157,1984,50463
157,2048,50477
158,0,2881
158,64,2888
158,128,4974
158,192,50320
158,256,50214
158,320,50237
158,384,50235
158,448,50298
158,512,50282
158,576,50320
158,640,50281
158,704,50304
158,768,50282
158,832,50321
158,896,50307
158,960,50274
158,1024,50320
158,1088,50291
158,1152,50362
158,1216,50367
158,1280,50342
158,1344,50320
158,1408,50352
158,1472,50374
158,1536,50438
158,1600,50474
158,1664,50427
158,1728,50433
158,1792,50483
158,1856,50456
158,1920,50457
158,1984,50463
158,2048,50477
159,0,2881
159,64,2888
159,128,4974
159,192,50320
159,256,50214
159,320,50237
159,384,50235
159,448,50298
159,512,50282
159,576,50320
159,640,50281
159,704,50304
159,768,50282
159,832,50321
159,896,50307
159,960,50274
159,1024,50320
159,1088,50291
159,1152,50362
159,1216,50367
159,1280,50342
159,1344,50320
159,1408,50352
159,1472,50374
159,1536,50438
159,1600,50474
159,1664,50427
159,1728,50433
159,1792,50483
159,1856,50456
159,1920,50457
159,1984,50463
159,2048,50477
160,0,2881
160,64,2888
160,128,4974
160,192,50320
160,256,50214
160,320,50237
160,384,50235
160,448,50298
160,512,50282
160,576,50320
160,640,50281
160,704,50304
160,768,50282
160,832,50321
160,896,50307
160,960,50274
160,1024,50320
160,1088,50291
160,1152,50362
160,1216,50367
160,1280,50342
160,1344,50320
160,1408,50352
160,1472,50374
160,1536,50438
160,1600,50474
160,1664,50427
160,1728,50433
160,1792,50483
160,1856,50456
160,1920,50457
160,1984,50463
160,2048,50477
161,0,2881
161,64,2888
161,128,4727
161,192,50605
161,256,50214
161,320,50237
161,384,50235
161,448,50298
161,512,50282
161,576,50320
161,640,50281
161,704,50304
161,768,50282
161,832,50321
161,896,50307
161,960,50274
161,1024,50320
161,1088,50291
161,1152,50362
161,1216,50367
161,1280,50342
161,1344,50320
161,1408,50352
161,1472,50374
161,1536,50438
161,1600,50474
161,1664,50427
161,1728,50433
161,1792,50483
161,1856,50456
161,1920,50457
161,1984,50463
161,2048,50477
162,0,2881
162,64,2888
162,128,4727
162,192,50605
162,256,50214
162,320,50237
162,384,50235
162,448,50298
162,512,50282
162,576,50320
162,640,50281
162,704,50304
162,768,50282
162,832,50321
162,896,50307
162,960,50274
162,1024,50320
162,1088,50291
162,1152,50362
162,1216,50367
162,1280,50342
162,1344,50320
162,1408,50352
162,1472,50374
162,1536,50438
162,1600,50474
162,1664,50427
162,1728,50433
162,1792,50483
162,1856,50456
162,1920,50457
162,1984,50463
162,2048,50477
163,0,2881
163,64,2888
163,128,4727
163,192,50605
163,256,50214
163,320,50237
163,384,50235
163,448,50298
163,512,50282
163,576,50320
163,640,50281
163,704,50304
163,768,50282
163,832,50321
163,896,50307
163,960,50274
163,1024,50320
163,1088,50291
163,1152,50362
163,1216,50367
163,1280,50342
163,1344,50320
163,1408,50352
163,1472,50374
163,1536,50438
163,1600,50474
163,1664,50427
163,1728,50433
163,1792,50483
163,1856,50456
163,1920,50457
163,1984,50463
163,2048,50477
164,0,2881
164,64,2888
164,128,4727
164,192,50605
164,256,50214
164,320,50237
164,384,50235
164,448,50298
164,512,50282
164,576,50320
164,640,50281
164,704,50304
164,768,50282
164,832,50321
164,896,50307
164,960,50274
164,1024,50320
164,1088,50291
164,1152,50362
164,1216,50367
164,1280,50342
164,1344,50320
164,1408,50352
164,1472,50374
164,1536,50438
164,1600,50474
164,1664,50427
164,1728,50433
164,1792,50483
164,1856,50456
164,1920,50457
164,1984,50463
164,2048,50477
165,0,2708
165,64,2717
165,128,2705
165,192,52677
165,256,53659
165,320,53764
165,384,53763
165,448,53831
165,512,53768
165,576,53832
165,640,53758
165,704,53849
165,768,53791
165,832,53711
165,896,53734
165,960,53617
165,1024,53813
165,1088,53528
165,1152,53729
165,1216,53818
165,1280,53789
165,1344,53764
165,1408,53747
165,1472,53798
165,1536,53953
165,1600,53908
165,1664,53592
165,1728,53711
165,1792,53834
165,1856,53873
165,1920,53688
165,1984,53741
165,2048,53906
166,0,2708
166,64,2717
166,128,2705
166,192,52677
166,256,53659
166,320,53764
166,384,53763
166,448,53831
166,512,53768
166,576,53832
166,640,53758
166,704,53849
166,768,53791
166,832,53711
166,896,53734
166,960,53617
166,1024,53813
166,1088,53528
166,1152,53729
166,1216,53818
166,1280,53789
166,1344,53764
166,1408,53747
166,1472,53798
166,1536,53953
166,1600,53908
166,1664,53592
166,1728,53711
166,1792,53834
166,1856,53873
166,1920,53688
166,1984,53741
166,2048,53906
167,0,2708
167,64,2717
167,128,2705
167,192,52677
167,256,53659
167,320,53764
167,384,53763
167,448,53831
167,512,53768
167,576,53832
167,640,53758
167,704,53849
167,768,53791
167,832,53711
167,896,53734
167,960,53617
167,1024,53813
167,1088,53528
167,1152,53729
167,1216,53818
167,1280,53789
167,1344,53764
167,1408,53747
167,1472,53798
167,1536,53953
167,1600,53908
167,1664,53592
167,1728,53711
167,1792,53834
167,1856,53873
167,1920,53688
167,1984,53741
167,2048,53906
168,0,2708
168,64,2717
168,128,2705
168,192,52677
168,256,53659
168,320,53764
168,384,53763
168,448,53831
168,512,53768
168,576,53832
168,640,53758
168,704,53849
168,768,53791
168,832,53711
168,896,53734
168,960,53617
168,1024,53813
168,1088,53528
168,1152,53729
168,1216,53818
168,1280,53789
168,1344,53764
168,1408,53747
168,1472,53798
168,1536,53953
168,1600,53908
168,1664,53592
168,1728,53711
168,1792,53834
168,1856,53873
168,1920,53688
168,1984,53741
168,2048,53906
169,0,2708
169,64,2717
169,128,2705
169,192,53036
169,256,53659
169,320,53764
169,384,53763
169,448,53831
169,512,53768
169,576,53832
169,640,53758
169,704,53849
169,768,53791
169,832,53711
169,896,53734
169,960,53617
169,1024,53813
169,1088,53528
169,1152,53729
169,1216,53818
169,1280,53789
169,1344,53764
169,1408,53747
169,1472,53798
169,1536,53953
169,1600,53908
169,1664,53592
169,1728,53711
169,1792,53834
169,1856,53873
169,1920,53688
169,1984,53741
169,2048,53906
170,0,2708
170,64,2717
170,128,2705
170,192,53036
170,256,53659
170,320,53764
170,384,53763
170,448,53831
170,512,53768
170,576,53832
170,640,53758
170,704,53849
170,768,53791
170,832,53711
170,896,53734
170,960,53617
170,1024,53813
170,1088,53528
170,1152,53729
170,1216,53818
170,1280,53789
170,1344,53764
170,1408,53747
170,1472,53798
170,1536,53953
170,1600,53908
170,1664,53592
170,1728,53711
170,1792,53834
170,1856,53873
170,1920,53688
170,1984,53741
170,2048,53906
171,0,2708
171,64,2717
171,128,2705
171,192,53036
171,256,53659
171,320,53764
171,384,53763
171,448,53831
171,512,53768
171,576,53832
171,640,53758
171,704,53849
171,768,53791
171,832,53711
171,896,53734
171,960,53617
171,1024,53813
171,1088,53528
171,1152,53729
171,1216,53818
171,1280,53789
171,1344,53764
171,1408,53747
171,1472,53798
171,1536,53953
171,1600,53908
171,1664,53592
171,1728,53711
171,1792,53834
171,1856,53873
171,1920,53688
171,1984,53741
171,2048,53906
172,0,2708
172,64,2717
172,128,2705
172,192,53036
172,256,53659
172,320,53764
172,384,53763
172,448,53831
172,512,53768
172,576,53832
172,640,53758
172,704,53849
172,768,53791
172,832,53711
172,896,53734
172,960,53617
172,1024,53813
172,1088,53528
172,1152,53729
172,1216,53818
172,1280,53789
172,1344,53764
172,1408,53747
172,1472,53798
172,1536,53953
172,1600,53908
172,1664,53592
172,1728,53711
172,1792,53834
172,1856,53873
172,1920,53688
172,1984,53741
172,2048,53906
173,0,2727
173,64,2741
173,128,2715
173,192,53144
173,256,54869
173,320,54871
173,384,54885
173,448,54920
173,512,54936
173,576,54938
173,640,54932
173,704,54988
173,768,54899
173,832,54931
173,896,54956
173,960,54954
173,1024,54972
173,1088,55013
173,1152,55010
173,1216,54988
173,1280,54999
173,1344,55000
173,1408,54970
173,1472,54956
173,1536,54999
173,1600,55067
173,1664,55052
173,1728,55049
173,1792,55107
173,1856,55100
173,1920,55059
173,1984,55064
173,2048,55070
174,0,2727
174,64,2741
174,128,2715
174,192,53144
174,256,54869
174,320,54871
174,384,54885
174,448,54920
174,512,54936
174,576,54938
174,640,54932
174,704,54988
174,768,54899
174,832,54931
174,896,54956
174,960,54954
174,1024,54972
174,1088,55013
174,1152,55010
174,1216,54988
174,1280,54999
174,1344,55000
174,1408,54970
174,1472,54956
174,1536,54999
174,1600,55067
174,1664,55052
174,1728,55049
174,1792,55107
174,1856,55100
174,1920,55059
174,1984,55064
174,2048,55070
175,0,2727
175,64,2741
175,128,2715
175,192,53144
175,256,54869
175,320,54871
175,384,54885
175,448,54920
175,512,54936
175,576,54938
175,640,54932
175,704,54988
175,768,54899
175,832,54931
175,896,54956
175,960,54954
175,1024,54972
175,1088,55013
175,1152,55010
175,1216,54988
175,1280,54999
175,1344,55000
175,1408,54970
175,1472,54956
175,1536,54999
175,1600,55067
175,1664,55052
175,1728,55049
175,1792,55107
175,1856,55100
175,1920,55059
175,1984,55064
175,2048,55070
176,0,2727
176,64,2741
176,128,2715
176,192,53144
176,256,54869
176,320,54871
176,384,54885
176,448,54920
176,512,54936
176,576,54938
176,640,54932
176,704,54988
176,768,54899
176,832,54931
176,896,54956
176,960,54954
176,1024,54972
176,1088,55013
176,1152,55010
176,1216,54988
176,1280,54999
176,1344,55000
176,1408,54970
176,1472,54956
176,1536,54999
176,1600,55067
176,1664,55052
176,1728,55049
176,1792,55107
176,1856,55100
176,1920,55059
176,1984,55064
176,2048,55070
177,0,2727
177,64,2742
177,128,2715
177,192,53691
177,256,54869
177,320,54871
177,384,54885
177,448,54920
177,512,54936
177,576,54938
177,640,54932
177,704,54988
177,768,54899
177,832,54931
177,896,54956
177,960,54954
177,1024,54972
177,1088,55013
177,1152,55010
177,1216,54988
177,1280,54999
177,1344,55000
177,1408,54970
177,1472,54956
177,1536,54999
177,1600,55067
177,1664,55052
177,1728,55049
177,1792,55107
177,1856,55100
177,1920,55059
177,1984,55064
177,2048,55070
178,0,2727
178,64,2742
178,128,2715
178,192,53691
178,256,54869
178,320,54871
178,384,54885
178,448,54920
178,512,54936
178,576,54938
178,640,54932
178,704,54988
178,768,54899
178,832,54931
178,896,54956
178,960,54954
178,1024,54972
178,1088,55013
178,1152,55010
178,1216,54988
178,1280,54999
178,1344,55000
178,1408,54970
178,1472,54956
178,1536,54999
178,1600,55067
178,1664,55052
178,1728,55049
178,1792,55107
178,1856,55100
178,1920,55059
178,1984,55064
178,2048,55070
179,0,2727
179,64,2742
179,128,2715
179,192,53691
179,256,54869
179,320,54871
179,384,54885
179,448,54920
179,512,54936
179,576,54938
179,640,54932
179,704,54988
179,768,54899
179,832,54931
179,896,54956
179,960,54954
179,1024,54972
179,1088,55013
179,1152,55010
179,1216,54988
179,1280,54999
179,1344,55000
179,1408,54970
179,1472,54956
179,1536,54999
179,1600,55067
179,1664,55052
179,1728,55049
179,1792,55107
179,1856,55100
179,1920,55059
179,1984,55064
179,2048,55070
180,0,2727
180,64,2742
180,128,2715
180,192,53691
180,256,54869
180,320,54871
180,384,54885
180,448,54920
180,512,54936
180,576,54938
180,640,54932
180,704,54988
180,768,54899
180,832,54931
180,896,54956
180,960,54954
180,1024,54972
180,1088,55013
180,1152,55010
180,1216,54988
180,1280,54999
180,1344,55000
180,1408,54970
180,1472,54956
180,1536,54999
180,1600,55067
180,1664,55052
180,1728,55049
180,1792,55107
180,1856,55100
180,1920,55059
180,1984,55064
180,2048,55070
181,0,2734
181,64,2737
181,128,2744
181,192,53617
181,256,57981
181,320,58065
181,384,58192
181,448,58155
181,512,58316
181,576,58142
181,640,58176
181,704,58318
181,768,58179
181,832,58210
181,896,58242
181,960,57931
181,1024,58070
181,1088,58004
181,1152,58127
181,1216,58078
181,1280,58031
181,1344,58035
181,1408,58006
181,1472,58039
181,1536,58095
181,1600,58066
181,1664,58052
181,1728,58061
181,1792,58075
181,1856,58157
181,1920,58128
181,1984,58095
181,2048,58118
182,0,2734
182,64,2737
182,128,2744
182,192,53617
182,256,57981
182,320,58065
182,384,58192
182,448,58155
182,512,58316
182,576,58142
182,640,58176
182,704,58318
182,768,58179
182,832,58210
182,896,58242
182,960,57931
182,1024,58070
182,1088,58004
182,1152,58127
182,1216,58078
182,1280,58031
182,1344,58035
182,1408,58006
182,1472,58039
182,1536,58095
182,1600,58066
182,1664,58052
182,1728,58061
182,1792,58075
182,1856,58157
182,1920,58128
182,1984,58095
182,2048,58118
183,0,2734
183,64,2737
183,128,2744
183,192,53617
183,256,57981
183,320,58065
183,384,58192
183,448,58155
183,512,58316
183,576,58142
183,640,58176
183,704,58318
183,768,58179
183,832,58210
183,896,58242
183,960,57931
183,1024,58070
183,1088,58004
183,1152,58127
183,1216,58078
183,1280,58031
183,1344,58035
183,1408,58006
183,1472,58039
183,1536,58095
183,1600,58066
183,1664,58052
183,1728,58061
183,1792,58075
183,1856,58157
183,1920,58128
183,1984,58095
183,2048,58118
184,0,2734
184,64,2737
184,128,2744
184,192,53617
184,256,57981
184,320,58065
184,384,58192
184,448,58155
184,512,58316
184,576,58142
184,640,58176
184,704,58318
184,768,58179
184,832,58210
184,896,58242
184,960,57931
184,1024,58070
184,1088,58004
184,1152,58127
184,1216,58078
184,1280,58031
184,1344,58035
184,1408,58006
184,1472,58039
184,1536,58095
184,1600,58066
184,1664,58052
184,1728,58061
184,1792,58075
184,1856,58157
184,1920,58128
184,1984,58095
184,2048,58118
185,0,2734
185,64,2736
185,128,2744
185,192,53864
185,256,57981
185,320,58065
185,384,58192
185,448,58155
185,512,58316
185,576,58142
185,640,58176
185,704,58318
185,768,58179
185,832,58210
185,896,58242
185,960,57931
185,1024,58070
185,1088,58004
185,1152,58127
185,1216,58078
185,1280,58031
185,1344,58035
185,1408,58006
185,1472,58039
185,1536,58095
185,1600,58066
185,1664,58052
185,1728,58061
185,1792,58075
185,1856,58157
185,1920,58128
185,1984,58095
185,2048,58118
186,0,2734
186,64,2736
186,128,2744
186,192,53864
186,256,57981
186,320,58065
186,384,58192
186,448,58155
186,512,58316
186,576,58142
186,640,58176
186,704,58318
186,768,58179
186,832,58210
186,896,58242
186,960,57931
186,1024,58070
186,1088,58004
186,1152,58127
186,1216,58078
186,1280,58031
186,1344,58035
186,1408,58006
186,1472,58039
186,1536,58095
186,1600,58066
186,1664,58052
186,1728,58061
186,1792,58075
186,1856,58157
186,1920,58128
186,1984,58095
186,2048,58118
187,0,2734
187,64,2736
187,128,2744
187,192,53864
187,256,57981
187,320,58065
187,384,58192
187,448,58155
187,512,58316
187,576,58142
187,640,58176
187,704,58318
187,768,58179
187,832,58210
187,896,58242
187,960,57931
187,1024,58070
187,1088,58004
187,1152,58127
187,1216,58078
187,1280,58031
187,1344,58035
187,1408,58006
187,1472,58039
187,1536,58095
187,1600,58066
187,1664,58052
187,1728,58061
187,1792,58075
187,1856,58157
187,1920,58128
187,1984,58095
187,2048,58118
188,0,2734
188,64,2736
188,128,2744
188,192,53864
188,256,57981
188,320,58065
188,384,58192
188,448,58155
188,512,58316
188,576,58142
188,640,58176
188,704,58318
188,768,58179
188,832,58210
188,896,58242
188,960,57931
188,1024,58070
188,1088,58004
188,1152,58127
188,1216,58078
188,1280,58031
188,1344,58035
188,1408,58006
188,1472,58039
188,1536,58095
188,1600,58066
188,1664,58052
188,1728,58061
188,1792,58075
188,1856,58157
188,1920,58128
188,1984,58095
188,2048,58118
189,0,2675
189,64,2674
189,128,2673
189,192,51394
189,256,59549
189,320,59541
189,384,59628
189,448,59580
189,512,59592
189,576,59612
189,640,59629
189,704,59680
189,768,59645
189,832,59707
189,896,59725
189,960,59669
189,1024,59704
189,1088,59726
189,1152,59678
189,1216,59698
189,1280,59721
189,1344,59729
189,1408,59682
189,1472,59722
189,1536,59749
189,1600,59740
189,1664,59706
189,1728,59762
189,1792,59784
189,1856,59831
189,1920,59839
189,1984,59836
189,2048,59818
190,0,2675
190,64,2674
190,128,2673
190,192,51394
190,256,59549
190,320,59541
190,384,59628
190,448,59580
190,512,59592
190,576,59612
190,640,59629
190,704,59680
190,768,59645
190,832,59707
190,896,59725
190,960,59669
190,1024,59704
190,1088,59726
190,1152,59678
190,1216,59698
190,1280,59721
190,1344,59729
190,1408,59682
190,1472,59722
190,1536,59749
190,1600,59740
190,1664,59706
190,1728,59762
190,1792,59784
190,1856,59831
190,1920,59839
190,1984,59836
190,2048,59818
191,0,2675
191,64,2674
191,128,2673
191,192,51394
191,256,59549
191,320,59541
191,384,59628
191,448,59580
191,512,59592
191,576,59612
191,640,59629
191,704,59680
191,768,59645
191,832,59707
191,896,59725
191,960,59669
191,1024,59704
191,1088,59726
191,1152,59678
191,1216,59698
191,1280,59721
191,1344,59729
191,1408,59682
191,1472,59722
191,1536,59749
191,1600,59740
191,1664,59706
191,1728,59762
191,1792,59784
191,1856,59831
191,1920,59839
191,1984,59836
191,2048,59818
192,0,2675
192,64,2674
192,128,2673
192,192,51394
192,256,59549
192,320,59541
192,384,59628
192,448,59580
192,512,59592
192,576,59612
192,640,59629
192,704,59680
192,768,59645
192,832,59707
192,896,59725
192,960,59669
192,1024,59704
192,1088,59726
192,1152,59678
192,1216,59698
192,1280,59721
192,1344,59729
192,1408,59682
192,1472,59722
192,1536,59749
192,1600,59740
192,1664,59706
192,1728,59762
192,1792,59784
192,1856,59831
192,1920,59839
192,1984,59836
192,2048,59818
193,0,2674
193,64,2674
193,128,2672
193,192,44727
193,256,59549
193,320,59541
193,384,59628
193,448,59580
193,512,59592
193,576,59612
193,640,59629
193,704,59680
193,768,59645
193,832,59707
193,896,59725
193,960,59669
193,1024,59704
193,1088,59726
193,1152,59678
193,1216,59698
193,1280,59721
193,1344,59729
193,1408,59682
193,1472,59722
193,1536,59749
193,1600,59740
193,1664,59706
193,1728,59762
193,1792,59784
193,1856,59831
193,1920,59839
193,1984,59836
193,2048,59818
194,0,2674
194,64,2674
194,128,2672
194,192,44727
194,256,59549
194,320,59541
194,384,59628
194,448,59580
194,512,59592
194,576,59612
194,640,59629
194,704,59680
194,768,59645
194,832,59707
194,896,59725
194,960,59669
194,1024,59704
194,1088,59726
194,1152,59678
194,1216,59698
194,1280,59721
194,1344,59729
194,1408,59682
194,1472,59722
194,1536,59749
194,1600,59740
194,1664,59706
194,1728,59762
194,1792,59784
194,1856,59831
194,1920,59839
194,1984,59836
194,2048,59818
195,0,2674
195,64,2674
195,128,2672
195,192,44727
195,256,59549
195,320,59541
195,384,59628
195,448,59580
195,512,59592
195,576,59612
195,640,59629
195,704,59680
195,768,59645
195,832,59707
195,896,59725
195,960,59669
195,1024,59704
195,1088,59726
195,1152,59678
195,1216,59698
195,1280,59721
195,1344,59729
195,1408,59682
195,1472,59722
195,1536,59749
195,1600,59740
195,1664,59706
195,1728,59762
195,1792,59784
195,1856,59831
195,1920,59839
195,1984,59836
195,2048,59818
196,0,2674
196,64,2674
196,128,2672
196,192,44727
196,256,59549
196,320,59541
196,384,59628
196,448,59580
196,512,59592
196,576,59612
196,640,59629
196,704,59680
196,768,59645
196,832,59707
196,896,59725
196,960,59669
196,1024,59704
196,1088,59726
196,1152,59678
196,1216,59698
196,1280,59721
196,1344,59729
196,1408,59682
196,1472,59722
196,1536,59749
196,1600,59740
196,1664,59706
196,1728,59762
196,1792,59784
196,1856,59831
196,1920,59839
196,1984,59836
196,2048,59818
197,0,2687
197,64,2685
197,128,2682
197,192,17754
197,256,62453
197,320,62448
197,384,62392
197,448,62448
197,512,62497
197,576,62478
197,640,62502
197,704,62566
197,768,62543
197,832,62509
197,896,62546
197,960,62504
197,1024,62519
197,1088,62553
197,1152,62547
197,1216,62615
197,1280,62610
197,1344,62692
197,1408,62634
197,1472,62640
197,1536,62641
197,1600,62562
197,1664,62543
197,1728,62598
197,1792,62621
197,1856,62690
197,1920,62674
197,1984,62686
197,2048,62722
198,0,2687
198,64,2685
198,128,2682
198,192,17754
198,256,62453
198,320,62448
198,384,62392
198,448,62448
198,512,62497
198,576,62478
198,640,62502
198,704,62566
198,768,62543
198,832,62509
198,896,62546
198,960,62504
198,1024,62519
198,1088,62553
198,1152,62547
198,1216,62615
198,1280,62610
198,1344,62692
198,1408,62634
198,1472,62640
198,1536,62641
198,1600,62562
198,1664,62543
198,1728,62598
198,1792,62621
198,1856,62690
198,1920,62674
198,1984,62686
198,2048,62722
199,0,2687
199,64,2685
199,128,2682
199,192,17754
199,256,62453
199,320,62448
199,384,62392
199,448,62448
199,512,62497
199,576,62478
199,640,62502
199,704,62566
199,768,62543
199,832,62509
199,896,62546
199,960,62504
199,1024,62519
199,1088,62553
199,1152,62547
199,1216,62615
199,1280,62610
199,1344,62692
199,1408,62634
199,1472,62640
199,1536,62641
199,1600,62562
199,1664,62543
199,1728,62598
199,1792,62621
199,1856,62690
199,1920,62674
199,1984,62686
199,2048,62722
200,0,2687
200,64,2685
200,128,2682
200,192,17754
200,256,62453
200,320,62448
200,384,62392
200,448,62448
200,512,62497
200,576,62478
200,640,62502
200,704,62566
200,768,62543
200,832,62509
200,896,62546
200,960,62504
200,1024,62519
200,1088,62553
200,1152,62547
200,1216,62615
200,1280,62610
200,1344,62692
200,1408,62634
200,1472,62640
200,1536,62641
200,1600,62562
200,1664,62543
200,1728,62598
200,1792,62621
200,1856,62690
200,1920,62674
200,1984,62686
200,2048,62722
201,0,2687
201,64,2686
201,128,2683
201,192,10159
201,256,62453
201,320,62448
201,384,62392
201,448,62448
201,512,62497
201,576,62478
201,640,62502
201,704,62566
201,768,62543
201,832,62509
201,896,62546
201,960,62504
201,1024,62519
201,1088,62553
201,1152,62547
201,1216,62615
201,1280,62610
201,1344,62692
201,1408,62634
201,1472,62640
201,1536,62641
201,1600,62562
201,1664,62543
201,1728,62598
201,1792,62621
201,1856,62690
201,1920,62674
201,1984,62686
201,2048,62722
202,0,2687
202,64,2686
202,128,2683
202,192,10159
202,256,62453
202,320,62448
202,384,62392
202,448,62448
202,512,62497
202,576,62478
202,640,62502
202,704,62566
202,768,62543
202,832,62509
202,896,62546
202,960,62504
202,1024,62519
202,1088,62553
202,1152,62547
202,1216,62615
202,1280,62610
202,1344,62692
202,1408,62634
202,1472,62640
202,1536,62641
202,1600,62562
202,1664,62543
202,1728,62598
202,1792,62621
202,1856,62690
202,1920,62674
202,1984,62686
202,2048,62722
203,0,2687
203,64,2686
203,128,2683
203,192,10159
203,256,62453
203,320,62448
203,384,62392
203,448,62448
203,512,62497
203,576,62478
203,640,62502
203,704,62566
203,768,62543
203,832,62509
203,896,62546
203,960,62504
203,1024,62519
203,1088,62553
203,1152,62547
203,1216,62615
203,1280,62610
203,1344,62692
203,1408,62634
203,1472,62640
203,1536,62641
203,1600,62562
203,1664,62543
203,1728,62598
203,1792,62621
203,1856,62690
203,1920,62674
203,1984,62686
203,2048,62722
204,0,2687
204,64,2686
204,128,2683
204,192,10159
204,256,62453
204,320,62448
204,384,62392
204,448,62448
204,512,62497
204,576,62478
204,640,62502
204,704,62566
204,768,62543
204,832,62509
204,896,62546
204,960,62504
204,1024,62519
204,1088,62553
204,1152,62547
204,1216,62615
204,1280,62610
204,1344,62692
204,1408,62634
204,1472,62640
204,1536,62641
204,1600,62562
204,1664,62543
204,1728,62598
204,1792,62621
204,1856,62690
204,1920,62674
204,1984,62686
204,2048,62722
205,0,2713
205,64,2704
205,128,2693
205,192,5843
205,256,64229
205,320,64228
205,384,64249
205,448,64299
205,512,64302
205,576,64281
205,640,64273
205,704,64317
205,768,64322
205,832,64322
205,896,64377
205,960,64365
205,1024,64324
205,1088,64379
205,1152,64342
205,1216,64335
205,1280,64411
205,1344,64421
205,1408,64359
205,1472,64405
205,1536,64384
205,1600,64370
205,1664,64420
205,1728,64438
205,1792,64406
205,1856,64435
205,1920,64493
205,1984,64506
205,2048,64486
206,0,2713
206,64,2704
206,128,2693
206,192,5843
206,256,64229
206,320,64228
206,384,64249
206,448,64299
206,512,64302
206,576,64281
206,640,64273
206,704,64317
206,768,64322
206,832,64322
206,896,64377
206,960,64365
206,1024,64324
206,1088,64379
206,1152,64342
206,1216,64335
206,1280,64411
206,1344,64421
206,1408,64359
206,1472,64405
206,1536,64384
206,1600,64370
206,1664,64420
206,1728,64438
206,1792,64406
206,1856,64435
206,1920,64493
206,1984,64506
206,2048,64486
207,0,2713
207,64,2704
207,128,2693
207,192,5843
207,256,64229
207,320,64228
207,384,64249
207,448,64299
207,512,64302
207,576,64281
207,640,64273
207,704,64317
207,768,64322
207,832,64322
207,896,64377
207,960,64365
207,1024,64324
207,1088,64379
207,1152,64342
207,1216,64335
207,1280,64411
207,1344,64421
207,1408,64359
207,1472,64405
207,1536,64384
207,1600,64370
207,1664,64420
207,1728,64438
207,1792,64406
207,1856,64435
207,1920,64493
207,1984,64506
207,2048,64486
208,0,2713
208,64,2704
208,128,2693
208,192,5843
208,256,64229
208,320,64228
208,384,64249
208,448,64299
208,512,64302
208,576,64281
208,640,64273
208,704,64317
208,768,64322
208,832,64322
208,896,64377
208,960,64365
208,1024,64324
208,1088,64379
208,1152,64342
208,1216,64335
208,1280,64411
208,1344,64421
208,1408,64359
208,1472,64405
208,1536,64384
208,1600,64370
208,1664,64420
208,1728,64438
208,1792,64406
208,1856,64435
208,1920,64493
208,1984,64506
208,2048,64486
209,0,2713
209,64,2704
209,128,2694
209,192,4637
209,256,64235
209,320,64228
209,384,64249
209,448,64299
209,512,64302
209,576,64281
209,640,64273
209,704,64317
209,768,64322
209,832,64322
209,896,64377
209,960,64365
209,1024,64324
209,1088,64379
209,1152,64342
209,1216,64335
209,1280,64411
209,1344,64421
209,1408,64359
209,1472,64405
209,1536,64384
209,1600,64370
209,1664,64420
209,1728,64438
209,1792,64406
209,1856,64435
209,1920,64493
209,1984,64506
209,2048,64486
210,0,2713
210,64,2704
210,128,2694
210,192,4637
210,256,64235
210,320,64228
210,384,64249
210,448,64299
210,512,64302
210,576,64281
210,640,64273
210,704,64317
210,768,64322
210,832,64322
210,896,64377
210,960,64365
210,1024,64324
210,1088,64379
210,1152,64342
210,1216,64335
210,1280,64411
210,1344,64421
210,1408,64359
210,1472,64405
210,1536,64384
210,1600,64370
210,1664,64420
210,1728,64438
210,1792,64406
210,1856,64435
210,1920,64493
210,1984,64506
210,2048,64486
211,0,2713
211,64,2704
211,128,2694
211,192,4637
211,256,64235
211,320,64228
211,384,64249
211,448,64299
211,512,64302
211,576,64281
211,640,64273
211,704,64317
211,768,64322
211,832,64322
211,896,64377
211,960,64365
211,1024,64324
211,1088,64379
211,1152,64342
211,1216,64335
211,1280,64411
211,1344,64421
211,1408,64359
211,1472,64405
211,1536,64384
211,1600,64370
211,1664,64420
211,1728,64438
211,1792,64406
211,1856,64435
211,1920,64493
211,1984,64506
211,2048,64486
212,0,2713
212,64,2704
212,128,2694
212,192,4637
212,256,64235
212,320,64228
212,384,64249
212,448,64299
212,512,64302
212,576,64281
212,640,64273
212,704,64317
212,768,64322
212,832,64322
212,896,64377
212,960,64365
212,1024,64324
212,1088,64379
212,1152,64342
212,1216,64335
212,1280,64411
212,1344,64421
212,1408,64359
212,1472,64405
212,1536,64384
212,1600,64370
212,1664,64420
212,1728,64438
212,1792,64406
212,1856,64435
212,1920,64493
212,1984,64506
212,2048,64486
213,0,2726
213,64,2712
213,128,2718
213,192,4147
213,256,67068
213,320,67090
213,384,67079
213,448,67108
213,512,67104
213,576,67130
213,640,67159
213,704,67159
213,768,67189
213,832,67139
213,896,67177
213,960,67239
213,1024,67164
213,1088,67244
213,1152,67222
213,1216,67232
213,1280,67290
213,1344,67311
213,1408,67265
213,1472,67311
213,1536,67240
213,1600,67252
213,1664,67290
213,1728,67339
213,1792,67256
213,1856,67311
213,1920,67296
213,1984,67378
213,2048,67379
214,0,2726
214,64,2712
214,128,2718
214,192,4147
214,256,67068
214,320,67090
214,384,67079
214,448,67108
214,512,67104
214,576,67130
214,640,67159
214,704,67159
214,768,67189
214,832,67139
214,896,67177
214,960,67239
214,1024,67164
214,1088,67244
214,1152,67222
214,1216,67232
214,1280,67290
214,1344,67311
214,1408,67265
214,1472,67311
214,1536,67240
214,1600,67252
214,1664,67290
214,1728,67339
214,1792,67256
214,1856,67311
214,1920,67296
214,1984,67378
214,2048,67379
215,0,2726
215,64,2712
215,128,2718
215,192,4147
215,256,67068
215,320,67090
215,384,67079
215,448,67108
215,512,67104
215,576,67130
215,640,67159
215,704,67159
215,768,67189
215,832,67139
215,896,67177
215,960,67239
215,1024,67164
215,1088,67244
215,1152,67222
215,1216,67232
215,1280,67290
215,1344,67311
215,1408,67265
215,1472,67311
215,1536,67240
215,1600,67252
215,1664,67290
215,1728,67339
215,1792,67256
215,1856,67311
215,1920,67296
215,1984,67378
215,2048,67379
216,0,2726
216,64,2712
216,128,2718
216,192,4147
216,256,67068
216,320,67090
216,384,67079
216,448,67108
216,512,67104
216,576,67130
216,640,67159
216,704,67159
216,768,67189
216,832,67139
216,896,67177
216,960,67239
216,1024,67164
216,1088,67244
216,1152,67222
216,1216,67232
216,1280,67290
216,1344,67311
216,1408,67265
216,1472,67311
216,1536,67240
216,1600,67252
216,1664,67290
216,1728,67339
216,1792,67256
216,1856,67311
216,1920,67296
216,1984,67378
216,2048,67379
217,0,2726
217,64,2712
217,128,2718
217,192,3910
217,256,67068
217,320,67090
217,384,67079
217,448,67108
217,512,67104
217,576,67130
217,640,67159
217,704,67159
217,768,67189
217,832,67139
217,896,67177
217,960,67239
217,1024,67164
217,1088,67244
217,1152,67222
217,1216,67232
217,1280,67290
217,1344,67311
217,1408,67265
217,1472,67311
217,1536,67240
217,1600,67252
217,1664,67290
217,1728,67339
217,1792,67256
217,1856,67311
217,1920,67296
217,1984,67378
217,2048,67379
218,0,2726
218,64,2712
218,128,2718
218,192,3910
218,256,67068
218,320,67090
218,384,67079
218,448,67108
218,512,67104
218,576,67130
218,640,67159
218,704,67159
218,768,67189
218,832,67139
218,896,67177
218,960,67239
218,1024,67164
218,1088,67244
218,1152,67222
218,1216,67232
218,1280,67290
218,1344,67311
218,1408,67265
218,1472,67311
218,1536,67240
218,1600,67252
218,1664,67290
218,1728,67339
218,1792,67256
218,1856,67311
218,1920,67296
218,1984,67378
218,2048,67379
219,0,2726
219,64,2712
219,128,2718
219,192,3910
219,256,67068
219,320,67090
219,384,67079
219,448,67108
219,512,67104
219,576,67130
219,640,67159
219,704,67159
219,768,67189
219,832,67139
219,896,67177
219,960,67239
219,1024,67164
219,1088,67244
219,1152,67222
219,1216,67232
219,1280,67290
219,1344,67311
219,1408,67265
219,1472,67311
219,1536,67240
219,1600,67252
219,1664,67290
219,1728,67339
219,1792,67256
219,1856,67311
219,1920,67296
219,1984,67378
219,2048,67379
220,0,2726
220,64,2712
220,128,2718
220,192,3910
220,256,67068
220,320,67090
220,384,67079
220,448,67108
220,512,67104
220,576,67130
220,640,67159
220,704,67159
220,768,67189
220,832,67139
220,896,67177
220,960,67239
220,1024,67164
220,1088,67244
220,1152,67222
220,1216,67232
220,1280,67290
220,1344,67311
220,1408,67265
220,1472,67311
220,1536,67240
220,1600,67252
220,1664,67290
220,1728,67339
220,1792,67256
220,1856,67311
220,1920,67296
220,1984,67378
220,2048,67379
221,0,2732
221,64,2743
221,128,2746
221,192,3879
221,256,68904
221,320,68940
221,384,68927
221,448,68961
221,512,68956
221,576,68958
221,640,68959
221,704,68970
221,768,69001
221,832,68993
221,896,68998
221,960,69034
221,1024,69000
221,1088,69033
221,1152,69031
221,1216,69050
221,1280,69076
221,1344,69079
221,1408,69046
221,1472,69086
221,1536,69069
221,1600,69065
221,1664,69122
221,1728,69140
221,1792,69100
221,1856,69129
221,1920,69118
221,1984,69065
221,2048,69170
222,0,2732
222,64,2743
222,128,2746
222,192,3879
222,256,68904
222,320,68940
222,384,68927
222,448,68961
222,512,68956
222,576,68958
222,640,68959
222,704,68970
222,768,69001
222,832,68993
222,896,68998
222,960,69034
222,1024,69000
222,1088,69033
222,1152,69031
222,1216,69050
222,1280,69076
222,1344,69079
222,1408,69046
222,1472,69086
222,1536,69069
222,1600,69065
222,1664,69122
222,1728,69140
222,1792,69100
222,1856,69129
222,1920,69118
222,1984,69065
222,2048,69170
223,0,2732
223,64,2743
223,128,2746
223,192,3879
223,256,68904
223,320,68940
223,384,68927
223,448,68961
223,512,68956
223,576,68958
223,640,68959
223,704,68970
223,768,69001
223,832,68993
223,896,68998
223,960,69034
223,1024,69000
223,1088,69033
223,1152,69031
223,1216,69050
223,1280,69076
223,1344,69079
223,1408,69046
223,1472,69086
223,1536,69069
223,1600,69065
223,1664,69122
223,1728,69140
223,1792,69100
223,1856,69129
223,1920,69118
223,1984,69065
223,2048,69170
224,0,2732
224,64,2743
224,128,2746
224,192,3879
224,256,68904
224,320,68940
224,384,68927
224,448,68961
224,512,68956
224,576,68958
224,640,68959
224,704,68970
224,768,69001
224,832,68993
224,896,68998
224,960,69034
224,1024,69000
224,1088,69033
224,1152,69031
224,1216,69050
224,1280,69076
224,1344,69079
224,1408,69046
224,1472,69086
224,1536,69069
224,1600,69065
224,1664,69122
224,1728,69140
224,1792,69100
224,1856,69129
224,1920,69118
224,1984,69065
224,2048,69170
225,0,2732
225,64,2743
225,128,2746
225,192,3712
225,256,68904
225,320,68940
225,384,68927
225,448,68961
225,512,68956
225,576,68958
225,640,68959
225,704,68970
225,768,69001
225,832,68993
225,896,68998
225,960,69034
225,1024,69000
225,1088,69033
225,1152,69031
225,1216,69050
225,1280,69076
225,1344,69079
225,1408,69046
225,1472,69086
225,1536,69069
225,1600,69065
225,1664,69122
225,1728,69140
225,1792,69100
225,1856,69129
225,1920,69118
225,1984,69065
225,2048,69170
226,0,2732
226,64,2743
226,128,2746
226,192,3712
226,256,68904
226,320,68940
226,384,68927
226,448,68961
226,512,68956
226,576,68958
226,640,68959
226,704,68970
226,768,69001
226,832,68993
226,896,68998
226,960,69034
226,1024,69000
226,1088,69033
226,1152,69031
226,1216,69050
226,1280,69076
226,1344,69079
226,1408,69046
226,1472,69086
226,1536,69069
226,1600,69065
226,1664,69122
226,1728,69140
226,1792,69100
226,1856,69129
226,1920,69118
226,1984,69065
226,2048,69170
227,0,2732
227,64,2743
227,128,2746
227,192,3712
227,256,68904
227,320,68940
227,384,68927
227,448,68961
227,512,68956
227,576,68958
227,640,68959
227,704,68970
227,768,69001
227,832,68993
227,896,68998
227,960,69034
227,1024,69000
227,1088,69033
227,1152,69031
227,1216,69050
227,1280,69076
227,1344,69079
227,1408,69046
227,1472,69086
227,1536,69069
227,1600,69065
227,1664,69122
227,1728,69140
227,1792,69100
227,1856,69129
227,1920,69118
227,1984,69065
227,2048,69170
228,0,2732
228,64,2743
228,128,2746
228,192,3712
228,256,68904
228,320,68940
228,384,68927
228,448,68961
228,512,68956
228,576,68958
228,640,68959
228,704,68970
228,768,69001
228,832,68993
228,896,68998
228,960,69034
228,1024,69000
228,1088,69033
228,1152,69031
228,1216,69050
228,1280,69076
228,1344,69079
228,1408,69046
228,1472,69086
228,1536,69069
228,1600,69065
228,1664,69122
228,1728,69140
228,1792,69100
228,1856,69129
228,1920,69118
228,1984,69065
228,2048,69170
229,0,2758
229,64,2747
229,128,2748
229,192,3097
229,256,70938
229,320,71708
229,384,71649
229,448,71646
229,512,71722
229,576,71770
229,640,71768
229,704,71791
229,768,71726
229,832,71724
229,896,71782
229,960,71830
229,1024,71784
229,1088,71800
229,1152,71819
229,1216,71832
229,1280,71831
229,1344,71861
229,1408,71885
229,1472,71844
229,1536,71838
229,1600,71849
229,1664,71917
229,1728,71967
229,1792,71884
229,1856,71869
229,1920,71879
229,1984,71808
229,2048,71841
230,0,2758
230,64,2747
230,128,2748
230,192,3097
230,256,70938
230,320,71708
230,384,71649
230,448,71646
230,512,71722
230,576,71770
230,640,71768
230,704,71791
230,768,71726
230,832,71724
230,896,71782
230,960,71830
230,1024,71784
230,1088,71800
230,1152,71819
230,1216,71832
230,1280,71831
230,1344,71861
230,1408,71885
230,1472,71844
230,1536,71838
230,1600,71849
230,1664,71917
230,1728,71967
230,1792,71884
230,1856,71869
230,1920,71879
230,1984,71808
230,2048,71841
231,0,2758
231,64,2747
231,128,2748
231,192,3097
231,256,70938
231,320,71708
231,384,71649
231,448,71646
231,512,71722
231,576,71770
231,640,71768
231,704,71791
231,768,71726
231,832,71724
231,896,71782
231,960,71830
231,1024,71784
231,1088,71800
231,1152,71819
231,1216,71832
231,1280,71831
231,1344,71861
231,1408,71885
231,1472,71844
231,1536,71838
231,1600,71849
231,1664,71917
231,1728,71967
231,1792,71884
231,1856,71869
231,1920,71879
231,1984,71808
231,2048,71841
232,0,2758
232,64,2747
232,128,2748
232,192,3097
232,256,70938
232,320,71708
232,384,71649
232,448,71646
232,512,71722
232,576,71770
232,640,71768
232,704,71791
232,768,71726
232,832,71724
232,896,71782
232,960,71830
232,1024,71784
232,1088,71800
232,1152,71819
232,1216,71832
232,1280,71831
232,1344,71861
232,1408,71885
232,1472,71844
232,1536,71838
232,1600,71849
232,1664,71917
232,1728,71967
232,1792,71884
232,1856,71869
232,1920,71879
232,1984,71808
232,2048,71841
233,0,2759
233,64,2747
233,128,2748
233,192,2749
233,256,70938
233,320,71708
233,384,71649
233,448,71646
233,512,71722
233,576,71770
233,640,71768
233,704,71791
233,768,71726
233,832,71724
233,896,71782
233,960,71830
233,1024,71784
233,1088,71800
233,1152,71819
233,1216,71832
233,1280,71831
233,1344,71861
233,1408,71885
233,1472,71844
233,1536,71838
233,1600,71849
233,1664,71917
233,1728,71967
233,1792,71884
233,1856,71869
233,1920,71879
233,1984,71808
233,2048,71841
234,0,2759
234,64,2747
234,128,2748
234,192,2749
234,256,70938
234,320,71708
234,384,71649
234,448,71646
234,512,71722
234,576,71770
234,640,71768
234,704,71791
234,768,71726
234,832,71724
234,896,71782
234,960,71830
234,1024,71784
234,1088,71800
234,1152,71819
234,1216,71832
234,1280,71831
234,1344,71861
234,1408,71885
234,1472,71844
234,1536,71838
234,1600,71849
234,1664,71917
234,1728,71967
234,1792,71884
234,1856,71869
234,1920,71879
234,1984,71808
234,2048,71841
235,0,2759
235,64,2747
235,128,2748
235,192,2749
235,256,70938
235,320,71708
235,384,71649
235,448,71646
235,512,71722
235,576,71770
235,640,71768
235,704,71791
235,768,71726
235,832,71724
235,896,71782
235,960,71830
235,1024,71784
235,1088,71800
235,1152,71819
235,1216,71832
235,1280,71831
235,1344,71861
235,1408,71885
235,1472,71844
235,1536,71838
235,1600,71849
235,1664,71917
235,1728,71967
235,1792,71884
235,1856,71869
235,1920,71879
235,1984,71808
235,2048,71841
236,0,2759
236,64,2747
236,128,2748
236,192,2749
236,256,70938
236,320,71708
236,384,71649
236,448,71646
236,512,71722
236,576,71770
236,640,71768
236,704,71791
236,768,71726
236,832,71724
236,896,71782
236,960,71830
236,1024,71784
236,1088,71800
236,1152,71819
236,1216,71832
236,1280,71831
236,1344,71861
236,1408,71885
236,1472,71844
236,1536,71838
236,1600,71849
236,1664,71917
236,1728,71967
236,1792,71884
236,1856,71869
236,1920,71879
236,1984,71808
236,2048,71841
237,0,2774
237,64,2776
237,128,2778
237,192,2771
237,256,73167
237,320,73617
237,384,73572
237,448,73580
237,512,73622
237,576,73620
237,640,73665
237,704,73633
237,768,73657
237,832,73672
237,896,73670
237,960,73736
237,1024,73686
237,1088,73690
237,1152,73687
237,1216,73716
237,1280,73745
237,1344,73737
237,1408,73749
237,1472,73734
237,1536,73728
237,1600,73738
237,1664,73817
237,1728,73821
237,1792,73778
237,1856,73763
237,1920,73719
237,1984,73716
237,2048,73751
238,0,2774
238,64,2776
238,128,2778
238,192,2771
238,256,73167
238,320,73617
238,384,73572
238,448,73580
238,512,73622
238,576,73620
238,640,73665
238,704,73633
238,768,73657
238,832,73672
238,896,73670
238,960,73736
238,1024,73686
238,1088,73690
238,1152,73687
238,1216,73716
238,1280,73745
238,1344,73737
238,1408,73749
238,1472,73734
238,1536,73728
238,1600,73738
238,1664,73817
238,1728,73821
238,1792,73778
238,1856,73763
238,1920,73719
238,1984,73716
238,2048,73751
239,0,2774
239,64,2776
239,128,2778
239,192,2771
239,256,73167
239,320,73617
239,384,73572
239,448,73580
239,512,73622
239,576,73620
239,640,73665
239,704,73633
239,768,73657
239,832,73672
239,896,73670
239,960,73736
239,1024,73686
239,1088,73690
239,1152,73687
239,1216,73716
239,1280,73745
239,1344,73737
239,1408,73749
239,1472,73734
239,1536,73728
239,1600,73738
239,1664,73817
239,1728,73821
239,1792,73778
239,1856,73763
239,1920,73719
239,1984,73716
239,2048,73751
240,0,2774
240,64,2776
240,128,2778
240,192,2771
240,256,73167
240,320,73617
240,384,73572
240,448,73580
240,512,73622
240,576,73620
240,640,73665
240,704,73633
240,768,73657
240,832,73672
240,896,73670
240,960,73736
240,1024,73686
240,1088,73690
240,1152,73687
240,1216,73716
240,1280,73745
240,1344,73737
240,1408,73749
240,1472,73734
240,1536,73728
240,1600,73738
240,1664,73817
240,1728,73821
240,1792,73778
240,1856,73763
240,1920,73719
240,1984,73716
240,2048,73751
241,0,2775
241,64,2777
241,128,2779
241,192,2777
241,256,73167
241,320,73617
241,384,73572
241,448,73580
241,512,73622
241,576,73620
241,640,73665
241,704,73633
241,768,73657
241,832,73672
241,896,73670
241,960,73736
241,1024,73686
241,1088,73690
241,1152,73687
241,1216,73716
241,1280,73745
241,1344,73737
241,1408,73749
241,1472,73734
241,1536,73728
241,1600,73738
241,1664,73817
241,1728,73821
241,1792,73778
241,1856,73763
241,1920,73719
241,1984,73716
241,2048,73751
242,0,2775
242,64,2777
242,128,2779
242,192,2777
242,256,73167
242,320,73617
242,384,73572
242,448,73580
242,512,73622
242,576,73620
242,640,73665
242,704,73633
242,768,73657
242,832,73672
242,896,73670
242,960,73736
242,1024,73686
242,1088,73690
242,1152,73687
242,1216,73716
242,1280,73745
242,1344,73737
242,1408,73749
242,1472,73734
242,1536,73728
242,1600,73738
242,1664,73817
242,1728,73821
242,1792,73778
242,1856,73763
242,1920,73719
242,1984,73716
242,2048,73751
243,0,2775
243,64,2777
243,128,2779
243,192,2777
243,256,73167
243,320,73617
243,384,73572
243,448,73580
243,512,73622
243,576,73620
243,640,73665
243,704,73633
243,768,73657
243,832,73672
243,896,73670
243,960,73736
243,1024,73686
243,1088,73690
243,1152,73687
243,1216,73716
243,1280,73745
243,1344,73737
243,1408,73749
243,1472,73734
243,1536,73728
243,1600,73738
243,1664,73817
243,1728,73821
243,1792,73778
243,1856,73763
243,1920,73719
243,1984,73716
243,2048,73751
244,0,2775
244,64,2777
244,128,2779
244,192,2777
244,256,73167
244,320,73617
244,384,73572
244,448,73580
244,512,73622
244,576,73620
244,640,73665
244,704,73633
244,768,73657
244,832,73672
244,896,73670
244,960,73736
244,1024,73686
244,1088,73690
244,1152,73687
244,1216,73716
244,1280,73745
244,1344,73737
244,1408,73749
244,1472,73734
244,1536,73728
244,1600,73738
244,1664,73817
244,1728,73821
244,1792,73778
244,1856,73763
244,1920,73719
244,1984,73716
244,2048,73751
245,0,2801
245,64,2782
245,128,2798
245,192,2782
245,256,75853
245,320,76288
245,384,76280
245,448,76277
245,512,76313
245,576,76357
245,640,76407
245,704,76330
245,768,76310
245,832,76354
245,896,76400
245,960,76452
245,1024,76385
245,1088,76380
245,1152,76316
245,1216,76408
245,1280,76402
245,1344,76406
245,1408,76395
245,1472,76417
245,1536,76417
245,1600,76492
245,1664,76491
245,1728,76434
245,1792,76474
245,1856,76455
245,1920,76389
245,1984,76437
245,2048,76480
246,0,2801
246,64,2782
246,128,2798
246,192,2782
246,256,75853
246,320,76288
246,384,76280
246,448,76277
246,512,76313
246,576,76357
246,640,76407
246,704,76330
246,768,76310
246,832,76354
246,896,76400
246,960,76452
246,1024,76385
246,1088,76380
246,1152,76316
246,1216,76408
246,1280,76402
246,1344,76406
246,1408,76395
246,1472,76417
246,1536,76417
246,1600,76492
246,1664,76491
246,1728,76434
246,1792,76474
246,1856,76455
246,1920,76389
246,1984,76437
246,2048,76480
247,0,2801
247,64,2782
247,128,2798
247,192,2782
247,256,75853
247,320,76288
247,384,76280
247,448,76277
247,512,76313
247,576,76357
247,640,76407
247,704,76330
247,768,76310
247,832,76354
247,896,76400
247,960,76452
247,1024,76385
247,1088,76380
247,1152,76316
247,1216,76408
247,1280,76402
247,1344,76406
247,1408,76395
247,1472,76417
247,1536,76417
247,1600,76492
247,1664,76491
247,1728,76434
247,1792,76474
247,1856,76455
247,1920,76389
247,1984,76437
247,2048,76480
248,0,2801
248,64,2782
248,128,2798
248,192,2782
248,256,75853
248,320,76288
248,384,76280
248,448,76277
248,512,76313
248,576,76357
248,640,76407
248,704,76330
248,768,76310
248,832,76354
248,896,76400
248,960,76452
248,1024,76385
248,1088,76380
248,1152,76316
248,1216,76408
248,1280,76402
248,1344,76406
248,1408,76395
248,1472,76417
248,1536,76417
248,1600,76492
248,1664,76491
248,1728,76434
248,1792,76474
248,1856,76455
248,1920,76389
248,1984,76437
248,2048,76480
249,0,2800
249,64,2781
249,128,2798
249,192,2777
249,256,75853
249,320,76288
249,384,76280
249,448,76277
249,512,76313
249,576,76357
249,640,76407
249,704,76330
249,768,76310
249,832,76354
249,896,76400
249,960,76452
249,1024,76385
249,1088,76380
249,1152,76316
249,1216,76408
249,1280,76402
249,1344,76406
249,1408,76395
249,1472,76417
249,1536,76417
249,1600,76492
249,1664,76491
249,1728,76434
249,1792,76474
249,1856,76455
249,1920,76389
249,1984,76437
249,2048,76480
250,0,2800
250,64,2781
250,128,2798
250,192,2777
250,256,75853
250,320,76288
250,384,76280
250,448,76277
250,512,76313
250,576,76357
250,640,76407
250,704,76330
250,768,76310
250,832,76354
250,896,76400
250,960,76452
250,1024,76385
250,1088,76380
250,1152,76316
250,1216,76408
250,1280,76402
250,1344,76406
250,1408,76395
250,1472,76417
250,1536,76417
250,1600,76492
250,1664,76491
250,1728,76434
250,1792,76474
250,1856,76455
250,1920,76389
250,1984,76437
250,2048,76480
251,0,2800
251,64,2781
251,128,2798
251,192,2777
251,256,75853
251,320,76288
251,384,76280
251,448,76277
251,512,76313
251,576,76357
251,640,76407
251,704,76330
251,768,76310
251,832,76354
251,896,76400
251,960,76452
251,1024,76385
251,1088,76380
251,1152,76316
251,1216,76408
251,1280,76402
251,1344,76406
251,1408,76395
251,1472,76417
251,1536,76417
251,1600,76492
251,1664,76491
251,1728,76434
251,1792,76474
251,1856,76455
251,1920,76389
251,1984,76437
251,2048,76480
252,0,2800
252,64,2781
252,128,2798
252,192,2777
252,256,75853
252,320,76288
252,384,76280
252,448,76277
252,512,76313
252,576,76357
252,640,76407
252,704,76330
252,768,76310
252,832,76354
252,896,76400
252,960,76452
252,1024,76385
252,1088,76380
252,1152,76316
252,1216,76408
252,1280,76402
252,1344,76406
252,1408,76395
252,1472,76417
252,1536,76417
252,1600,76492
252,1664,76491
252,1728,76434
252,1792,76474
252,1856,76455
252,1920,76389
252,1984,76437
252,2048,76480
253,0,2735
253,64,2734
253,128,2732
253,192,2746
253,256,77615
253,320,78098
253,384,78057
253,448,78059
253,512,78073
253,576,78089
253,640,78102
253,704,78129
253,768,78116
253,832,78136
253,896,78133
253,960,78190
253,1024,78185
253,1088,78157
253,1152,78126
253,1216,78136
253,1280,78208
253,1344,78253
253,1408,78240
253,1472,78206
253,1536,78268
253,1600,78279
253,1664,78308
253,1728,78261
253,1792,78241
253,1856,78234
253,1920,78197
253,1984,78225
253,2048,78237
254,0,2735
254,64,2734
254,128,2732
254,192,2746
254,256,77615
254,320,78098
254,384,78057
254,448,78059
254,512,78073
254,576,78089
254,640,78102
254,704,78129
254,768,78116
254,832,78136
254,896,78133
254,960,78190
254,1024,78185
254,1088,78157
254,1152,78126
254,1216,78136
254,1280,78208
254,1344,78253
254,1408,78240
254,1472,78206
254,1536,78268
254,1600,78279
254,1664,78308
254,1728,78261
254,1792,78241
254,1856,78234
254,1920,78197
254,1984,78225
254,2048,78237
255,0,2735
255,64,2734
255,128,2732
255,192,2746
255,256,77615
255,320,78098
255,384,78057
255,448,78059
255,512,78073
255,576,78089
255,640,78102
255,704,78129
255,768,78116
255,832,78136
255,896,78133
255,960,78190
255,1024,78185
255,1088,78157
255,1152,78126
255,1216,78136
255,1280,78208
255,1344,78253
255,1408,78240
255,1472,78206
255,1536,78268
255,1600,78279
255,1664,78308
255,1728,78261
255,1792,78241
255,1856,78234
255,1920,78197
255,1984,78225
255,2048,78237
256,0,2735
256,64,2734
256,128,2732
256,192,2746
256,256,77615
256,320,78098
256,384,78057
256,448,78059
256,512,78073
256,576,78089
256,640,78102
256,704,78129
256,768,78116
256,832,78136
256,896,78133
256,960,78190
256,1024,78185
256,1088,78157
256,1152,78126
256,1216,78136
256,1280,78208
256,1344,78253
256,1408,78240
256,1472,78206
256,1536,78268
256,1600,78279
256,1664,78308
256,1728,78261
256,1792,78241
256,1856,78234
256,1920,78197
256,1984,78225
256,2048,78237
